# 3ds Max Wavefront OBJ Exporter v0.99 - (c)2007 guruware
# File Created: 20.03.2025 16:03:23

mtllib Llanta2.mtl

#
# object Llanta1
#

v  0.0157 0.2627 0.2051
v  0.0157 0.2176 0.2535
v  0.0313 0.2292 0.2667
v  0.0313 0.2766 0.2157
v  0.2051 0.3238 0.1617
v  0.2051 0.2860 0.2229
v  0.2453 0.2766 0.2157
v  0.2453 0.3132 0.1565
v  0.0715 0.3238 0.1617
v  0.0313 0.3132 0.1565
v  0.0715 0.2860 0.2229
v  0.0715 0.3489 0.0943
v  0.0313 0.3375 0.0913
v  0.2051 0.3489 0.0943
v  0.0715 0.3604 0.0233
v  0.0313 0.3486 0.0226
v  0.2051 0.3604 0.0233
v  0.0715 0.3578 -0.0486
v  0.0313 0.3461 -0.0470
v  0.2051 0.3578 -0.0486
v  0.0715 0.3413 -0.1186
v  0.0313 0.3300 -0.1147
v  0.2051 0.3413 -0.1186
v  0.0715 0.3114 -0.1840
v  0.0313 0.3011 -0.1780
v  0.2051 0.3114 -0.1840
v  0.0715 0.2693 -0.2423
v  0.0313 0.2604 -0.2345
v  0.2051 0.2693 -0.2423
v  0.0715 0.2166 -0.2913
v  0.0313 0.2094 -0.2819
v  0.2051 0.2166 -0.2913
v  0.0715 0.1554 -0.3291
v  0.0313 0.1502 -0.3184
v  0.2051 0.1554 -0.3291
v  0.0715 0.0880 -0.3542
v  0.0313 0.0850 -0.3427
v  0.2051 0.0880 -0.3542
v  0.0715 0.0170 -0.3657
v  0.0313 0.0163 -0.3538
v  0.2051 0.0170 -0.3657
v  0.0715 -0.0549 -0.3631
v  0.0313 -0.0533 -0.3513
v  0.2051 -0.0549 -0.3631
v  0.0715 -0.1248 -0.3466
v  0.0313 -0.1210 -0.3353
v  0.2051 -0.1248 -0.3466
v  0.0715 -0.1903 -0.3167
v  0.0313 -0.1843 -0.3064
v  0.2051 -0.1903 -0.3167
v  0.0715 -0.2486 -0.2746
v  0.0313 -0.2407 -0.2657
v  0.2051 -0.2486 -0.2746
v  0.0715 -0.2976 -0.2219
v  0.0313 -0.2881 -0.2147
v  0.2051 -0.2976 -0.2219
v  0.0715 -0.3354 -0.1607
v  0.0313 -0.3247 -0.1555
v  0.2051 -0.3354 -0.1607
v  0.0715 -0.3605 -0.0933
v  0.0313 -0.3490 -0.0903
v  0.2051 -0.3605 -0.0933
v  0.0715 -0.3720 -0.0223
v  0.0313 -0.3601 -0.0216
v  0.2051 -0.3720 -0.0223
v  0.0715 -0.3694 0.0496
v  0.0313 -0.3576 0.0480
v  0.2051 -0.3694 0.0496
v  0.0715 -0.3528 0.1196
v  0.0313 -0.3416 0.1157
v  0.2051 -0.3528 0.1196
v  0.0715 -0.3229 0.1850
v  0.0313 -0.3127 0.1790
v  0.2051 -0.3229 0.1850
v  0.0715 -0.2808 0.2433
v  0.0313 -0.2719 0.2355
v  0.2051 -0.2808 0.2433
v  0.0715 -0.2282 0.2923
v  0.0313 -0.2210 0.2829
v  0.2051 -0.2282 0.2923
v  0.0715 -0.1670 0.3301
v  0.0313 -0.1618 0.3194
v  0.2051 -0.1670 0.3301
v  0.0715 -0.0996 0.3552
v  0.0313 -0.0965 0.3437
v  0.2051 -0.0996 0.3552
v  0.0715 -0.0286 0.3667
v  0.0313 -0.0278 0.3548
v  0.2051 -0.0286 0.3667
v  0.0715 0.0433 0.3641
v  0.0313 0.0417 0.3523
v  0.2051 0.0433 0.3641
v  0.0715 0.1133 0.3476
v  0.0313 0.1094 0.3363
v  0.2051 0.1133 0.3476
v  0.0715 0.1787 0.3177
v  0.0313 0.1727 0.3074
v  0.2051 0.1787 0.3177
v  0.0157 0.2974 0.1488
v  0.0157 0.1639 0.2923
v  0.0715 0.2370 0.2756
v  0.2051 0.2370 0.2756
v  0.2609 0.2627 0.2051
v  0.2453 0.2292 0.2667
v  0.2609 0.2176 0.2535
v  0.2453 0.1727 0.3074
v  0.2609 0.1639 0.2923
v  0.2453 0.1094 0.3363
v  0.2609 0.1038 0.3198
v  0.0173 -0.2058 -0.2260
v  0.0149 -0.2161 -0.2378
v  0.0149 -0.2585 -0.1922
v  0.0173 -0.2461 -0.1827
v  0.0157 0.1038 0.3198
v  0.2453 0.0417 0.3523
v  0.2609 0.0394 0.3350
v  0.0157 0.0394 0.3350
v  0.2453 -0.0278 0.3548
v  0.2609 -0.0268 0.3374
v  0.0157 -0.0268 0.3374
v  0.2453 -0.0965 0.3437
v  0.2609 -0.0921 0.3268
v  0.0157 -0.0921 0.3268
v  0.2453 -0.1618 0.3194
v  0.2609 -0.1541 0.3037
v  0.0157 -0.1541 0.3037
v  0.2453 -0.2210 0.2829
v  0.2609 -0.2104 0.2690
v  0.0157 -0.2104 0.2690
v  0.2453 -0.2719 0.2355
v  0.2609 -0.2588 0.2239
v  0.0157 -0.2588 0.2239
v  0.2453 -0.3127 0.1790
v  0.2609 -0.2975 0.1702
v  0.0157 -0.2975 0.1702
v  0.2453 -0.3416 0.1157
v  0.2609 -0.3250 0.1100
v  0.0157 -0.3250 0.1100
v  0.2453 -0.3576 0.0480
v  0.2609 -0.3403 0.0456
v  0.0157 -0.3403 0.0456
v  0.2453 -0.3601 -0.0216
v  0.2609 -0.3427 -0.0205
v  0.0157 -0.3427 -0.0205
v  0.2453 -0.3490 -0.0903
v  0.2609 -0.3321 -0.0858
v  0.0157 -0.3321 -0.0858
v  0.2453 -0.3247 -0.1555
v  0.2609 -0.3090 -0.1478
v  0.0157 -0.3090 -0.1478
v  0.2453 -0.2881 -0.2147
v  0.2609 -0.2742 -0.2041
v  0.0157 -0.2742 -0.2041
v  0.2453 -0.2407 -0.2657
v  0.2609 -0.2292 -0.2526
v  0.0157 -0.2292 -0.2526
v  0.2453 -0.1843 -0.3064
v  0.2609 -0.1755 -0.2913
v  0.0157 -0.1755 -0.2913
v  0.2453 -0.1210 -0.3353
v  0.2609 -0.1153 -0.3188
v  0.0157 -0.1153 -0.3188
v  0.2453 -0.0533 -0.3513
v  0.2609 -0.0509 -0.3340
v  0.0157 -0.0509 -0.3340
v  0.2453 0.0163 -0.3538
v  0.2609 0.0152 -0.3364
v  0.0157 0.0152 -0.3364
v  0.2453 0.0850 -0.3427
v  0.2609 0.0805 -0.3258
v  0.0157 0.0805 -0.3258
v  0.2453 0.1502 -0.3184
v  0.2609 0.1425 -0.3027
v  0.0157 0.1425 -0.3027
v  0.2453 0.2094 -0.2819
v  0.2609 0.1988 -0.2680
v  0.0157 0.1988 -0.2680
v  0.2453 0.2604 -0.2345
v  0.2609 0.2473 -0.2229
v  0.0157 0.2473 -0.2229
v  0.2453 0.3011 -0.1780
v  0.2609 0.2860 -0.1692
v  0.0157 0.2860 -0.1692
v  0.2453 0.3300 -0.1147
v  0.2609 0.3135 -0.1090
v  0.0157 0.3135 -0.1090
v  0.2453 0.3461 -0.0470
v  0.2609 0.3287 -0.0447
v  0.0157 0.3287 -0.0447
v  0.2453 0.3486 0.0226
v  0.2609 0.3311 0.0215
v  0.0157 0.3311 0.0215
v  0.2453 0.3375 0.0913
v  0.2609 0.3205 0.0868
v  0.0157 0.3205 0.0868
v  0.2609 0.2974 0.1488
v  0.0149 -0.1656 -0.2742
v  0.0173 -0.1577 -0.2607
v  0.0173 -0.1889 0.2408
v  0.0149 -0.1984 0.2533
v  0.0149 -0.1454 0.2860
v  0.0173 -0.1385 0.2719
v  0.0149 -0.2440 0.2108
v  0.0173 -0.2323 0.2005
v  0.2582 0.2208 -0.1995
v  0.2616 0.2325 -0.2098
v  0.2616 0.2689 -0.1593
v  0.2582 0.2554 -0.1514
v  0.2616 0.1869 -0.2523
v  0.2582 0.1774 -0.2398
v  0.2582 -0.2461 -0.1827
v  0.2616 -0.2585 -0.1922
v  0.2616 -0.2161 -0.2378
v  0.2582 -0.2058 -0.2260
v  0.2616 -0.2913 -0.1391
v  0.2582 -0.2772 -0.1323
v  0.0173 0.2208 -0.1995
v  0.0149 0.2325 -0.2098
v  0.0149 0.1869 -0.2523
v  0.0173 0.1774 -0.2398
v  0.0149 0.2689 -0.1593
v  0.0173 0.2554 -0.1514
v  0.2582 -0.1385 0.2719
v  0.2616 -0.1454 0.2860
v  0.2616 -0.1984 0.2533
v  0.2582 -0.1889 0.2408
v  0.2616 -0.0870 0.3077
v  0.2582 -0.0830 0.2926
v  0.0149 -0.2913 -0.1391
v  0.0173 -0.2772 -0.1323
v  0.0149 -0.0870 0.3077
v  0.0173 -0.0830 0.2926
v  0.2616 0.1339 -0.2850
v  0.2582 0.1270 -0.2710
v  0.2616 -0.3130 -0.0808
v  0.2582 -0.2979 -0.0768
v  0.0149 0.1339 -0.2850
v  0.0173 0.1270 -0.2710
v  0.2582 0.2346 0.1837
v  0.2616 0.2470 0.1931
v  0.2616 0.2045 0.2388
v  0.2582 0.1942 0.2270
v  0.2616 0.2797 0.1401
v  0.2582 0.2657 0.1333
v  0.2616 -0.0255 0.3177
v  0.2582 -0.0246 0.3021
v  0.0149 -0.3130 -0.0808
v  0.0173 -0.2979 -0.0768
v  0.0173 0.2346 0.1837
v  0.0149 0.2470 0.1931
v  0.0149 0.2797 0.1401
v  0.0173 0.2657 0.1333
v  0.0149 0.2045 0.2388
v  0.0173 0.1942 0.2270
v  0.0149 -0.0255 0.3177
v  0.0173 -0.0246 0.3021
v  0.2616 0.0755 -0.3068
v  0.2582 0.0715 -0.2916
v  0.2616 -0.3230 -0.0193
v  0.2582 -0.3074 -0.0183
v  0.0149 0.0755 -0.3068
v  0.0173 0.0715 -0.2916
v  0.2616 0.0367 0.3154
v  0.2582 0.0346 0.3000
v  0.0149 -0.3230 -0.0193
v  0.0173 -0.3074 -0.0183
v  0.2616 0.3015 0.0817
v  0.2582 0.2864 0.0778
v  0.0149 0.0367 0.3154
v  0.0173 0.0346 0.3000
v  0.2616 0.0140 -0.3167
v  0.2582 0.0130 -0.3011
v  0.0149 0.3015 0.0817
v  0.0173 0.2864 0.0778
v  0.2616 -0.3207 0.0430
v  0.2582 -0.3052 0.0409
v  0.0149 0.0140 -0.3167
v  0.0173 0.0130 -0.3011
v  0.2616 0.0974 0.3011
v  0.2582 0.0923 0.2863
v  0.0149 -0.3207 0.0430
v  0.0173 -0.3052 0.0409
v  0.2616 0.3114 0.0202
v  0.2582 0.2958 0.0193
v  0.0149 0.0974 0.3011
v  0.0173 0.0923 0.2863
v  0.2616 -0.0483 -0.3145
v  0.2582 -0.0462 -0.2990
v  0.0149 0.3114 0.0202
v  0.0173 0.2958 0.0193
v  0.2616 -0.3064 0.1036
v  0.2582 -0.2916 0.0986
v  0.0149 -0.0483 -0.3145
v  0.0173 -0.0462 -0.2990
v  0.2616 0.1540 0.2752
v  0.2582 0.1462 0.2617
v  0.0149 -0.3064 0.1036
v  0.0173 -0.2916 0.0986
v  0.2616 0.3092 -0.0420
v  0.2582 0.2937 -0.0399
v  0.0149 0.1540 0.2752
v  0.0173 0.1462 0.2617
v  0.2616 -0.1089 -0.3001
v  0.2582 -0.1038 -0.2853
v  0.0149 0.3092 -0.0420
v  0.0173 0.2937 -0.0399
v  0.2616 -0.2805 0.1603
v  0.2582 -0.2670 0.1524
v  0.0149 -0.1089 -0.3001
v  0.0173 -0.1038 -0.2853
v  0.0149 -0.2805 0.1603
v  0.0173 -0.2670 0.1524
v  0.2616 0.2948 -0.1026
v  0.2582 0.2801 -0.0976
v  0.2616 -0.1656 -0.2742
v  0.2582 -0.1577 -0.2607
v  0.0149 0.2948 -0.1026
v  0.0173 0.2801 -0.0976
v  0.2616 -0.2440 0.2108
v  0.2582 -0.2323 0.2005
v  0.0151 0.1703 -0.2306
v  0.0149 0.1731 -0.2342
v  0.0149 0.1239 -0.2646
v  0.0151 0.1219 -0.2605
v  0.0149 0.2155 -0.1948
v  0.0151 0.2120 -0.1918
v  0.0151 -0.1981 -0.2173
v  0.0149 -0.2011 -0.2208
v  0.0149 -0.2405 -0.1784
v  0.0151 -0.2369 -0.1756
v  0.0149 -0.1542 -0.2546
v  0.0151 -0.1519 -0.2507
v  0.0151 -0.2569 0.1466
v  0.0149 -0.2609 0.1489
v  0.0149 -0.2270 0.1958
v  0.0151 -0.2236 0.1928
v  0.0149 -0.2849 0.0963
v  0.0151 -0.2806 0.0948
v  0.0151 0.2751 0.0748
v  0.0149 0.2795 0.0760
v  0.0149 0.2888 0.0188
v  0.0151 0.2842 0.0186
v  0.0149 0.2593 0.1302
v  0.0151 0.2552 0.1282
v  0.0151 0.0885 0.2753
v  0.0149 0.0900 0.2796
v  0.0149 0.1426 0.2556
v  0.0151 0.1403 0.2516
v  0.0149 0.0337 0.2930
v  0.0151 0.0331 0.2884
v  0.0149 0.0697 -0.2848
v  0.0151 0.0685 -0.2804
v  0.0149 -0.2709 -0.1292
v  0.0151 -0.2668 -0.1272
v  0.0149 -0.1847 0.2352
v  0.0151 -0.1819 0.2316
v  0.0149 0.2867 -0.0390
v  0.0151 0.2822 -0.0384
v  0.0149 0.1895 0.2217
v  0.0151 0.1865 0.2183
v  0.0149 0.0126 -0.2941
v  0.0151 0.0123 -0.2895
v  0.0149 -0.2911 -0.0750
v  0.0151 -0.2867 -0.0738
v  0.0149 -0.1354 0.2656
v  0.0151 -0.1334 0.2615
v  0.0149 0.2734 -0.0953
v  0.0151 0.2691 -0.0938
v  0.0149 0.2289 0.1794
v  0.0151 0.2253 0.1766
v  0.0149 -0.0452 -0.2920
v  0.0151 -0.0446 -0.2874
v  0.0149 -0.3003 -0.0178
v  0.0151 -0.2958 -0.0176
v  0.0149 -0.0812 0.2858
v  0.0151 -0.0801 0.2814
v  0.0149 0.2493 -0.1479
v  0.0151 0.2454 -0.1456
v  0.0149 -0.1015 -0.2787
v  0.0151 -0.1001 -0.2743
v  0.0149 -0.2982 0.0400
v  0.0151 -0.2937 0.0394
v  0.0149 -0.0241 0.2951
v  0.0151 -0.0238 0.2905
v  0.0409 -0.2111 0.1818
v  0.0258 -0.2174 0.1873
v  0.0258 -0.1769 0.2250
v  0.0409 -0.1718 0.2183
v  0.0258 -0.2497 0.1424
v  0.0409 -0.2425 0.1382
v  0.0409 0.0643 -0.2643
v  0.0258 0.0664 -0.2724
v  0.0258 0.0118 -0.2812
v  0.0409 0.0112 -0.2729
v  0.0258 0.1182 -0.2530
v  0.0409 0.1146 -0.2455
v  0.0258 -0.1298 0.2540
v  0.0409 -0.1261 0.2465
v  0.0258 -0.0435 -0.2792
v  0.0409 -0.0424 -0.2709
v  0.0258 -0.0779 0.2733
v  0.0409 -0.0758 0.2653
v  0.0258 -0.0974 -0.2665
v  0.0409 -0.0947 -0.2586
v  0.0258 -0.0233 0.2822
v  0.0409 -0.0228 0.2739
v  0.0258 -0.1477 -0.2435
v  0.0409 -0.1435 -0.2363
v  0.0409 0.2121 0.1665
v  0.0258 0.2187 0.1716
v  0.0258 0.2478 0.1245
v  0.0409 0.2403 0.1208
v  0.0258 0.1810 0.2121
v  0.0409 0.1755 0.2058
v  0.0258 0.0320 0.2802
v  0.0409 0.0309 0.2719
v  0.0258 -0.1926 -0.2111
v  0.0409 -0.1870 -0.2048
v  0.0258 0.2671 0.0727
v  0.0409 0.2590 0.0705
v  0.0258 0.0858 0.2675
v  0.0409 0.0831 0.2596
v  0.0258 -0.2302 -0.1706
v  0.0409 -0.2236 -0.1655
v  0.0258 0.2759 0.0180
v  0.0409 0.2676 0.0175
v  0.0258 0.1361 0.2445
v  0.0409 0.1319 0.2372
v  0.0258 -0.2593 -0.1235
v  0.0409 -0.2518 -0.1198
v  0.0258 0.2739 -0.0373
v  0.0409 0.2657 -0.0361
v  0.0258 -0.2786 -0.0717
v  0.0409 -0.2706 -0.0695
v  0.0258 0.2612 -0.0911
v  0.0409 0.2533 -0.0884
v  0.0258 -0.2875 -0.0170
v  0.0409 -0.2791 -0.0165
v  0.0258 0.2382 -0.1414
v  0.0409 0.2310 -0.1372
v  0.0258 -0.2855 0.0382
v  0.0409 -0.2772 0.0371
v  0.0258 0.2058 -0.1863
v  0.0409 0.1996 -0.1808
v  0.0258 -0.2727 0.0921
v  0.0409 -0.2648 0.0894
v  0.0258 0.1653 -0.2240
v  0.0409 0.1602 -0.2173
v  0.2622 -0.2999 -0.0178
v  0.2591 -0.3008 -0.0179
v  0.2591 -0.2916 -0.0751
v  0.2622 -0.2907 -0.0749
v  0.2591 -0.2988 0.0400
v  0.2622 -0.2978 0.0399
v  0.2622 -0.0811 0.2854
v  0.2591 -0.0814 0.2863
v  0.2591 -0.1357 0.2661
v  0.2622 -0.1353 0.2652
v  0.2591 -0.0241 0.2956
v  0.2622 -0.0241 0.2946
v  0.2622 0.2490 -0.1477
v  0.2591 0.2498 -0.1482
v  0.2591 0.2739 -0.0954
v  0.2622 0.2730 -0.0951
v  0.2591 0.2159 -0.1952
v  0.2622 0.2152 -0.1945
v  0.2622 -0.1014 -0.2783
v  0.2591 -0.1017 -0.2791
v  0.2591 -0.0453 -0.2925
v  0.2622 -0.0452 -0.2916
v  0.2591 -0.1544 -0.2551
v  0.2622 -0.1540 -0.2543
v  0.2591 -0.2854 0.0964
v  0.2622 -0.2845 0.0961
v  0.2622 0.2286 0.1791
v  0.2591 0.2294 0.1797
v  0.2591 0.1899 0.2221
v  0.2622 0.1893 0.2214
v  0.2591 0.2598 0.1304
v  0.2622 0.2590 0.1300
v  0.2591 0.0338 0.2935
v  0.2622 0.0336 0.2926
v  0.2591 0.1734 -0.2346
v  0.2622 0.1729 -0.2339
v  0.2591 -0.2014 -0.2211
v  0.2622 -0.2008 -0.2204
v  0.2591 -0.2613 0.1492
v  0.2622 -0.2605 0.1487
v  0.2591 0.2800 0.0761
v  0.2622 0.2791 0.0758
v  0.2591 0.0902 0.2801
v  0.2622 0.0899 0.2793
v  0.2591 0.1241 -0.2651
v  0.2622 0.1237 -0.2642
v  0.2591 -0.2409 -0.1787
v  0.2622 -0.2402 -0.1782
v  0.2591 -0.2274 0.1962
v  0.2622 -0.2267 0.1955
v  0.2591 0.2893 0.0189
v  0.2622 0.2884 0.0188
v  0.2591 0.1429 0.2560
v  0.2622 0.1424 0.2552
v  0.2591 0.0698 -0.2853
v  0.2622 0.0696 -0.2844
v  0.2591 -0.2714 -0.1294
v  0.2622 -0.2705 -0.1290
v  0.2591 -0.1850 0.2356
v  0.2622 -0.1844 0.2349
v  0.2591 0.2872 -0.0390
v  0.2622 0.2863 -0.0389
v  0.2591 0.0126 -0.2946
v  0.2622 0.0125 -0.2936
v  0.2638 0.1237 -0.2642
v  0.2640 0.1237 -0.2642
v  0.2640 0.0696 -0.2844
v  0.2638 0.0696 -0.2844
v  0.2710 -0.2067 0.1779
v  0.2711 -0.2063 0.1775
v  0.2711 -0.1679 0.2132
v  0.2710 -0.1683 0.2137
v  0.2710 0.0628 -0.2587
v  0.2711 0.0626 -0.2581
v  0.2711 0.0109 -0.2665
v  0.2710 0.0109 -0.2671
v  0.2638 -0.2267 0.1955
v  0.2640 -0.2267 0.1955
v  0.2640 -0.1844 0.2349
v  0.2638 -0.1844 0.2349
v  0.2699 0.0638 -0.2625
v  0.2699 0.1138 -0.2439
v  0.2710 0.1120 -0.2403
v  0.2710 0.1716 0.2015
v  0.2711 0.1713 0.2010
v  0.2711 0.2070 0.1626
v  0.2710 0.2074 0.1630
v  0.2711 -0.1233 0.2408
v  0.2710 -0.1236 0.2413
v  0.2710 -0.0416 -0.2652
v  0.2699 -0.0422 -0.2691
v  0.2699 0.0111 -0.2710
v  0.2699 -0.1707 0.2169
v  0.2699 -0.2097 0.1805
v  0.2711 -0.0416 -0.2646
v  0.2710 -0.0743 0.2597
v  0.2699 -0.0753 0.2635
v  0.2699 -0.1253 0.2449
v  0.2711 -0.0742 0.2591
v  0.2710 -0.0928 -0.2531
v  0.2699 -0.0941 -0.2568
v  0.2711 -0.0926 -0.2525
v  0.2710 -0.0224 0.2680
v  0.2699 -0.0227 0.2720
v  0.2711 -0.0224 0.2675
v  0.2710 -0.1406 -0.2312
v  0.2699 -0.1426 -0.2347
v  0.2711 -0.1403 -0.2307
v  0.2638 0.1893 0.2214
v  0.2640 0.1893 0.2214
v  0.2640 0.2286 0.1791
v  0.2638 0.2286 0.1791
v  0.2675 0.0661 -0.2713
v  0.2675 0.1177 -0.2520
v  0.2711 0.2345 0.1180
v  0.2710 0.2350 0.1183
v  0.2710 0.0301 0.2662
v  0.2699 0.0306 0.2701
v  0.2699 0.2106 0.1654
v  0.2699 0.1743 0.2044
v  0.2711 0.0300 0.2656
v  0.2710 -0.1832 -0.2005
v  0.2699 -0.1858 -0.2034
v  0.2711 -0.1828 -0.2000
v  0.2710 0.2534 0.0690
v  0.2699 0.2572 0.0700
v  0.2699 0.2386 0.1200
v  0.2711 0.2528 0.0689
v  0.2710 0.0812 0.2541
v  0.2699 0.0825 0.2578
v  0.2711 0.0810 0.2535
v  0.2710 -0.2190 -0.1620
v  0.2699 -0.2221 -0.1644
v  0.2711 -0.2185 -0.1617
v  0.2710 0.2618 0.0172
v  0.2699 0.2657 0.0174
v  0.2711 0.2612 0.0171
v  0.2710 0.1290 0.2322
v  0.2699 0.1310 0.2356
v  0.2711 0.1287 0.2317
v  0.2710 -0.2466 -0.1173
v  0.2699 -0.2501 -0.1190
v  0.2711 -0.2461 -0.1170
v  0.2710 0.2599 -0.0354
v  0.2699 0.2638 -0.0359
v  0.2711 0.2593 -0.0353
v  0.2710 -0.2649 -0.0680
v  0.2699 -0.2688 -0.0691
v  0.2711 -0.2644 -0.0679
v  0.2710 0.2478 -0.0865
v  0.2699 0.2515 -0.0878
v  0.2711 0.2473 -0.0863
v  0.2710 -0.2733 -0.0162
v  0.2699 -0.2773 -0.0164
v  0.2711 -0.2728 -0.0161
v  0.2710 0.2259 -0.1343
v  0.2699 0.2294 -0.1363
v  0.2711 0.2255 -0.1340
v  0.2710 -0.2714 0.0364
v  0.2699 -0.2754 0.0369
v  0.2711 -0.2709 0.0363
v  0.2710 0.1952 -0.1769
v  0.2699 0.1982 -0.1795
v  0.2711 0.1948 -0.1765
v  0.2710 -0.2593 0.0875
v  0.2699 -0.2631 0.0888
v  0.2711 -0.2588 0.0873
v  0.2710 0.1567 -0.2127
v  0.2699 0.1591 -0.2159
v  0.2711 0.1564 -0.2123
v  0.2710 -0.2375 0.1353
v  0.2699 -0.2409 0.1373
v  0.2711 -0.2370 0.1350
v  0.2711 0.1118 -0.2398
v  0.2573 0.2346 0.1181
v  0.2694 0.2345 0.1180
v  0.2694 0.2070 0.1627
v  0.2573 0.2071 0.1627
v  0.2694 0.2529 0.0689
v  0.0529 0.2639 0.0173
v  0.0529 0.2554 0.0696
v  0.2573 0.2530 0.0689
v  0.0529 0.2369 0.1192
v  0.0529 0.2620 -0.0356
v  0.0529 0.2498 -0.0872
v  0.0529 0.2278 -0.1354
v  0.0529 0.1968 -0.1783
v  0.0529 0.1580 -0.2144
v  0.0529 0.1129 -0.2422
v  0.0529 0.0633 -0.2607
v  0.0529 0.0110 -0.2692
v  0.0529 -0.0419 -0.2673
v  0.0529 -0.0935 -0.2551
v  0.0529 -0.1416 -0.2331
v  0.0529 -0.1846 -0.2021
v  0.0529 -0.2207 -0.1633
v  0.0529 -0.2485 -0.1182
v  0.0529 -0.2670 -0.0686
v  0.0529 -0.2754 -0.0163
v  0.0529 -0.2735 0.0366
v  0.0529 -0.2613 0.0882
v  0.0529 -0.2393 0.1364
v  0.0529 -0.2083 0.1793
v  0.0529 -0.1696 0.2154
v  0.0529 -0.1245 0.2432
v  0.0529 -0.0749 0.2617
v  0.0529 -0.0226 0.2702
v  0.0529 0.0304 0.2683
v  0.0529 0.0819 0.2561
v  0.0529 0.1301 0.2340
v  0.0529 0.1730 0.2031
v  0.0529 0.2091 0.1643
v  0.2573 0.1713 0.2011
v  0.2573 0.1288 0.2318
v  0.2573 0.0811 0.2536
v  0.2573 0.0300 0.2657
v  0.2573 -0.0224 0.2676
v  0.2573 -0.0742 0.2592
v  0.2573 -0.1234 0.2409
v  0.2573 -0.1680 0.2134
v  0.2573 -0.2064 0.1776
v  0.2573 -0.2371 0.1351
v  0.2573 -0.2589 0.0873
v  0.2573 -0.2710 0.0363
v  0.2573 -0.2729 -0.0161
v  0.2573 -0.2645 -0.0679
v  0.2573 -0.2462 -0.1171
v  0.2573 -0.2186 -0.1617
v  0.2573 -0.1829 -0.2001
v  0.2573 -0.1403 -0.2308
v  0.2573 -0.0926 -0.2526
v  0.2573 -0.0416 -0.2647
v  0.2573 0.0109 -0.2666
v  0.2573 0.0626 -0.2582
v  0.2573 0.1118 -0.2399
v  0.2573 0.1565 -0.2124
v  0.2573 0.1949 -0.1766
v  0.2573 0.2256 -0.1341
v  0.2573 0.2474 -0.0864
v  0.2573 0.2594 -0.0353
v  0.2573 0.2613 0.0171
v  0.2694 0.2612 0.0171
v  0.2694 0.2593 -0.0353
v  0.2694 0.2473 -0.0863
v  0.2694 0.2255 -0.1340
v  0.2694 0.1948 -0.1765
v  0.2694 0.1564 -0.2123
v  0.2694 0.1118 -0.2398
v  0.2694 0.0626 -0.2581
v  0.2694 0.0109 -0.2665
v  0.2694 -0.0416 -0.2646
v  0.2694 -0.0926 -0.2525
v  0.2694 -0.1403 -0.2307
v  0.2694 -0.1828 -0.2001
v  0.2694 -0.2185 -0.1617
v  0.2694 -0.2461 -0.1170
v  0.2694 -0.2644 -0.0679
v  0.2694 -0.2728 -0.0161
v  0.2694 -0.2709 0.0363
v  0.2694 -0.2588 0.0873
v  0.2694 -0.2370 0.1350
v  0.2694 -0.2063 0.1775
v  0.2694 -0.1679 0.2133
v  0.2694 -0.1233 0.2408
v  0.2694 -0.0742 0.2591
v  0.2694 -0.0224 0.2675
v  0.2694 0.0300 0.2656
v  0.2694 0.0810 0.2535
v  0.2694 0.1287 0.2317
v  0.2694 0.1713 0.2011
v  0.2652 0.0684 -0.2800
v  0.2641 0.0694 -0.2839
v  0.2641 0.1235 -0.2637
v  0.2652 0.1217 -0.2602
v  0.2638 -0.2605 0.1487
v  0.2640 -0.2605 0.1487
v  0.2675 0.0117 -0.2801
v  0.2652 0.0123 -0.2891
v  0.2638 0.1729 -0.2339
v  0.2640 0.1729 -0.2339
v  0.2638 -0.2845 0.0961
v  0.2640 -0.2845 0.0961
v  0.2638 0.2152 -0.1945
v  0.2640 0.2152 -0.1945
v  0.2638 -0.2978 0.0399
v  0.2640 -0.2978 0.0399
v  0.2638 0.2490 -0.1477
v  0.2640 0.2490 -0.1477
v  0.2638 -0.2999 -0.0178
v  0.2640 -0.2999 -0.0178
v  0.2638 0.2730 -0.0951
v  0.2640 0.2730 -0.0951
v  0.2638 -0.2907 -0.0749
v  0.2640 -0.2907 -0.0749
v  0.2638 0.2863 -0.0389
v  0.2640 0.2863 -0.0389
v  0.2638 -0.2705 -0.1290
v  0.2640 -0.2705 -0.1290
v  0.2638 0.1424 0.2552
v  0.2640 0.1424 0.2552
v  0.2638 0.2884 0.0188
v  0.2640 0.2884 0.0188
v  0.2638 -0.2402 -0.1782
v  0.2640 -0.2402 -0.1782
v  0.2638 0.0899 0.2793
v  0.2640 0.0899 0.2793
v  0.2638 0.2791 0.0758
v  0.2640 0.2791 0.0758
v  0.2638 -0.2008 -0.2204
v  0.2640 -0.2008 -0.2204
v  0.2638 0.0336 0.2926
v  0.2640 0.0336 0.2926
v  0.2638 0.2590 0.1300
v  0.2640 0.2590 0.1300
v  0.2638 -0.1540 -0.2543
v  0.2640 -0.1540 -0.2543
v  0.2638 -0.0241 0.2946
v  0.2640 -0.0241 0.2946
v  0.2638 -0.1014 -0.2783
v  0.2640 -0.1014 -0.2783
v  0.2652 0.2250 0.1764
v  0.2641 0.2282 0.1788
v  0.2641 0.1889 0.2210
v  0.2652 0.1863 0.2180
v  0.2638 -0.0811 0.2854
v  0.2640 -0.0811 0.2854
v  0.2638 -0.0452 -0.2916
v  0.2640 -0.0452 -0.2916
v  0.2638 -0.1353 0.2652
v  0.2640 -0.1353 0.2652
v  0.2638 0.0125 -0.2936
v  0.2640 0.0125 -0.2936
v  0.2652 -0.1817 0.2313
v  0.2641 -0.1841 0.2344
v  0.2641 -0.2263 0.1952
v  0.2652 -0.2233 0.1925
v  0.2675 -0.2165 0.1865
v  0.2675 -0.2488 0.1418
v  0.2675 0.2178 0.1709
v  0.2675 0.1803 0.2112
v  0.2675 -0.1762 0.2241
v  0.2675 0.1646 -0.2231
v  0.2652 -0.2566 0.1464
v  0.2675 -0.2717 0.0917
v  0.2652 0.1701 -0.2303
v  0.2675 0.2050 -0.1855
v  0.2652 -0.2802 0.0947
v  0.2675 -0.2844 0.0381
v  0.2652 0.2118 -0.1915
v  0.2675 0.2372 -0.1409
v  0.2652 -0.2933 0.0393
v  0.2675 -0.2863 -0.0170
v  0.2652 0.2451 -0.1454
v  0.2675 0.2601 -0.0907
v  0.2652 -0.2954 -0.0175
v  0.2675 -0.2775 -0.0714
v  0.2652 0.2687 -0.0937
v  0.2675 0.2728 -0.0371
v  0.2652 -0.2863 -0.0737
v  0.2675 -0.2583 -0.1230
v  0.2652 0.2818 -0.0383
v  0.2675 0.1356 0.2435
v  0.2641 0.0125 -0.2931
v  0.2652 -0.2664 -0.1270
v  0.2675 0.2748 0.0180
v  0.2652 0.1401 0.2513
v  0.2675 -0.2293 -0.1699
v  0.2652 0.2838 0.0185
v  0.2675 0.0855 0.2664
v  0.2652 -0.2366 -0.1754
v  0.2675 0.2660 0.0724
v  0.2652 0.0884 0.2750
v  0.2675 -0.1918 -0.2102
v  0.2652 0.2748 0.0747
v  0.2675 0.0318 0.2791
v  0.2652 -0.1978 -0.2170
v  0.2675 0.2467 0.1240
v  0.2652 0.0330 0.2881
v  0.2675 -0.1471 -0.2425
v  0.2652 0.2549 0.1280
v  0.2675 -0.0232 0.2811
v  0.2652 -0.1517 -0.2503
v  0.2652 -0.0238 0.2901
v  0.2675 -0.0970 -0.2654
v  0.2675 -0.0776 0.2723
v  0.2652 -0.0999 -0.2740
v  0.2675 -0.0434 -0.2781
v  0.2652 -0.0800 0.2810
v  0.2675 -0.1293 0.2530
v  0.2652 -0.0446 -0.2871
v  0.2652 -0.1333 0.2612
v  0.2641 -0.1350 0.2647
v  0.2641 -0.0451 -0.2910
v  0.2641 -0.0810 0.2849
v  0.2641 -0.1012 -0.2777
v  0.2641 -0.0241 0.2941
v  0.2641 -0.1537 -0.2538
v  0.2641 0.2585 0.1297
v  0.2641 0.0336 0.2920
v  0.2641 -0.2004 -0.2200
v  0.2641 0.2786 0.0757
v  0.2641 0.0897 0.2787
v  0.2641 -0.2397 -0.1778
v  0.2641 0.2878 0.0188
v  0.2641 0.1421 0.2548
v  0.2641 -0.2700 -0.1287
v  0.2641 0.2857 -0.0388
v  0.2641 -0.2901 -0.0747
v  0.2641 0.2725 -0.0950
v  0.2641 -0.2994 -0.0178
v  0.2641 0.2485 -0.1474
v  0.2641 -0.2973 0.0398
v  0.2641 0.2147 -0.1942
v  0.2641 -0.2840 0.0960
v  0.2641 0.1725 -0.2334
v  0.2641 -0.2600 0.1484
v  0.0449 -0.0349 0.0239
v  0.0492 -0.0676 0.0507
v  0.0492 -0.0564 0.0619
v  0.0449 -0.0295 0.0293
v  0.0492 -0.0675 -0.0520
v  0.0449 -0.0348 -0.0252
v  0.0449 -0.0294 -0.0305
v  0.0492 -0.0562 -0.0633
v  0.0492 -0.0430 -0.0721
v  0.0449 -0.0231 -0.0347
v  0.0449 -0.0161 -0.0376
v  0.0492 -0.0283 -0.0781
v  0.0492 -0.0128 -0.0812
v  0.0449 -0.0087 -0.0391
v  0.0845 -0.0434 -0.0729
v  0.0845 -0.0568 -0.0640
v  0.0492 0.0665 -0.0387
v  0.0449 0.0292 -0.0188
v  0.0449 0.0321 -0.0118
v  0.0492 0.0726 -0.0240
v  0.0492 0.0577 -0.0519
v  0.0449 0.0250 -0.0251
v  0.0449 0.0336 -0.0043
v  0.0492 0.0757 -0.0084
v  0.0449 -0.0232 0.0335
v  0.0492 -0.0432 0.0708
v  0.0492 -0.0286 0.0769
v  0.0449 -0.0162 0.0364
v  0.0492 0.0465 -0.0631
v  0.0449 0.0196 -0.0304
v  0.0492 -0.0763 -0.0389
v  0.0845 -0.0682 -0.0526
v  0.0845 -0.0771 -0.0393
v  0.0492 -0.0855 0.0072
v  0.0492 -0.0825 0.0228
v  0.0449 -0.0420 0.0106
v  0.0449 -0.0434 0.0032
v  0.0492 -0.0130 0.0800
v  0.0449 -0.0088 0.0379
v  0.0492 0.0333 -0.0720
v  0.0449 0.0133 -0.0347
v  0.0492 0.0029 0.0800
v  0.0449 -0.0012 0.0379
v  0.0492 0.0187 -0.0780
v  0.0449 0.0063 -0.0376
v  0.0492 0.0185 0.0769
v  0.0449 0.0062 0.0364
v  0.0492 0.0031 -0.0812
v  0.0449 -0.0011 -0.0391
v  0.0492 0.0463 0.0621
v  0.0492 0.0331 0.0709
v  0.0845 0.0336 0.0717
v  0.0845 0.0469 0.0628
v  0.0845 0.0187 0.0778
v  0.0845 0.0032 -0.0821
v  0.0845 -0.0128 -0.0821
v  0.0449 0.0196 0.0293
v  0.0492 0.0576 0.0509
v  0.0449 0.0249 0.0240
v  0.0492 -0.0764 0.0375
v  0.0449 -0.0391 0.0176
v  0.0492 0.0664 0.0377
v  0.0449 0.0291 0.0177
v  0.0492 -0.0855 -0.0086
v  0.0449 -0.0434 -0.0044
v  0.0492 0.0725 0.0230
v  0.0449 0.0321 0.0107
v  0.0492 -0.0824 -0.0242
v  0.0449 -0.0419 -0.0119
v  0.0492 0.0756 0.0075
v  0.0449 0.0335 0.0033
v  0.0449 -0.0390 -0.0189
v  0.0427 -0.0012 0.0379
v  0.0427 -0.0088 0.0378
v  0.0427 -0.0434 -0.0044
v  0.0427 -0.0419 -0.0118
v  0.0427 -0.0434 0.0031
v  0.0427 0.0133 -0.0346
v  0.0427 0.0196 -0.0304
v  0.0427 0.0063 -0.0375
v  0.0427 -0.0390 -0.0188
v  0.0427 0.0062 0.0364
v  0.0427 -0.0011 -0.0390
v  0.0427 -0.0294 -0.0305
v  0.0427 -0.0231 -0.0347
v  0.0449 0.0132 0.0335
v  0.0427 0.0132 0.0335
v  0.0427 -0.0348 -0.0251
v  0.0427 -0.0161 -0.0376
v  0.0427 -0.0087 -0.0390
v  0.0427 0.0249 -0.0250
v  0.0427 -0.0419 0.0106
v  0.0427 -0.0390 0.0176
v  0.0427 -0.0348 0.0239
v  0.0427 -0.0295 0.0292
v  0.0427 -0.0232 0.0335
v  0.0427 -0.0162 0.0364
v  0.0427 0.0195 0.0293
v  0.0427 0.0249 0.0240
v  0.0427 0.0291 0.0177
v  0.0427 0.0320 0.0107
v  0.0427 0.0335 0.0033
v  0.0427 0.0335 -0.0043
v  0.0427 0.0320 -0.0117
v  0.0427 0.0291 -0.0187
v  0.0845 -0.0833 0.0231
v  0.0845 -0.0772 0.0379
v  0.0845 -0.0864 0.0073
v  0.0845 -0.0864 -0.0087
v  0.0845 0.0583 0.0515
v  0.0845 0.0672 0.0381
v  0.0845 -0.0286 -0.0790
v  0.0845 0.0734 0.0233
v  0.0845 -0.0833 -0.0245
v  0.0845 0.0765 0.0076
v  0.0845 -0.0683 0.0513
v  0.0845 -0.0570 0.0626
v  0.0845 0.0735 -0.0242
v  0.0845 0.0673 -0.0391
v  0.0845 -0.0436 0.0716
v  0.0845 0.0584 -0.0524
v  0.0845 0.0766 -0.0085
v  0.0845 -0.0288 0.0777
v  0.0845 0.0471 -0.0638
v  0.0845 -0.0131 0.0809
v  0.0845 0.0338 -0.0727
v  0.0845 0.0030 0.0809
v  0.0845 0.0189 -0.0789
v  0.0372 -0.0244 0.0407
v  0.0851 -0.0239 0.0397
v  0.0850 -0.0329 0.0360
v  0.0371 -0.0335 0.0370
v  0.0370 -0.1833 -0.1086
v  0.0869 -0.1829 -0.1084
v  0.0882 -0.2548 -0.1560
v  0.0365 -0.2552 -0.1562
v  0.0893 -0.2752 -0.1061
v  0.0893 -0.2668 -0.1266
v  0.0880 -0.1927 -0.0872
v  0.0880 -0.1995 -0.0724
v  0.0869 -0.1298 -0.0537
v  0.0869 -0.1359 -0.0441
v  0.0880 -0.1859 -0.1019
v  0.0869 -0.1237 -0.0633
v  0.0893 -0.2585 -0.1470
v  0.0444 -0.2756 -0.1062
v  0.0446 -0.2003 -0.0726
v  0.0370 -0.1935 -0.0874
v  0.0365 -0.2673 -0.1267
v  0.0359 -0.1864 -0.1021
v  0.0354 -0.2589 -0.1473
v  0.0373 -0.1328 -0.0542
v  0.0363 -0.1250 -0.0637
v  0.0447 -0.1399 -0.0447
v  0.0863 -0.0802 -0.0362
v  0.0863 -0.0871 -0.0306
v  0.0863 -0.0939 -0.0249
v  0.0860 -0.0637 -0.0160
v  0.0860 -0.0716 -0.0133
v  0.0861 -0.0558 -0.0188
v  0.0859 -0.1210 -0.0676
v  0.0853 -0.0773 -0.0387
v  0.0850 -0.0524 -0.0200
v  0.0445 -0.1049 -0.0265
v  0.0372 -0.0952 -0.0318
v  0.0362 -0.0833 -0.0368
v  0.0370 -0.0769 -0.0179
v  0.0360 -0.0607 -0.0196
v  0.0443 -0.0897 -0.0157
v  0.0853 -0.0977 -0.0222
v  0.0850 -0.0761 -0.0119
v  0.0610 -0.0880 -0.0138
v  0.0612 -0.1048 -0.0236
v  0.0616 -0.1414 -0.0403
v  0.0860 -0.0476 -0.0075
v  0.0860 -0.0558 -0.0068
v  0.0859 -0.0639 -0.0060
v  0.0860 -0.0562 0.0002
v  0.0859 -0.0639 -0.0009
v  0.0861 -0.0484 0.0013
v  0.0850 -0.0441 -0.0078
v  0.0851 -0.0450 0.0018
v  0.0370 -0.0712 -0.0089
v  0.0360 -0.0533 -0.0083
v  0.0370 -0.0719 -0.0019
v  0.0361 -0.0542 0.0006
v  0.0442 -0.0856 -0.0038
v  0.0442 -0.0852 -0.0089
v  0.0860 -0.0755 -0.0119
v  0.0860 -0.0750 -0.0120
v  0.0859 -0.0675 -0.0057
v  0.0859 -0.0680 -0.0057
v  0.0859 -0.0673 -0.0014
v  0.0859 -0.0678 -0.0015
v  0.0862 -0.0526 0.0108
v  0.0860 -0.0596 0.0074
v  0.0859 -0.0666 0.0040
v  0.0860 -0.0708 0.0155
v  0.0859 -0.0765 0.0097
v  0.0862 -0.0652 0.0213
v  0.0848 -0.0799 0.0067
v  0.0609 -0.0920 0.0054
v  0.0609 -0.0849 0.0005
v  0.0848 -0.0707 0.0022
v  0.0609 -0.0829 -0.0035
v  0.0442 -0.0878 0.0012
v  0.0442 -0.0947 0.0073
v  0.0859 -0.1391 -0.0393
v  0.0852 -0.0495 0.0123
v  0.0852 -0.0627 0.0238
v  0.0371 -0.0750 0.0054
v  0.0361 -0.0582 0.0101
v  0.0371 -0.0841 0.0137
v  0.0361 -0.0701 0.0206
v  0.0851 -0.1477 0.0204
v  0.0608 -0.1502 0.0208
v  0.0609 -0.1104 0.0122
v  0.0849 -0.1031 0.0127
v  0.0442 -0.1119 0.0153
v  0.0439 -0.1503 0.0254
v  0.0848 -0.0685 -0.0016
v  0.0852 -0.0917 0.0363
v  0.0862 -0.0933 0.0328
v  0.0864 -0.1411 0.0476
v  0.0854 -0.1400 0.0523
v  0.0370 -0.1052 0.0237
v  0.0361 -0.0965 0.0324
v  0.0367 -0.1467 0.0363
v  0.0357 -0.1424 0.0474
v  0.0861 -0.0971 0.0248
v  0.0860 -0.1009 0.0168
v  0.0863 -0.1437 0.0367
v  0.0862 -0.1463 0.0259
v  0.0433 -0.2168 0.0372
v  0.0358 -0.2134 0.0523
v  0.0348 -0.2098 0.0674
v  0.0336 -0.2894 0.0903
v  0.0346 -0.2946 0.0702
v  0.0424 -0.2997 0.0500
v  0.0869 -0.2093 0.0674
v  0.0868 -0.2125 0.0524
v  0.0867 -0.2158 0.0373
v  0.0874 -0.2940 0.0702
v  0.0873 -0.2992 0.0501
v  0.0876 -0.2889 0.0904
v  0.0861 -0.3018 0.0400
v  0.0603 -0.3018 0.0412
v  0.0606 -0.2179 0.0307
v  0.0855 -0.2175 0.0298
v  0.0858 -0.2078 0.0740
v  0.0865 -0.2866 0.0992
v  0.0360 -0.2083 0.0740
v  0.0368 -0.1405 0.0522
v  0.0372 -0.0637 0.0237
v  0.0372 -0.0925 0.0362
v  0.0348 -0.2871 0.0991
v  0.0372 -0.0461 0.0017
v  0.0372 -0.0506 0.0122
v  0.0371 -0.0451 -0.0081
v  0.0371 -0.0534 -0.0203
v  0.0372 -0.0780 -0.0390
v  0.0373 -0.1215 -0.0678
v  0.0859 -0.1121 0.0929
v  0.0373 -0.1125 0.0933
v  0.0372 -0.0724 0.0597
v  0.0853 -0.0720 0.0591
v  0.0880 -0.2029 -0.0651
v  0.0893 -0.2794 -0.0959
v  0.0893 -0.2789 -0.0971
v  0.0880 -0.2025 -0.0660
v  0.0869 -0.1386 -0.0399
v  0.0869 -0.1390 -0.0393
v  0.0869 -0.2029 -0.0651
v  0.0620 -0.2030 -0.0661
v  0.0624 -0.2791 -0.0972
v  0.0882 -0.2794 -0.0959
v  0.0866 -0.2173 0.0307
v  0.0861 -0.1474 0.0211
v  0.0866 -0.2175 0.0298
v  0.0861 -0.1476 0.0205
v  0.0873 -0.3015 0.0412
v  0.0873 -0.3018 0.0400
v  0.0859 -0.1025 0.0133
v  0.0859 -0.0790 0.0071
v  0.0859 -0.1027 0.0128
v  0.0859 -0.0793 0.0068
v  0.0859 -0.0696 0.0025
v  0.0859 -0.0701 0.0023
v  0.0849 -0.0687 -0.0058
v  0.0609 -0.0827 -0.0078
v  0.0863 -0.0969 -0.0225
v  0.0863 -0.0973 -0.0221
v  0.0861 -0.0254 0.0428
v  0.0862 -0.0174 0.0494
v  0.0860 -0.0227 0.0552
v  0.0860 -0.0287 0.0499
v  0.0859 -0.0280 0.0609
v  0.0859 -0.0320 0.0570
v  0.0860 -0.0182 0.0683
v  0.0859 -0.0253 0.0721
v  0.0862 -0.0110 0.0645
v  0.0863 -0.0617 0.0830
v  0.0860 -0.0457 0.0650
v  0.0610 -0.0511 0.0765
v  0.0612 -0.0652 0.0898
v  0.0866 -0.0463 0.2129
v  0.0606 -0.0456 0.2135
v  0.0608 -0.0357 0.1459
v  0.0861 -0.0352 0.1432
v  0.0624 -0.1859 0.2359
v  0.0893 -0.1846 0.2365
v  0.0880 -0.1331 0.1720
v  0.0620 -0.1342 0.1718
v  0.0603 -0.0595 0.2968
v  0.0873 -0.0607 0.2965
v  0.0859 -0.0377 0.0596
v  0.0859 -0.0336 0.0606
v  0.0609 -0.0398 0.0745
v  0.0609 -0.0438 0.0731
v  0.0869 -0.0938 0.1138
v  0.0863 -0.0635 0.0790
v  0.0863 -0.0619 0.0825
v  0.0869 -0.0905 0.1176
v  0.0869 -0.0901 0.1181
v  0.0860 -0.0457 0.0645
v  0.0860 -0.0459 0.0609
v  0.0859 -0.0289 0.0740
v  0.0609 -0.0338 0.0857
v  0.0609 -0.0365 0.0775
v  0.0859 -0.0306 0.0638
v  0.0616 -0.0917 0.1201
v  0.0860 -0.0254 0.0975
v  0.0859 -0.0293 0.0980
v  0.0859 -0.0285 0.0737
v  0.0859 -0.0298 0.0981
v  0.0861 -0.0345 0.1433
v  0.0862 -0.0297 0.1435
v  0.0609 -0.0325 0.1053
v  0.0893 -0.2278 0.2020
v  0.0882 -0.2354 0.1959
v  0.0869 -0.1690 0.1406
v  0.0880 -0.1637 0.1453
v  0.0869 -0.1088 0.0966
v  0.0370 0.0752 0.2022
v  0.0373 0.0494 0.1327
v  0.0859 0.0492 0.1322
v  0.0869 0.0750 0.2018
v  0.0372 -0.0156 0.0479
v  0.0372 -0.0083 0.0638
v  0.0852 -0.0079 0.0629
v  0.0852 -0.0151 0.0469
v  0.0371 0.0225 0.0541
v  0.0850 0.0219 0.0533
v  0.0853 0.0309 0.0831
v  0.0372 0.0314 0.0837
v  0.0372 -0.0045 0.0949
v  0.0852 -0.0042 0.0942
v  0.0368 -0.0028 0.1455
v  0.0854 -0.0025 0.1450
v  0.0850 -0.0470 0.0406
v  0.0371 -0.0475 0.0414
v  0.0360 -0.0013 0.2166
v  0.0348 0.0002 0.2991
v  0.0865 0.0004 0.2987
v  0.0858 -0.0011 0.2161
v  0.0354 -0.2281 0.2023
v  0.0359 -0.1640 0.1457
v  0.0370 -0.1693 0.1409
v  0.0365 -0.2357 0.1963
v  0.0363 -0.1095 0.0978
v  0.0360 -0.0489 0.0487
v  0.0360 -0.0360 0.0447
v  0.0361 -0.0278 0.0481
v  0.0361 -0.0130 0.0690
v  0.0361 -0.0092 0.0977
v  0.0357 -0.0079 0.1460
v  0.0362 -0.0719 0.0655
v  0.0864 -0.0074 0.1447
v  0.0869 -0.0079 0.2156
v  0.0868 -0.0232 0.2145
v  0.0863 -0.0185 0.1441
v  0.0867 -0.0386 0.2134
v  0.0874 -0.0295 0.2976
v  0.0873 -0.0503 0.2968
v  0.0876 -0.0087 0.2984
v  0.0862 -0.0080 0.0948
v  0.0861 -0.0167 0.0961
v  0.0433 -0.0390 0.2143
v  0.0439 -0.0313 0.1472
v  0.0424 -0.0505 0.2973
v  0.0348 -0.0081 0.2162
v  0.0336 -0.0089 0.2988
v  0.0442 -0.0300 0.1077
v  0.0442 -0.0328 0.0888
v  0.0603 0.2154 -0.2047
v  0.0606 0.1553 -0.1453
v  0.0866 0.1556 -0.1443
v  0.0873 0.2162 -0.2038
v  0.0370 -0.0200 0.1036
v  0.0371 -0.0236 0.0805
v  0.0367 -0.0198 0.1469
v  0.0442 -0.0367 0.0805
v  0.0371 -0.0290 0.0694
v  0.0370 -0.0351 0.0644
v  0.0442 -0.0409 0.0770
v  0.0361 -0.0198 0.0547
v  0.0859 0.0493 0.0457
v  0.0609 0.0602 0.0559
v  0.0609 0.0563 0.0580
v  0.0859 0.0453 0.0475
v  0.0358 -0.0236 0.2153
v  0.0346 -0.0297 0.2981
v  0.0859 -0.0303 0.0634
v  0.0859 -0.0334 0.0602
v  0.0446 -0.1397 0.1674
v  0.0444 -0.1935 0.2300
v  0.0447 -0.0955 0.1174
v  0.0445 -0.0681 0.0891
v  0.0443 -0.0535 0.0776
v  0.0860 -0.0464 0.0525
v  0.0861 -0.0468 0.0442
v  0.0860 -0.0336 0.0395
v  0.0860 -0.0352 0.0475
v  0.0859 -0.0369 0.0556
v  0.0370 -0.0519 0.0647
v  0.0370 -0.0416 0.0618
v  0.0442 -0.0456 0.0752
v  0.0859 -0.0376 0.0591
v  0.0372 -0.0704 0.0782
v  0.0373 -0.1027 0.1079
v  0.0893 -0.1857 0.2357
v  0.0880 -0.1339 0.1713
v  0.0880 -0.1392 0.1667
v  0.0893 -0.1933 0.2296
v  0.0863 -0.0704 0.0627
v  0.0863 -0.0670 0.0708
v  0.0869 -0.1013 0.1052
v  0.0866 -0.0453 0.2129
v  0.0873 -0.0594 0.2965
v  0.0893 -0.2105 0.2158
v  0.0880 -0.1515 0.1560
v  0.0370 -0.1519 0.1566
v  0.0365 -0.2108 0.2162
v  0.0354 0.1132 0.2782
v  0.0359 0.0815 0.1988
v  0.0365 0.1050 0.2832
v  0.0363 0.0547 0.1314
v  0.0372 0.0395 0.0262
v  0.0852 0.0387 0.0255
v  0.0851 0.0289 0.0313
v  0.0372 0.0296 0.0321
v  0.0863 0.0348 0.0828
v  0.0869 0.0538 0.1304
v  0.0861 0.0254 0.0543
v  0.0372 0.0569 0.0247
v  0.0852 0.0561 0.0240
v  0.0371 0.0231 0.0393
v  0.0850 0.0224 0.0385
v  0.0867 0.1876 0.1037
v  0.0866 0.1848 0.1099
v  0.0861 0.1228 0.0762
v  0.0862 0.1247 0.0717
v  0.0866 0.1845 0.1107
v  0.0861 0.1226 0.0769
v  0.0873 0.2589 0.1512
v  0.0873 0.2584 0.1524
v  0.0873 0.2623 0.1427
v  0.0863 0.0436 0.0823
v  0.0869 0.0644 0.1262
v  0.0863 0.0525 0.0818
v  0.0869 0.0751 0.1221
v  0.0860 0.0334 0.0567
v  0.0860 0.0414 0.0592
v  0.0859 0.1386 -0.0085
v  0.0373 0.1392 -0.0086
v  0.0372 0.0871 -0.0048
v  0.0853 0.0863 -0.0046
v  0.0854 0.1353 0.0467
v  0.0858 0.2028 0.0693
v  0.0869 0.2001 0.0755
v  0.0864 0.1334 0.0512
v  0.0865 0.2812 0.0957
v  0.0876 0.2778 0.1041
v  0.0445 0.0605 0.0895
v  0.0372 0.0495 0.0880
v  0.0373 0.0666 0.1284
v  0.0447 0.0779 0.1249
v  0.0362 0.0370 0.0851
v  0.0370 0.0429 0.0660
v  0.0360 0.0289 0.0578
v  0.0443 0.0546 0.0719
v  0.0859 0.0595 0.0476
v  0.0609 0.0689 0.0561
v  0.0859 0.0819 0.0566
v  0.0609 0.0878 0.0615
v  0.0624 0.1591 0.2497
v  0.0893 0.1601 0.2488
v  0.0880 0.1167 0.1786
v  0.0620 0.1162 0.1795
v  0.0860 0.0454 0.0604
v  0.0860 0.0449 0.0602
v  0.0859 0.0425 0.0507
v  0.0859 0.0430 0.0509
v  0.0859 0.0449 0.0471
v  0.0859 0.0395 0.0488
v  0.0859 0.0425 0.0447
v  0.0860 0.0254 0.0404
v  0.0861 0.0313 0.0337
v  0.0860 0.0325 0.0446
v  0.0860 0.0369 0.0392
v  0.0608 0.1249 0.0782
v  0.0616 0.0817 0.1222
v  0.0869 0.0804 0.1200
v  0.0609 0.0536 0.0613
v  0.0610 0.0543 0.0693
v  0.0360 0.2032 0.0696
v  0.0348 0.2815 0.0960
v  0.0439 0.1277 0.0745
v  0.0433 0.1883 0.1043
v  0.0358 0.1944 0.0901
v  0.0367 0.1313 0.0636
v  0.0348 0.2005 0.0759
v  0.0357 0.1344 0.0521
v  0.0336 0.2782 0.1045
v  0.0346 0.2705 0.1238
v  0.0424 0.2627 0.1431
v  0.0859 0.0475 0.0423
v  0.0859 0.0491 0.0453
v  0.0859 0.0594 0.0471
v  0.0859 0.0589 0.0436
v  0.0442 0.0722 0.0562
v  0.0442 0.0908 0.0599
v  0.0370 0.0904 0.0492
v  0.0371 0.0674 0.0447
v  0.0361 0.0884 0.0371
v  0.0361 0.0602 0.0309
v  0.0368 0.1357 0.0471
v  0.0851 0.0360 -0.0169
v  0.0850 0.0411 -0.0087
v  0.0371 0.0421 -0.0092
v  0.0372 0.0370 -0.0175
v  0.0442 0.0630 0.0571
v  0.0371 0.0552 0.0461
v  0.0370 0.0484 0.0502
v  0.0442 0.0583 0.0598
v  0.0361 0.0444 0.0324
v  0.0361 0.0355 0.0377
v  0.0862 0.0403 0.0285
v  0.0862 0.0566 0.0275
v  0.0868 0.1938 0.0896
v  0.0863 0.1290 0.0615
v  0.0874 0.2700 0.1234
v  0.0606 0.1853 0.1103
v  0.0603 0.2592 0.1514
v  0.0863 0.0569 0.0815
v  0.0612 0.0621 0.0871
v  0.0372 0.0874 0.0316
v  0.0852 0.0869 0.0311
v  0.0360 0.0295 0.0444
v  0.0882 0.1048 0.2828
v  0.0370 0.0437 0.0554
v  0.0442 0.0549 0.0637
v  0.0893 0.1589 0.2495
v  0.0880 0.1158 0.1791
v  0.0869 0.0797 0.1203
v  0.0880 0.1096 0.1826
v  0.0893 0.1507 0.2546
v  0.0893 0.1318 0.2661
v  0.0880 0.0954 0.1904
v  0.0880 0.0812 0.1983
v  0.0893 0.1130 0.2777
v  0.0444 0.1509 0.2549
v  0.0446 0.1101 0.1832
v  0.0370 0.0958 0.1911
v  0.0365 0.1321 0.2666
v  0.0860 0.0827 0.0522
v  0.0859 0.0820 0.0560
v  0.0862 0.0861 0.0349
v  0.0861 0.0844 0.0436
v  0.0860 0.0578 0.0355
v  0.0863 0.0564 0.0815
v  0.0860 0.0439 0.0354
v  0.0861 0.0390 -0.0186
v  0.0862 0.0365 -0.0287
v  0.0860 0.0441 -0.0302
v  0.0860 0.0458 -0.0225
v  0.0859 0.0517 -0.0318
v  0.0859 0.0527 -0.0263
v  0.0860 0.0481 -0.0435
v  0.0859 0.0561 -0.0424
v  0.0862 0.0401 -0.0447
v  0.0863 0.0920 -0.0300
v  0.0860 0.0685 -0.0248
v  0.0610 0.0796 -0.0309
v  0.0612 0.0988 -0.0334
v  0.0608 0.1077 -0.0962
v  0.0861 0.1058 -0.0943
v  0.0624 0.2822 -0.0814
v  0.0893 0.2816 -0.0826
v  0.0880 0.2020 -0.0604
v  0.0620 0.2028 -0.0596
v  0.0859 0.0588 -0.0251
v  0.0859 0.0561 -0.0282
v  0.0609 0.0692 -0.0359
v  0.0609 0.0717 -0.0324
v  0.0869 0.1361 -0.0362
v  0.0863 0.0910 -0.0257
v  0.0863 0.0919 -0.0294
v  0.0869 0.1356 -0.0411
v  0.0869 0.1356 -0.0418
v  0.0860 0.0682 -0.0243
v  0.0860 0.0662 -0.0213
v  0.0859 0.0601 -0.0418
v  0.0609 0.0710 -0.0485
v  0.0609 0.0683 -0.0402
v  0.0859 0.0555 -0.0326
v  0.0616 0.1381 -0.0425
v  0.0860 0.0711 -0.0629
v  0.0859 0.0745 -0.0611
v  0.0859 0.0596 -0.0419
v  0.0859 0.0750 -0.0609
v  0.0861 0.1052 -0.0948
v  0.0862 0.1015 -0.0978
v  0.0609 0.0814 -0.0652
v  0.0893 0.2963 -0.0293
v  0.0882 0.2989 -0.0200
v  0.0869 0.2127 -0.0139
v  0.0880 0.2111 -0.0208
v  0.0869 0.1382 -0.0134
v  0.0869 0.0510 -0.2048
v  0.0370 0.0511 -0.2053
v  0.0373 0.0318 -0.1337
v  0.0859 0.0317 -0.1332
v  0.0372 0.0341 -0.0285
v  0.0372 0.0374 -0.0457
v  0.0852 0.0366 -0.0452
v  0.0852 0.0331 -0.0280
v  0.0371 0.0081 -0.0540
v  0.0850 0.0082 -0.0530
v  0.0853 0.0181 -0.0825
v  0.0372 0.0181 -0.0833
v  0.0372 0.0525 -0.0731
v  0.0852 0.0519 -0.0727
v  0.0368 0.0808 -0.1152
v  0.0854 0.0803 -0.1149
v  0.0850 0.0552 -0.0042
v  0.0371 0.0561 -0.0046
v  0.0360 0.1212 -0.1737
v  0.0348 0.1684 -0.2416
v  0.0865 0.1680 -0.2413
v  0.0858 0.1208 -0.1734
v  0.0354 0.2968 -0.0294
v  0.0359 0.2117 -0.0210
v  0.0370 0.2132 -0.0140
v  0.0365 0.2994 -0.0201
v  0.0363 0.1394 -0.0140
v  0.0360 0.0615 -0.0096
v  0.0360 0.0488 -0.0139
v  0.0361 0.0440 -0.0215
v  0.0361 0.0443 -0.0471
v  0.0361 0.0580 -0.0726
v  0.0357 0.0853 -0.1125
v  0.0362 0.0900 -0.0098
v  0.0864 0.0841 -0.1118
v  0.0869 0.1260 -0.1691
v  0.0868 0.1378 -0.1592
v  0.0863 0.0928 -0.1048
v  0.0867 0.1496 -0.1493
v  0.0874 0.1916 -0.2230
v  0.0873 0.2080 -0.2102
v  0.0876 0.1751 -0.2357
v  0.0862 0.0553 -0.0710
v  0.0861 0.0632 -0.0669
v  0.0433 0.1504 -0.1498
v  0.0439 0.1049 -0.0999
v  0.0424 0.2084 -0.2104
v  0.0348 0.1265 -0.1694
v  0.0336 0.1756 -0.2360
v  0.0442 0.0807 -0.0685
v  0.0442 0.0719 -0.0516
v  0.0849 -0.0389 -0.0908
v  0.0609 -0.0407 -0.0979
v  0.0609 -0.0285 -0.0825
v  0.0848 -0.0258 -0.0707
v  0.0370 0.0703 -0.0711
v  0.0371 0.0596 -0.0503
v  0.0367 0.0954 -0.1064
v  0.0442 0.0702 -0.0426
v  0.0371 0.0575 -0.0381
v  0.0370 0.0596 -0.0305
v  0.0442 0.0716 -0.0373
v  0.0361 0.0414 -0.0316
v  0.0358 0.1385 -0.1596
v  0.0346 0.1920 -0.2232
v  0.0859 0.0551 -0.0325
v  0.0859 0.0557 -0.0280
v  0.0446 0.2046 -0.0528
v  0.0444 0.2849 -0.0721
v  0.0447 0.1395 -0.0381
v  0.0445 0.1007 -0.0312
v  0.0443 0.0821 -0.0304
v  0.0860 0.0617 -0.0142
v  0.0861 0.0572 -0.0072
v  0.0860 0.0438 -0.0111
v  0.0860 0.0498 -0.0167
v  0.0859 0.0558 -0.0223
v  0.0370 0.0733 -0.0208
v  0.0370 0.0633 -0.0245
v  0.0442 0.0743 -0.0330
v  0.0859 0.0584 -0.0247
v  0.0372 0.0962 -0.0210
v  0.0373 0.1398 -0.0262
v  0.0893 0.2819 -0.0813
v  0.0880 0.2022 -0.0594
v  0.0880 0.2038 -0.0525
v  0.0893 0.2845 -0.0719
v  0.0863 0.0872 -0.0084
v  0.0863 0.0891 -0.0170
v  0.0869 0.1371 -0.0248
v  0.0866 0.1548 -0.1450
v  0.0873 0.2152 -0.2046
v  0.0893 0.2904 -0.0506
v  0.0880 0.2075 -0.0366
v  0.0370 0.2082 -0.0369
v  0.0365 0.2909 -0.0508
v  0.0354 0.0641 -0.2893
v  0.0359 0.0440 -0.2062
v  0.0365 0.0738 -0.2886
v  0.0363 0.0268 -0.1357
v  0.0372 -0.0218 -0.0411
v  0.0852 -0.0216 -0.0401
v  0.0851 -0.0102 -0.0391
v  0.0372 -0.0104 -0.0402
v  0.0863 0.0148 -0.0846
v  0.0869 0.0269 -0.1344
v  0.0861 0.0060 -0.0559
v  0.0372 -0.0368 -0.0499
v  0.0852 -0.0366 -0.0490
v  0.0371 -0.0009 -0.0424
v  0.0850 -0.0007 -0.0413
v  0.0867 -0.0976 -0.1901
v  0.0866 -0.0918 -0.1935
v  0.0861 -0.0608 -0.1302
v  0.0862 -0.0649 -0.1276
v  0.0866 -0.0910 -0.1940
v  0.0861 -0.0602 -0.1305
v  0.0873 -0.1282 -0.2701
v  0.0873 -0.1271 -0.2708
v  0.0873 -0.1358 -0.2652
v  0.0863 0.0073 -0.0893
v  0.0869 0.0158 -0.1371
v  0.0863 -0.0002 -0.0940
v  0.0869 0.0047 -0.1399
v  0.0860 0.0008 -0.0625
v  0.0860 -0.0043 -0.0691
v  0.0854 -0.0880 -0.1133
v  0.0858 -0.1299 -0.1709
v  0.0869 -0.1241 -0.1743
v  0.0864 -0.0839 -0.1159
v  0.0865 -0.1785 -0.2378
v  0.0876 -0.1708 -0.2427
v  0.0445 -0.0023 -0.1049
v  0.0372 0.0059 -0.0973
v  0.0373 0.0153 -0.1401
v  0.0447 0.0040 -0.1438
v  0.0362 0.0144 -0.0877
v  0.0370 -0.0016 -0.0756
v  0.0360 0.0052 -0.0608
v  0.0443 -0.0077 -0.0871
v  0.0859 -0.0142 -0.0618
v  0.0859 -0.0185 -0.0627
v  0.0848 -0.0187 -0.0634
v  0.0848 -0.0144 -0.0625
v  0.0609 -0.0215 -0.0773
v  0.0869 0.0036 -0.2101
v  0.0859 -0.0008 -0.1414
v  0.0616 -0.0006 -0.1439
v  0.0620 0.0046 -0.2106
v  0.0859 -0.0257 -0.0701
v  0.0860 -0.0068 -0.0724
v  0.0860 -0.0065 -0.0720
v  0.0859 -0.0101 -0.0628
v  0.0859 -0.0103 -0.0633
v  0.0859 -0.0141 -0.0613
v  0.0859 -0.0087 -0.0596
v  0.0859 -0.0135 -0.0579
v  0.0860 -0.0022 -0.0445
v  0.0861 -0.0108 -0.0425
v  0.0860 -0.0054 -0.0520
v  0.0860 -0.0122 -0.0502
v  0.0859 -0.0388 -0.0904
v  0.0851 -0.0602 -0.1307
v  0.0608 -0.0613 -0.1330
v  0.0609 -0.0171 -0.0767
v  0.0609 -0.0130 -0.0779
v  0.0849 -0.0105 -0.0640
v  0.0360 -0.1300 -0.1713
v  0.0348 -0.1786 -0.2382
v  0.0439 -0.0657 -0.1316
v  0.0433 -0.0978 -0.1910
v  0.0358 -0.1110 -0.1830
v  0.0367 -0.0750 -0.1247
v  0.0348 -0.1242 -0.1749
v  0.0357 -0.0841 -0.1172
v  0.0336 -0.1709 -0.2432
v  0.0346 -0.1535 -0.2545
v  0.0424 -0.1360 -0.2657
v  0.0859 -0.0191 -0.0589
v  0.0859 -0.0186 -0.0622
v  0.0859 -0.0260 -0.0697
v  0.0859 -0.0276 -0.0665
v  0.0442 -0.0311 -0.0845
v  0.0442 -0.0441 -0.0984
v  0.0370 -0.0500 -0.0893
v  0.0371 -0.0338 -0.0724
v  0.0361 -0.0554 -0.0783
v  0.0361 -0.0360 -0.0570
v  0.0368 -0.0881 -0.1138
v  0.0442 -0.0231 -0.0799
v  0.0371 -0.0230 -0.0664
v  0.0370 -0.0152 -0.0658
v  0.0442 -0.0177 -0.0794
v  0.0361 -0.0222 -0.0490
v  0.0361 -0.0119 -0.0482
v  0.0862 -0.0211 -0.0434
v  0.0862 -0.0350 -0.0521
v  0.0868 -0.1109 -0.1822
v  0.0863 -0.0744 -0.1217
v  0.0874 -0.1533 -0.2539
v  0.0861 -0.1271 -0.2708
v  0.0603 -0.1283 -0.2704
v  0.0606 -0.0919 -0.1941
v  0.0855 -0.0910 -0.1940
v  0.0853 -0.0041 -0.0966
v  0.0612 -0.0050 -0.1038
v  0.0372 -0.0578 -0.0733
v  0.0852 -0.0576 -0.0726
v  0.0360 -0.0032 -0.0502
v  0.0882 0.0737 -0.2881
v  0.0370 -0.0083 -0.0674
v  0.0442 -0.0127 -0.0806
v  0.0880 0.0036 -0.2101
v  0.0893 0.0089 -0.2925
v  0.0893 0.0103 -0.2924
v  0.0880 0.0046 -0.2100
v  0.0869 -0.0001 -0.1411
v  0.0869 -0.0008 -0.1413
v  0.0880 0.0117 -0.2092
v  0.0893 0.0199 -0.2917
v  0.0610 -0.0089 -0.0849
v  0.0850 -0.0069 -0.0729
v  0.0893 0.0420 -0.2903
v  0.0880 0.0278 -0.2074
v  0.0880 0.0440 -0.2056
v  0.0893 0.0640 -0.2888
v  0.0624 0.0102 -0.2926
v  0.0882 0.0089 -0.2925
v  0.0444 0.0199 -0.2922
v  0.0446 0.0116 -0.2101
v  0.0370 0.0278 -0.2082
v  0.0365 0.0420 -0.2908
v  0.0860 -0.0420 -0.0874
v  0.0859 -0.0392 -0.0901
v  0.0862 -0.0548 -0.0752
v  0.0861 -0.0484 -0.0813
v  0.0860 -0.0313 -0.0593
v  0.0863 -0.0035 -0.0960
v  0.0863 -0.0040 -0.0963
v  0.0860 -0.0201 -0.0511
v  0.0392 0.0144 0.0050
v  0.0393 0.0078 0.0076
v  0.0393 0.0078 0.0093
v  0.0392 0.0142 0.0077
v  0.0393 -0.0375 -0.0008
v  0.0393 0.0072 0.0071
v  0.0393 0.0071 -0.0010
v  0.0393 -0.0386 -0.0010
v  0.0392 0.0144 -0.0071
v  0.0392 0.0142 -0.0098
v  0.0393 0.0078 -0.0114
v  0.0393 0.0078 -0.0096
v  0.0393 0.0081 -0.0001
v  0.0393 0.0078 0.0072
v  0.0393 0.0076 0.0119
v  0.0392 0.0138 0.0109
v  0.0393 0.0072 0.0145
v  0.0392 0.0134 0.0135
v  0.0393 0.0070 0.0153
v  0.0392 0.0129 0.0156
v  0.0393 0.0066 0.0161
v  0.0392 0.0125 0.0170
v  0.0393 0.0061 0.0167
v  0.0392 0.0123 0.0180
v  0.0393 0.0054 0.0173
v  0.0392 0.0120 0.0189
v  0.0393 0.0049 0.0175
v  0.0392 0.0114 0.0207
v  0.0393 0.0045 0.0177
v  0.0393 0.0106 0.0229
v  0.0393 0.0040 0.0178
v  0.0393 0.0098 0.0250
v  0.0393 0.0034 0.0179
v  0.0393 0.0094 0.0258
v  0.0393 0.0041 0.0196
v  0.0393 0.0081 0.0249
v  0.0393 0.0051 0.0213
v  0.0393 0.0069 0.0237
v  0.0393 0.0072 -0.0092
v  0.0393 -0.0375 -0.0012
v  0.0393 0.0111 0.0268
v  0.0392 0.0143 0.0285
v  0.0392 0.0172 0.0207
v  0.0392 0.0133 0.0207
v  0.0392 0.0187 0.0153
v  0.0392 0.0149 0.0154
v  0.0392 0.0198 0.0091
v  0.0392 0.0160 0.0092
v  0.0392 0.0204 0.0024
v  0.0392 0.0166 0.0025
v  0.0392 0.0204 -0.0044
v  0.0392 0.0165 -0.0043
v  0.0392 0.0199 -0.0111
v  0.0392 0.0160 -0.0110
v  0.0392 0.0188 -0.0172
v  0.0392 0.0148 -0.0172
v  0.0392 0.0173 -0.0225
v  0.0392 0.0132 -0.0225
v  0.0392 0.0144 -0.0307
v  0.0393 0.0108 -0.0289
v  0.0393 0.0081 -0.0020
v  0.0393 0.0078 -0.0093
v  0.0392 0.0138 -0.0130
v  0.0393 0.0076 -0.0140
v  0.0392 0.0134 -0.0155
v  0.0393 0.0072 -0.0165
v  0.0392 0.0129 -0.0177
v  0.0393 0.0070 -0.0174
v  0.0392 0.0125 -0.0190
v  0.0393 0.0066 -0.0182
v  0.0392 0.0123 -0.0201
v  0.0393 0.0061 -0.0187
v  0.0392 0.0120 -0.0210
v  0.0393 0.0054 -0.0194
v  0.0392 0.0114 -0.0228
v  0.0393 0.0049 -0.0196
v  0.0393 0.0106 -0.0249
v  0.0393 0.0045 -0.0198
v  0.0393 0.0098 -0.0270
v  0.0393 0.0040 -0.0199
v  0.0393 0.0094 -0.0279
v  0.0393 0.0034 -0.0200
v  0.0393 0.0081 -0.0270
v  0.0393 0.0041 -0.0217
v  0.0393 0.0069 -0.0258
v  0.0393 0.0051 -0.0234
v  0.0470 0.0077 -0.0270
v  0.0470 0.0037 -0.0217
v  0.0470 0.0047 -0.0234
v  0.0470 0.0065 -0.0258
v  0.0470 0.0129 0.0135
v  0.0470 0.0133 0.0109
v  0.0470 0.0057 -0.0187
v  0.0470 0.0061 -0.0182
v  0.0470 0.0077 0.0249
v  0.0470 0.0090 0.0258
v  0.0470 0.0121 -0.0190
v  0.0470 0.0118 -0.0201
v  0.0470 0.0128 -0.0225
v  0.0470 0.0144 -0.0172
v  0.0470 0.0047 0.0213
v  0.0470 0.0065 0.0237
v  0.0470 0.0068 0.0145
v  0.0470 0.0065 0.0153
v  0.0470 0.0184 -0.0172
v  0.0470 0.0169 -0.0225
v  0.0470 0.0037 0.0196
v  0.0470 0.0125 0.0156
v  0.0470 0.0050 -0.0194
v  0.0470 0.0116 -0.0210
v  0.0470 0.0104 -0.0289
v  0.0470 0.0106 0.0268
v  0.0470 0.0139 0.0285
v  0.0470 0.0061 0.0161
v  0.0470 0.0074 0.0072
v  0.0470 0.0074 0.0076
v  0.0470 0.0139 -0.0307
v  0.0470 0.0121 0.0170
v  0.0470 0.0045 -0.0196
v  0.0470 0.0129 0.0207
v  0.0471 -0.0379 -0.0012
v  0.0471 -0.0390 -0.0010
v  0.0470 0.0068 0.0071
v  0.0470 0.0110 -0.0228
v  0.0470 0.0168 0.0207
v  0.0470 0.0068 -0.0092
v  0.0470 0.0057 0.0167
v  0.0470 0.0145 0.0154
v  0.0470 0.0118 0.0180
v  0.0470 0.0041 -0.0198
v  0.0470 0.0077 -0.0020
v  0.0470 0.0140 -0.0071
v  0.0470 0.0074 -0.0093
v  0.0470 0.0102 -0.0249
v  0.0470 0.0183 0.0153
v  0.0470 0.0050 0.0173
v  0.0471 -0.0379 -0.0008
v  0.0470 0.0073 -0.0114
v  0.0470 0.0074 -0.0096
v  0.0470 0.0116 0.0189
v  0.0470 0.0036 -0.0199
v  0.0470 0.0138 -0.0098
v  0.0470 0.0156 0.0092
v  0.0470 0.0094 -0.0270
v  0.0470 0.0194 0.0091
v  0.0470 0.0045 0.0175
v  0.0470 0.0072 -0.0140
v  0.0470 0.0110 0.0207
v  0.0470 0.0077 -0.0001
v  0.0470 0.0066 -0.0010
v  0.0470 0.0030 -0.0200
v  0.0470 0.0133 -0.0130
v  0.0470 0.0161 0.0025
v  0.0470 0.0090 -0.0279
v  0.0470 0.0200 0.0024
v  0.0470 0.0041 0.0177
v  0.0470 0.0140 0.0050
v  0.0470 0.0068 -0.0165
v  0.0470 0.0102 0.0229
v  0.0470 0.0129 -0.0155
v  0.0470 0.0161 -0.0043
v  0.0470 0.0073 0.0093
v  0.0470 0.0200 -0.0044
v  0.0470 0.0036 0.0178
v  0.0470 0.0138 0.0077
v  0.0470 0.0065 -0.0174
v  0.0470 0.0094 0.0250
v  0.0470 0.0125 -0.0177
v  0.0470 0.0155 -0.0110
v  0.0470 0.0072 0.0119
v  0.0470 0.0195 -0.0111
v  0.0470 0.0030 0.0179
# 1905 vertices

vn -0.9191 0.3134 0.2389
vn -0.9191 0.2608 0.2955
vn -0.5276 0.5622 0.6368
vn -0.5276 0.6756 0.5149
vn 0.1421 0.8892 0.4349
vn 0.1421 0.7873 0.6000
vn 0.5276 0.6756 0.5149
vn 0.5276 0.7631 0.3732
vn -0.1421 0.8892 0.4349
vn -0.5276 0.7631 0.3732
vn -0.1421 0.7873 0.6000
vn -0.1421 0.9570 0.2531
vn -0.5276 0.8212 0.2172
vn 0.1421 0.9569 0.2531
vn -0.1421 0.9879 0.0615
vn -0.5276 0.8478 0.0528
vn 0.1421 0.9879 0.0615
vn -0.1421 0.9810 -0.1324
vn -0.5276 0.8419 -0.1136
vn 0.1421 0.9810 -0.1324
vn -0.1421 0.9363 -0.3212
vn -0.5276 0.8035 -0.2757
vn 0.1421 0.9363 -0.3212
vn -0.1421 0.8556 -0.4977
vn -0.5276 0.7343 -0.4271
vn 0.1421 0.8556 -0.4977
vn -0.1421 0.7421 -0.6551
vn -0.5276 0.6368 -0.5622
vn 0.1421 0.7421 -0.6551
vn -0.1421 0.6000 -0.7873
vn -0.5276 0.5149 -0.6756
vn 0.1421 0.6000 -0.7873
vn -0.1421 0.4349 -0.8892
vn -0.5276 0.3732 -0.7631
vn 0.1421 0.4349 -0.8892
vn -0.1421 0.2531 -0.9570
vn -0.5276 0.2172 -0.8213
vn 0.1421 0.2531 -0.9570
vn -0.1421 0.0615 -0.9879
vn -0.5276 0.0528 -0.8478
vn 0.1421 0.0615 -0.9879
vn -0.1421 -0.1324 -0.9810
vn -0.5276 -0.1136 -0.8418
vn 0.1421 -0.1324 -0.9810
vn -0.1421 -0.3212 -0.9363
vn -0.5276 -0.2757 -0.8035
vn 0.1421 -0.3212 -0.9363
vn -0.1421 -0.4977 -0.8556
vn -0.5276 -0.4271 -0.7343
vn 0.1421 -0.4977 -0.8556
vn -0.1421 -0.6551 -0.7421
vn -0.5276 -0.5622 -0.6368
vn 0.1421 -0.6551 -0.7421
vn -0.1421 -0.7873 -0.6000
vn -0.5276 -0.6756 -0.5149
vn 0.1421 -0.7873 -0.6000
vn -0.1421 -0.8892 -0.4349
vn -0.5276 -0.7631 -0.3732
vn 0.1421 -0.8892 -0.4349
vn -0.1421 -0.9570 -0.2531
vn -0.5276 -0.8212 -0.2172
vn 0.1421 -0.9570 -0.2531
vn -0.1421 -0.9879 -0.0615
vn -0.5276 -0.8478 -0.0528
vn 0.1421 -0.9879 -0.0615
vn -0.1421 -0.9810 0.1324
vn -0.5276 -0.8418 0.1136
vn 0.1421 -0.9810 0.1324
vn -0.1421 -0.9363 0.3212
vn -0.5276 -0.8035 0.2757
vn 0.1421 -0.9363 0.3212
vn -0.1421 -0.8556 0.4977
vn -0.5276 -0.7343 0.4271
vn 0.1421 -0.8556 0.4977
vn -0.1421 -0.7421 0.6551
vn -0.5276 -0.6368 0.5622
vn 0.1421 -0.7421 0.6551
vn -0.1421 -0.6000 0.7873
vn -0.5276 -0.5149 0.6756
vn 0.1421 -0.6000 0.7873
vn -0.1421 -0.4349 0.8892
vn -0.5276 -0.3732 0.7631
vn 0.1421 -0.4349 0.8892
vn -0.1421 -0.2531 0.9569
vn -0.5276 -0.2172 0.8212
vn 0.1421 -0.2531 0.9569
vn -0.1421 -0.0615 0.9879
vn -0.5276 -0.0528 0.8478
vn 0.1421 -0.0615 0.9879
vn -0.1421 0.1324 0.9810
vn -0.5276 0.1136 0.8418
vn 0.1421 0.1324 0.9810
vn -0.1421 0.3212 0.9363
vn -0.5276 0.2757 0.8035
vn 0.1421 0.3212 0.9363
vn -0.1421 0.4977 0.8556
vn -0.5276 0.4271 0.7343
vn 0.1421 0.4977 0.8556
vn -0.9191 0.3540 0.1732
vn -0.9191 0.1982 0.3407
vn -0.1421 0.6551 0.7421
vn 0.1421 0.6551 0.7421
vn 0.9204 0.3110 0.2370
vn 0.5276 0.5622 0.6368
vn 0.9204 0.2588 0.2931
vn 0.5276 0.4271 0.7343
vn 0.9204 0.1966 0.3380
vn 0.5276 0.2757 0.8035
vn 0.9204 0.1269 0.3699
vn -0.9974 -0.0477 -0.0540
vn -0.9988 0.0327 0.0370
vn -0.9988 0.0392 0.0299
vn -0.9974 -0.0573 -0.0437
vn -0.9191 0.1279 0.3728
vn 0.5276 0.1136 0.8418
vn 0.9204 0.0523 0.3875
vn -0.9191 0.0527 0.3906
vn 0.5276 -0.0528 0.8478
vn 0.9204 -0.0243 0.3903
vn -0.9191 -0.0245 0.3933
vn 0.5276 -0.2172 0.8212
vn 0.9204 -0.1000 0.3780
vn -0.9191 -0.1008 0.3810
vn 0.5276 -0.3732 0.7631
vn 0.9204 -0.1718 0.3513
vn -0.9191 -0.1732 0.3540
vn 0.5276 -0.5149 0.6756
vn 0.9204 -0.2370 0.3110
vn -0.9191 -0.2389 0.3134
vn 0.5276 -0.6368 0.5622
vn 0.9204 -0.2931 0.2588
vn -0.9191 -0.2955 0.2608
vn 0.5276 -0.7343 0.4271
vn 0.9204 -0.3380 0.1966
vn -0.9191 -0.3407 0.1982
vn 0.5276 -0.8035 0.2757
vn 0.9204 -0.3699 0.1269
vn -0.9191 -0.3728 0.1279
vn 0.5276 -0.8419 0.1136
vn 0.9204 -0.3875 0.0523
vn -0.9191 -0.3906 0.0527
vn 0.5276 -0.8478 -0.0528
vn 0.9204 -0.3903 -0.0243
vn -0.9191 -0.3933 -0.0245
vn 0.5276 -0.8213 -0.2172
vn 0.9204 -0.3780 -0.1000
vn -0.9191 -0.3810 -0.1008
vn 0.5276 -0.7631 -0.3732
vn 0.9204 -0.3513 -0.1718
vn -0.9191 -0.3540 -0.1732
vn 0.5276 -0.6756 -0.5149
vn 0.9204 -0.3110 -0.2370
vn -0.9191 -0.3134 -0.2389
vn 0.5276 -0.5622 -0.6368
vn 0.9204 -0.2588 -0.2931
vn -0.9191 -0.2608 -0.2955
vn 0.5276 -0.4271 -0.7343
vn 0.9204 -0.1966 -0.3380
vn -0.9191 -0.1982 -0.3407
vn 0.5276 -0.2757 -0.8035
vn 0.9204 -0.1269 -0.3699
vn -0.9191 -0.1279 -0.3728
vn 0.5276 -0.1136 -0.8419
vn 0.9204 -0.0523 -0.3875
vn -0.9191 -0.0527 -0.3906
vn 0.5276 0.0528 -0.8478
vn 0.9204 0.0243 -0.3903
vn -0.9191 0.0245 -0.3933
vn 0.5276 0.2172 -0.8213
vn 0.9204 0.1000 -0.3780
vn -0.9191 0.1008 -0.3810
vn 0.5276 0.3732 -0.7631
vn 0.9204 0.1718 -0.3513
vn -0.9191 0.1732 -0.3540
vn 0.5276 0.5149 -0.6756
vn 0.9204 0.2370 -0.3110
vn -0.9191 0.2389 -0.3134
vn 0.5276 0.6368 -0.5622
vn 0.9204 0.2931 -0.2588
vn -0.9191 0.2955 -0.2608
vn 0.5276 0.7343 -0.4271
vn 0.9204 0.3380 -0.1966
vn -0.9191 0.3407 -0.1982
vn 0.5276 0.8035 -0.2757
vn 0.9204 0.3699 -0.1269
vn -0.9191 0.3728 -0.1279
vn 0.5276 0.8419 -0.1136
vn 0.9204 0.3875 -0.0523
vn -0.9191 0.3906 -0.0527
vn 0.5276 0.8478 0.0528
vn 0.9204 0.3903 0.0243
vn -0.9191 0.3933 0.0245
vn 0.5276 0.8212 0.2172
vn 0.9204 0.3780 0.1000
vn -0.9191 0.3810 0.1008
vn 0.9204 0.3513 0.1718
vn -0.9988 0.0248 0.0426
vn -0.9974 -0.0362 -0.0623
vn -0.9974 -0.0437 0.0573
vn -0.9988 0.0299 -0.0392
vn -0.9988 0.0217 -0.0443
vn -0.9974 -0.0317 0.0648
vn -0.9988 0.0370 -0.0327
vn -0.9974 -0.0540 0.0477
vn 0.9989 -0.0354 0.0312
vn 0.9967 -0.0613 0.0541
vn 0.9967 -0.0707 0.0411
vn 0.9989 -0.0408 0.0237
vn 0.9966 -0.0496 0.0651
vn 0.9989 -0.0286 0.0376
vn 0.9989 0.0375 0.0286
vn 0.9966 0.0651 0.0496
vn 0.9967 0.0541 0.0613
vn 0.9989 0.0312 0.0354
vn 0.9966 0.0735 0.0359
vn 0.9989 0.0424 0.0207
vn -0.9974 0.0540 -0.0477
vn -0.9988 -0.0370 0.0327
vn -0.9988 -0.0299 0.0392
vn -0.9974 0.0437 -0.0573
vn -0.9988 -0.0426 0.0248
vn -0.9974 0.0623 -0.0362
vn 0.9989 0.0207 -0.0424
vn 0.9966 0.0359 -0.0735
vn 0.9966 0.0496 -0.0651
vn 0.9989 0.0286 -0.0375
vn 0.9966 0.0209 -0.0791
vn 0.9989 0.0121 -0.0456
vn -0.9988 0.0443 0.0217
vn -0.9974 -0.0648 -0.0317
vn -0.9988 0.0126 -0.0477
vn -0.9974 -0.0184 0.0697
vn 0.9966 -0.0359 0.0735
vn 0.9989 -0.0207 0.0424
vn 0.9966 0.0791 0.0209
vn 0.9989 0.0456 0.0121
vn -0.9988 -0.0217 0.0443
vn -0.9974 0.0317 -0.0648
vn 0.9989 -0.0376 -0.0286
vn 0.9966 -0.0651 -0.0496
vn 0.9967 -0.0541 -0.0613
vn 0.9989 -0.0312 -0.0354
vn 0.9966 -0.0735 -0.0359
vn 0.9989 -0.0424 -0.0207
vn 0.9966 0.0051 -0.0817
vn 0.9989 0.0029 -0.0471
vn -0.9988 0.0477 0.0126
vn -0.9974 -0.0697 -0.0184
vn -0.9974 0.0573 0.0437
vn -0.9988 -0.0392 -0.0299
vn -0.9988 -0.0443 -0.0217
vn -0.9974 0.0648 0.0317
vn -0.9988 -0.0327 -0.0370
vn -0.9974 0.0477 0.0540
vn -0.9988 0.0031 -0.0492
vn -0.9974 -0.0045 0.0719
vn 0.9966 -0.0209 0.0791
vn 0.9989 -0.0121 0.0456
vn 0.9966 0.0817 0.0051
vn 0.9989 0.0471 0.0029
vn -0.9988 -0.0126 0.0477
vn -0.9974 0.0184 -0.0697
vn 0.9966 -0.0109 -0.0811
vn 0.9989 -0.0063 -0.0468
vn -0.9988 0.0492 0.0031
vn -0.9974 -0.0719 -0.0045
vn 0.9966 -0.0791 -0.0209
vn 0.9989 -0.0456 -0.0121
vn -0.9988 -0.0066 -0.0489
vn -0.9974 0.0096 0.0714
vn 0.9966 -0.0051 0.0817
vn 0.9989 -0.0029 0.0471
vn -0.9988 -0.0477 -0.0126
vn -0.9974 0.0697 0.0184
vn 0.9966 0.0811 -0.0109
vn 0.9989 0.0468 -0.0063
vn -0.9988 -0.0031 0.0492
vn -0.9974 0.0045 -0.0719
vn 0.9966 -0.0266 -0.0774
vn 0.9989 -0.0153 -0.0447
vn -0.9988 0.0489 -0.0066
vn -0.9974 -0.0714 0.0096
vn 0.9966 -0.0817 -0.0051
vn 0.9989 -0.0471 -0.0029
vn -0.9988 -0.0160 -0.0467
vn -0.9974 0.0234 0.0682
vn 0.9966 0.0109 0.0811
vn 0.9989 0.0063 0.0468
vn -0.9988 -0.0492 -0.0031
vn -0.9974 0.0720 0.0045
vn 0.9966 0.0774 -0.0266
vn 0.9989 0.0447 -0.0153
vn -0.9988 0.0066 0.0489
vn -0.9974 -0.0096 -0.0714
vn 0.9967 -0.0411 -0.0707
vn 0.9989 -0.0237 -0.0408
vn -0.9988 0.0467 -0.0160
vn -0.9974 -0.0682 0.0234
vn 0.9966 -0.0811 0.0109
vn 0.9989 -0.0468 0.0063
vn -0.9988 -0.0248 -0.0427
vn -0.9974 0.0362 0.0623
vn 0.9966 0.0266 0.0774
vn 0.9989 0.0153 0.0447
vn -0.9988 -0.0489 0.0066
vn -0.9974 0.0714 -0.0096
vn 0.9967 0.0707 -0.0411
vn 0.9989 0.0408 -0.0237
vn -0.9988 0.0160 0.0467
vn -0.9974 -0.0234 -0.0682
vn -0.9988 0.0426 -0.0248
vn -0.9974 -0.0623 0.0362
vn 0.9966 -0.0774 0.0266
vn 0.9989 -0.0447 0.0153
vn 0.9967 0.0411 0.0707
vn 0.9989 0.0237 0.0408
vn -0.9988 -0.0467 0.0160
vn -0.9974 0.0682 -0.0234
vn 0.9967 0.0613 -0.0541
vn 0.9989 0.0354 -0.0312
vn -0.8967 -0.2683 0.3520
vn -0.9889 0.0900 -0.1181
vn -0.9889 0.0652 -0.1334
vn -0.8968 -0.1944 0.3975
vn -0.9889 0.1113 -0.0983
vn -0.8967 -0.3318 0.2929
vn -0.8967 0.2929 0.3318
vn -0.9889 -0.0983 -0.1113
vn -0.9889 -0.1181 -0.0900
vn -0.8968 0.3520 0.2682
vn -0.9889 -0.0747 -0.1284
vn -0.8968 0.2225 0.3825
vn -0.8968 0.3825 -0.2225
vn -0.9889 -0.1284 0.0747
vn -0.9889 -0.1113 0.0983
vn -0.8967 0.3318 -0.2929
vn -0.9889 -0.1405 0.0482
vn -0.8968 0.4186 -0.1436
vn -0.8968 -0.4278 -0.1131
vn -0.9889 0.1435 0.0380
vn -0.9889 0.1482 0.0092
vn -0.8968 -0.4417 -0.0275
vn -0.9889 0.1334 0.0652
vn -0.8968 -0.3975 -0.1944
vn -0.8968 -0.1436 -0.4186
vn -0.9889 0.0482 0.1405
vn -0.9889 0.0747 0.1283
vn -0.8968 -0.2225 -0.3825
vn -0.9889 0.0199 0.1472
vn -0.8968 -0.0592 -0.4385
vn -0.9889 0.0380 -0.1436
vn -0.8968 -0.1131 0.4278
vn -0.9889 -0.1334 -0.0652
vn -0.8968 0.3975 0.1944
vn -0.9889 -0.0900 0.1181
vn -0.8968 0.2682 -0.3519
vn -0.9889 0.1472 -0.0199
vn -0.8968 -0.4385 0.0592
vn -0.9889 0.0983 0.1113
vn -0.8968 -0.2928 -0.3317
vn -0.9889 0.0092 -0.1482
vn -0.8968 -0.0275 0.4417
vn -0.9889 -0.1436 -0.0380
vn -0.8968 0.4278 0.1131
vn -0.9889 -0.0652 0.1334
vn -0.8968 0.1944 -0.3975
vn -0.9889 0.1404 -0.0482
vn -0.8968 -0.4186 0.1436
vn -0.9889 0.1181 0.0900
vn -0.8968 -0.3519 -0.2682
vn -0.9889 -0.0199 -0.1472
vn -0.8968 0.0592 0.4385
vn -0.9889 -0.1482 -0.0092
vn -0.8968 0.4417 0.0275
vn -0.9889 -0.0380 0.1436
vn -0.8968 0.1131 -0.4278
vn -0.9889 0.1284 -0.0747
vn -0.8968 -0.3825 0.2225
vn -0.9889 -0.0482 -0.1405
vn -0.8968 0.1436 0.4186
vn -0.9889 -0.1472 0.0199
vn -0.8968 0.4385 -0.0592
vn -0.9889 -0.0092 0.1482
vn -0.8968 0.0275 -0.4417
vn -0.3944 0.6889 -0.6082
vn -0.5527 0.6248 -0.5515
vn -0.5527 0.5052 -0.6628
vn -0.3944 0.5570 -0.7309
vn -0.5527 0.7203 -0.4190
vn -0.3944 0.7943 -0.4621
vn -0.3944 -0.2349 0.8884
vn -0.5527 -0.2131 0.8057
vn -0.5527 -0.0518 0.8317
vn -0.3944 -0.0571 0.9172
vn -0.5527 -0.3661 0.7486
vn -0.3944 -0.4038 0.8255
vn -0.5527 0.3661 -0.7486
vn -0.3944 0.4038 -0.8255
vn -0.5527 0.1115 0.8259
vn -0.3944 0.1229 0.9107
vn -0.5527 0.2131 -0.8057
vn -0.3944 0.2349 -0.8884
vn -0.5527 0.2704 0.7883
vn -0.3944 0.2982 0.8692
vn -0.5527 0.0518 -0.8317
vn -0.3944 0.0571 -0.9172
vn -0.5527 0.4190 0.7203
vn -0.3944 0.4621 0.7943
vn -0.3944 -0.7309 -0.5570
vn -0.5527 -0.6628 -0.5052
vn -0.5527 -0.7486 -0.3661
vn -0.3944 -0.8255 -0.4038
vn -0.5527 -0.5515 -0.6248
vn -0.3944 -0.6082 -0.6889
vn -0.5527 -0.1115 -0.8259
vn -0.3944 -0.1229 -0.9107
vn -0.5527 0.5515 0.6248
vn -0.3944 0.6082 0.6889
vn -0.5527 -0.8057 -0.2131
vn -0.3944 -0.8884 -0.2349
vn -0.5527 -0.2704 -0.7883
vn -0.3944 -0.2982 -0.8692
vn -0.5527 0.6628 0.5052
vn -0.3944 0.7309 0.5570
vn -0.5527 -0.8317 -0.0518
vn -0.3944 -0.9172 -0.0571
vn -0.5527 -0.4190 -0.7203
vn -0.3944 -0.4621 -0.7943
vn -0.5527 0.7486 0.3661
vn -0.3944 0.8255 0.4038
vn -0.5527 -0.8259 0.1115
vn -0.3944 -0.9107 0.1229
vn -0.5527 0.8057 0.2131
vn -0.3944 0.8884 0.2349
vn -0.5527 -0.7883 0.2704
vn -0.3944 -0.8692 0.2982
vn -0.5527 0.8317 0.0518
vn -0.3944 0.9172 0.0571
vn -0.5527 -0.7203 0.4190
vn -0.3944 -0.7943 0.4621
vn -0.5527 0.8259 -0.1115
vn -0.3944 0.9107 -0.1229
vn -0.5528 -0.6247 0.5515
vn -0.3944 -0.6889 0.6082
vn -0.5527 0.7883 -0.2704
vn -0.3944 0.8692 -0.2982
vn -0.5527 -0.5052 0.6628
vn -0.3944 -0.5570 0.7309
vn 0.1458 -0.9874 -0.0615
vn 0.2860 -0.9564 -0.0596
vn 0.2860 -0.9264 -0.2450
vn 0.1458 -0.9564 -0.2529
vn 0.9899 -0.1408 0.0190
vn 0.9899 -0.1418 -0.0088
vn 0.1458 -0.9804 0.1323
vn 0.2860 -0.9496 0.1282
vn 0.1458 -0.2529 0.9564
vn 0.2859 -0.2450 0.9264
vn 0.2860 -0.4210 0.8608
vn 0.1459 -0.4347 0.8887
vn 0.9899 -0.1374 -0.0363
vn 0.9899 -0.0088 0.1418
vn 0.9899 -0.0363 0.1374
vn 0.1458 -0.0615 0.9874
vn 0.2860 -0.0596 0.9564
vn 0.1460 0.8551 -0.4974
vn 0.2860 0.8283 -0.4818
vn 0.2860 0.9064 -0.3110
vn 0.1459 0.9358 -0.3210
vn 0.9899 -0.0624 0.1276
vn 0.9899 0.1065 -0.0940
vn 0.9899 0.1228 -0.0714
vn 0.1460 0.7417 -0.6547
vn 0.2860 0.7184 -0.6341
vn 0.1459 -0.3211 -0.9357
vn 0.2861 -0.3110 -0.9063
vn 0.2860 -0.1282 -0.9496
vn 0.1458 -0.1323 -0.9804
vn 0.9899 0.1344 -0.0461
vn 0.9899 -0.0714 -0.1228
vn 0.9899 -0.0461 -0.1344
vn 0.1459 -0.4974 -0.8551
vn 0.2861 -0.4818 -0.8283
vn 0.9899 -0.1344 0.0461
vn 0.9899 -0.0190 -0.1408
vn 0.1458 -0.9358 0.3211
vn 0.2860 -0.9064 0.3110
vn 0.1458 0.7868 0.5997
vn 0.2860 0.7621 0.5809
vn 0.2860 0.6342 0.7184
vn 0.1459 0.6547 0.7417
vn 0.9899 0.1276 0.0624
vn 0.9899 0.1130 0.0861
vn 0.1458 0.8887 0.4347
vn 0.2860 0.8608 0.4210
vn 0.9899 0.0190 0.1408
vn 0.9899 0.0940 0.1065
vn 0.1459 0.1323 0.9804
vn 0.2860 0.1282 0.9496
vn 0.9899 0.0861 -0.1130
vn 0.1459 0.5997 -0.7868
vn 0.2860 0.5808 -0.7621
vn 0.9899 -0.0940 -0.1065
vn 0.1458 -0.6547 -0.7417
vn 0.2861 -0.6341 -0.7184
vn 0.9899 -0.1228 0.0714
vn 0.1458 -0.8552 0.4974
vn 0.2860 -0.8283 0.4818
vn 0.9899 0.1374 0.0363
vn 0.1458 0.9564 0.2530
vn 0.2860 0.9264 0.2450
vn 0.9899 0.0461 0.1344
vn 0.1459 0.3210 0.9358
vn 0.2860 0.3110 0.9064
vn 0.9899 0.0624 -0.1276
vn 0.1458 0.4347 -0.8887
vn 0.2860 0.4210 -0.8608
vn 0.9899 -0.1130 -0.0861
vn 0.1458 -0.7868 -0.5997
vn 0.2861 -0.7621 -0.5808
vn 0.9899 -0.1065 0.0940
vn 0.1458 -0.7417 0.6547
vn 0.2859 -0.7184 0.6342
vn 0.9899 0.1418 0.0088
vn 0.1458 0.9874 0.0615
vn 0.2860 0.9564 0.0596
vn 0.9899 0.0714 0.1228
vn 0.1459 0.4974 0.8552
vn 0.2860 0.4818 0.8283
vn 0.9899 0.0363 -0.1374
vn 0.1458 0.2529 -0.9564
vn 0.2859 0.2450 -0.9264
vn 0.9899 -0.1276 -0.0624
vn 0.1458 -0.8887 -0.4346
vn 0.2860 -0.8608 -0.4210
vn 0.9899 -0.0861 0.1130
vn 0.1459 -0.5997 0.7868
vn 0.2859 -0.5809 0.7621
vn 0.9899 0.1408 -0.0190
vn 0.1458 0.9804 -0.1323
vn 0.2860 0.9496 -0.1282
vn 0.9899 0.0088 -0.1418
vn 0.1458 0.0615 -0.9874
vn 0.2859 0.0596 -0.9564
vn 0.0003 0.4393 -0.8983
vn 0.0006 0.4393 -0.8983
vn 0.0003 0.2556 -0.9668
vn 0.0001 0.2557 -0.9668
vn 0.9675 -0.1895 0.1673
vn 0.9675 -0.1533 0.2011
vn 0.9675 -0.1532 0.2011
vn 0.9676 0.0646 -0.2442
vn 0.9676 0.0645 -0.2440
vn 0.9676 0.0157 -0.2520
vn 0.9676 0.0157 -0.2522
vn -0.0003 -0.7497 0.6618
vn -0.0006 -0.7497 0.6618
vn -0.0019 -0.6060 0.7954
vn -0.0008 -0.6062 0.7953
vn 0.9675 0.0646 -0.2444
vn 0.9675 0.1111 -0.2271
vn 0.9676 0.1110 -0.2270
vn 0.9675 0.1673 0.1895
vn 0.9676 0.1672 0.1894
vn 0.9675 0.2010 0.1532
vn 0.9675 -0.1111 0.2272
vn 0.9675 -0.1111 0.2271
vn 0.9675 -0.0338 -0.2504
vn 0.9675 -0.0338 -0.2505
vn 0.9675 0.0157 -0.2523
vn 0.9675 -0.1532 0.2010
vn 0.9676 -0.0338 -0.2503
vn 0.9675 -0.0646 0.2444
vn 0.9675 -0.0647 0.2445
vn 0.9676 -0.0820 -0.2390
vn 0.9675 -0.0820 -0.2391
vn 0.9676 -0.0819 -0.2389
vn 0.9675 -0.0157 0.2523
vn 0.9676 -0.1270 -0.2184
vn 0.9675 -0.1271 -0.2185
vn 0.9676 -0.1270 -0.2182
vn -0.0002 0.6618 0.7497
vn -0.0005 0.6618 0.7497
vn 0.0004 0.7953 0.6062
vn 0.0002 0.7953 0.6062
vn 0.9676 0.2269 0.1110
vn 0.9675 0.2270 0.1110
vn 0.9675 0.0338 0.2505
vn 0.9675 0.2011 0.1532
vn 0.9676 0.0338 0.2504
vn 0.9676 -0.1672 -0.1894
vn 0.9675 -0.1673 -0.1895
vn 0.9676 -0.1671 -0.1893
vn 0.9675 0.2443 0.0646
vn 0.9675 0.2444 0.0646
vn 0.9675 0.2271 0.1111
vn 0.9676 0.2441 0.0646
vn 0.9675 0.0820 0.2390
vn 0.9675 0.0820 0.2391
vn 0.9676 0.0820 0.2390
vn 0.9675 -0.2010 -0.1532
vn 0.9675 -0.2011 -0.1532
vn 0.9676 -0.2009 -0.1531
vn 0.9675 0.2522 0.0157
vn 0.9675 0.2523 0.0157
vn 0.9676 0.2521 0.0157
vn 0.9675 0.1271 0.2184
vn 0.9675 0.1271 0.2185
vn 0.9676 0.1270 0.2184
vn 0.9675 -0.2270 -0.1110
vn 0.9675 -0.2271 -0.1111
vn 0.9676 -0.2270 -0.1110
vn 0.9675 0.2504 -0.0338
vn 0.9675 0.2505 -0.0338
vn 0.9676 0.2503 -0.0338
vn 0.9675 -0.2444 -0.0646
vn 0.9675 -0.2443 -0.0646
vn 0.9675 0.2390 -0.0820
vn 0.9675 0.2391 -0.0820
vn 0.9676 0.2389 -0.0820
vn 0.9675 -0.2523 -0.0157
vn 0.9676 -0.2522 -0.0157
vn 0.9675 0.2185 -0.1271
vn 0.9676 0.2184 -0.1270
vn 0.9675 -0.2504 0.0338
vn 0.9675 -0.2505 0.0338
vn 0.9676 -0.2503 0.0338
vn 0.9675 0.1895 -0.1673
vn 0.9676 -0.2390 0.0820
vn 0.9675 -0.2391 0.0820
vn 0.9676 -0.2388 0.0820
vn 0.9675 0.1532 -0.2010
vn 0.9675 0.1532 -0.2011
vn 0.9675 -0.2185 0.1271
vn 0.9676 -0.2184 0.1271
vn 0.9676 0.1109 -0.2268
vn -0.0108 -0.8983 -0.4393
vn -0.0090 -0.8983 -0.4393
vn -0.0090 -0.7953 -0.6061
vn -0.0108 -0.7953 -0.6061
vn -0.0089 -0.8983 -0.4394
vn -0.0090 -0.9667 -0.2557
vn -0.1569 -0.9857 -0.0614
vn -0.1569 -0.9548 -0.2525
vn -0.0108 -0.9667 -0.2557
vn -0.1569 -0.8872 -0.4339
vn -0.1569 -0.9787 0.1321
vn -0.1569 -0.9342 0.3205
vn -0.1568 -0.8537 0.4966
vn -0.1568 -0.7404 0.6536
vn -0.1568 -0.5987 0.7855
vn -0.1568 -0.4339 0.8872
vn -0.1569 -0.2525 0.9548
vn -0.1569 -0.0614 0.9857
vn -0.1569 0.1321 0.9787
vn -0.1568 0.3205 0.9342
vn -0.1569 0.4966 0.8537
vn -0.1569 0.6536 0.7404
vn -0.1569 0.7855 0.5987
vn -0.1569 0.8872 0.4339
vn -0.1569 0.9548 0.2525
vn -0.1569 0.9857 0.0614
vn -0.1569 0.9787 -0.1321
vn -0.1569 0.9342 -0.3205
vn -0.1569 0.8537 -0.4966
vn -0.1569 0.7404 -0.6536
vn -0.1569 0.5987 -0.7855
vn -0.1568 0.4339 -0.8872
vn -0.1568 0.2525 -0.9548
vn -0.1568 0.0614 -0.9857
vn -0.1569 -0.1321 -0.9787
vn -0.1569 -0.3205 -0.9342
vn -0.1569 -0.4966 -0.8537
vn -0.1569 -0.6536 -0.7404
vn -0.1569 -0.7855 -0.5987
vn -0.0108 -0.6618 -0.7496
vn -0.0108 -0.5028 -0.8643
vn -0.0108 -0.3245 -0.9458
vn -0.0108 -0.1337 -0.9910
vn -0.0108 0.0622 -0.9980
vn -0.0108 0.2557 -0.9667
vn -0.0108 0.4393 -0.8983
vn -0.0108 0.6061 -0.7953
vn -0.0108 0.7496 -0.6618
vn -0.0107 0.8643 -0.5028
vn -0.0108 0.9458 -0.3245
vn -0.0108 0.9910 -0.1338
vn -0.0108 0.9980 0.0621
vn -0.0107 0.9667 0.2557
vn -0.0108 0.8983 0.4393
vn -0.0108 0.7953 0.6061
vn -0.0108 0.6618 0.7496
vn -0.0107 0.5028 0.8643
vn -0.0107 0.3245 0.9458
vn -0.0108 0.1337 0.9910
vn -0.0108 -0.0621 0.9980
vn -0.0108 -0.2557 0.9667
vn -0.0108 -0.4393 0.8983
vn -0.0108 -0.6061 0.7953
vn -0.0107 -0.7496 0.6618
vn -0.0108 -0.8643 0.5028
vn -0.0108 -0.9458 0.3245
vn -0.0108 -0.9910 0.1337
vn -0.0108 -0.9980 -0.0621
vn -0.0090 -0.9980 -0.0621
vn -0.0090 -0.9910 0.1338
vn -0.0089 -0.9910 0.1338
vn -0.0089 -0.9458 0.3245
vn -0.0090 -0.8644 0.5028
vn -0.0090 -0.7497 0.6618
vn -0.0090 -0.6061 0.7953
vn -0.0089 -0.4393 0.8983
vn -0.0088 -0.4393 0.8983
vn -0.0089 -0.2557 0.9667
vn -0.0090 -0.0621 0.9980
vn -0.0089 -0.0621 0.9980
vn -0.0090 0.1338 0.9910
vn -0.0089 0.1337 0.9910
vn -0.0090 0.3245 0.9458
vn -0.0091 0.3245 0.9458
vn -0.0090 0.5028 0.8644
vn -0.0090 0.5028 0.8643
vn -0.0090 0.6618 0.7497
vn -0.0089 0.6618 0.7497
vn -0.0089 0.7953 0.6061
vn -0.0089 0.7953 0.6062
vn -0.0089 0.8983 0.4393
vn -0.0090 0.9667 0.2557
vn -0.0090 0.9980 0.0621
vn -0.0090 0.9910 -0.1338
vn -0.0090 0.9910 -0.1337
vn -0.0090 0.9458 -0.3245
vn -0.0090 0.8644 -0.5028
vn -0.0090 0.7497 -0.6618
vn -0.0090 0.6061 -0.7953
vn -0.0091 0.6061 -0.7953
vn -0.0090 0.4393 -0.8983
vn -0.0089 0.2557 -0.9667
vn -0.0088 0.2557 -0.9667
vn -0.0089 0.0622 -0.9980
vn -0.0088 0.0622 -0.9980
vn -0.0090 -0.1337 -0.9910
vn -0.0091 -0.1337 -0.9910
vn -0.0091 -0.3245 -0.9458
vn -0.0090 -0.5028 -0.8644
vn -0.0090 -0.6618 -0.7497
vn 0.0001 -0.8644 0.5028
vn 0.0004 0.6062 -0.7953
vn 0.0007 0.6061 -0.7954
vn -0.0001 -0.9459 0.3245
vn -0.0002 -0.9459 0.3246
vn -0.0001 0.7497 -0.6618
vn -0.0005 0.7496 -0.6619
vn -0.0002 -0.9910 0.1338
vn -0.0004 -0.9910 0.1338
vn -0.0007 0.8644 -0.5027
vn -0.0018 0.8643 -0.5030
vn -0.0001 -0.9981 -0.0622
vn -0.0003 -0.9981 -0.0622
vn -0.0006 0.9459 -0.3245
vn -0.0014 0.9459 -0.3245
vn -0.0001 -0.9668 -0.2557
vn -0.0003 -0.9668 -0.2557
vn -0.0004 0.9910 -0.1337
vn -0.0010 0.9910 -0.1339
vn 0.0001 -0.8983 -0.4395
vn 0.0002 -0.8984 -0.4393
vn -0.0006 0.5029 0.8643
vn -0.0013 0.5026 0.8645
vn -0.0003 0.9981 0.0622
vn -0.0005 0.9981 0.0622
vn 0.0002 -0.7953 -0.6062
vn 0.0005 -0.7954 -0.6061
vn -0.0003 0.3245 0.9459
vn -0.0006 0.3245 0.9459
vn 0.0001 0.9668 0.2557
vn 0.0003 0.9668 0.2557
vn 0.0001 -0.6618 -0.7497
vn 0.0002 -0.6618 -0.7497
vn -0.0001 0.1338 0.9910
vn -0.0001 0.1337 0.9910
vn 0.0004 0.8983 0.4393
vn 0.0007 0.8983 0.4394
vn -0.0001 -0.5028 -0.8644
vn -0.0002 -0.5028 -0.8644
vn -0.0001 -0.0621 0.9981
vn -0.0002 -0.0622 0.9981
vn -0.0001 -0.3245 -0.9459
vn -0.0002 -0.3245 -0.9459
vn 0.0001 -0.2557 0.9668
vn 0.0003 -0.2557 0.9668
vn 0.0000 -0.1337 -0.9910
vn -0.0003 -0.4394 0.8983
vn -0.0008 -0.4393 0.8983
vn 0.0000 0.0622 -0.9981
vn 0.9675 0.0157 -0.2525
vn 0.9675 0.0157 -0.2524
vn 0.9675 0.1111 -0.2270
vn 0.9674 -0.0339 -0.2508
vn 0.9675 -0.0338 -0.2507
vn 0.9675 -0.1895 0.1672
vn 0.9674 -0.0821 -0.2394
vn 0.9675 -0.0821 -0.2393
vn 0.9675 -0.0157 0.2525
vn 0.9675 -0.0157 0.2524
vn 0.9674 -0.1272 -0.2188
vn 0.9675 -0.1272 -0.2186
vn 0.9675 0.2271 0.1110
vn 0.9674 0.0339 0.2509
vn 0.9675 0.0338 0.2507
vn 0.9674 -0.1675 -0.1898
vn 0.9675 -0.1674 -0.1896
vn 0.9674 0.0821 0.2394
vn 0.9675 0.0821 0.2393
vn 0.9674 -0.2014 -0.1534
vn 0.9675 -0.2012 -0.1533
vn 0.9675 0.2524 0.0157
vn 0.9675 0.1271 0.2186
vn 0.9674 -0.2274 -0.1112
vn 0.9675 -0.2272 -0.1111
vn 0.9675 0.2507 -0.0338
vn 0.9675 0.2506 -0.0338
vn 0.9675 -0.2445 -0.0647
vn 0.9675 0.2392 -0.0821
vn 0.9675 -0.2525 -0.0157
vn 0.9675 -0.2524 -0.0157
vn 0.9675 0.2186 -0.1271
vn 0.9675 -0.2508 0.0338
vn 0.9675 -0.2506 0.0338
vn 0.9675 0.1896 -0.1674
vn 0.9675 0.1896 -0.1673
vn 0.9675 -0.2392 0.0821
vn 0.9675 0.1533 -0.2011
vn -0.9948 -0.0785 0.0642
vn -0.9948 -0.0644 0.0783
vn -0.9948 -0.0783 -0.0644
vn -0.9948 -0.0642 -0.0785
vn -0.9948 -0.0477 -0.0895
vn -0.9948 -0.0293 -0.0971
vn -0.9948 -0.0098 -0.1009
vn -0.0255 -0.4700 -0.8823
vn -0.0255 -0.6331 -0.7737
vn -0.9948 0.0895 -0.0477
vn -0.9948 0.0971 -0.0293
vn -0.9948 0.0785 -0.0642
vn -0.9948 0.1009 -0.0098
vn -0.9949 -0.0479 0.0893
vn -0.9948 -0.0296 0.0970
vn -0.9948 0.0644 -0.0783
vn -0.0255 -0.8810 -0.4725
vn -0.0255 -0.7719 -0.6353
vn -0.9948 -0.1009 0.0098
vn -0.9948 -0.0971 0.0293
vn -0.9948 -0.0101 0.1009
vn -0.9949 0.0479 -0.0893
vn -0.9948 0.0098 0.1009
vn -0.9948 0.0296 -0.0970
vn -0.9948 0.0293 0.0971
vn -0.9948 0.0101 -0.1009
vn -0.0254 0.6331 0.7737
vn -0.0254 0.4700 0.8823
vn -0.0254 0.2888 0.9570
vn -0.0254 0.0994 -0.9947
vn -0.0254 -0.0966 -0.9950
vn -0.9948 0.0642 0.0785
vn -0.9948 0.0783 0.0644
vn -0.9948 -0.0895 0.0477
vn -0.9949 0.0893 0.0479
vn -0.9948 -0.1009 -0.0101
vn -0.9948 0.0970 0.0296
vn -0.9948 -0.0970 -0.0296
vn -0.9948 0.1009 0.0101
vn -0.9949 -0.0893 -0.0479
vn -0.0227 0.0966 0.9951
vn -0.0227 -0.0994 0.9948
vn -0.0227 -0.9948 -0.0994
vn -0.0227 -0.9563 -0.2916
vn -0.0226 -0.9951 0.0965
vn -0.0226 -0.9951 0.0966
vn -0.0228 0.4726 -0.8810
vn -0.0228 0.6353 -0.7719
vn -0.0228 0.4725 -0.8810
vn -0.0228 0.2916 -0.9563
vn -0.0227 -0.8810 -0.4725
vn -0.0226 0.2889 0.9571
vn -0.0228 0.0994 -0.9948
vn -0.0228 -0.6331 -0.7737
vn -0.0227 -0.4700 -0.8824
vn -0.0227 0.4700 0.8824
vn -0.0227 -0.7719 -0.6353
vn -0.0226 -0.2888 -0.9571
vn -0.0227 -0.0966 -0.9951
vn -1.0000 0.0000 0.0000
vn -0.0227 0.6331 0.7737
vn -0.0228 -0.8824 0.4700
vn -0.0227 -0.9571 0.2888
vn -0.0227 0.7719 0.6353
vn -0.0227 0.8810 0.4725
vn -0.0227 0.9563 0.2916
vn -0.0227 0.9948 0.0994
vn -0.0226 0.9951 -0.0966
vn -0.0228 -0.7737 0.6331
vn -0.0226 0.9571 -0.2889
vn -0.0228 -0.6353 0.7719
vn -0.0226 0.8824 -0.4700
vn -0.0227 -0.4725 0.8810
vn -0.0227 0.7737 -0.6331
vn -0.0226 -0.2916 0.9563
vn -0.9948 0.0477 0.0895
vn -0.0254 -0.8823 0.4700
vn -0.0254 -0.9570 0.2888
vn -0.0254 -0.9950 0.0966
vn -0.0254 -0.9947 -0.0994
vn -0.0254 0.8810 0.4725
vn -0.0254 0.7719 0.6353
vn -0.0255 -0.2888 -0.9570
vn -0.0254 0.9562 0.2916
vn -0.0254 -0.9562 -0.2916
vn -0.0255 0.9947 0.0994
vn -0.0254 -0.7737 0.6331
vn -0.0254 -0.6353 0.7719
vn -0.0254 0.8823 -0.4700
vn -0.0254 0.9570 -0.2888
vn -0.0254 -0.4725 0.8810
vn -0.0255 0.7737 -0.6331
vn -0.0255 0.9950 -0.0966
vn -0.0255 -0.2916 0.9562
vn -0.0254 0.6353 -0.7719
vn -0.0255 -0.0994 0.9947
vn -0.0254 0.4725 -0.8810
vn -0.0255 0.0966 0.9950
vn -0.0254 0.2915 -0.9562
vn -0.0228 0.5121 -0.8586
vn -0.0228 0.5128 -0.8582
vn -0.0202 0.0415 -0.9989
vn -0.0201 0.0349 -0.9992
vn -0.0012 0.5515 -0.8342
vn -0.0010 0.5524 -0.8336
vn 0.9999 0.0146 0.0063
vn 0.9999 0.0144 0.0062
vn 0.9999 0.0138 0.0066
vn 0.9999 0.0140 0.0067
vn 0.9999 0.0116 0.0079
vn 0.9999 0.0121 0.0082
vn 0.9967 0.0555 -0.0591
vn 0.9946 0.0667 -0.0794
vn 0.9970 0.0538 -0.0556
vn -0.7330 -0.2751 0.6222
vn -0.6898 -0.2978 0.6599
vn -0.9689 -0.1084 0.2225
vn -0.9782 -0.0884 0.1881
vn -0.9990 0.0293 -0.0334
vn -0.9988 0.0323 -0.0366
vn -0.9509 -0.1475 0.2721
vn -0.9987 0.0304 -0.0421
vn -0.6072 -0.3484 0.7141
vn 0.9914 0.0820 -0.1015
vn 0.9999 0.0075 0.0098
vn 0.9999 0.0083 0.0110
vn 1.0000 0.0010 0.0095
vn 0.9999 0.0021 0.0129
vn 0.9873 0.1122 -0.1121
vn 0.9787 0.1213 -0.1654
vn 0.9638 0.1604 -0.2131
vn 0.9565 0.2198 -0.1916
vn -0.5334 -0.4283 0.7295
vn -0.9395 -0.1942 0.2820
vn -0.9980 0.0321 -0.0551
vn -0.9557 -0.2251 0.1898
vn -0.9971 0.0441 -0.0620
vn -0.5030 -0.5842 0.6369
vn 0.0854 -0.4151 0.9058
vn 0.2161 -0.5434 0.8112
vn 0.0893 -0.6200 0.7795
vn -0.0396 -0.4585 0.8878
vn -0.1319 -0.4015 0.9063
vn 0.9860 0.1582 -0.0534
vn 1.0000 -0.0058 0.0006
vn 1.0000 -0.0054 0.0051
vn 0.9999 -0.0097 -0.0071
vn 0.9999 -0.0099 -0.0045
vn 0.9887 0.1464 0.0333
vn 0.9623 0.2642 -0.0652
vn 0.9604 0.2720 0.0604
vn -0.9740 -0.2210 0.0505
vn -0.9981 0.0583 -0.0198
vn -0.9695 -0.2390 -0.0551
vn -0.9988 0.0459 0.0190
vn -0.8861 -0.4486 -0.1168
vn -0.8796 -0.4552 0.1384
vn 0.9999 0.0046 0.0149
vn 0.9999 0.0029 0.0151
vn 0.9999 -0.0050 0.0090
vn 0.9999 -0.0039 0.0116
vn 0.9999 -0.0100 -0.0023
vn 0.9999 -0.0100 -0.0017
vn 0.9878 0.1238 0.0943
vn 0.9999 -0.0094 -0.0099
vn 0.9999 -0.0092 -0.0100
vn 0.9999 -0.0058 -0.0125
vn 0.9999 -0.0052 -0.0132
vn 0.9894 0.0744 0.1244
vn 0.2367 -0.3611 -0.9020
vn 0.1025 -0.4463 -0.8890
vn 0.2619 -0.7150 -0.6483
vn 0.4218 -0.6220 -0.6597
vn 0.3464 -0.9089 -0.2320
vn 0.0952 -0.7693 -0.6318
vn 0.1555 -0.9571 -0.2446
vn -0.5082 -0.4323 -0.7449
vn 0.0212 -0.3832 0.9234
vn 0.9603 0.2299 0.1579
vn 0.9611 0.1511 0.2311
vn -0.8707 -0.3886 -0.3015
vn -0.9684 -0.2069 -0.1395
vn -0.9981 0.0451 0.0430
vn -0.9565 -0.1654 -0.2405
vn -0.9973 0.0328 0.0656
vn 0.0274 -0.1575 -0.9871
vn -0.1252 -0.1775 -0.9761
vn -0.0283 -0.2740 -0.9613
vn 0.1062 -0.2254 -0.9685
vn -0.5444 -0.2621 -0.7969
vn -0.6055 -0.1628 -0.7790
vn 0.5273 -0.8240 -0.2071
vn 0.9689 0.0892 0.2309
vn 0.9926 0.0446 0.1126
vn 0.9953 0.0344 0.0906
vn 0.9801 0.0645 0.1877
vn -0.9458 -0.1124 -0.3046
vn -0.9976 0.0269 0.0631
vn -0.9525 -0.0663 -0.2973
vn -0.9981 0.0290 0.0550
vn 0.9999 -0.0011 -0.0125
vn 0.9999 -0.0005 -0.0128
vn 0.9999 0.0031 -0.0107
vn 0.9999 0.0036 -0.0109
vn -0.6790 -0.1135 -0.7253
vn -0.9675 -0.0393 -0.2499
vn -0.9985 0.0292 0.0456
vn -0.9988 0.0285 0.0408
vn -0.9735 -0.0310 -0.2265
vn -0.7038 -0.1004 -0.7033
vn 0.9972 0.0288 0.0687
vn 0.9999 0.0057 -0.0088
vn 0.9999 0.0060 -0.0089
vn 0.9999 0.0064 -0.0080
vn 0.9999 0.0067 -0.0080
vn 0.9979 0.0266 0.0597
vn -0.0184 -0.1214 -0.9924
vn -0.2252 -0.1256 -0.9662
vn -0.1970 -0.1357 -0.9710
vn -0.0088 -0.1284 -0.9917
vn 0.9883 0.0514 0.1435
vn 0.9911 0.0460 0.1246
vn -0.9865 0.0603 0.1522
vn -0.9802 0.0694 0.1855
vn -0.0128 0.5317 0.8468
vn -0.0075 0.3562 0.9344
vn -0.0075 0.3570 0.9341
vn -0.0128 0.5344 0.8452
vn -0.0050 0.3108 0.9505
vn -0.0050 0.3109 0.9504
vn -0.9894 0.0554 0.1341
vn -0.9786 0.0795 0.1899
vn -0.9847 0.1005 0.1421
vn -0.0196 0.8094 0.5869
vn -0.0228 0.9683 0.2487
vn -0.0228 0.9685 0.2479
vn -0.0196 0.8080 0.5889
vn -0.9896 0.1188 0.0815
vn -0.9911 0.1274 0.0381
vn -0.0201 0.9682 -0.2495
vn -0.0202 0.9698 -0.2431
vn -0.0108 0.7256 -0.6880
vn -0.0107 0.7235 -0.6903
vn -0.9912 0.1307 -0.0211
vn -0.9853 0.1299 -0.1111
vn -0.0046 0.5770 -0.8168
vn -0.0046 0.5773 -0.8165
vn -0.0022 0.5509 -0.8346
vn -0.9780 0.1190 -0.1713
vn -0.9821 0.1035 -0.1573
vn -0.0022 -0.6426 -0.7662
vn -0.0046 -0.6191 -0.7853
vn -0.0046 -0.6188 -0.7855
vn -0.0039 0.3048 0.9524
vn 0.9999 0.0142 0.0068
vn 0.9999 0.0141 0.0068
vn 0.9999 0.0124 0.0084
vn 0.9999 0.0126 0.0084
vn -0.9887 0.0852 -0.1230
vn -0.9912 0.0768 -0.1082
vn 0.9908 0.0854 -0.1052
vn 0.9880 0.0951 -0.1214
vn -0.0111 -0.3762 0.9265
vn -0.2073 -0.3798 0.9015
vn -0.2414 -0.3732 0.8958
vn -0.0205 -0.3748 0.9269
vn 0.0096 -0.3739 0.9274
vn 0.0370 -0.3773 0.9254
vn 0.0032 -0.3734 0.9277
vn 0.9999 0.0062 -0.0089
vn 0.9999 0.0039 -0.0110
vn 0.9999 0.0063 -0.0089
vn 0.9999 0.0041 -0.0109
vn 0.9999 0.0068 -0.0081
vn 0.9999 -0.0001 -0.0130
vn 0.9999 -0.0047 -0.0136
vn 0.9999 0.0003 -0.0129
vn 0.9999 -0.0040 -0.0137
vn 0.9999 -0.0090 -0.0101
vn 0.9999 -0.0085 -0.0108
vn 0.4452 -0.7999 0.4024
vn 0.2811 -0.8921 0.3537
vn 0.4777 -0.8089 0.3427
vn 0.5414 -0.8183 -0.1932
vn 0.2405 -0.5459 0.8026
vn 0.9999 0.0089 0.0117
vn 0.9999 0.0096 0.0112
vn 0.1034 -0.9452 0.3098
vn 0.0433 -0.1521 -0.9874
vn 0.0108 -0.1262 -0.9919
vn 0.0038 -0.1202 -0.9927
vn 0.2595 -0.3581 -0.8969
vn 0.1232 -0.2155 -0.9687
vn 0.4531 -0.6422 -0.6183
vn 0.0999 -0.4049 0.9089
vn 0.9887 0.0734 -0.1309
vn 0.9878 0.1255 -0.0921
vn 0.9999 -0.0122 0.0062
vn 0.9999 -0.0095 0.0073
vn 0.9999 -0.0122 0.0060
vn 0.9999 -0.0071 0.0082
vn 0.9999 -0.0136 0.0021
vn 0.9999 -0.0141 0.0012
vn 0.9894 0.1404 -0.0361
vn 0.0858 0.7380 0.6693
vn 0.2389 0.5722 0.7845
vn 0.0895 0.5727 0.8149
vn -0.0390 0.7210 0.6919
vn -0.0268 -0.9869 -0.1591
vn -0.1962 -0.9693 -0.1484
vn -0.1249 -0.9861 -0.1093
vn 0.0155 -0.9922 -0.1238
vn -0.2406 0.7512 0.6146
vn -0.0424 0.7788 0.6258
vn -0.0299 0.7779 0.6276
vn -0.2064 0.7550 0.6224
vn -0.2241 -0.9618 -0.1569
vn -0.0387 -0.9852 -0.1670
vn 0.4584 0.0546 0.8871
vn 0.5128 -0.4286 0.7439
vn 0.3471 -0.4798 0.8058
vn 0.2814 0.0879 0.9556
vn 0.9999 0.0113 -0.0093
vn 0.9999 0.0129 -0.0049
vn 0.9999 0.0136 -0.0052
vn 0.9999 0.0115 -0.0095
vn 0.9999 0.0134 -0.0061
vn 0.9999 0.0115 -0.0098
vn 0.9999 0.0152 0.0015
vn 0.9999 0.0155 -0.0002
vn 0.9999 0.0130 0.0017
vn 0.2556 -0.9559 0.1447
vn 0.1026 -0.9793 0.1747
vn 0.2622 -0.8248 0.5010
vn 0.4357 -0.7603 0.4818
vn -0.1311 0.7538 0.6438
vn 0.0094 0.7715 0.6361
vn 0.9999 -0.0124 -0.0032
vn 0.9999 -0.0125 -0.0036
vn 0.9999 -0.0144 0.0006
vn 0.9999 -0.0124 -0.0040
vn 0.9999 -0.0143 -0.0001
vn 0.9999 -0.0094 -0.0069
vn 0.9999 -0.0094 -0.0070
vn 0.9999 -0.0094 -0.0066
vn 0.1077 -0.9935 -0.0357
vn -0.0282 -0.9995 -0.0117
vn 0.9970 -0.0380 -0.0676
vn 0.9908 -0.0765 -0.1120
vn 0.9880 -0.0892 -0.1259
vn 0.9967 -0.0409 -0.0701
vn 0.9788 -0.1239 -0.1634
vn 0.9946 -0.0571 -0.0866
vn -0.0013 -0.9381 0.3463
vn -0.0022 -0.9378 0.3472
vn -0.0196 0.7936 -0.6081
vn -0.0128 0.9628 -0.2699
vn -0.0128 0.9620 -0.2729
vn -0.0196 0.7921 -0.6101
vn -0.0107 -0.9915 0.1294
vn -0.0108 -0.9919 0.1264
vn -0.0046 -0.9483 0.3174
vn -0.0046 -0.9482 0.3178
vn -0.0074 0.9971 -0.0759
vn -0.0075 0.9970 -0.0767
vn -0.0049 0.9996 -0.0264
vn -0.0049 0.9996 -0.0265
vn -0.0108 -0.4542 -0.8908
vn -0.0107 -0.4569 -0.8894
vn -0.0039 0.9998 -0.0192
vn -0.0036 0.9998 -0.0183
vn -0.9988 -0.0260 -0.0416
vn -0.9990 -0.0237 -0.0377
vn -0.9887 -0.0935 -0.1168
vn -0.9911 -0.0818 -0.1046
vn -0.9821 -0.1212 -0.1440
vn -0.9987 -0.0316 -0.0411
vn -0.9971 -0.0469 -0.0599
vn -0.9981 -0.0025 -0.0615
vn -0.9912 0.0168 -0.1314
vn -0.9853 -0.0697 -0.1561
vn -0.9988 0.0312 -0.0386
vn -0.9911 0.0726 -0.1114
vn -0.9973 0.0722 -0.0128
vn -0.9976 0.0683 -0.0079
vn -0.9786 0.2047 -0.0223
vn -0.9847 0.1648 -0.0561
vn -0.9981 0.0610 -0.0120
vn -0.9802 0.1977 -0.0136
vn -0.9980 -0.0436 -0.0464
vn -0.9780 -0.1304 -0.1626
vn 0.9953 0.0966 -0.0071
vn 0.9972 0.0741 -0.0080
vn 0.9999 -0.0068 -0.0080
vn 0.9999 -0.0094 -0.0061
vn 0.9999 -0.0068 -0.0083
vn 0.9999 -0.0058 -0.0085
vn 0.9999 -0.0058 -0.0087
vn 0.9979 0.0647 -0.0083
vn 0.9926 0.1207 -0.0107
vn 0.9999 -0.0123 -0.0025
vn -0.6790 -0.7274 -0.0992
vn -0.6055 -0.7930 -0.0667
vn -0.7032 -0.7031 -0.1057
vn -0.9865 0.1631 -0.0142
vn -0.9985 0.0520 -0.0149
vn -0.9988 0.0470 -0.0156
vn -0.9894 0.1443 -0.0146
vn -0.5445 -0.8384 0.0244
vn -0.5082 -0.8369 0.2033
vn -0.2241 0.6883 0.6899
vn -0.1962 0.6992 0.6874
vn -0.0267 0.7073 0.7064
vn -0.0387 0.7013 0.7118
vn -0.9458 -0.3240 0.0211
vn -0.9565 -0.2775 0.0904
vn -0.9525 -0.3038 -0.0215
vn -0.8707 -0.3992 0.2874
vn -0.9684 -0.1924 0.1589
vn -0.9694 -0.1206 0.2136
vn -0.8860 -0.2391 0.3972
vn -0.9981 0.0540 -0.0311
vn 0.4357 0.1963 0.8784
vn 0.2622 0.1926 0.9456
vn 0.3471 0.5961 0.7240
vn 0.5128 0.5551 0.6549
vn 0.0952 -0.8238 0.5588
vn 0.1555 -0.5056 0.8486
vn 0.9604 0.1350 -0.2437
vn 0.9603 0.2166 -0.1758
vn 0.9611 0.2645 -0.0794
vn -0.9675 -0.2507 -0.0340
vn -0.9734 -0.2263 -0.0353
vn -0.9896 0.1119 -0.0909
vn -0.0011 -0.6405 -0.7680
vn -0.0013 -0.6415 -0.7672
vn -0.0013 -0.6415 -0.7671
vn 0.9999 -0.0122 0.0057
vn 0.9999 -0.0050 0.0089
vn 0.9999 -0.0127 0.0050
vn 0.9999 -0.0045 0.0090
vn -0.6897 0.5469 0.4745
vn -0.7334 0.5167 0.4417
vn -0.6072 0.5846 0.5381
vn -0.5333 0.5773 0.6183
vn -0.5030 0.4451 0.7408
vn 1.0000 0.0094 0.0017
vn 0.9873 -0.0757 -0.1394
vn 0.9860 -0.0064 -0.1668
vn 1.0000 -0.0011 0.0058
vn 1.0000 0.0034 0.0067
vn 0.9565 -0.1215 -0.2651
vn 0.9623 0.0123 -0.2718
vn -0.9557 0.1182 0.2697
vn -0.9740 -0.0141 0.2263
vn -0.8796 0.0038 0.4757
vn 0.9999 0.0072 0.0073
vn 0.9999 0.0100 0.0069
vn -0.9396 0.2151 0.2664
vn -0.9509 0.2186 0.2191
vn 0.9689 0.2468 -0.0200
vn 0.9801 0.1983 -0.0083
vn 0.9883 0.1522 -0.0081
vn 0.9911 0.1326 -0.0083
vn 0.9999 0.0105 -0.0117
vn 0.9999 0.0102 -0.0122
vn 0.9999 0.0105 -0.0116
vn 0.9999 0.0104 -0.0115
vn 0.9999 0.0101 -0.0122
vn 0.9914 -0.0740 -0.1075
vn 0.9999 0.0115 -0.0044
vn 0.9999 0.0108 -0.0089
vn 0.9999 -0.0068 -0.0085
vn 0.9999 -0.0067 -0.0086
vn 0.9999 -0.0058 -0.0088
vn 0.9999 -0.0058 -0.0089
vn 0.1033 0.0294 0.9942
vn 0.9999 0.0100 -0.0121
vn 0.9999 0.0102 -0.0114
vn -0.9689 0.1821 0.1676
vn -0.9782 0.1545 0.1384
vn 0.9638 -0.1587 -0.2143
vn -0.9988 -0.0478 0.0105
vn -0.9990 -0.0434 0.0096
vn -0.9887 -0.1414 0.0488
vn -0.9912 -0.1259 0.0418
vn -0.9821 -0.1765 0.0656
vn -0.9987 -0.0494 0.0160
vn -0.0196 -0.3040 -0.9525
vn -0.0196 -0.3063 -0.9517
vn -0.0228 -0.6343 -0.7728
vn -0.0228 -0.6349 -0.7722
vn 0.9787 -0.1956 0.0616
vn 0.9638 -0.2553 0.0770
vn 0.9914 -0.1262 0.0334
vn 0.9946 -0.1008 0.0246
vn 0.9565 -0.2906 0.0248
vn 0.9873 -0.1568 0.0242
vn -0.0128 0.0714 -0.9974
vn -0.0128 0.0683 -0.9976
vn -0.0201 -0.9285 -0.3707
vn -0.0202 -0.9261 -0.3768
vn 0.9999 -0.0101 0.0036
vn 0.9999 -0.0103 0.0035
vn 0.9999 -0.0097 0.0065
vn 0.9999 -0.0094 0.0066
vn 0.9999 -0.0103 0.0034
vn 0.9999 -0.0098 0.0064
vn 0.9999 -0.0103 0.0025
vn 0.9999 -0.0101 0.0025
vn 0.9999 -0.0002 -0.0124
vn 0.9999 -0.0048 -0.0132
vn 0.9999 -0.0002 -0.0138
vn 0.9999 -0.0049 -0.0138
vn 1.0000 0.0048 -0.0083
vn 0.9999 0.0059 -0.0116
vn -0.0022 0.0730 0.9973
vn -0.0046 0.0423 0.9991
vn -0.0046 0.0420 0.9991
vn 0.9801 0.0590 -0.1895
vn 0.9883 0.0435 -0.1461
vn 0.9972 0.0174 -0.0725
vn 0.9953 0.0258 -0.0934
vn 0.9911 0.0367 -0.1277
vn 0.9979 0.0139 -0.0638
vn -0.5333 0.7767 -0.3351
vn -0.9395 0.3234 -0.1126
vn -0.9509 0.2799 -0.1322
vn -0.6072 0.7033 -0.3696
vn -0.9980 -0.0584 0.0254
vn -0.9557 0.2937 -0.0201
vn -0.9971 -0.0722 0.0239
vn -0.5030 0.8477 -0.1686
vn 0.2557 -0.1868 0.9485
vn 0.1026 -0.1665 0.9807
vn 0.1079 -0.3688 0.9232
vn -0.0280 -0.3481 0.9370
vn -0.2405 0.8312 -0.5013
vn -0.0424 0.8510 -0.5235
vn -0.0300 0.8525 -0.5219
vn -0.2064 0.8398 -0.5021
vn 0.9999 0.0051 -0.0148
vn 0.9999 0.0066 -0.0138
vn 0.9999 0.0094 -0.0043
vn 0.9999 0.0102 -0.0070
vn 0.9999 0.0067 0.0078
vn 0.9999 0.0071 0.0073
vn 1.0000 0.0074 -0.0009
vn 0.9999 0.0053 0.0095
vn 0.9623 -0.2517 -0.1035
vn 0.9860 -0.1592 -0.0504
vn 0.9604 -0.1837 -0.2095
vn 0.9887 -0.0984 -0.1134
vn 1.0000 0.0051 0.0030
vn 0.9999 0.0037 0.0114
vn 0.0157 -0.4505 0.8927
vn -0.1247 -0.4347 0.8919
vn -0.1313 0.8598 -0.4934
vn 0.0091 0.8586 -0.5126
vn 0.2814 0.9290 0.2403
vn 0.0894 0.9605 -0.2636
vn 0.2389 0.9318 -0.2734
vn 0.4584 0.8533 0.2485
vn -0.0039 0.3180 -0.9481
vn -0.0037 0.3187 -0.9478
vn -0.6055 -0.3297 0.7244
vn -0.6790 -0.3378 0.6518
vn -0.9675 -0.1162 0.2247
vn -0.9525 -0.1225 0.2789
vn -0.9985 0.0034 -0.0540
vn -0.9981 0.0092 -0.0615
vn -0.9988 0.0012 -0.0496
vn -0.9735 -0.1091 0.2011
vn -0.7036 -0.3355 0.6264
vn 0.9999 0.0015 0.0135
vn 0.9999 0.0013 0.0134
vn 0.9999 0.0004 0.0136
vn 0.9999 -0.0043 0.0137
vn 0.9999 -0.0049 0.0134
vn 0.9999 -0.0036 0.0137
vn -0.5082 -0.0914 0.8564
vn -0.5444 -0.2598 0.7976
vn -0.9458 -0.0894 0.3122
vn -0.9565 -0.0087 0.2917
vn -0.9976 0.0156 -0.0668
vn -0.9973 0.0123 -0.0723
vn -0.9865 0.0414 -0.1583
vn -0.9802 0.0537 -0.1906
vn -0.0228 -0.9182 0.3954
vn -0.0201 -0.6186 0.7855
vn -0.0201 -0.6134 0.7895
vn -0.0228 -0.9179 0.3962
vn -0.9894 0.0347 -0.1409
vn -0.8707 0.1354 0.4729
vn -0.9684 0.0845 0.2348
vn -0.9694 0.1603 0.1857
vn -0.8861 0.2929 0.3593
vn -0.9981 -0.0110 -0.0613
vn -0.9988 -0.0258 -0.0424
vn 0.9603 -0.0922 -0.2633
vn 0.9878 -0.0442 -0.1493
vn 0.9611 0.0146 -0.2758
vn 0.9894 0.0135 -0.1444
vn 0.9999 -0.0098 0.0037
vn 0.9999 -0.0089 0.0068
vn 0.9999 -0.0099 0.0026
vn -0.1962 -0.4654 0.8631
vn -0.2242 -0.4708 0.8533
vn 0.0856 0.8790 -0.4690
vn -0.0392 0.8944 -0.4455
vn -0.9780 -0.1972 0.0678
vn -0.0074 0.2651 -0.9642
vn -0.0049 0.3117 -0.9502
vn -0.0050 0.3116 -0.9502
vn -0.0075 0.2643 -0.9644
vn -0.9853 -0.1704 0.0128
vn -0.9981 -0.0587 -0.0184
vn -0.9912 -0.1180 -0.0602
vn -0.9911 -0.0803 -0.1060
vn -0.9786 0.0481 -0.2002
vn -0.9847 0.0029 -0.1741
vn -0.0010 -0.9385 0.3452
vn -0.9896 -0.0477 -0.1360
vn -0.9740 0.2082 0.0898
vn -0.8796 0.4490 0.1572
vn 0.9999 -0.0075 -0.0139
vn 0.9999 -0.0081 -0.0137
vn 0.9999 -0.0074 -0.0138
vn 0.9999 -0.0050 -0.0141
vn 0.9999 -0.0052 -0.0142
vn 0.9999 -0.0073 -0.0137
vn 0.9999 -0.0080 -0.0137
vn 0.1033 0.9456 0.3085
vn 0.1555 0.6277 0.7628
vn 0.9999 -0.0080 -0.0135
vn 0.9999 -0.0072 -0.0135
vn 0.9967 -0.0797 0.0149
vn 0.9970 -0.0763 0.0130
vn -0.0387 -0.4882 0.8719
vn -0.0267 -0.4814 0.8761
vn 0.9908 -0.1311 0.0344
vn 0.9880 -0.1485 0.0417
vn -0.7331 0.5898 -0.3386
vn -0.6898 0.6306 -0.3557
vn -0.9689 0.2191 -0.1152
vn -0.9782 0.1825 -0.0992
vn 0.9999 -0.0072 0.0106
vn 0.9999 -0.0076 0.0105
vn 0.9999 -0.0079 0.0102
vn 0.9926 0.0306 -0.1172
vn 0.9999 -0.0065 0.0107
vn 0.9999 -0.0027 0.0135
vn 0.0952 0.2474 0.9642
vn 0.9999 -0.0003 -0.0147
vn 0.9999 -0.0011 -0.0147
vn 0.9689 0.0645 -0.2390
vn 0.9999 0.0017 0.0136
vn 0.9887 -0.1362 0.0632
vn 0.9878 -0.1557 0.0011
vn 0.9999 0.0135 0.0021
vn 0.9999 0.0120 -0.0004
vn 0.9999 0.0134 0.0023
vn 0.9999 0.0106 -0.0025
vn 0.9999 0.0122 0.0063
vn 0.9999 0.0122 0.0073
vn 0.9894 -0.1350 -0.0530
vn 0.0857 -0.2067 -0.9746
vn 0.2389 -0.0045 -0.9710
vn 0.0895 0.0128 -0.9959
vn -0.0391 -0.1797 -0.9829
vn -0.1248 0.7357 0.6657
vn 0.0156 0.7321 0.6810
vn -0.2405 -0.2500 -0.9379
vn -0.0424 -0.2659 -0.9631
vn -0.0300 -0.2640 -0.9641
vn -0.2064 -0.2485 -0.9464
vn 0.4584 0.4751 -0.7511
vn 0.5128 0.7830 -0.3520
vn 0.3471 0.8608 -0.3722
vn 0.2815 0.4882 -0.8261
vn 0.9999 -0.0146 0.0009
vn 0.9999 -0.0133 -0.0036
vn 0.9999 -0.0141 -0.0038
vn 0.9999 -0.0149 0.0009
vn 0.9999 -0.0144 -0.0029
vn 0.9999 -0.0150 0.0011
vn 0.9999 -0.0115 -0.0101
vn 0.9999 -0.0127 -0.0090
vn 0.9999 -0.0095 -0.0089
vn 0.2557 0.8596 0.4424
vn 0.1026 0.8961 0.4318
vn 0.2622 0.9619 0.0769
vn 0.4357 0.8984 0.0547
vn -0.1312 -0.2348 -0.9631
vn 0.0093 -0.2537 -0.9672
vn 0.9999 0.0082 0.0099
vn 0.9999 0.0080 0.0102
vn 0.9999 0.0120 0.0079
vn 0.9999 0.0076 0.0104
vn 0.9999 0.0114 0.0084
vn 0.9999 0.0036 0.0111
vn 0.9999 0.0034 0.0112
vn 0.9999 0.0038 0.0109
vn 0.1078 0.7846 0.6106
vn -0.0282 0.8035 0.5946
vn 0.9970 -0.0087 0.0770
vn 0.9908 -0.0034 0.1355
vn 0.9880 -0.0013 0.1543
vn 0.9967 -0.0079 0.0808
vn 0.9788 0.0049 0.2050
vn 0.9946 -0.0044 0.1036
vn -0.0013 0.9652 0.2616
vn -0.0022 0.9655 0.2605
vn -0.0196 -0.9994 0.0283
vn -0.0128 -0.9385 -0.3450
vn -0.0128 -0.9396 -0.3420
vn -0.0196 -0.9993 0.0307
vn -0.0107 0.8833 0.4686
vn -0.0108 0.8819 0.4714
vn -0.0047 0.9569 0.2905
vn -0.0046 0.9570 0.2902
vn -0.0074 -0.8528 -0.5222
vn -0.0075 -0.8532 -0.5215
vn -0.0049 -0.8260 -0.5637
vn -0.0049 -0.8261 -0.5636
vn -0.0108 -0.1534 0.9881
vn -0.0107 -0.1503 0.9886
vn -0.0039 -0.8220 -0.5695
vn -0.0036 -0.8215 -0.5702
vn -0.9988 -0.0032 0.0489
vn -0.9990 -0.0028 0.0444
vn -0.9887 0.0075 0.1495
vn -0.9911 0.0052 0.1327
vn -0.9821 0.0140 0.1878
vn -0.9987 0.0016 0.0519
vn -0.9971 0.0030 0.0760
vn -0.9981 -0.0340 0.0513
vn -0.9912 -0.0905 0.0967
vn -0.9853 -0.0349 0.1673
vn -0.9988 -0.0479 0.0130
vn -0.9911 -0.1241 0.0478
vn -0.9973 -0.0661 -0.0319
vn -0.9976 -0.0599 -0.0336
vn -0.9786 -0.1790 -0.1018
vn -0.9847 -0.1665 -0.0510
vn -0.9981 -0.0565 -0.0260
vn -0.9802 -0.1682 -0.1047
vn -0.9980 0.0082 0.0632
vn -0.9780 0.0105 0.2082
vn 0.9953 -0.0825 -0.0508
vn 0.9972 -0.0647 -0.0369
vn 0.9999 0.0009 0.0105
vn 0.9999 0.0041 0.0104
vn 0.9999 0.0006 0.0107
vn 0.9999 -0.0002 0.0103
vn 0.9999 -0.0004 0.0105
vn 0.9979 -0.0573 -0.0311
vn 0.9926 -0.1041 -0.0620
vn 0.9999 0.0085 0.0092
vn -0.6790 0.5319 0.5060
vn -0.6055 0.6040 0.5182
vn -0.7033 0.5083 0.4970
vn -0.9865 -0.1405 -0.0839
vn -0.9985 -0.0509 -0.0183
vn -0.9988 -0.0472 -0.0149
vn -0.9894 -0.1256 -0.0726
vn -0.5445 0.6940 0.4710
vn -0.5082 0.7975 0.3252
vn 0.1058 0.8483 -0.5189
vn -0.0285 0.8262 -0.5627
vn 0.1025 0.7028 -0.7040
vn 0.2366 0.7420 -0.6273
vn -0.9458 0.2751 0.1725
vn -0.9565 0.2779 0.0892
vn -0.9525 0.2338 0.1952
vn -0.8707 0.4919 0.0008
vn -0.9684 0.2490 -0.0161
vn -0.9694 0.2228 -0.1026
vn -0.8860 0.4264 -0.1819
vn -0.9981 -0.0620 -0.0064
vn 0.0952 0.9950 0.0294
vn 0.1555 0.9068 -0.3918
vn 0.9604 -0.2522 0.1185
vn 0.9603 -0.2785 0.0157
vn 0.9611 -0.2609 -0.0905
vn -0.9675 0.1834 0.1743
vn -0.9734 0.1628 0.1610
vn -0.9896 -0.1439 0.0082
vn -0.0010 0.0705 0.9975
vn -0.0013 0.0717 0.9974
vn 0.9999 0.0132 0.0025
vn 0.9999 0.0092 -0.0043
vn 0.9999 0.0131 0.0034
vn 0.9999 0.0089 -0.0047
vn -0.6897 -0.1661 -0.7047
vn -0.7333 -0.1609 -0.6606
vn -0.6072 -0.1595 -0.7784
vn -0.5333 -0.1063 -0.8392
vn -0.5030 0.0729 -0.8612
vn 1.0000 -0.0067 -0.0069
vn 0.9873 -0.0202 0.1573
vn 0.9860 -0.0925 0.1390
vn 1.0000 0.0043 -0.0040
vn 1.0000 0.0011 -0.0074
vn 0.9565 -0.0567 0.2860
vn 0.9623 -0.1692 0.2131
vn -0.9557 0.0621 -0.2878
vn -0.9739 0.1440 -0.1752
vn -0.8796 0.2755 -0.3879
vn 0.9999 -0.0016 -0.0101
vn 0.9999 -0.0041 -0.0115
vn -0.9396 -0.0185 -0.3419
vn -0.9509 -0.0491 -0.3056
vn 0.9689 -0.2117 -0.1283
vn 0.9801 -0.1656 -0.1093
vn 0.9883 -0.1282 -0.0825
vn 0.9911 -0.1124 -0.0708
vn 0.9999 -0.0154 0.0033
vn 0.9999 -0.0154 0.0040
vn 0.9999 -0.0153 0.0033
vn 0.9999 -0.0152 0.0033
vn 0.9999 -0.0153 0.0039
vn 0.9915 -0.0029 0.1304
vn 0.9999 -0.0119 -0.0032
vn 0.9999 -0.0140 0.0009
vn 0.9999 0.0005 0.0109
vn 0.9999 0.0004 0.0109
vn 0.9999 -0.0005 0.0106
vn 0.1034 0.5584 -0.8231
vn 0.9999 -0.0152 0.0039
vn 0.9999 -0.0150 0.0032
vn -0.9689 -0.0497 -0.2425
vn -0.9782 -0.0444 -0.2028
vn 0.9638 0.0032 0.2666
vn -0.9988 0.0451 0.0192
vn -0.9990 0.0410 0.0173
vn -0.9887 0.1435 0.0422
vn -0.9912 0.1269 0.0389
vn -0.9821 0.1819 0.0488
vn -0.9987 0.0495 0.0156
vn -0.0196 -0.3037 0.9526
vn -0.0196 -0.3013 0.9533
vn -0.0228 0.0697 0.9973
vn -0.0228 0.0705 0.9973
vn 0.9787 0.1951 0.0631
vn 0.9638 0.2528 0.0851
vn 0.9914 0.1222 0.0459
vn 0.9946 0.0964 0.0384
vn 0.9873 0.1418 0.0711
vn 0.9565 0.2512 0.1481
vn -0.0128 -0.6358 0.7718
vn -0.0129 -0.6333 0.7738
vn -0.0201 0.5424 0.8399
vn -0.0202 0.5368 0.8435
vn 0.9999 0.0103 0.0029
vn 0.9999 0.0104 0.0031
vn 0.9999 0.0116 0.0003
vn 0.9999 0.0115 0.0000
vn 0.9999 0.0104 0.0032
vn 0.9999 0.0116 0.0005
vn 0.9999 0.0098 0.0039
vn 0.9999 0.0098 0.0040
vn 0.9999 0.0097 0.0038
vn 0.9999 -0.0070 0.0102
vn 0.9999 -0.0038 0.0135
vn 0.9999 -0.0078 0.0114
vn 0.9999 -0.0039 0.0141
vn 1.0000 -0.0087 0.0040
vn 0.9999 -0.0116 0.0060
vn 0.9801 -0.1579 0.1202
vn 0.9883 -0.1201 0.0938
vn 0.9972 -0.0562 0.0489
vn 0.9953 -0.0752 0.0611
vn 0.9911 -0.1039 0.0827
vn 0.9979 -0.0483 0.0439
vn -0.5333 -0.8272 -0.1768
vn -0.9396 -0.3288 -0.0955
vn -0.9509 -0.3047 -0.0545
vn -0.6072 -0.7874 -0.1064
vn -0.9980 0.0623 0.0131
vn -0.9557 -0.2511 -0.1537
vn -0.9971 0.0727 0.0223
vn -0.5030 -0.7887 -0.3534
vn 0.5414 -0.0749 -0.8374
vn 0.4530 0.3841 -0.8046
vn 0.4218 0.4296 -0.7985
vn 0.5274 -0.0637 -0.8472
vn 0.2619 0.3894 -0.8831
vn -0.0112 -0.9977 -0.0665
vn 0.0214 -0.9971 -0.0737
vn -0.1318 -0.9866 -0.0965
vn -0.2073 -0.9752 -0.0778
vn 0.2594 0.7381 -0.6229
vn 0.9999 -0.0128 0.0091
vn 0.9999 -0.0134 0.0075
vn 0.9999 -0.0101 -0.0019
vn 0.9999 -0.0123 -0.0001
vn 0.9999 -0.0010 -0.0102
vn 0.9999 -0.0015 -0.0101
vn 1.0000 -0.0066 -0.0035
vn 0.9999 0.0012 -0.0108
vn 0.9623 0.1453 0.2301
vn 0.9860 0.1006 0.1332
vn 0.9604 0.0285 0.2772
vn 0.9887 0.0146 0.1494
vn 1.0000 -0.0024 -0.0054
vn 0.9999 0.0036 -0.0114
vn 0.1228 0.8516 -0.5097
vn 0.0271 0.8877 -0.4596
vn -0.1254 0.8710 -0.4750
vn 0.3464 -0.0668 -0.9357
vn 0.2811 -0.6173 -0.7348
vn 0.4454 -0.6343 -0.6320
vn 0.0430 0.8897 -0.4546
vn -0.0039 -0.8087 0.5882
vn -0.0037 -0.8092 0.5875
vn -0.6055 0.6885 -0.3992
vn -0.6790 0.6531 -0.3353
vn -0.9675 0.2250 -0.1157
vn -0.9525 0.2614 -0.1563
vn -0.9985 -0.0341 0.0420
vn -0.9981 -0.0432 0.0448
vn -0.9988 -0.0297 0.0397
vn -0.9735 0.2056 -0.1006
vn -0.7034 0.6367 -0.3159
vn 0.9999 0.0066 -0.0119
vn 0.9999 0.0068 -0.0117
vn 0.9999 0.0076 -0.0114
vn 0.9999 0.0115 -0.0087
vn 0.9999 0.0118 -0.0081
vn 0.9999 0.0109 -0.0091
vn -0.5082 0.5705 -0.6452
vn -0.5444 0.6738 -0.4996
vn -0.9458 0.2537 -0.2026
vn -0.9565 0.1760 -0.2328
vn -0.9976 -0.0515 0.0455
vn -0.9973 -0.0519 0.0518
vn -0.9865 -0.1256 0.1050
vn -0.9802 -0.1543 0.1242
vn -0.9894 -0.1099 0.0946
vn -0.8707 0.1634 -0.4640
vn -0.9684 0.0671 -0.2404
vn -0.9694 -0.0232 -0.2442
vn -0.8860 -0.0308 -0.4626
vn -0.9981 -0.0265 0.0564
vn -0.9988 -0.0035 0.0495
vn 0.9603 -0.0772 0.2680
vn 0.9878 -0.0504 0.1473
vn 0.9611 -0.1716 0.2163
vn 0.9894 -0.0946 0.1099
vn 0.9999 0.0101 0.0026
vn 0.9999 0.0112 -0.0004
vn 0.9999 0.0096 0.0036
vn -0.0184 0.9043 -0.4265
vn -0.2251 0.8781 -0.4222
vn -0.1970 0.8794 -0.4334
vn -0.0089 0.9014 -0.4329
vn 0.0856 -0.9904 -0.1087
vn -0.0395 -0.9870 -0.1557
vn -0.9780 0.2000 0.0589
vn -0.0075 -0.7746 0.6324
vn -0.0049 -0.8047 0.5937
vn -0.0049 -0.8046 0.5938
vn -0.0075 -0.7740 0.6331
vn -0.9853 0.1464 0.0882
vn -0.9981 0.0372 0.0490
vn -0.9912 0.0613 0.1174
vn -0.9911 0.0041 0.1329
vn -0.9786 -0.1552 0.1354
vn -0.9847 -0.1032 0.1402
vn -0.0010 0.9649 0.2628
vn -0.9896 -0.0399 0.1385
vn -0.9740 -0.1177 -0.1938
vn -0.8796 -0.2750 -0.3882
vn 0.9999 -0.0020 0.0156
vn 0.9999 -0.0014 0.0159
vn 0.9999 -0.0041 0.0144
vn 0.9999 -0.0040 0.0146
vn 0.9999 -0.0019 0.0154
vn 0.9999 -0.0014 0.0158
vn 0.0894 -0.9353 -0.3424
vn 0.1034 -0.5923 -0.7990
vn 0.1555 -0.0701 -0.9853
vn 0.2162 -0.9412 -0.2597
vn 0.9999 -0.0013 0.0156
vn 0.9999 -0.0019 0.0152
vn 0.9967 0.0736 0.0341
vn 0.9970 0.0698 0.0336
vn -0.2415 -0.9676 -0.0735
vn -0.0207 -0.9977 -0.0653
vn 0.0095 -0.9979 -0.0640
vn 0.0372 -0.9970 -0.0674
vn 0.0028 -0.9980 -0.0637
vn 0.9908 0.1268 0.0480
vn 0.9880 0.1452 0.0521
vn -0.7332 -0.6768 -0.0661
vn -0.6898 -0.7201 -0.0757
vn -0.9689 -0.2453 -0.0331
vn -0.9782 -0.2061 -0.0250
vn 0.9999 0.0120 -0.0045
vn 0.9999 0.0123 -0.0042
vn 0.9999 0.0122 -0.0037
vn 0.9926 -0.0929 0.0778
vn 0.9999 0.0115 -0.0050
vn 0.9999 0.0100 -0.0095
vn 0.0952 0.3566 -0.9294
vn 0.9999 -0.0083 0.0121
vn 0.9999 -0.0076 0.0127
vn 0.9689 -0.1910 0.1575
vn 0.9999 0.0065 -0.0121
vn 0.1001 -0.9901 -0.0980
vn 0.2407 -0.9338 -0.2647
vn 0.0107 0.9023 -0.4310
vn 0.0038 0.9050 -0.4254
vn 0.4779 -0.5805 -0.6593
vn -0.0037 0.3041 0.9526
vn -1.0000 -0.0016 -0.0000
vn -1.0000 -0.0015 -0.0000
vn -1.0000 -0.0018 0.0001
vn -1.0000 -0.0019 0.0003
vn -1.0000 -0.0018 -0.0001
vn -1.0000 -0.0016 -0.0001
vn 1.0000 0.0021 0.0003
vn 0.0532 0.9803 0.1900
vn 0.0532 0.9803 0.1904
vn 0.0536 0.9879 0.1455
vn 0.0536 0.9879 0.1454
vn -0.0461 -0.8488 0.5268
vn -0.0390 -0.7189 0.6940
vn -0.0389 -0.7161 0.6969
vn -0.0459 -0.8462 0.5309
vn -0.0354 -0.6515 0.7578
vn -0.0355 -0.6546 0.7551
vn -0.0322 -0.5925 0.8049
vn 0.0523 0.9637 -0.2619
vn 0.0525 0.9680 -0.2453
vn 0.0525 0.9680 -0.2452
vn 0.0523 0.9636 -0.2622
vn -0.0513 -0.9459 0.3205
vn -0.0513 -0.9456 0.3213
vn -0.0527 -0.9707 0.2345
vn -0.0527 -0.9709 0.2336
vn -0.0451 -0.8311 0.5543
vn -0.0452 -0.8324 0.5524
vn -0.0411 -0.7561 0.6532
vn -0.0409 -0.7541 0.6555
vn -0.0528 -0.9735 -0.2226
vn -0.0528 -0.9732 -0.2240
vn -0.0505 -0.9307 -0.3622
vn -0.0506 -0.9313 -0.3608
vn 0.0528 0.9735 -0.2226
vn 0.0528 0.9733 -0.2234
vn 0.0516 0.9499 -0.3082
vn 0.0516 0.9501 -0.3075
vn -0.0484 -0.8907 0.4519
vn -0.0484 -0.8916 0.4503
vn 0.0527 0.9710 0.2331
vn 0.0527 0.9710 0.2334
vn -0.0308 -0.5667 0.8234
vn -0.0305 -0.5609 0.8273
vn 0.0518 0.9538 -0.2958
vn 0.0518 0.9538 -0.2961
vn -0.0507 -0.9342 0.3532
vn -0.0252 -0.4645 0.8852
vn -0.0459 -0.8461 -0.5310
vn -0.0461 -0.8487 -0.5269
vn -0.0538 -0.9905 0.1262
vn -0.0541 -0.9975 0.0449
vn -0.0541 -0.9975 0.0447
vn 0.0510 0.9392 -0.3395
vn -0.0243 -0.4486 -0.8934
vn 0.0525 0.9680 0.2453
vn -0.0216 -0.3979 0.9172
vn -0.0214 -0.3935 0.9191
vn -0.0514 -0.9476 -0.3154
vn -0.0514 -0.9473 -0.3161
vn -0.0508 -0.9363 -0.3476
vn -0.0097 -0.1796 -0.9837
vn -0.0096 -0.1772 -0.9841
vn -0.0096 -0.1773 -0.9841
vn -0.0108 -0.1996 0.9798
vn -0.0107 -0.1979 0.9802
vn -0.0121 -0.2225 0.9749
vn 0.0513 0.9447 -0.3239
vn 0.0513 0.9446 -0.3242
vn 0.0510 0.9386 0.3411
vn 0.0515 0.9492 0.3104
vn 0.0515 0.9494 0.3097
vn -0.0108 -0.1992 -0.9799
vn -0.0107 -0.1976 -0.9802
vn -0.0389 -0.7161 -0.6969
vn -0.0390 -0.7189 -0.6940
vn -0.0528 -0.9719 -0.2294
vn -0.0527 -0.9717 -0.2303
vn 0.0523 0.9637 0.2618
vn 0.0523 0.9636 0.2622
vn -0.0167 -0.3072 0.9515
vn -0.0166 -0.3057 0.9520
vn 0.0499 0.9200 0.3886
vn 0.0351 0.6463 0.7623
vn 0.0351 0.6469 0.7618
vn 0.0497 0.9150 0.4005
vn -0.0120 -0.2217 -0.9750
vn 0.0507 0.9346 -0.3522
vn 0.0507 0.9344 -0.3525
vn 0.0528 0.9725 0.2270
vn 0.0528 0.9727 0.2262
vn -0.0305 -0.5611 -0.8272
vn -0.0308 -0.5668 -0.8233
vn -0.0096 -0.1772 0.9841
vn -0.0096 -0.1773 0.9841
vn -0.0542 -0.9975 -0.0447
vn -0.0541 -0.9971 0.0544
vn -0.0541 -0.9970 0.0545
vn -0.0542 -0.9975 -0.0449
vn 0.0518 0.9539 0.2957
vn 0.0518 0.9538 0.2960
vn -0.0097 -0.1796 0.9837
vn -0.0119 -0.2194 0.9756
vn -0.0117 -0.2146 0.9766
vn 0.0539 0.9936 -0.0994
vn 0.0539 0.9936 -0.0997
vn -0.0538 -0.9901 -0.1294
vn -0.0537 -0.9901 -0.1298
vn 0.0496 0.9138 -0.4032
vn 0.0496 0.9133 -0.4043
vn 0.0537 0.9901 0.1297
vn 0.0537 0.9901 0.1293
vn -0.0214 -0.3935 -0.9191
vn -0.0216 -0.3979 -0.9172
vn -0.0538 -0.9905 -0.1263
vn -0.0539 -0.9930 0.1048
vn -0.0539 -0.9930 0.1050
vn 0.0513 0.9447 0.3239
vn 0.0513 0.9446 0.3242
vn 0.0351 0.6463 -0.7622
vn 0.0351 0.6470 -0.7617
vn 0.0357 0.6583 -0.7519
vn -0.0080 -0.1479 0.9890
vn 0.0536 0.9879 -0.1454
vn 0.0536 0.9879 -0.1455
vn -0.0542 -0.9977 -0.0410
vn -0.0542 -0.9977 -0.0411
vn 0.0487 0.8966 -0.4402
vn 0.0542 0.9976 0.0439
vn 0.0542 0.9976 0.0438
vn -0.0166 -0.3053 -0.9521
vn -0.0167 -0.3068 -0.9516
vn 0.0499 0.9200 -0.3887
vn 0.0497 0.9150 -0.4005
vn -0.0528 -0.9735 0.2225
vn -0.0528 -0.9732 0.2239
vn 0.0507 0.9346 0.3521
vn 0.0507 0.9344 0.3525
vn -0.0497 -0.9159 -0.3983
vn -0.0483 -0.8907 -0.4520
vn -0.0484 -0.8916 -0.4503
vn 0.0532 0.9803 -0.1900
vn 0.0532 0.9803 -0.1904
vn -0.0542 -0.9976 0.0440
vn -0.0542 -0.9976 0.0442
vn -0.0541 -0.9970 -0.0545
vn -0.0541 -0.9971 -0.0544
vn -0.0354 -0.6516 -0.7578
vn -0.0322 -0.5925 -0.8049
vn -0.0355 -0.6547 -0.7550
vn 0.0542 0.9978 -0.0386
vn 0.0542 0.9978 -0.0385
vn -0.0116 -0.2142 -0.9767
vn -0.0119 -0.2189 -0.9757
vn 0.0539 0.9936 0.0994
vn 0.0539 0.9936 0.0997
vn -0.0451 -0.8310 -0.5544
vn -0.0409 -0.7541 -0.6555
vn -0.0411 -0.7561 -0.6531
vn -0.0452 -0.8324 -0.5524
vn -0.0506 -0.9312 0.3609
vn -0.0505 -0.9307 0.3622
vn 0.0496 0.9137 0.4033
vn 0.0496 0.9132 0.4044
vn 0.0527 0.9710 -0.2331
vn 0.0527 0.9710 -0.2334
vn -0.0537 -0.9897 0.1328
vn -0.0537 -0.9896 0.1333
vn -0.0539 -0.9930 -0.1050
vn -0.0539 -0.9930 -0.1048
vn 0.0538 0.9907 -0.1249
vn 0.0538 0.9908 -0.1245
vn -0.0080 -0.1479 -0.9890
vn 0.0357 0.6581 0.7521
vn 0.0487 0.8964 0.4405
vn -0.0497 -0.9159 0.3983
# 2025 vertex normals

vt 0.4542 0.7451 0.0000
vt 0.4455 0.7434 0.0000
vt 0.4458 0.7410 0.0000
vt 0.4549 0.7429 0.0000
vt 0.6818 0.9297 0.0000
vt 0.6902 0.9297 0.0000
vt 0.6893 0.9351 0.0000
vt 0.6811 0.9351 0.0000
vt 0.6818 0.9117 0.0000
vt 0.6811 0.9063 0.0000
vt 0.6893 0.9063 0.0000
vt 0.6902 0.9117 0.0000
vt 0.6726 0.9117 0.0000
vt 0.6723 0.9063 0.0000
vt 0.6726 0.9297 0.0000
vt 0.6630 0.9117 0.0000
vt 0.6630 0.9063 0.0000
vt 0.6630 0.9297 0.0000
vt 0.6534 0.9117 0.0000
vt 0.6536 0.9063 0.0000
vt 0.6534 0.9297 0.0000
vt 0.6441 0.9117 0.0000
vt 0.6446 0.9063 0.0000
vt 0.6441 0.9297 0.0000
vt 0.6354 0.9117 0.0000
vt 0.6363 0.9063 0.0000
vt 0.6354 0.9297 0.0000
vt 0.6279 0.9117 0.0000
vt 0.6290 0.9063 0.0000
vt 0.6279 0.9297 0.0000
vt 0.8635 0.9123 0.0000
vt 0.8645 0.9177 0.0000
vt 0.8575 0.9178 0.0000
vt 0.8563 0.9124 0.0000
vt 0.8563 0.8945 0.0000
vt 0.8635 0.8944 0.0000
vt 0.8719 0.9123 0.0000
vt 0.8726 0.9177 0.0000
vt 0.8719 0.8943 0.0000
vt 0.8810 0.9123 0.0000
vt 0.8814 0.9177 0.0000
vt 0.8810 0.8943 0.0000
vt 0.8906 0.9123 0.0000
vt 0.8907 0.9177 0.0000
vt 0.8906 0.8943 0.0000
vt 0.9002 0.9123 0.0000
vt 0.9000 0.9177 0.0000
vt 0.9003 0.8943 0.0000
vt 0.9096 0.9123 0.0000
vt 0.9090 0.9177 0.0000
vt 0.9096 0.8943 0.0000
vt 0.9183 0.9123 0.0000
vt 0.9174 0.9177 0.0000
vt 0.9183 0.8944 0.0000
vt 0.9260 0.9124 0.0000
vt 0.9249 0.9178 0.0000
vt 0.9260 0.8945 0.0000
vt 0.7810 0.9297 0.0000
vt 0.7820 0.9351 0.0000
vt 0.7749 0.9351 0.0000
vt 0.7738 0.9297 0.0000
vt 0.7738 0.9117 0.0000
vt 0.7810 0.9117 0.0000
vt 0.7894 0.9297 0.0000
vt 0.7901 0.9351 0.0000
vt 0.7894 0.9117 0.0000
vt 0.7985 0.9297 0.0000
vt 0.7989 0.9351 0.0000
vt 0.7985 0.9117 0.0000
vt 0.8081 0.9297 0.0000
vt 0.8082 0.9351 0.0000
vt 0.8081 0.9117 0.0000
vt 0.8178 0.9297 0.0000
vt 0.8175 0.9351 0.0000
vt 0.8178 0.9117 0.0000
vt 0.8271 0.9297 0.0000
vt 0.8265 0.9351 0.0000
vt 0.8271 0.9117 0.0000
vt 0.8358 0.9297 0.0000
vt 0.8349 0.9351 0.0000
vt 0.8358 0.9117 0.0000
vt 0.8434 0.9297 0.0000
vt 0.8423 0.9351 0.0000
vt 0.8434 0.9117 0.0000
vt 0.9107 0.6657 0.0000
vt 0.9053 0.6666 0.0000
vt 0.9053 0.6596 0.0000
vt 0.9107 0.6584 0.0000
vt 0.9286 0.6584 0.0000
vt 0.9286 0.6657 0.0000
vt 0.9107 0.6740 0.0000
vt 0.9053 0.6747 0.0000
vt 0.9287 0.6740 0.0000
vt 0.9107 0.6831 0.0000
vt 0.9053 0.6835 0.0000
vt 0.9287 0.6831 0.0000
vt 0.9107 0.6927 0.0000
vt 0.9053 0.6928 0.0000
vt 0.9287 0.6927 0.0000
vt 0.9107 0.7024 0.0000
vt 0.9053 0.7021 0.0000
vt 0.9287 0.7024 0.0000
vt 0.9107 0.7117 0.0000
vt 0.9053 0.7111 0.0000
vt 0.9287 0.7117 0.0000
vt 0.9107 0.7204 0.0000
vt 0.9053 0.7195 0.0000
vt 0.9286 0.7204 0.0000
vt 0.4636 0.7464 0.0000
vt 0.4624 0.7485 0.0000
vt 0.4366 0.7434 0.0000
vt 0.4364 0.7410 0.0000
vt 0.9107 0.7281 0.0000
vt 0.9053 0.7270 0.0000
vt 0.9286 0.7281 0.0000
vt 0.1906 0.7865 0.0000
vt 0.1929 0.7871 0.0000
vt 0.1893 0.7958 0.0000
vt 0.1872 0.7947 0.0000
vt 0.1841 0.8035 0.0000
vt 0.1822 0.8021 0.0000
vt 0.6975 0.9117 0.0000
vt 0.6975 0.9297 0.0000
vt 0.6964 0.9351 0.0000
vt 0.9340 0.7195 0.0000
vt 0.9340 0.7270 0.0000
vt 0.1775 0.8101 0.0000
vt 0.1760 0.8084 0.0000
vt 0.4371 0.8289 0.0000
vt 0.4369 0.8310 0.0000
vt 0.4287 0.8294 0.0000
vt 0.4293 0.8274 0.0000
vt 0.4279 0.7451 0.0000
vt 0.4272 0.7429 0.0000
vt 0.9340 0.7111 0.0000
vt 0.1697 0.8153 0.0000
vt 0.1686 0.8133 0.0000
vt 0.4197 0.7485 0.0000
vt 0.4186 0.7464 0.0000
vt 0.9341 0.7021 0.0000
vt 0.1611 0.8189 0.0000
vt 0.1604 0.8167 0.0000
vt 0.4123 0.7535 0.0000
vt 0.4108 0.7516 0.0000
vt 0.9341 0.6928 0.0000
vt 0.1519 0.8207 0.0000
vt 0.1516 0.8184 0.0000
vt 0.4060 0.7598 0.0000
vt 0.4042 0.7582 0.0000
vt 0.9341 0.6835 0.0000
vt 0.1426 0.8207 0.0000
vt 0.1428 0.8184 0.0000
vt 0.4011 0.7671 0.0000
vt 0.3990 0.7660 0.0000
vt 0.9340 0.6747 0.0000
vt 0.1334 0.8189 0.0000
vt 0.1340 0.8167 0.0000
vt 0.3977 0.7754 0.0000
vt 0.3955 0.7747 0.0000
vt 0.9340 0.6666 0.0000
vt 0.1248 0.8153 0.0000
vt 0.1258 0.8133 0.0000
vt 0.3959 0.7841 0.0000
vt 0.3936 0.7838 0.0000
vt 0.9340 0.6596 0.0000
vt 0.1170 0.8101 0.0000
vt 0.1184 0.8084 0.0000
vt 0.3959 0.7930 0.0000
vt 0.3937 0.7932 0.0000
vt 0.8349 0.9063 0.0000
vt 0.8423 0.9063 0.0000
vt 0.1104 0.8035 0.0000
vt 0.1121 0.8021 0.0000
vt 0.3977 0.8017 0.0000
vt 0.3955 0.8023 0.0000
vt 0.8265 0.9063 0.0000
vt 0.1052 0.7957 0.0000
vt 0.1072 0.7947 0.0000
vt 0.4011 0.8099 0.0000
vt 0.3991 0.8110 0.0000
vt 0.8175 0.9063 0.0000
vt 0.1016 0.7871 0.0000
vt 0.1038 0.7865 0.0000
vt 0.4060 0.8173 0.0000
vt 0.4043 0.8188 0.0000
vt 0.8082 0.9063 0.0000
vt 0.0998 0.7779 0.0000
vt 0.1021 0.7778 0.0000
vt 0.4123 0.8236 0.0000
vt 0.4109 0.8254 0.0000
vt 0.7989 0.9063 0.0000
vt 0.0998 0.7686 0.0000
vt 0.1021 0.7689 0.0000
vt 0.4197 0.8285 0.0000
vt 0.4186 0.8306 0.0000
vt 0.7901 0.9063 0.0000
vt 0.1016 0.7594 0.0000
vt 0.1038 0.7601 0.0000
vt 0.4279 0.8319 0.0000
vt 0.4273 0.8341 0.0000
vt 0.7820 0.9063 0.0000
vt 0.1052 0.7508 0.0000
vt 0.1072 0.7519 0.0000
vt 0.4366 0.8336 0.0000
vt 0.4364 0.8360 0.0000
vt 0.7749 0.9063 0.0000
vt 0.1104 0.7430 0.0000
vt 0.1121 0.7445 0.0000
vt 0.4455 0.8336 0.0000
vt 0.4458 0.8360 0.0000
vt 0.9174 0.8890 0.0000
vt 0.9249 0.8891 0.0000
vt 0.1170 0.7364 0.0000
vt 0.1184 0.7383 0.0000
vt 0.4542 0.8319 0.0000
vt 0.4549 0.8341 0.0000
vt 0.9090 0.8890 0.0000
vt 0.1247 0.7312 0.0000
vt 0.1258 0.7333 0.0000
vt 0.4624 0.8285 0.0000
vt 0.4636 0.8306 0.0000
vt 0.9000 0.8889 0.0000
vt 0.1334 0.7276 0.0000
vt 0.1340 0.7299 0.0000
vt 0.4698 0.8236 0.0000
vt 0.4714 0.8254 0.0000
vt 0.8907 0.8889 0.0000
vt 0.1425 0.7258 0.0000
vt 0.1427 0.7282 0.0000
vt 0.4761 0.8173 0.0000
vt 0.4780 0.8188 0.0000
vt 0.8814 0.8889 0.0000
vt 0.1519 0.7258 0.0000
vt 0.1516 0.7282 0.0000
vt 0.4810 0.8099 0.0000
vt 0.4831 0.8110 0.0000
vt 0.8726 0.8890 0.0000
vt 0.1611 0.7276 0.0000
vt 0.1603 0.7299 0.0000
vt 0.4844 0.8017 0.0000
vt 0.4867 0.8023 0.0000
vt 0.8645 0.8890 0.0000
vt 0.1697 0.7312 0.0000
vt 0.1685 0.7333 0.0000
vt 0.4862 0.7930 0.0000
vt 0.4885 0.7932 0.0000
vt 0.8575 0.8891 0.0000
vt 0.1775 0.7364 0.0000
vt 0.1759 0.7383 0.0000
vt 0.4861 0.7841 0.0000
vt 0.4885 0.7838 0.0000
vt 0.6363 0.9351 0.0000
vt 0.6290 0.9351 0.0000
vt 0.1841 0.7430 0.0000
vt 0.1822 0.7446 0.0000
vt 0.4844 0.7754 0.0000
vt 0.4867 0.7747 0.0000
vt 0.6446 0.9351 0.0000
vt 0.1893 0.7508 0.0000
vt 0.1872 0.7520 0.0000
vt 0.4810 0.7671 0.0000
vt 0.4831 0.7660 0.0000
vt 0.6536 0.9351 0.0000
vt 0.1929 0.7594 0.0000
vt 0.1906 0.7602 0.0000
vt 0.4761 0.7598 0.0000
vt 0.4779 0.7582 0.0000
vt 0.6630 0.9351 0.0000
vt 0.1947 0.7686 0.0000
vt 0.1923 0.7689 0.0000
vt 0.4698 0.7535 0.0000
vt 0.4713 0.7516 0.0000
vt 0.6723 0.9351 0.0000
vt 0.1947 0.7780 0.0000
vt 0.1923 0.7778 0.0000
vt 0.4452 0.8310 0.0000
vt 0.4450 0.8289 0.0000
vt 0.4022 0.7767 0.0000
vt 0.4002 0.7761 0.0000
vt 0.4034 0.7684 0.0000
vt 0.4053 0.7694 0.0000
vt 0.3986 0.7843 0.0000
vt 0.4007 0.7845 0.0000
vt 0.1663 0.7375 0.0000
vt 0.1673 0.7357 0.0000
vt 0.1743 0.7403 0.0000
vt 0.1729 0.7419 0.0000
vt 0.1596 0.7325 0.0000
vt 0.1590 0.7345 0.0000
vt 0.1084 0.7615 0.0000
vt 0.1063 0.7609 0.0000
vt 0.1095 0.7532 0.0000
vt 0.1114 0.7542 0.0000
vt 0.1047 0.7691 0.0000
vt 0.1068 0.7693 0.0000
vt 0.4814 0.7925 0.0000
vt 0.4835 0.7927 0.0000
vt 0.4819 0.8009 0.0000
vt 0.4799 0.8003 0.0000
vt 0.4835 0.7843 0.0000
vt 0.4814 0.7845 0.0000
vt 0.1432 0.8137 0.0000
vt 0.1430 0.8158 0.0000
vt 0.1348 0.8142 0.0000
vt 0.1354 0.8121 0.0000
vt 0.1514 0.8158 0.0000
vt 0.1512 0.8137 0.0000
vt 0.4209 0.8262 0.0000
vt 0.4219 0.8243 0.0000
vt 0.4080 0.7614 0.0000
vt 0.4097 0.7628 0.0000
vt 0.1514 0.7308 0.0000
vt 0.1512 0.7329 0.0000
vt 0.1047 0.7775 0.0000
vt 0.1068 0.7773 0.0000
vt 0.4787 0.8086 0.0000
vt 0.4768 0.8077 0.0000
vt 0.1860 0.7851 0.0000
vt 0.1880 0.7857 0.0000
vt 0.1848 0.7934 0.0000
vt 0.1830 0.7924 0.0000
vt 0.1897 0.7775 0.0000
vt 0.1876 0.7773 0.0000
vt 0.1596 0.8142 0.0000
vt 0.1590 0.8122 0.0000
vt 0.4140 0.8215 0.0000
vt 0.4153 0.8199 0.0000
vt 0.4528 0.7497 0.0000
vt 0.4534 0.7477 0.0000
vt 0.4611 0.7509 0.0000
vt 0.4602 0.7527 0.0000
vt 0.4452 0.7460 0.0000
vt 0.4450 0.7481 0.0000
vt 0.4140 0.7555 0.0000
vt 0.4153 0.7571 0.0000
vt 0.1430 0.7308 0.0000
vt 0.1432 0.7329 0.0000
vt 0.1063 0.7857 0.0000
vt 0.1084 0.7851 0.0000
vt 0.4740 0.8156 0.0000
vt 0.4724 0.8143 0.0000
vt 0.1673 0.8110 0.0000
vt 0.1663 0.8091 0.0000
vt 0.4081 0.8156 0.0000
vt 0.4097 0.8143 0.0000
vt 0.1897 0.7691 0.0000
vt 0.1876 0.7693 0.0000
vt 0.4209 0.7509 0.0000
vt 0.4219 0.7527 0.0000
vt 0.1348 0.7325 0.0000
vt 0.1354 0.7345 0.0000
vt 0.4681 0.7555 0.0000
vt 0.4668 0.7571 0.0000
vt 0.1095 0.7934 0.0000
vt 0.1114 0.7924 0.0000
vt 0.4681 0.8215 0.0000
vt 0.4668 0.8199 0.0000
vt 0.1743 0.8063 0.0000
vt 0.1729 0.8047 0.0000
vt 0.4034 0.8086 0.0000
vt 0.4053 0.8077 0.0000
vt 0.1880 0.7609 0.0000
vt 0.1860 0.7615 0.0000
vt 0.4286 0.7477 0.0000
vt 0.4293 0.7497 0.0000
vt 0.1271 0.7357 0.0000
vt 0.1281 0.7375 0.0000
vt 0.4740 0.7614 0.0000
vt 0.4724 0.7628 0.0000
vt 0.1142 0.8004 0.0000
vt 0.1158 0.7991 0.0000
vt 0.4612 0.8262 0.0000
vt 0.4602 0.8243 0.0000
vt 0.1802 0.8004 0.0000
vt 0.1786 0.7991 0.0000
vt 0.4002 0.8009 0.0000
vt 0.4022 0.8003 0.0000
vt 0.1848 0.7532 0.0000
vt 0.1830 0.7542 0.0000
vt 0.4368 0.7460 0.0000
vt 0.4371 0.7481 0.0000
vt 0.1201 0.7403 0.0000
vt 0.1214 0.7419 0.0000
vt 0.4787 0.7684 0.0000
vt 0.4768 0.7694 0.0000
vt 0.1201 0.8063 0.0000
vt 0.1215 0.8047 0.0000
vt 0.4534 0.8294 0.0000
vt 0.4528 0.8274 0.0000
vt 0.3986 0.7927 0.0000
vt 0.4007 0.7925 0.0000
vt 0.1802 0.7462 0.0000
vt 0.1786 0.7476 0.0000
vt 0.1142 0.7462 0.0000
vt 0.1158 0.7476 0.0000
vt 0.4819 0.7761 0.0000
vt 0.4799 0.7767 0.0000
vt 0.1271 0.8110 0.0000
vt 0.1281 0.8091 0.0000
vt 0.4784 0.7998 0.0000
vt 0.4790 0.8000 0.0000
vt 0.4760 0.8072 0.0000
vt 0.4755 0.8069 0.0000
vt 0.4805 0.7924 0.0000
vt 0.4799 0.7923 0.0000
vt 0.4372 0.8274 0.0000
vt 0.4372 0.8280 0.0000
vt 0.4295 0.8265 0.0000
vt 0.4297 0.8259 0.0000
vt 0.4449 0.8280 0.0000
vt 0.4449 0.8274 0.0000
vt 0.4022 0.7923 0.0000
vt 0.4016 0.7924 0.0000
vt 0.4016 0.7846 0.0000
vt 0.4022 0.7847 0.0000
vt 0.4031 0.8000 0.0000
vt 0.4037 0.7999 0.0000
vt 0.4658 0.7584 0.0000
vt 0.4662 0.7579 0.0000
vt 0.4717 0.7634 0.0000
vt 0.4712 0.7638 0.0000
vt 0.4597 0.7536 0.0000
vt 0.4594 0.7541 0.0000
vt 0.4297 0.7512 0.0000
vt 0.4295 0.7506 0.0000
vt 0.4371 0.7491 0.0000
vt 0.4372 0.7497 0.0000
vt 0.4223 0.7536 0.0000
vt 0.4226 0.7541 0.0000
vt 0.4717 0.8137 0.0000
vt 0.4712 0.8133 0.0000
vt 0.4224 0.8235 0.0000
vt 0.4227 0.8229 0.0000
vt 0.4031 0.7770 0.0000
vt 0.4037 0.7772 0.0000
vt 0.4760 0.7698 0.0000
vt 0.4754 0.7701 0.0000
vt 0.4449 0.7491 0.0000
vt 0.4449 0.7497 0.0000
vt 0.4662 0.8192 0.0000
vt 0.4658 0.8187 0.0000
vt 0.4159 0.8192 0.0000
vt 0.4163 0.8187 0.0000
vt 0.4061 0.7698 0.0000
vt 0.4066 0.7701 0.0000
vt 0.4790 0.7770 0.0000
vt 0.4784 0.7772 0.0000
vt 0.4525 0.7506 0.0000
vt 0.4524 0.7512 0.0000
vt 0.4597 0.8235 0.0000
vt 0.4594 0.8229 0.0000
vt 0.4104 0.8137 0.0000
vt 0.4109 0.8133 0.0000
vt 0.4104 0.7634 0.0000
vt 0.4109 0.7638 0.0000
vt 0.4805 0.7846 0.0000
vt 0.4799 0.7847 0.0000
vt 0.4526 0.8265 0.0000
vt 0.4524 0.8259 0.0000
vt 0.4061 0.8072 0.0000
vt 0.4066 0.8069 0.0000
vt 0.4159 0.7579 0.0000
vt 0.4163 0.7584 0.0000
vt 0.1558 0.7426 0.0000
vt 0.1578 0.7418 0.0000
vt 0.1578 0.7474 0.0000
vt 0.1558 0.7480 0.0000
vt 0.4034 0.7848 0.0000
vt 0.4034 0.7922 0.0000
vt 0.1013 0.9460 0.0000
vt 0.1007 0.9480 0.0000
vt 0.0949 0.9480 0.0000
vt 0.0956 0.9460 0.0000
vt 0.4836 0.5340 0.0000
vt 0.4856 0.5337 0.0000
vt 0.4856 0.5411 0.0000
vt 0.4836 0.5411 0.0000
vt 0.4048 0.7775 0.0000
vt 0.4856 0.5267 0.0000
vt 0.4871 0.5262 0.0000
vt 0.4871 0.5334 0.0000
vt 0.4836 0.5271 0.0000
vt 0.1579 0.7538 0.0000
vt 0.1558 0.7543 0.0000
vt 0.4871 0.5410 0.0000
vt 0.4856 0.5485 0.0000
vt 0.4836 0.5483 0.0000
vt 0.1593 0.7467 0.0000
vt 0.1593 0.7533 0.0000
vt 0.1579 0.7608 0.0000
vt 0.1559 0.7611 0.0000
vt 0.4871 0.5487 0.0000
vt 0.4856 0.5557 0.0000
vt 0.4836 0.5553 0.0000
vt 0.1594 0.7606 0.0000
vt 0.1579 0.7682 0.0000
vt 0.1559 0.7682 0.0000
vt 0.4871 0.5561 0.0000
vt 0.4856 0.5623 0.0000
vt 0.4836 0.5618 0.0000
vt 0.1594 0.7682 0.0000
vt 0.5290 0.8055 0.0000
vt 0.5270 0.8061 0.0000
vt 0.5270 0.7997 0.0000
vt 0.5290 0.7992 0.0000
vt 0.4870 0.5629 0.0000
vt 0.4448 0.7508 0.0000
vt 0.4521 0.7522 0.0000
vt 0.5290 0.8109 0.0000
vt 0.5270 0.8117 0.0000
vt 0.1579 0.7756 0.0000
vt 0.1559 0.7754 0.0000
vt 0.5255 0.8068 0.0000
vt 0.5255 0.8002 0.0000
vt 0.4856 0.5683 0.0000
vt 0.4836 0.5675 0.0000
vt 0.1594 0.7758 0.0000
vt 0.5270 0.7927 0.0000
vt 0.5290 0.7924 0.0000
vt 0.4870 0.5690 0.0000
vt 0.1579 0.7828 0.0000
vt 0.1558 0.7824 0.0000
vt 0.5255 0.7929 0.0000
vt 0.1476 0.9460 0.0000
vt 0.1485 0.9480 0.0000
vt 0.1428 0.9480 0.0000
vt 0.1422 0.9460 0.0000
vt 0.1593 0.7832 0.0000
vt 0.5270 0.7853 0.0000
vt 0.5290 0.7853 0.0000
vt 0.4374 0.8262 0.0000
vt 0.4301 0.8248 0.0000
vt 0.1578 0.7895 0.0000
vt 0.1558 0.7889 0.0000
vt 0.5255 0.7853 0.0000
vt 0.1363 0.9480 0.0000
vt 0.1359 0.9460 0.0000
vt 0.1593 0.7901 0.0000
vt 0.5270 0.7779 0.0000
vt 0.5290 0.7781 0.0000
vt 0.1435 0.9494 0.0000
vt 0.1368 0.9494 0.0000
vt 0.1578 0.7954 0.0000
vt 0.1558 0.7946 0.0000
vt 0.5255 0.7777 0.0000
vt 0.1293 0.9480 0.0000
vt 0.1290 0.9460 0.0000
vt 0.1592 0.7962 0.0000
vt 0.5270 0.7707 0.0000
vt 0.5290 0.7711 0.0000
vt 0.1295 0.9494 0.0000
vt 0.1219 0.9480 0.0000
vt 0.1219 0.9460 0.0000
vt 0.5255 0.7703 0.0000
vt 0.5270 0.7640 0.0000
vt 0.5290 0.7646 0.0000
vt 0.1219 0.9494 0.0000
vt 0.1145 0.9480 0.0000
vt 0.1147 0.9460 0.0000
vt 0.5255 0.7634 0.0000
vt 0.5270 0.7581 0.0000
vt 0.5290 0.7589 0.0000
vt 0.1143 0.9494 0.0000
vt 0.1073 0.9480 0.0000
vt 0.1077 0.9460 0.0000
vt 0.5255 0.7574 0.0000
vt 0.4836 0.5155 0.0000
vt 0.4856 0.5147 0.0000
vt 0.4856 0.5203 0.0000
vt 0.4836 0.5209 0.0000
vt 0.1069 0.9494 0.0000
vt 0.4870 0.5139 0.0000
vt 0.4870 0.5196 0.0000
vt 0.1001 0.9494 0.0000
vt 0.6292 0.9957 0.0000
vt 0.6292 0.9961 0.0000
vt 0.6215 0.9961 0.0000
vt 0.6215 0.9957 0.0000
vt 0.1122 0.7920 0.0000
vt 0.1092 0.7848 0.0000
vt 0.6370 0.9957 0.0000
vt 0.6370 0.9961 0.0000
vt 0.4916 0.9437 0.0000
vt 0.4917 0.9433 0.0000
vt 0.4990 0.9433 0.0000
vt 0.4990 0.9437 0.0000
vt 0.1077 0.7772 0.0000
vt 0.1587 0.8113 0.0000
vt 0.1511 0.8128 0.0000
vt 0.4840 0.9437 0.0000
vt 0.4840 0.9433 0.0000
vt 0.1711 0.9957 0.0000
vt 0.1712 0.9961 0.0000
vt 0.1642 0.9961 0.0000
vt 0.1642 0.9957 0.0000
vt 0.1433 0.8128 0.0000
vt 0.1659 0.7383 0.0000
vt 0.1724 0.7426 0.0000
vt 0.1772 0.9957 0.0000
vt 0.1773 0.9961 0.0000
vt 0.8408 0.5103 0.0000
vt 0.8404 0.5103 0.0000
vt 0.8404 0.5028 0.0000
vt 0.8409 0.5028 0.0000
vt 0.1779 0.7481 0.0000
vt 0.1165 0.7481 0.0000
vt 0.1220 0.7426 0.0000
vt 0.8408 0.5173 0.0000
vt 0.8404 0.5173 0.0000
vt 0.1165 0.7985 0.0000
vt 0.1285 0.7383 0.0000
vt 0.6445 0.9957 0.0000
vt 0.6445 0.9961 0.0000
vt 0.1271 0.9957 0.0000
vt 0.1271 0.9961 0.0000
vt 0.1212 0.9961 0.0000
vt 0.1212 0.9957 0.0000
vt 0.1867 0.7772 0.0000
vt 0.1852 0.7848 0.0000
vt 0.1339 0.9957 0.0000
vt 0.1339 0.9961 0.0000
vt 0.1659 0.8083 0.0000
vt 0.1822 0.7920 0.0000
vt 0.4762 0.9437 0.0000
vt 0.4762 0.9433 0.0000
vt 0.1587 0.7353 0.0000
vt 0.8408 0.4733 0.0000
vt 0.8404 0.4732 0.0000
vt 0.8403 0.4674 0.0000
vt 0.8407 0.4675 0.0000
vt 0.1122 0.7546 0.0000
vt 0.8407 0.5234 0.0000
vt 0.8403 0.5235 0.0000
vt 0.1220 0.8040 0.0000
vt 0.6514 0.9957 0.0000
vt 0.6515 0.9961 0.0000
vt 0.1867 0.7694 0.0000
vt 0.1413 0.9957 0.0000
vt 0.1413 0.9961 0.0000
vt 0.1724 0.8040 0.0000
vt 0.4687 0.9437 0.0000
vt 0.4687 0.9433 0.0000
vt 0.1511 0.7338 0.0000
vt 0.8408 0.4800 0.0000
vt 0.8404 0.4800 0.0000
vt 0.1092 0.7618 0.0000
vt 0.6075 0.9957 0.0000
vt 0.6074 0.9961 0.0000
vt 0.6015 0.9961 0.0000
vt 0.6016 0.9957 0.0000
vt 0.1285 0.8083 0.0000
vt 0.6576 0.9957 0.0000
vt 0.6577 0.9961 0.0000
vt 0.1852 0.7618 0.0000
vt 0.1490 0.9957 0.0000
vt 0.1490 0.9961 0.0000
vt 0.1779 0.7985 0.0000
vt 0.4617 0.9437 0.0000
vt 0.4617 0.9433 0.0000
vt 0.1433 0.7338 0.0000
vt 0.8409 0.4874 0.0000
vt 0.8404 0.4873 0.0000
vt 0.1077 0.7694 0.0000
vt 0.6142 0.9957 0.0000
vt 0.6141 0.9961 0.0000
vt 0.1357 0.8113 0.0000
vt 0.5057 0.9437 0.0000
vt 0.5058 0.9433 0.0000
vt 0.5116 0.9433 0.0000
vt 0.5115 0.9437 0.0000
vt 0.1822 0.7546 0.0000
vt 0.1567 0.9957 0.0000
vt 0.1567 0.9961 0.0000
vt 0.4556 0.9437 0.0000
vt 0.4555 0.9433 0.0000
vt 0.1357 0.7353 0.0000
vt 0.8409 0.4950 0.0000
vt 0.8404 0.4950 0.0000
vt 0.8410 0.4800 0.0000
vt 0.8411 0.4800 0.0000
vt 0.8411 0.4874 0.0000
vt 0.8281 0.0580 0.0000
vt 0.8282 0.0580 0.0000
vt 0.8321 0.0638 0.0000
vt 0.8320 0.0639 0.0000
vt 0.8769 0.0093 0.0000
vt 0.8768 0.0093 0.0000
vt 0.8703 0.0067 0.0000
vt 0.8703 0.0066 0.0000
vt 0.5115 0.9439 0.0000
vt 0.5115 0.9440 0.0000
vt 0.5057 0.9440 0.0000
vt 0.5057 0.9439 0.0000
vt 0.8771 0.0088 0.0000
vt 0.8831 0.0128 0.0000
vt 0.8827 0.0132 0.0000
vt 0.8768 0.0728 0.0000
vt 0.8768 0.0727 0.0000
vt 0.8827 0.0688 0.0000
vt 0.8827 0.0689 0.0000
vt 0.8371 0.0688 0.0000
vt 0.8370 0.0689 0.0000
vt 0.8634 0.0052 0.0000
vt 0.8635 0.0047 0.0000
vt 0.8705 0.0061 0.0000
vt 0.8316 0.0642 0.0000
vt 0.8277 0.0582 0.0000
vt 0.8634 0.0053 0.0000
vt 0.8429 0.0728 0.0000
vt 0.8427 0.0733 0.0000
vt 0.8367 0.0693 0.0000
vt 0.8429 0.0727 0.0000
vt 0.8564 0.0052 0.0000
vt 0.8563 0.0047 0.0000
vt 0.8564 0.0053 0.0000
vt 0.8494 0.0755 0.0000
vt 0.8493 0.0760 0.0000
vt 0.8494 0.0754 0.0000
vt 0.8494 0.0066 0.0000
vt 0.8493 0.0061 0.0000
vt 0.8495 0.0066 0.0000
vt 0.1212 0.9955 0.0000
vt 0.1271 0.9955 0.0000
vt 0.8777 0.0077 0.0000
vt 0.8838 0.0119 0.0000
vt 0.8876 0.0638 0.0000
vt 0.8877 0.0639 0.0000
vt 0.8563 0.0769 0.0000
vt 0.8563 0.0774 0.0000
vt 0.8831 0.0693 0.0000
vt 0.8771 0.0733 0.0000
vt 0.8563 0.0768 0.0000
vt 0.8429 0.0093 0.0000
vt 0.8427 0.0088 0.0000
vt 0.8430 0.0093 0.0000
vt 0.8916 0.0580 0.0000
vt 0.8921 0.0583 0.0000
vt 0.8881 0.0642 0.0000
vt 0.8634 0.0769 0.0000
vt 0.8635 0.0774 0.0000
vt 0.8634 0.0768 0.0000
vt 0.8371 0.0132 0.0000
vt 0.8367 0.0128 0.0000
vt 0.8943 0.0515 0.0000
vt 0.8948 0.0517 0.0000
vt 0.8703 0.0755 0.0000
vt 0.8705 0.0760 0.0000
vt 0.8703 0.0754 0.0000
vt 0.8321 0.0182 0.0000
vt 0.8317 0.0178 0.0000
vt 0.8957 0.0446 0.0000
vt 0.8962 0.0446 0.0000
vt 0.8956 0.0446 0.0000
vt 0.8281 0.0240 0.0000
vt 0.8277 0.0238 0.0000
vt 0.8282 0.0241 0.0000
vt 0.8957 0.0375 0.0000
vt 0.8962 0.0375 0.0000
vt 0.8956 0.0375 0.0000
vt 0.8254 0.0306 0.0000
vt 0.8249 0.0304 0.0000
vt 0.8255 0.0306 0.0000
vt 0.8943 0.0306 0.0000
vt 0.8948 0.0304 0.0000
vt 0.8241 0.0375 0.0000
vt 0.8235 0.0374 0.0000
vt 0.8916 0.0241 0.0000
vt 0.8921 0.0238 0.0000
vt 0.8241 0.0445 0.0000
vt 0.8235 0.0446 0.0000
vt 0.8877 0.0182 0.0000
vt 0.8881 0.0179 0.0000
vt 0.8254 0.0515 0.0000
vt 0.8249 0.0516 0.0000
vt 0.8255 0.0515 0.0000
vt 0.8827 0.0133 0.0000
vt 0.5581 0.7989 0.0000
vt 0.5597 0.7989 0.0000
vt 0.5597 0.8050 0.0000
vt 0.5581 0.8050 0.0000
vt 0.5599 0.7989 0.0000
vt 0.5597 0.7922 0.0000
vt 0.5599 0.7922 0.0000
vt 0.5306 0.7852 0.0000
vt 0.5306 0.7923 0.0000
vt 0.5581 0.7922 0.0000
vt 0.5306 0.7990 0.0000
vt 0.5306 0.7781 0.0000
vt 0.5306 0.7713 0.0000
vt 0.5306 0.7649 0.0000
vt 0.5306 0.7592 0.0000
vt 0.4820 0.5212 0.0000
vt 0.4820 0.5159 0.0000
vt 0.4820 0.5273 0.0000
vt 0.4820 0.5341 0.0000
vt 0.4820 0.5411 0.0000
vt 0.4820 0.5482 0.0000
vt 0.4820 0.5551 0.0000
vt 0.4820 0.5615 0.0000
vt 0.4820 0.5672 0.0000
vt 0.1419 0.9443 0.0000
vt 0.1473 0.9443 0.0000
vt 0.1357 0.9443 0.0000
vt 0.1289 0.9443 0.0000
vt 0.1219 0.9443 0.0000
vt 0.1148 0.9443 0.0000
vt 0.1079 0.9443 0.0000
vt 0.1016 0.9443 0.0000
vt 0.0960 0.9443 0.0000
vt 0.1542 0.7483 0.0000
vt 0.1541 0.7430 0.0000
vt 0.1542 0.7545 0.0000
vt 0.1543 0.7612 0.0000
vt 0.1543 0.7683 0.0000
vt 0.1543 0.7754 0.0000
vt 0.1542 0.7822 0.0000
vt 0.1542 0.7886 0.0000
vt 0.1541 0.7943 0.0000
vt 0.5306 0.8052 0.0000
vt 0.5306 0.8105 0.0000
vt 0.5581 0.8103 0.0000
vt 0.1267 0.7940 0.0000
vt 0.1267 0.7884 0.0000
vt 0.1268 0.7821 0.0000
vt 0.1268 0.7753 0.0000
vt 0.1268 0.7683 0.0000
vt 0.1268 0.7613 0.0000
vt 0.1268 0.7546 0.0000
vt 0.1267 0.7485 0.0000
vt 0.1267 0.7432 0.0000
vt 0.0962 0.9169 0.0000
vt 0.1018 0.9169 0.0000
vt 0.1080 0.9169 0.0000
vt 0.1148 0.9169 0.0000
vt 0.1218 0.9169 0.0000
vt 0.1288 0.9169 0.0000
vt 0.1355 0.9169 0.0000
vt 0.1417 0.9169 0.0000
vt 0.1470 0.9169 0.0000
vt 0.4545 0.5669 0.0000
vt 0.4545 0.5613 0.0000
vt 0.4545 0.5550 0.0000
vt 0.4545 0.5482 0.0000
vt 0.4545 0.5411 0.0000
vt 0.4545 0.5342 0.0000
vt 0.4545 0.5275 0.0000
vt 0.4545 0.5214 0.0000
vt 0.4545 0.5161 0.0000
vt 0.5581 0.7595 0.0000
vt 0.5581 0.7651 0.0000
vt 0.5581 0.7714 0.0000
vt 0.5581 0.7782 0.0000
vt 0.5581 0.7852 0.0000
vt 0.5597 0.7852 0.0000
vt 0.5599 0.7852 0.0000
vt 0.5599 0.8050 0.0000
vt 0.5597 0.7782 0.0000
vt 0.5599 0.7782 0.0000
vt 0.5597 0.7714 0.0000
vt 0.5599 0.7714 0.0000
vt 0.5597 0.7651 0.0000
vt 0.5599 0.7651 0.0000
vt 0.5597 0.7595 0.0000
vt 0.5599 0.7595 0.0000
vt 0.4526 0.5161 0.0000
vt 0.4529 0.5161 0.0000
vt 0.4529 0.5214 0.0000
vt 0.4527 0.5214 0.0000
vt 0.4529 0.5275 0.0000
vt 0.4527 0.5275 0.0000
vt 0.4529 0.5342 0.0000
vt 0.4527 0.5342 0.0000
vt 0.4529 0.5411 0.0000
vt 0.4527 0.5411 0.0000
vt 0.4529 0.5482 0.0000
vt 0.4527 0.5482 0.0000
vt 0.4529 0.5550 0.0000
vt 0.4527 0.5550 0.0000
vt 0.4529 0.5613 0.0000
vt 0.4527 0.5613 0.0000
vt 0.4529 0.5669 0.0000
vt 0.4526 0.5669 0.0000
vt 0.1470 0.9150 0.0000
vt 0.1470 0.9153 0.0000
vt 0.1417 0.9153 0.0000
vt 0.1417 0.9150 0.0000
vt 0.1355 0.9153 0.0000
vt 0.1355 0.9150 0.0000
vt 0.1288 0.9153 0.0000
vt 0.1288 0.9150 0.0000
vt 0.1218 0.9153 0.0000
vt 0.1218 0.9150 0.0000
vt 0.1148 0.9153 0.0000
vt 0.1148 0.9150 0.0000
vt 0.1080 0.9153 0.0000
vt 0.1080 0.9150 0.0000
vt 0.1018 0.9153 0.0000
vt 0.1018 0.9150 0.0000
vt 0.0962 0.9153 0.0000
vt 0.0962 0.9150 0.0000
vt 0.1248 0.7433 0.0000
vt 0.1251 0.7433 0.0000
vt 0.1251 0.7485 0.0000
vt 0.1249 0.7485 0.0000
vt 0.1251 0.7546 0.0000
vt 0.1249 0.7546 0.0000
vt 0.1252 0.7613 0.0000
vt 0.1249 0.7613 0.0000
vt 0.1252 0.7683 0.0000
vt 0.1249 0.7683 0.0000
vt 0.1252 0.7753 0.0000
vt 0.1249 0.7753 0.0000
vt 0.1251 0.7821 0.0000
vt 0.1249 0.7821 0.0000
vt 0.1251 0.7884 0.0000
vt 0.1249 0.7884 0.0000
vt 0.1251 0.7940 0.0000
vt 0.1248 0.7940 0.0000
vt 0.5599 0.8103 0.0000
vt 0.5597 0.8103 0.0000
vt 0.8783 0.0067 0.0000
vt 0.8785 0.0062 0.0000
vt 0.8850 0.0105 0.0000
vt 0.8846 0.0109 0.0000
vt 0.6514 0.9955 0.0000
vt 0.6576 0.9955 0.0000
vt 0.8709 0.0049 0.0000
vt 0.8712 0.0037 0.0000
vt 0.8410 0.4733 0.0000
vt 0.6445 0.9955 0.0000
vt 0.8409 0.4675 0.0000
vt 0.8410 0.4675 0.0000
vt 0.6370 0.9955 0.0000
vt 0.1711 0.9955 0.0000
vt 0.1772 0.9955 0.0000
vt 0.6292 0.9955 0.0000
vt 0.1642 0.9955 0.0000
vt 0.6215 0.9955 0.0000
vt 0.1567 0.9955 0.0000
vt 0.6142 0.9955 0.0000
vt 0.4617 0.9439 0.0000
vt 0.4617 0.9440 0.0000
vt 0.4556 0.9440 0.0000
vt 0.4556 0.9439 0.0000
vt 0.1490 0.9955 0.0000
vt 0.6075 0.9955 0.0000
vt 0.4687 0.9439 0.0000
vt 0.4687 0.9440 0.0000
vt 0.1413 0.9955 0.0000
vt 0.6016 0.9955 0.0000
vt 0.4762 0.9440 0.0000
vt 0.1339 0.9955 0.0000
vt 0.8410 0.5173 0.0000
vt 0.8410 0.5234 0.0000
vt 0.8409 0.5234 0.0000
vt 0.4840 0.9440 0.0000
vt 0.8410 0.5103 0.0000
vt 0.8411 0.5103 0.0000
vt 0.8846 0.0712 0.0000
vt 0.8850 0.0716 0.0000
vt 0.8785 0.0759 0.0000
vt 0.8783 0.0754 0.0000
vt 0.4916 0.9440 0.0000
vt 0.8411 0.5028 0.0000
vt 0.4990 0.9439 0.0000
vt 0.4990 0.9440 0.0000
vt 0.8411 0.4950 0.0000
vt 0.8298 0.0657 0.0000
vt 0.8294 0.0661 0.0000
vt 0.8251 0.0596 0.0000
vt 0.8255 0.0594 0.0000
vt 0.8266 0.0588 0.0000
vt 0.8238 0.0520 0.0000
vt 0.8838 0.0702 0.0000
vt 0.8777 0.0743 0.0000
vt 0.8307 0.0650 0.0000
vt 0.8891 0.0171 0.0000
vt 0.8226 0.0523 0.0000
vt 0.8223 0.0447 0.0000
vt 0.8900 0.0163 0.0000
vt 0.8932 0.0232 0.0000
vt 0.8211 0.0448 0.0000
vt 0.8223 0.0373 0.0000
vt 0.8943 0.0227 0.0000
vt 0.8960 0.0301 0.0000
vt 0.8211 0.0372 0.0000
vt 0.8238 0.0301 0.0000
vt 0.8972 0.0297 0.0000
vt 0.8975 0.0373 0.0000
vt 0.8226 0.0297 0.0000
vt 0.8266 0.0232 0.0000
vt 0.8987 0.0372 0.0000
vt 0.8975 0.0447 0.0000
vt 0.8255 0.0226 0.0000
vt 0.8307 0.0171 0.0000
vt 0.8987 0.0449 0.0000
vt 0.8708 0.0772 0.0000
vt 0.8714 0.0032 0.0000
vt 0.8786 0.0061 0.0000
vt 0.8298 0.0163 0.0000
vt 0.8960 0.0520 0.0000
vt 0.8712 0.0783 0.0000
vt 0.8360 0.0118 0.0000
vt 0.8972 0.0524 0.0000
vt 0.8636 0.0786 0.0000
vt 0.8352 0.0109 0.0000
vt 0.8932 0.0588 0.0000
vt 0.8637 0.0798 0.0000
vt 0.8421 0.0077 0.0000
vt 0.8943 0.0594 0.0000
vt 0.8562 0.0786 0.0000
vt 0.8415 0.0066 0.0000
vt 0.8891 0.0650 0.0000
vt 0.8561 0.0798 0.0000
vt 0.8489 0.0049 0.0000
vt 0.8900 0.0658 0.0000
vt 0.8489 0.0772 0.0000
vt 0.8486 0.0037 0.0000
vt 0.8486 0.0783 0.0000
vt 0.8562 0.0035 0.0000
vt 0.8421 0.0743 0.0000
vt 0.8561 0.0022 0.0000
vt 0.8636 0.0035 0.0000
vt 0.8415 0.0754 0.0000
vt 0.8359 0.0702 0.0000
vt 0.8637 0.0022 0.0000
vt 0.8352 0.0712 0.0000
vt 0.8348 0.0716 0.0000
vt 0.8293 0.0661 0.0000
vt 0.8850 0.0104 0.0000
vt 0.8638 0.0016 0.0000
vt 0.8638 0.0017 0.0000
vt 0.8250 0.0597 0.0000
vt 0.8412 0.0759 0.0000
vt 0.8413 0.0759 0.0000
vt 0.8560 0.0016 0.0000
vt 0.8560 0.0017 0.0000
vt 0.8484 0.0789 0.0000
vt 0.8484 0.0788 0.0000
vt 0.8484 0.0031 0.0000
vt 0.8485 0.0032 0.0000
vt 0.8905 0.0662 0.0000
vt 0.8904 0.0661 0.0000
vt 0.8560 0.0804 0.0000
vt 0.8786 0.0760 0.0000
vt 0.8413 0.0061 0.0000
vt 0.8413 0.0062 0.0000
vt 0.8948 0.0597 0.0000
vt 0.8947 0.0597 0.0000
vt 0.8638 0.0804 0.0000
vt 0.8348 0.0104 0.0000
vt 0.8349 0.0105 0.0000
vt 0.8978 0.0525 0.0000
vt 0.8977 0.0525 0.0000
vt 0.8714 0.0789 0.0000
vt 0.8714 0.0788 0.0000
vt 0.8293 0.0159 0.0000
vt 0.8294 0.0160 0.0000
vt 0.8993 0.0449 0.0000
vt 0.8992 0.0449 0.0000
vt 0.8250 0.0224 0.0000
vt 0.8251 0.0224 0.0000
vt 0.8993 0.0372 0.0000
vt 0.8992 0.0372 0.0000
vt 0.8220 0.0295 0.0000
vt 0.8221 0.0295 0.0000
vt 0.8978 0.0296 0.0000
vt 0.8977 0.0296 0.0000
vt 0.8205 0.0371 0.0000
vt 0.8206 0.0371 0.0000
vt 0.8948 0.0224 0.0000
vt 0.8947 0.0224 0.0000
vt 0.8205 0.0449 0.0000
vt 0.8206 0.0449 0.0000
vt 0.8905 0.0159 0.0000
vt 0.8904 0.0160 0.0000
vt 0.8220 0.0525 0.0000
vt 0.8221 0.0525 0.0000
vt 0.6964 0.9063 0.0000
vt 0.5797 0.1227 0.0000
vt 0.5814 0.1173 0.0000
vt 0.5833 0.1181 0.0000
vt 0.5807 0.1231 0.0000
vt 0.5686 0.1226 0.0000
vt 0.5736 0.1253 0.0000
vt 0.5732 0.1262 0.0000
vt 0.5678 0.1246 0.0000
vt 0.5674 0.1267 0.0000
vt 0.5730 0.1272 0.0000
vt 0.5730 0.1282 0.0000
vt 0.5674 0.1288 0.0000
vt 0.5678 0.1309 0.0000
vt 0.5732 0.1292 0.0000
vt 0.8087 0.6090 0.0000
vt 0.8135 0.6091 0.0000
vt 0.8134 0.6109 0.0000
vt 0.8087 0.6108 0.0000
vt 0.5771 0.1385 0.0000
vt 0.5777 0.1329 0.0000
vt 0.5787 0.1329 0.0000
vt 0.5793 0.1385 0.0000
vt 0.5751 0.1381 0.0000
vt 0.5767 0.1327 0.0000
vt 0.5797 0.1327 0.0000
vt 0.5814 0.1381 0.0000
vt 0.5815 0.1237 0.0000
vt 0.5851 0.1193 0.0000
vt 0.5866 0.1208 0.0000
vt 0.5822 0.1244 0.0000
vt 0.5731 0.1373 0.0000
vt 0.5758 0.1323 0.0000
vt 0.1898 0.8032 0.0000
vt 0.1898 0.8014 0.0000
vt 0.1946 0.8014 0.0000
vt 0.1946 0.8032 0.0000
vt 0.5751 0.1173 0.0000
vt 0.5771 0.1169 0.0000
vt 0.5777 0.1225 0.0000
vt 0.5767 0.1227 0.0000
vt 0.5878 0.1226 0.0000
vt 0.5828 0.1253 0.0000
vt 0.5713 0.1361 0.0000
vt 0.5749 0.1317 0.0000
vt 0.5886 0.1246 0.0000
vt 0.5832 0.1262 0.0000
vt 0.5698 0.1346 0.0000
vt 0.5742 0.1310 0.0000
vt 0.5890 0.1267 0.0000
vt 0.5834 0.1272 0.0000
vt 0.5686 0.1328 0.0000
vt 0.5736 0.1302 0.0000
vt 0.9745 0.7042 0.0000
vt 0.9745 0.7059 0.0000
vt 0.9697 0.7059 0.0000
vt 0.9697 0.7041 0.0000
vt 0.9745 0.7079 0.0000
vt 0.9697 0.7078 0.0000
vt 0.8087 0.6029 0.0000
vt 0.8135 0.6029 0.0000
vt 0.8135 0.6050 0.0000
vt 0.8087 0.6050 0.0000
vt 0.5832 0.1292 0.0000
vt 0.5886 0.1309 0.0000
vt 0.5878 0.1328 0.0000
vt 0.5828 0.1301 0.0000
vt 0.5793 0.1169 0.0000
vt 0.5787 0.1225 0.0000
vt 0.5866 0.1346 0.0000
vt 0.5822 0.1310 0.0000
vt 0.5731 0.1181 0.0000
vt 0.5758 0.1231 0.0000
vt 0.5851 0.1361 0.0000
vt 0.5815 0.1317 0.0000
vt 0.5713 0.1193 0.0000
vt 0.5749 0.1237 0.0000
vt 0.5833 0.1373 0.0000
vt 0.5807 0.1323 0.0000
vt 0.5698 0.1208 0.0000
vt 0.5742 0.1244 0.0000
vt 0.3881 0.7609 0.0000
vt 0.3881 0.7606 0.0000
vt 0.3891 0.7606 0.0000
vt 0.3891 0.7609 0.0000
vt 0.9980 0.5033 0.0000
vt 0.9980 0.5023 0.0000
vt 0.9983 0.5023 0.0000
vt 0.9983 0.5033 0.0000
vt 0.9983 0.5043 0.0000
vt 0.9980 0.5043 0.0000
vt 0.7101 0.2338 0.0000
vt 0.7101 0.2330 0.0000
vt 0.7104 0.2330 0.0000
vt 0.7104 0.2338 0.0000
vt 0.7104 0.2348 0.0000
vt 0.7101 0.2348 0.0000
vt 0.9980 0.5013 0.0000
vt 0.9983 0.5013 0.0000
vt 0.3871 0.7609 0.0000
vt 0.3871 0.7606 0.0000
vt 0.7104 0.2358 0.0000
vt 0.7101 0.2358 0.0000
vt 0.7101 0.2395 0.0000
vt 0.7101 0.2387 0.0000
vt 0.7104 0.2387 0.0000
vt 0.7104 0.2395 0.0000
vt 0.3862 0.7609 0.0000
vt 0.3862 0.7606 0.0000
vt 0.9983 0.5005 0.0000
vt 0.9980 0.5005 0.0000
vt 0.9980 0.4997 0.0000
vt 0.9983 0.4997 0.0000
vt 0.7101 0.2378 0.0000
vt 0.7101 0.2368 0.0000
vt 0.7104 0.2368 0.0000
vt 0.7104 0.2378 0.0000
vt 0.7338 0.6064 0.0000
vt 0.7348 0.6068 0.0000
vt 0.7356 0.6074 0.0000
vt 0.7363 0.6081 0.0000
vt 0.7369 0.6089 0.0000
vt 0.7373 0.6099 0.0000
vt 0.7375 0.6109 0.0000
vt 0.7375 0.6119 0.0000
vt 0.7373 0.6129 0.0000
vt 0.7369 0.6138 0.0000
vt 0.7363 0.6147 0.0000
vt 0.7356 0.6154 0.0000
vt 0.7348 0.6159 0.0000
vt 0.7338 0.6163 0.0000
vt 0.7328 0.6165 0.0000
vt 0.7318 0.6165 0.0000
vt 0.7308 0.6163 0.0000
vt 0.7299 0.6159 0.0000
vt 0.7290 0.6154 0.0000
vt 0.7283 0.6147 0.0000
vt 0.7277 0.6138 0.0000
vt 0.7273 0.6129 0.0000
vt 0.7271 0.6119 0.0000
vt 0.7271 0.6109 0.0000
vt 0.7273 0.6099 0.0000
vt 0.7277 0.6089 0.0000
vt 0.7283 0.6081 0.0000
vt 0.7290 0.6074 0.0000
vt 0.7299 0.6068 0.0000
vt 0.7308 0.6064 0.0000
vt 0.7318 0.6062 0.0000
vt 0.7328 0.6062 0.0000
vt 0.3853 0.7609 0.0000
vt 0.3854 0.7606 0.0000
vt 0.9980 0.5062 0.0000
vt 0.9980 0.5053 0.0000
vt 0.9983 0.5053 0.0000
vt 0.9983 0.5062 0.0000
vt 0.9980 0.5497 0.0000
vt 0.9983 0.5497 0.0000
vt 0.9983 0.5505 0.0000
vt 0.9980 0.5505 0.0000
vt 0.9980 0.5489 0.0000
vt 0.9983 0.5489 0.0000
vt 0.9980 0.5479 0.0000
vt 0.9983 0.5479 0.0000
vt 0.9980 0.5469 0.0000
vt 0.9983 0.5469 0.0000
vt 0.9980 0.5459 0.0000
vt 0.9983 0.5459 0.0000
vt 0.9983 0.5070 0.0000
vt 0.9980 0.5070 0.0000
vt 0.9980 0.5449 0.0000
vt 0.9983 0.5449 0.0000
vt 0.3919 0.7609 0.0000
vt 0.3919 0.7606 0.0000
vt 0.3927 0.7606 0.0000
vt 0.3927 0.7609 0.0000
vt 0.9980 0.5440 0.0000
vt 0.9983 0.5440 0.0000
vt 0.3911 0.7609 0.0000
vt 0.3911 0.7606 0.0000
vt 0.9980 0.5431 0.0000
vt 0.9983 0.5431 0.0000
vt 0.3901 0.7609 0.0000
vt 0.3901 0.7606 0.0000
vt 0.7101 0.2322 0.0000
vt 0.7104 0.2322 0.0000
vt 0.5834 0.1282 0.0000
vt 0.5890 0.1288 0.0000
vt 0.1898 0.8135 0.0000
vt 0.1898 0.8115 0.0000
vt 0.1946 0.8116 0.0000
vt 0.1946 0.8135 0.0000
vt 0.1898 0.8095 0.0000
vt 0.1946 0.8095 0.0000
vt 0.1898 0.8073 0.0000
vt 0.1946 0.8073 0.0000
vt 0.9506 0.8379 0.0000
vt 0.9506 0.8398 0.0000
vt 0.9458 0.8398 0.0000
vt 0.9458 0.8380 0.0000
vt 0.8135 0.6071 0.0000
vt 0.8087 0.6071 0.0000
vt 0.9506 0.8359 0.0000
vt 0.9458 0.8360 0.0000
vt 0.1946 0.8052 0.0000
vt 0.1898 0.8052 0.0000
vt 0.9506 0.8338 0.0000
vt 0.9458 0.8338 0.0000
vt 0.1898 0.8152 0.0000
vt 0.1946 0.8153 0.0000
vt 0.1898 0.7999 0.0000
vt 0.1946 0.7998 0.0000
vt 0.9745 0.7180 0.0000
vt 0.9745 0.7195 0.0000
vt 0.9697 0.7196 0.0000
vt 0.9697 0.7181 0.0000
vt 0.9506 0.8277 0.0000
vt 0.9506 0.8296 0.0000
vt 0.9458 0.8296 0.0000
vt 0.9458 0.8276 0.0000
vt 0.9745 0.7162 0.0000
vt 0.9697 0.7162 0.0000
vt 0.9506 0.8260 0.0000
vt 0.9458 0.8259 0.0000
vt 0.9506 0.8317 0.0000
vt 0.9458 0.8317 0.0000
vt 0.9745 0.7142 0.0000
vt 0.9697 0.7142 0.0000
vt 0.8087 0.5970 0.0000
vt 0.8087 0.5954 0.0000
vt 0.8134 0.5954 0.0000
vt 0.8135 0.5969 0.0000
vt 0.9745 0.7121 0.0000
vt 0.9697 0.7121 0.0000
vt 0.8087 0.5988 0.0000
vt 0.8135 0.5987 0.0000
vt 0.9745 0.7100 0.0000
vt 0.9697 0.7099 0.0000
vt 0.8087 0.6008 0.0000
vt 0.8135 0.6008 0.0000
vt 0.9506 0.8413 0.0000
vt 0.9458 0.8414 0.0000
vt 0.4005 0.5779 0.0000
vt 0.4005 0.5714 0.0000
vt 0.4017 0.5714 0.0000
vt 0.4017 0.5779 0.0000
vt 0.4359 0.6369 0.0000
vt 0.4360 0.6302 0.0000
vt 0.4458 0.6301 0.0000
vt 0.4457 0.6371 0.0000
vt 0.7379 0.6341 0.0000
vt 0.7409 0.6335 0.0000
vt 0.7419 0.6447 0.0000
vt 0.7398 0.6450 0.0000
vt 0.7428 0.6542 0.0000
vt 0.7413 0.6543 0.0000
vt 0.7441 0.6444 0.0000
vt 0.7444 0.6542 0.0000
vt 0.7438 0.6329 0.0000
vt 0.9881 0.2683 0.0000
vt 0.9899 0.2574 0.0000
vt 0.9920 0.2577 0.0000
vt 0.9910 0.2689 0.0000
vt 0.9942 0.2581 0.0000
vt 0.9939 0.2695 0.0000
vt 0.9928 0.2485 0.0000
vt 0.9944 0.2483 0.0000
vt 0.9912 0.2486 0.0000
vt 0.7445 0.6611 0.0000
vt 0.7434 0.6607 0.0000
vt 0.7423 0.6604 0.0000
vt 0.7435 0.6644 0.0000
vt 0.7426 0.6638 0.0000
vt 0.7444 0.6651 0.0000
vt 0.7450 0.6542 0.0000
vt 0.7450 0.6612 0.0000
vt 0.7448 0.6654 0.0000
vt 0.9918 0.2433 0.0000
vt 0.9931 0.2426 0.0000
vt 0.9945 0.2417 0.0000
vt 0.9929 0.2395 0.0000
vt 0.9943 0.2379 0.0000
vt 0.9917 0.2408 0.0000
vt 0.1366 0.8057 0.0000
vt 0.1337 0.8057 0.0000
vt 0.1352 0.8024 0.0000
vt 0.1375 0.8024 0.0000
vt 0.1425 0.8024 0.0000
vt 0.1375 0.8002 0.0000
vt 0.1423 0.8001 0.0000
vt 0.1354 0.8002 0.0000
vt 0.7437 0.6669 0.0000
vt 0.7431 0.6660 0.0000
vt 0.7424 0.6652 0.0000
vt 0.7422 0.6665 0.0000
vt 0.7418 0.6655 0.0000
vt 0.7427 0.6674 0.0000
vt 0.7440 0.6673 0.0000
vt 0.7429 0.6679 0.0000
vt 0.9923 0.2382 0.0000
vt 0.9936 0.2362 0.0000
vt 0.9915 0.2378 0.0000
vt 0.9925 0.2356 0.0000
vt 0.9907 0.2395 0.0000
vt 0.9913 0.2398 0.0000
vt 0.7422 0.6634 0.0000
vt 0.7422 0.6635 0.0000
vt 0.7421 0.6648 0.0000
vt 0.7420 0.6647 0.0000
vt 0.7416 0.6651 0.0000
vt 0.7413 0.6677 0.0000
vt 0.7412 0.6666 0.0000
vt 0.7411 0.6656 0.0000
vt 0.7394 0.6660 0.0000
vt 0.7397 0.6649 0.0000
vt 0.7392 0.6670 0.0000
vt 0.3169 0.7687 0.0000
vt 0.3137 0.7703 0.0000
vt 0.3137 0.7694 0.0000
vt 0.3169 0.7675 0.0000
vt 0.9007 0.2269 0.0000
vt 0.9012 0.2269 0.0000
vt 0.9014 0.2291 0.0000
vt 0.9007 0.2291 0.0000
vt 0.3115 0.7707 0.0000
vt 0.3115 0.7698 0.0000
vt 0.1422 0.8057 0.0000
vt 0.7414 0.6681 0.0000
vt 0.7391 0.6675 0.0000
vt 0.9900 0.2393 0.0000
vt 0.9904 0.2376 0.0000
vt 0.9911 0.2354 0.0000
vt 0.9888 0.2380 0.0000
vt 0.9891 0.2359 0.0000
vt 0.9888 0.2396 0.0000
vt 0.3169 0.7778 0.0000
vt 0.3136 0.7781 0.0000
vt 0.3137 0.7728 0.0000
vt 0.3169 0.7718 0.0000
vt 0.3114 0.7730 0.0000
vt 0.3114 0.7781 0.0000
vt 0.9013 0.2236 0.0000
vt 0.9008 0.2236 0.0000
vt 0.7356 0.6652 0.0000
vt 0.7358 0.6647 0.0000
vt 0.7307 0.6605 0.0000
vt 0.7302 0.6610 0.0000
vt 0.9866 0.2410 0.0000
vt 0.9861 0.2396 0.0000
vt 0.9858 0.2380 0.0000
vt 0.9816 0.2433 0.0000
vt 0.9807 0.2420 0.0000
vt 0.9826 0.2445 0.0000
vt 0.7365 0.6637 0.0000
vt 0.7371 0.6627 0.0000
vt 0.7317 0.6594 0.0000
vt 0.7327 0.6583 0.0000
vt 0.9764 0.2511 0.0000
vt 0.9749 0.2496 0.0000
vt 0.9735 0.2481 0.0000
vt 0.9650 0.2553 0.0000
vt 0.9669 0.2574 0.0000
vt 0.9688 0.2594 0.0000
vt 0.7234 0.6543 0.0000
vt 0.7248 0.6528 0.0000
vt 0.7263 0.6513 0.0000
vt 0.7168 0.6450 0.0000
vt 0.7187 0.6429 0.0000
vt 0.7149 0.6471 0.0000
vt 0.3169 0.7984 0.0000
vt 0.3134 0.7984 0.0000
vt 0.3135 0.7872 0.0000
vt 0.3169 0.7871 0.0000
vt 0.3112 0.7870 0.0000
vt 0.3110 0.7981 0.0000
vt 0.7228 0.6550 0.0000
vt 0.7141 0.6480 0.0000
vt 0.9729 0.2474 0.0000
vt 0.9803 0.2415 0.0000
vt 0.0712 0.7451 0.0000
vt 0.0712 0.7489 0.0000
vt 0.0647 0.7488 0.0000
vt 0.0647 0.7450 0.0000
vt 0.0713 0.7553 0.0000
vt 0.0647 0.7552 0.0000
vt 0.9642 0.2544 0.0000
vt 0.9857 0.2373 0.0000
vt 0.9892 0.2350 0.0000
vt 0.0393 0.2843 0.0000
vt 0.0393 0.2858 0.0000
vt 0.0328 0.2858 0.0000
vt 0.0328 0.2843 0.0000
vt 0.0712 0.7433 0.0000
vt 0.0647 0.7432 0.0000
vt 0.9915 0.2344 0.0000
vt 0.9930 0.2346 0.0000
vt 0.0328 0.2871 0.0000
vt 0.0393 0.2871 0.0000
vt 0.0393 0.2887 0.0000
vt 0.0328 0.2887 0.0000
vt 0.9941 0.2353 0.0000
vt 0.9949 0.2371 0.0000
vt 0.4215 0.6366 0.0000
vt 0.4216 0.6302 0.0000
vt 0.4276 0.6302 0.0000
vt 0.4275 0.6367 0.0000
vt 0.4182 0.6366 0.0000
vt 0.4182 0.6301 0.0000
vt 0.9952 0.2412 0.0000
vt 0.9952 0.2482 0.0000
vt 0.4122 0.5715 0.0000
vt 0.4122 0.5780 0.0000
vt 0.4069 0.5779 0.0000
vt 0.4069 0.5715 0.0000
vt 0.0714 0.7643 0.0000
vt 0.0647 0.7643 0.0000
vt 0.7387 0.6452 0.0000
vt 0.7365 0.6344 0.0000
vt 0.7367 0.6343 0.0000
vt 0.7388 0.6452 0.0000
vt 0.7406 0.6543 0.0000
vt 0.7405 0.6543 0.0000
vt 0.9952 0.2582 0.0000
vt 0.9952 0.2698 0.0000
vt 0.7450 0.6327 0.0000
vt 0.7450 0.6442 0.0000
vt 0.1509 0.8057 0.0000
vt 0.1509 0.8023 0.0000
vt 0.1612 0.8022 0.0000
vt 0.1613 0.8057 0.0000
vt 0.1509 0.8058 0.0000
vt 0.1422 0.8058 0.0000
vt 0.1613 0.8058 0.0000
vt 0.7269 0.6507 0.0000
vt 0.7331 0.6578 0.0000
vt 0.7270 0.6506 0.0000
vt 0.7332 0.6578 0.0000
vt 0.7195 0.6420 0.0000
vt 0.7196 0.6419 0.0000
vt 0.7374 0.6623 0.0000
vt 0.7398 0.6644 0.0000
vt 0.7374 0.6622 0.0000
vt 0.7410 0.6652 0.0000
vt 0.7410 0.6651 0.0000
vt 0.1326 0.8057 0.0000
vt 0.1345 0.8024 0.0000
vt 0.9003 0.2237 0.0000
vt 0.9003 0.2235 0.0000
vt 0.9008 0.2235 0.0000
vt 0.1336 0.8058 0.0000
vt 0.1326 0.8058 0.0000
vt 0.7418 0.6603 0.0000
vt 0.7417 0.6602 0.0000
vt 0.8993 0.2269 0.0000
vt 0.9001 0.2269 0.0000
vt 0.9000 0.2291 0.0000
vt 0.8991 0.2291 0.0000
vt 0.1505 0.8000 0.0000
vt 0.1607 0.7998 0.0000
vt 0.3170 0.7778 0.0000
vt 0.3170 0.7871 0.0000
vt 0.3171 0.7984 0.0000
vt 0.3171 0.7687 0.0000
vt 0.3170 0.7718 0.0000
vt 0.9014 0.2235 0.0000
vt 0.3171 0.7674 0.0000
vt 0.1366 0.8058 0.0000
vt 0.0305 0.6461 0.0000
vt 0.0318 0.6459 0.0000
vt 0.0320 0.6469 0.0000
vt 0.0309 0.6470 0.0000
vt 0.0321 0.6479 0.0000
vt 0.0314 0.6480 0.0000
vt 0.0337 0.6476 0.0000
vt 0.0335 0.6486 0.0000
vt 0.0339 0.6465 0.0000
vt 0.0647 0.7814 0.0000
vt 0.0647 0.7789 0.0000
vt 0.0681 0.7804 0.0000
vt 0.0681 0.7823 0.0000
vt 0.5213 0.7796 0.0000
vt 0.5178 0.7797 0.0000
vt 0.5178 0.7706 0.0000
vt 0.5213 0.7702 0.0000
vt 0.0683 0.8025 0.0000
vt 0.0647 0.8027 0.0000
vt 0.0647 0.7937 0.0000
vt 0.0682 0.7936 0.0000
vt 0.5177 0.7909 0.0000
vt 0.5213 0.7909 0.0000
vt 0.2398 0.4290 0.0000
vt 0.2398 0.4295 0.0000
vt 0.2364 0.4292 0.0000
vt 0.2363 0.4287 0.0000
vt 0.0319 0.6593 0.0000
vt 0.0309 0.6531 0.0000
vt 0.0314 0.6533 0.0000
vt 0.0325 0.6593 0.0000
vt 0.0315 0.6533 0.0000
vt 0.0326 0.6593 0.0000
vt 0.0309 0.6501 0.0000
vt 0.0310 0.6501 0.0000
vt 0.0305 0.6498 0.0000
vt 0.5213 0.7609 0.0000
vt 0.5179 0.7625 0.0000
vt 0.5179 0.7614 0.0000
vt 0.5213 0.7596 0.0000
vt 0.0681 0.7865 0.0000
vt 0.0647 0.7863 0.0000
vt 0.2362 0.4277 0.0000
vt 0.2396 0.4279 0.0000
vt 0.0361 0.6508 0.0000
vt 0.0358 0.6513 0.0000
vt 0.0334 0.6491 0.0000
vt 0.0400 0.6557 0.0000
vt 0.0400 0.6558 0.0000
vt 0.0405 0.6552 0.0000
vt 0.5213 0.7642 0.0000
vt 0.5179 0.7651 0.0000
vt 0.0294 0.6807 0.0000
vt 0.0281 0.6809 0.0000
vt 0.0281 0.6693 0.0000
vt 0.0291 0.6692 0.0000
vt 0.0281 0.6593 0.0000
vt 0.0288 0.6593 0.0000
vt 0.0894 0.7260 0.0000
vt 0.0986 0.7261 0.0000
vt 0.0986 0.7326 0.0000
vt 0.0894 0.7327 0.0000
vt 0.9438 0.6629 0.0000
vt 0.9438 0.6650 0.0000
vt 0.9373 0.6649 0.0000
vt 0.9373 0.6628 0.0000
vt 0.3993 0.5714 0.0000
vt 0.3993 0.5779 0.0000
vt 0.1091 0.7262 0.0000
vt 0.1091 0.7326 0.0000
vt 0.1052 0.7326 0.0000
vt 0.1051 0.7261 0.0000
vt 0.9438 0.6691 0.0000
vt 0.9373 0.6691 0.0000
vt 0.9439 0.6759 0.0000
vt 0.9374 0.6759 0.0000
vt 0.4036 0.5715 0.0000
vt 0.4036 0.5779 0.0000
vt 0.9440 0.6854 0.0000
vt 0.9443 0.6965 0.0000
vt 0.9373 0.6965 0.0000
vt 0.9373 0.6854 0.0000
vt 0.5655 0.9867 0.0000
vt 0.5770 0.9870 0.0000
vt 0.5769 0.9880 0.0000
vt 0.5653 0.9880 0.0000
vt 0.5868 0.9880 0.0000
vt 0.5868 0.9873 0.0000
vt 0.5972 0.9871 0.0000
vt 0.5989 0.9864 0.0000
vt 0.5998 0.9870 0.0000
vt 0.5980 0.9877 0.0000
vt 0.5995 0.9854 0.0000
vt 0.6005 0.9858 0.0000
vt 0.5992 0.9819 0.0000
vt 0.5971 0.9786 0.0000
vt 0.5978 0.9785 0.0000
vt 0.6001 0.9821 0.0000
vt 0.5931 0.9736 0.0000
vt 0.5937 0.9732 0.0000
vt 0.5934 0.9874 0.0000
vt 0.5939 0.9880 0.0000
vt 0.0425 0.6530 0.0000
vt 0.0498 0.6592 0.0000
vt 0.0483 0.6607 0.0000
vt 0.0415 0.6541 0.0000
vt 0.0469 0.6622 0.0000
vt 0.0563 0.6685 0.0000
vt 0.0545 0.6706 0.0000
vt 0.0582 0.6664 0.0000
vt 0.0373 0.6488 0.0000
vt 0.0367 0.6498 0.0000
vt 0.5154 0.7798 0.0000
vt 0.5156 0.7707 0.0000
vt 0.5153 0.7910 0.0000
vt 0.5877 0.9657 0.0000
vt 0.5870 0.9663 0.0000
vt 0.5798 0.9579 0.0000
vt 0.5807 0.9571 0.0000
vt 0.2399 0.4300 0.0000
vt 0.2365 0.4297 0.0000
vt 0.5157 0.7654 0.0000
vt 0.5157 0.7629 0.0000
vt 0.2021 0.8358 0.0000
vt 0.2020 0.8441 0.0000
vt 0.1985 0.8442 0.0000
vt 0.1984 0.8359 0.0000
vt 0.5955 0.9816 0.0000
vt 0.5941 0.9794 0.0000
vt 0.5955 0.9790 0.0000
vt 0.5971 0.9816 0.0000
vt 0.5918 0.9745 0.0000
vt 0.5906 0.9754 0.0000
vt 0.5958 0.9828 0.0000
vt 0.5975 0.9833 0.0000
vt 0.5973 0.9843 0.0000
vt 0.5957 0.9835 0.0000
vt 0.5997 0.9840 0.0000
vt 0.0549 0.8014 0.0000
vt 0.0534 0.7981 0.0000
vt 0.0539 0.7981 0.0000
vt 0.0554 0.8014 0.0000
vt 0.2343 0.4299 0.0000
vt 0.2342 0.4294 0.0000
vt 0.5157 0.7618 0.0000
vt 0.0303 0.6457 0.0000
vt 0.0318 0.6454 0.0000
vt 0.0340 0.6460 0.0000
vt 0.5840 0.9692 0.0000
vt 0.5855 0.9678 0.0000
vt 0.5777 0.9598 0.0000
vt 0.5757 0.9616 0.0000
vt 0.6007 0.9843 0.0000
vt 0.4283 0.5784 0.0000
vt 0.4196 0.5782 0.0000
vt 0.4196 0.5715 0.0000
vt 0.4283 0.5714 0.0000
vt 0.0322 0.6484 0.0000
vt 0.0316 0.6484 0.0000
vt 0.0316 0.6485 0.0000
vt 0.0705 0.7930 0.0000
vt 0.0707 0.8017 0.0000
vt 0.0704 0.7861 0.0000
vt 0.0703 0.7821 0.0000
vt 0.2360 0.4259 0.0000
vt 0.2340 0.4277 0.0000
vt 0.2338 0.4258 0.0000
vt 0.0296 0.6491 0.0000
vt 0.0288 0.6484 0.0000
vt 0.0294 0.6467 0.0000
vt 0.0301 0.6475 0.0000
vt 0.0308 0.6484 0.0000
vt 0.0284 0.6481 0.0000
vt 0.0291 0.6463 0.0000
vt 0.5956 0.9857 0.0000
vt 0.5969 0.9851 0.0000
vt 0.5953 0.9841 0.0000
vt 0.5943 0.9845 0.0000
vt 0.0311 0.6488 0.0000
vt 0.5918 0.9846 0.0000
vt 0.5925 0.9859 0.0000
vt 0.5866 0.9856 0.0000
vt 0.5865 0.9840 0.0000
vt 0.0376 0.6483 0.0000
vt 0.0429 0.6525 0.0000
vt 0.0504 0.6585 0.0000
vt 0.0590 0.6655 0.0000
vt 0.0345 0.6683 0.0000
vt 0.0367 0.6792 0.0000
vt 0.0365 0.6792 0.0000
vt 0.0343 0.6684 0.0000
vt 0.0334 0.6685 0.0000
vt 0.0352 0.6795 0.0000
vt 0.0286 0.6524 0.0000
vt 0.0298 0.6528 0.0000
vt 0.0303 0.6593 0.0000
vt 0.0463 0.6628 0.0000
vt 0.0462 0.6629 0.0000
vt 0.0537 0.6715 0.0000
vt 0.0535 0.6716 0.0000
vt 0.2341 0.4287 0.0000
vt 0.0323 0.6801 0.0000
vt 0.0312 0.6688 0.0000
vt 0.5668 0.9809 0.0000
vt 0.5777 0.9827 0.0000
vt 0.5773 0.9849 0.0000
vt 0.5661 0.9838 0.0000
vt 0.0281 0.6523 0.0000
vt 0.4569 0.9867 0.0000
vt 0.4684 0.9870 0.0000
vt 0.4682 0.9880 0.0000
vt 0.4566 0.9880 0.0000
vt 0.4782 0.9880 0.0000
vt 0.4781 0.9873 0.0000
vt 0.9814 0.6315 0.0000
vt 0.9750 0.6315 0.0000
vt 0.9750 0.6302 0.0000
vt 0.9814 0.6302 0.0000
vt 0.1268 0.8923 0.0000
vt 0.1197 0.8923 0.0000
vt 0.1199 0.8918 0.0000
vt 0.1268 0.8917 0.0000
vt 0.1155 0.8921 0.0000
vt 0.1158 0.8917 0.0000
vt 0.9814 0.6339 0.0000
vt 0.9750 0.6338 0.0000
vt 0.1111 0.7262 0.0000
vt 0.1111 0.7326 0.0000
vt 0.1296 0.8736 0.0000
vt 0.1303 0.8742 0.0000
vt 0.1231 0.8804 0.0000
vt 0.1227 0.8800 0.0000
vt 0.1304 0.8743 0.0000
vt 0.1232 0.8805 0.0000
vt 0.1389 0.8668 0.0000
vt 0.1390 0.8669 0.0000
vt 0.1380 0.8660 0.0000
vt 0.1202 0.8907 0.0000
vt 0.1267 0.8901 0.0000
vt 0.1206 0.8896 0.0000
vt 0.1267 0.8886 0.0000
vt 0.1165 0.8908 0.0000
vt 0.1172 0.8899 0.0000
vt 0.6257 0.6131 0.0000
vt 0.6256 0.6065 0.0000
vt 0.6326 0.6066 0.0000
vt 0.6327 0.6130 0.0000
vt 0.1200 0.8775 0.0000
vt 0.1260 0.8700 0.0000
vt 0.1266 0.8707 0.0000
vt 0.1205 0.8780 0.0000
vt 0.1330 0.8614 0.0000
vt 0.1339 0.8622 0.0000
vt 0.4831 0.9846 0.0000
vt 0.4838 0.9859 0.0000
vt 0.4779 0.9857 0.0000
vt 0.4778 0.9840 0.0000
vt 0.4848 0.9874 0.0000
vt 0.4869 0.9857 0.0000
vt 0.4886 0.9871 0.0000
vt 0.4856 0.9845 0.0000
vt 0.0535 0.8014 0.0000
vt 0.0522 0.7981 0.0000
vt 0.0505 0.8014 0.0000
vt 0.0497 0.7980 0.0000
vt 0.8851 0.2216 0.0000
vt 0.8850 0.2252 0.0000
vt 0.8758 0.2252 0.0000
vt 0.8759 0.2217 0.0000
vt 0.1175 0.8895 0.0000
vt 0.1162 0.8894 0.0000
vt 0.1162 0.8893 0.0000
vt 0.1158 0.8889 0.0000
vt 0.1159 0.8889 0.0000
vt 0.1158 0.8897 0.0000
vt 0.1154 0.8891 0.0000
vt 0.1137 0.8913 0.0000
vt 0.1141 0.8910 0.0000
vt 0.1131 0.8902 0.0000
vt 0.1135 0.8900 0.0000
vt 0.1149 0.8904 0.0000
vt 0.1145 0.8895 0.0000
vt 0.0449 0.8014 0.0000
vt 0.0446 0.7980 0.0000
vt 0.8684 0.2217 0.0000
vt 0.8682 0.2251 0.0000
vt 0.8604 0.2218 0.0000
vt 0.8615 0.2218 0.0000
vt 0.8604 0.2251 0.0000
vt 0.8591 0.2251 0.0000
vt 0.9817 0.6537 0.0000
vt 0.9819 0.6643 0.0000
vt 0.9750 0.6643 0.0000
vt 0.9750 0.6536 0.0000
vt 0.4819 0.9754 0.0000
vt 0.4753 0.9692 0.0000
vt 0.4768 0.9678 0.0000
vt 0.4831 0.9745 0.0000
vt 0.4783 0.9663 0.0000
vt 0.4844 0.9736 0.0000
vt 0.4711 0.9579 0.0000
vt 0.4690 0.9598 0.0000
vt 0.4670 0.9616 0.0000
vt 0.1154 0.8884 0.0000
vt 0.1158 0.8883 0.0000
vt 0.1159 0.8883 0.0000
vt 0.1165 0.8871 0.0000
vt 0.1166 0.8871 0.0000
vt 0.1160 0.8870 0.0000
vt 0.4868 0.9816 0.0000
vt 0.4854 0.9794 0.0000
vt 0.4868 0.9790 0.0000
vt 0.4884 0.9817 0.0000
vt 0.4884 0.9787 0.0000
vt 0.4905 0.9819 0.0000
vt 0.4790 0.9657 0.0000
vt 0.4850 0.9732 0.0000
vt 0.1627 0.6041 0.0000
vt 0.1638 0.6041 0.0000
vt 0.1638 0.6105 0.0000
vt 0.1627 0.6105 0.0000
vt 0.4720 0.9571 0.0000
vt 0.4871 0.9828 0.0000
vt 0.4888 0.9833 0.0000
vt 0.4886 0.9843 0.0000
vt 0.4870 0.9835 0.0000
vt 0.4911 0.9840 0.0000
vt 0.4908 0.9854 0.0000
vt 0.1128 0.8887 0.0000
vt 0.1133 0.8886 0.0000
vt 0.1135 0.8864 0.0000
vt 0.1139 0.8865 0.0000
vt 0.1281 0.8721 0.0000
vt 0.1216 0.8790 0.0000
vt 0.1359 0.8641 0.0000
vt 0.8599 0.2218 0.0000
vt 0.8586 0.2252 0.0000
vt 0.0364 0.7979 0.0000
vt 0.0360 0.7956 0.0000
vt 0.0443 0.7957 0.0000
vt 0.0263 0.7979 0.0000
vt 0.0259 0.7954 0.0000
vt 0.8631 0.2251 0.0000
vt 0.8638 0.2218 0.0000
vt 0.4852 0.9880 0.0000
vt 0.9815 0.6380 0.0000
vt 0.9815 0.6445 0.0000
vt 0.9750 0.6445 0.0000
vt 0.9750 0.6379 0.0000
vt 0.4893 0.9877 0.0000
vt 0.4902 0.9864 0.0000
vt 0.4912 0.9870 0.0000
vt 0.4918 0.9858 0.0000
vt 0.4892 0.9785 0.0000
vt 0.4915 0.9821 0.0000
vt 0.0786 0.7328 0.0000
vt 0.0786 0.7258 0.0000
vt 0.0493 0.7958 0.0000
vt 0.0518 0.7958 0.0000
vt 0.4921 0.9843 0.0000
vt 0.1121 0.7262 0.0000
vt 0.1121 0.7326 0.0000
vt 0.4882 0.9851 0.0000
vt 0.4866 0.9841 0.0000
vt 0.1358 0.8860 0.0000
vt 0.1466 0.8838 0.0000
vt 0.1467 0.8840 0.0000
vt 0.1358 0.8861 0.0000
vt 0.1267 0.8879 0.0000
vt 0.1267 0.8878 0.0000
vt 0.1359 0.8871 0.0000
vt 0.1469 0.8852 0.0000
vt 0.8607 0.2195 0.0000
vt 0.8618 0.2195 0.0000
vt 0.8601 0.2195 0.0000
vt 0.1475 0.8882 0.0000
vt 0.1363 0.8892 0.0000
vt 0.1366 0.8914 0.0000
vt 0.1481 0.8911 0.0000
vt 0.0264 0.8015 0.0000
vt 0.0365 0.8014 0.0000
vt 0.1483 0.8923 0.0000
vt 0.1367 0.8923 0.0000
vt 0.4581 0.9809 0.0000
vt 0.4690 0.9827 0.0000
vt 0.4687 0.9849 0.0000
vt 0.4575 0.9838 0.0000
vt 0.1182 0.8844 0.0000
vt 0.1187 0.8846 0.0000
vt 0.1188 0.8847 0.0000
vt 0.1162 0.8831 0.0000
vt 0.1172 0.8838 0.0000
vt 0.1150 0.8867 0.0000
vt 0.0530 0.7958 0.0000
vt 0.0536 0.7958 0.0000
vt 0.8764 0.2193 0.0000
vt 0.8858 0.2192 0.0000
vt 0.8687 0.2195 0.0000
vt 0.1207 0.8891 0.0000
vt 0.1207 0.8890 0.0000
vt 0.1158 0.8829 0.0000
vt 0.8641 0.2195 0.0000
vt 0.1143 0.8885 0.0000
vt 0.4686 0.8400 0.0000
vt 0.4684 0.8386 0.0000
vt 0.4694 0.8385 0.0000
vt 0.4696 0.8395 0.0000
vt 0.4705 0.8383 0.0000
vt 0.4706 0.8391 0.0000
vt 0.4701 0.8367 0.0000
vt 0.4712 0.8370 0.0000
vt 0.4690 0.8365 0.0000
vt 0.2700 0.7748 0.0000
vt 0.2700 0.7716 0.0000
vt 0.2734 0.7730 0.0000
vt 0.2734 0.7756 0.0000
vt 0.2019 0.8510 0.0000
vt 0.1985 0.8512 0.0000
vt 0.2736 0.8000 0.0000
vt 0.2700 0.8000 0.0000
vt 0.2700 0.7894 0.0000
vt 0.2735 0.7895 0.0000
vt 0.1984 0.8608 0.0000
vt 0.1984 0.8604 0.0000
vt 0.2018 0.8593 0.0000
vt 0.2018 0.8597 0.0000
vt 0.4818 0.8386 0.0000
vt 0.4757 0.8395 0.0000
vt 0.4758 0.8390 0.0000
vt 0.4818 0.8379 0.0000
vt 0.4759 0.8390 0.0000
vt 0.4818 0.8378 0.0000
vt 0.4726 0.8395 0.0000
vt 0.4727 0.8394 0.0000
vt 0.4723 0.8399 0.0000
vt 0.1985 0.8585 0.0000
vt 0.2018 0.8576 0.0000
vt 0.2018 0.8587 0.0000
vt 0.1985 0.8598 0.0000
vt 0.2734 0.7808 0.0000
vt 0.2700 0.7806 0.0000
vt 0.2734 0.7720 0.0000
vt 0.2700 0.7703 0.0000
vt 0.4734 0.8344 0.0000
vt 0.4738 0.8346 0.0000
vt 0.4716 0.8371 0.0000
vt 0.4739 0.8347 0.0000
vt 0.4717 0.8371 0.0000
vt 0.4783 0.8304 0.0000
vt 0.4783 0.8305 0.0000
vt 0.4778 0.8300 0.0000
vt 0.1985 0.8559 0.0000
vt 0.2018 0.8553 0.0000
vt 0.5032 0.8410 0.0000
vt 0.5035 0.8423 0.0000
vt 0.4919 0.8423 0.0000
vt 0.4917 0.8414 0.0000
vt 0.4819 0.8423 0.0000
vt 0.4819 0.8416 0.0000
vt 0.7279 0.7220 0.0000
vt 0.7211 0.7220 0.0000
vt 0.7213 0.7122 0.0000
vt 0.7278 0.7123 0.0000
vt 0.1612 0.6105 0.0000
vt 0.1589 0.6105 0.0000
vt 0.1589 0.6041 0.0000
vt 0.1613 0.6041 0.0000
vt 0.7214 0.7014 0.0000
vt 0.7279 0.7014 0.0000
vt 0.7278 0.7054 0.0000
vt 0.7214 0.7054 0.0000
vt 0.1552 0.6105 0.0000
vt 0.1552 0.6041 0.0000
vt 0.1494 0.6106 0.0000
vt 0.1494 0.6041 0.0000
vt 0.6368 0.6130 0.0000
vt 0.6368 0.6066 0.0000
vt 0.6387 0.6066 0.0000
vt 0.6387 0.6131 0.0000
vt 0.1414 0.6108 0.0000
vt 0.1321 0.6110 0.0000
vt 0.1321 0.6040 0.0000
vt 0.1414 0.6041 0.0000
vt 0.9835 0.2957 0.0000
vt 0.9838 0.2842 0.0000
vt 0.9847 0.2843 0.0000
vt 0.9848 0.2959 0.0000
vt 0.9848 0.2744 0.0000
vt 0.9840 0.2744 0.0000
vt 0.9839 0.2640 0.0000
vt 0.9832 0.2623 0.0000
vt 0.9837 0.2614 0.0000
vt 0.9845 0.2632 0.0000
vt 0.9821 0.2617 0.0000
vt 0.9826 0.2608 0.0000
vt 0.9787 0.2620 0.0000
vt 0.9754 0.2641 0.0000
vt 0.9753 0.2634 0.0000
vt 0.9788 0.2611 0.0000
vt 0.9703 0.2681 0.0000
vt 0.9699 0.2676 0.0000
vt 0.9841 0.2678 0.0000
vt 0.9848 0.2673 0.0000
vt 0.4756 0.8279 0.0000
vt 0.4818 0.8207 0.0000
vt 0.4832 0.8221 0.0000
vt 0.4767 0.8289 0.0000
vt 0.4847 0.8235 0.0000
vt 0.4911 0.8141 0.0000
vt 0.4931 0.8160 0.0000
vt 0.4890 0.8122 0.0000
vt 0.4713 0.8331 0.0000
vt 0.4724 0.8337 0.0000
vt 0.2043 0.8436 0.0000
vt 0.2042 0.8505 0.0000
vt 0.2045 0.8351 0.0000
vt 0.9625 0.2735 0.0000
vt 0.9631 0.2742 0.0000
vt 0.9546 0.2814 0.0000
vt 0.9538 0.2805 0.0000
vt 0.2041 0.8549 0.0000
vt 0.2041 0.8572 0.0000
vt 0.8528 0.8452 0.0000
vt 0.8560 0.8443 0.0000
vt 0.8560 0.8463 0.0000
vt 0.8528 0.8478 0.0000
vt 0.9783 0.2658 0.0000
vt 0.9762 0.2671 0.0000
vt 0.9757 0.2657 0.0000
vt 0.9784 0.2641 0.0000
vt 0.9712 0.2694 0.0000
vt 0.9722 0.2707 0.0000
vt 0.9795 0.2655 0.0000
vt 0.9800 0.2637 0.0000
vt 0.9811 0.2639 0.0000
vt 0.9803 0.2656 0.0000
vt 0.9807 0.2615 0.0000
vt 0.2041 0.8584 0.0000
vt 0.2041 0.8591 0.0000
vt 0.4682 0.8402 0.0000
vt 0.4680 0.8387 0.0000
vt 0.4686 0.8364 0.0000
vt 0.9659 0.2772 0.0000
vt 0.9645 0.2757 0.0000
vt 0.9565 0.2835 0.0000
vt 0.9584 0.2856 0.0000
vt 0.9811 0.2605 0.0000
vt 0.6042 0.6062 0.0000
vt 0.6157 0.6064 0.0000
vt 0.6157 0.6131 0.0000
vt 0.6042 0.6132 0.0000
vt 0.4709 0.8383 0.0000
vt 0.4710 0.8389 0.0000
vt 0.4710 0.8383 0.0000
vt 0.2758 0.7897 0.0000
vt 0.2760 0.8004 0.0000
vt 0.2757 0.7810 0.0000
vt 0.2756 0.7758 0.0000
vt 0.2756 0.7733 0.0000
vt 0.4716 0.8408 0.0000
vt 0.4710 0.8417 0.0000
vt 0.4692 0.8410 0.0000
vt 0.4701 0.8403 0.0000
vt 0.4709 0.8396 0.0000
vt 0.4707 0.8421 0.0000
vt 0.4688 0.8413 0.0000
vt 0.9825 0.2657 0.0000
vt 0.9819 0.2643 0.0000
vt 0.9809 0.2659 0.0000
vt 0.9813 0.2670 0.0000
vt 0.4713 0.8393 0.0000
vt 0.4714 0.8393 0.0000
vt 0.9814 0.2695 0.0000
vt 0.9827 0.2687 0.0000
vt 0.9824 0.2746 0.0000
vt 0.9808 0.2747 0.0000
vt 0.4709 0.8328 0.0000
vt 0.4751 0.8275 0.0000
vt 0.4811 0.8200 0.0000
vt 0.4881 0.8114 0.0000
vt 0.4909 0.8360 0.0000
vt 0.5017 0.8338 0.0000
vt 0.5018 0.8339 0.0000
vt 0.4909 0.8361 0.0000
vt 0.4910 0.8370 0.0000
vt 0.5020 0.8352 0.0000
vt 0.4750 0.8418 0.0000
vt 0.4753 0.8407 0.0000
vt 0.4818 0.8401 0.0000
vt 0.4854 0.8242 0.0000
vt 0.4855 0.8243 0.0000
vt 0.4940 0.8168 0.0000
vt 0.4942 0.8169 0.0000
vt 0.2756 0.7723 0.0000
vt 0.2040 0.8597 0.0000
vt 0.5026 0.8381 0.0000
vt 0.4914 0.8392 0.0000
vt 0.9776 0.2945 0.0000
vt 0.9795 0.2836 0.0000
vt 0.9816 0.2839 0.0000
vt 0.9806 0.2951 0.0000
vt 0.4749 0.8423 0.0000
vt 0.5156 0.9576 0.0000
vt 0.5042 0.9573 0.0000
vt 0.5043 0.9564 0.0000
vt 0.5159 0.9563 0.0000
vt 0.4943 0.9563 0.0000
vt 0.4944 0.9571 0.0000
vt 0.9402 0.2474 0.0000
vt 0.9402 0.2538 0.0000
vt 0.9387 0.2538 0.0000
vt 0.9387 0.2474 0.0000
vt 0.1397 0.9836 0.0000
vt 0.1326 0.9837 0.0000
vt 0.1328 0.9832 0.0000
vt 0.1396 0.9830 0.0000
vt 0.1287 0.9830 0.0000
vt 0.1284 0.9834 0.0000
vt 0.9423 0.2474 0.0000
vt 0.9423 0.2538 0.0000
vt 0.7214 0.6998 0.0000
vt 0.7279 0.6997 0.0000
vt 0.1425 0.9649 0.0000
vt 0.1432 0.9655 0.0000
vt 0.1360 0.9718 0.0000
vt 0.1356 0.9713 0.0000
vt 0.1433 0.9656 0.0000
vt 0.1361 0.9718 0.0000
vt 0.1518 0.9581 0.0000
vt 0.1520 0.9582 0.0000
vt 0.1509 0.9573 0.0000
vt 0.1331 0.9820 0.0000
vt 0.1396 0.9814 0.0000
vt 0.1335 0.9809 0.0000
vt 0.1396 0.9799 0.0000
vt 0.1294 0.9821 0.0000
vt 0.1301 0.9812 0.0000
vt 0.1329 0.9688 0.0000
vt 0.1389 0.9614 0.0000
vt 0.1395 0.9620 0.0000
vt 0.1334 0.9693 0.0000
vt 0.1459 0.9527 0.0000
vt 0.1468 0.9535 0.0000
vt 0.4894 0.9597 0.0000
vt 0.4887 0.9584 0.0000
vt 0.4946 0.9587 0.0000
vt 0.4947 0.9603 0.0000
vt 0.4878 0.9570 0.0000
vt 0.4856 0.9586 0.0000
vt 0.4840 0.9572 0.0000
vt 0.4869 0.9598 0.0000
vt 0.6059 0.0146 0.0000
vt 0.6059 0.0140 0.0000
vt 0.6061 0.0140 0.0000
vt 0.6060 0.0146 0.0000
vt 0.6061 0.0130 0.0000
vt 0.6094 0.0129 0.0000
vt 0.6093 0.0138 0.0000
vt 0.6200 0.7543 0.0000
vt 0.6293 0.7543 0.0000
vt 0.6290 0.7575 0.0000
vt 0.6200 0.7576 0.0000
vt 0.6060 0.0130 0.0000
vt 0.1304 0.9808 0.0000
vt 0.1291 0.9807 0.0000
vt 0.1291 0.9806 0.0000
vt 0.1287 0.9802 0.0000
vt 0.1288 0.9802 0.0000
vt 0.1287 0.9810 0.0000
vt 0.1283 0.9804 0.0000
vt 0.1266 0.9827 0.0000
vt 0.1270 0.9824 0.0000
vt 0.1260 0.9815 0.0000
vt 0.1264 0.9813 0.0000
vt 0.1278 0.9817 0.0000
vt 0.1274 0.9809 0.0000
vt 0.8527 0.8479 0.0000
vt 0.8527 0.8452 0.0000
vt 0.8528 0.8400 0.0000
vt 0.8561 0.8397 0.0000
vt 0.6093 0.0144 0.0000
vt 0.6092 0.0150 0.0000
vt 0.6060 0.0151 0.0000
vt 0.8527 0.8400 0.0000
vt 0.5418 0.2737 0.0000
vt 0.5506 0.2735 0.0000
vt 0.5506 0.2805 0.0000
vt 0.5418 0.2804 0.0000
vt 0.4907 0.9689 0.0000
vt 0.4972 0.9751 0.0000
vt 0.4957 0.9766 0.0000
vt 0.4894 0.9699 0.0000
vt 0.4942 0.9780 0.0000
vt 0.4881 0.9708 0.0000
vt 0.5014 0.9865 0.0000
vt 0.5035 0.9846 0.0000
vt 0.5056 0.9827 0.0000
vt 0.1282 0.9797 0.0000
vt 0.1287 0.9796 0.0000
vt 0.1288 0.9796 0.0000
vt 0.1294 0.9784 0.0000
vt 0.1295 0.9784 0.0000
vt 0.1289 0.9783 0.0000
vt 0.4858 0.9627 0.0000
vt 0.4871 0.9649 0.0000
vt 0.4857 0.9654 0.0000
vt 0.4841 0.9627 0.0000
vt 0.4841 0.9657 0.0000
vt 0.4820 0.9624 0.0000
vt 0.4935 0.9786 0.0000
vt 0.4876 0.9712 0.0000
vt 0.5005 0.9873 0.0000
vt 0.4855 0.9616 0.0000
vt 0.4837 0.9611 0.0000
vt 0.4839 0.9600 0.0000
vt 0.4856 0.9608 0.0000
vt 0.4815 0.9604 0.0000
vt 0.4817 0.9590 0.0000
vt 0.1257 0.9800 0.0000
vt 0.1262 0.9799 0.0000
vt 0.1263 0.9777 0.0000
vt 0.1268 0.9778 0.0000
vt 0.1410 0.9634 0.0000
vt 0.1345 0.9703 0.0000
vt 0.1488 0.9554 0.0000
vt 0.8528 0.8215 0.0000
vt 0.8563 0.8216 0.0000
vt 0.8562 0.8316 0.0000
vt 0.8528 0.8316 0.0000
vt 0.8585 0.8321 0.0000
vt 0.8583 0.8399 0.0000
vt 0.8587 0.8223 0.0000
vt 0.6353 0.7543 0.0000
vt 0.6344 0.7575 0.0000
vt 0.4873 0.9563 0.0000
vt 0.5289 0.2740 0.0000
vt 0.5342 0.2739 0.0000
vt 0.5342 0.2804 0.0000
vt 0.5289 0.2804 0.0000
vt 0.4832 0.9566 0.0000
vt 0.4823 0.9579 0.0000
vt 0.4814 0.9574 0.0000
vt 0.4807 0.9585 0.0000
vt 0.4834 0.9658 0.0000
vt 0.4811 0.9623 0.0000
vt 0.7279 0.7333 0.0000
vt 0.7209 0.7333 0.0000
vt 0.8583 0.8442 0.0000
vt 0.8583 0.8460 0.0000
vt 0.4805 0.9600 0.0000
vt 0.5259 0.2740 0.0000
vt 0.5258 0.2805 0.0000
vt 0.9374 0.2538 0.0000
vt 0.9374 0.2474 0.0000
vt 0.4843 0.9592 0.0000
vt 0.4859 0.9602 0.0000
vt 0.1486 0.9773 0.0000
vt 0.1595 0.9751 0.0000
vt 0.1595 0.9753 0.0000
vt 0.1487 0.9774 0.0000
vt 0.1396 0.9792 0.0000
vt 0.1396 0.9791 0.0000
vt 0.1488 0.9784 0.0000
vt 0.1598 0.9765 0.0000
vt 0.6369 0.7575 0.0000
vt 0.6379 0.7575 0.0000
vt 0.6375 0.7597 0.0000
vt 0.6367 0.7598 0.0000
vt 0.6114 0.0151 0.0000
vt 0.6115 0.0145 0.0000
vt 0.6385 0.7543 0.0000
vt 0.6397 0.7543 0.0000
vt 0.1604 0.9795 0.0000
vt 0.1491 0.9805 0.0000
vt 0.1495 0.9827 0.0000
vt 0.1610 0.9824 0.0000
vt 0.6090 0.7577 0.0000
vt 0.6089 0.7543 0.0000
vt 0.6200 0.7541 0.0000
vt 0.6293 0.7541 0.0000
vt 0.6089 0.7541 0.0000
vt 0.1612 0.9837 0.0000
vt 0.1496 0.9836 0.0000
vt 0.5145 0.9634 0.0000
vt 0.5035 0.9616 0.0000
vt 0.5039 0.9595 0.0000
vt 0.5151 0.9605 0.0000
vt 0.1311 0.9757 0.0000
vt 0.1316 0.9760 0.0000
vt 0.1291 0.9745 0.0000
vt 0.1301 0.9751 0.0000
vt 0.1279 0.9781 0.0000
vt 0.6115 0.0137 0.0000
vt 0.6116 0.0127 0.0000
vt 0.6201 0.7599 0.0000
vt 0.6090 0.7601 0.0000
vt 0.6290 0.7598 0.0000
vt 0.1336 0.9804 0.0000
vt 0.1336 0.9803 0.0000
vt 0.1287 0.9742 0.0000
vt 0.6342 0.7598 0.0000
vt 0.1272 0.9798 0.0000
vt 0.6353 0.7541 0.0000
vt 0.6385 0.7541 0.0000
vt 0.8527 0.8316 0.0000
vt 0.8527 0.8215 0.0000
vt 0.6059 0.0151 0.0000
vt 0.6398 0.7541 0.0000
vt 0.0717 0.7748 0.0000
vt 0.0647 0.7748 0.0000
vt 0.2058 0.2210 0.0000
vt 0.2057 0.2201 0.0000
vt 0.2059 0.2200 0.0000
vt 0.2061 0.2208 0.0000
vt 0.2018 0.2153 0.0000
vt 0.2056 0.2201 0.0000
vt 0.2047 0.2206 0.0000
vt 0.2017 0.2152 0.0000
vt 0.2044 0.2218 0.0000
vt 0.2041 0.2220 0.0000
vt 0.2035 0.2213 0.0000
vt 0.2037 0.2212 0.0000
vt 0.2048 0.2206 0.0000
vt 0.2062 0.2198 0.0000
vt 0.2065 0.2206 0.0000
vt 0.2065 0.2196 0.0000
vt 0.2068 0.2204 0.0000
vt 0.2066 0.2195 0.0000
vt 0.2070 0.2202 0.0000
vt 0.2066 0.2194 0.0000
vt 0.2071 0.2201 0.0000
vt 0.2067 0.2193 0.0000
vt 0.2072 0.2200 0.0000
vt 0.2067 0.2192 0.0000
vt 0.2073 0.2199 0.0000
vt 0.2067 0.2191 0.0000
vt 0.2075 0.2197 0.0000
vt 0.2077 0.2194 0.0000
vt 0.2067 0.2190 0.0000
vt 0.2079 0.2192 0.0000
vt 0.2067 0.2189 0.0000
vt 0.2080 0.2191 0.0000
vt 0.2069 0.2189 0.0000
vt 0.2078 0.2190 0.0000
vt 0.2072 0.2189 0.0000
vt 0.2076 0.2190 0.0000
vt 0.2037 0.2211 0.0000
vt 0.4236 0.4658 0.0000
vt 0.4241 0.4656 0.0000
vt 0.4244 0.4666 0.0000
vt 0.4239 0.4666 0.0000
vt 0.4246 0.4673 0.0000
vt 0.4241 0.4673 0.0000
vt 0.4248 0.4682 0.0000
vt 0.4243 0.4682 0.0000
vt 0.4249 0.4691 0.0000
vt 0.4244 0.4691 0.0000
vt 0.4249 0.4700 0.0000
vt 0.4244 0.4700 0.0000
vt 0.4248 0.4709 0.0000
vt 0.4243 0.4709 0.0000
vt 0.4247 0.4717 0.0000
vt 0.4241 0.4717 0.0000
vt 0.4245 0.4724 0.0000
vt 0.4239 0.4724 0.0000
vt 0.4241 0.4735 0.0000
vt 0.4236 0.4733 0.0000
vt 0.2046 0.2208 0.0000
vt 0.2037 0.2221 0.0000
vt 0.2032 0.2215 0.0000
vt 0.2033 0.2222 0.0000
vt 0.2028 0.2216 0.0000
vt 0.2031 0.2223 0.0000
vt 0.2027 0.2216 0.0000
vt 0.2029 0.2224 0.0000
vt 0.2026 0.2216 0.0000
vt 0.2027 0.2224 0.0000
vt 0.2025 0.2216 0.0000
vt 0.2026 0.2224 0.0000
vt 0.2024 0.2216 0.0000
vt 0.2024 0.2225 0.0000
vt 0.2023 0.2215 0.0000
vt 0.2021 0.2225 0.0000
vt 0.2018 0.2226 0.0000
vt 0.2022 0.2214 0.0000
vt 0.2016 0.2226 0.0000
vt 0.2017 0.2224 0.0000
vt 0.2020 0.2216 0.0000
vt 0.2017 0.2221 0.0000
vt 0.2019 0.2218 0.0000
vt 0.8825 0.0170 0.0000
vt 0.8825 0.0179 0.0000
vt 0.8825 0.0176 0.0000
vt 0.8825 0.0172 0.0000
vt 0.9830 0.0016 0.0000
vt 0.9830 0.0027 0.0000
vt 0.9827 0.0027 0.0000
vt 0.9827 0.0016 0.0000
vt 0.1049 0.2963 0.0000
vt 0.1049 0.2952 0.0000
vt 0.5910 0.1224 0.0000
vt 0.5910 0.1214 0.0000
vt 0.5912 0.1214 0.0000
vt 0.5912 0.1224 0.0000
vt 0.9021 0.1614 0.0000
vt 0.9021 0.1616 0.0000
vt 0.9010 0.1616 0.0000
vt 0.9010 0.1614 0.0000
vt 0.0136 0.2495 0.0000
vt 0.0136 0.2506 0.0000
vt 0.0128 0.2506 0.0000
vt 0.0128 0.2495 0.0000
vt 0.5421 0.4528 0.0000
vt 0.5421 0.4518 0.0000
vt 0.5424 0.4518 0.0000
vt 0.5424 0.4528 0.0000
vt 0.5671 0.0027 0.0000
vt 0.5671 0.0016 0.0000
vt 0.5672 0.0016 0.0000
vt 0.5672 0.0027 0.0000
vt 0.3512 0.2691 0.0000
vt 0.3512 0.2702 0.0000
vt 0.3505 0.2702 0.0000
vt 0.3505 0.2691 0.0000
vt 0.5419 0.4528 0.0000
vt 0.5419 0.4518 0.0000
vt 0.9833 0.0016 0.0000
vt 0.9833 0.0027 0.0000
vt 0.8727 0.1169 0.0000
vt 0.8728 0.1169 0.0000
vt 0.8728 0.1179 0.0000
vt 0.8727 0.1179 0.0000
vt 0.5909 0.1224 0.0000
vt 0.5909 0.1214 0.0000
vt 0.9021 0.1613 0.0000
vt 0.9010 0.1613 0.0000
vt 0.0144 0.2495 0.0000
vt 0.0144 0.2506 0.0000
vt 0.9555 0.2866 0.0000
vt 0.9555 0.2877 0.0000
vt 0.9551 0.2876 0.0000
vt 0.9551 0.2866 0.0000
vt 0.5673 0.0016 0.0000
vt 0.5673 0.0027 0.0000
vt 0.5661 0.0027 0.0000
vt 0.5661 0.0016 0.0000
vt 0.3494 0.2702 0.0000
vt 0.3494 0.2691 0.0000
vt 0.9485 0.1409 0.0000
vt 0.9485 0.1419 0.0000
vt 0.9480 0.1420 0.0000
vt 0.9480 0.1409 0.0000
vt 0.9835 0.0016 0.0000
vt 0.9835 0.0027 0.0000
vt 0.0077 0.2495 0.0000
vt 0.0077 0.2506 0.0000
vt 0.0069 0.2506 0.0000
vt 0.0069 0.2495 0.0000
vt 0.5324 0.3332 0.0000
vt 0.5322 0.3332 0.0000
vt 0.5323 0.3322 0.0000
vt 0.5325 0.3322 0.0000
vt 0.4421 0.2702 0.0000
vt 0.4420 0.2691 0.0000
vt 0.4421 0.2691 0.0000
vt 0.4422 0.2702 0.0000
vt 0.9021 0.1611 0.0000
vt 0.9010 0.1611 0.0000
vt 0.3574 0.2691 0.0000
vt 0.3574 0.2702 0.0000
vt 0.3563 0.2702 0.0000
vt 0.3563 0.2691 0.0000
vt 0.5263 0.3332 0.0000
vt 0.5263 0.3322 0.0000
vt 0.5674 0.0016 0.0000
vt 0.5674 0.0027 0.0000
vt 0.0085 0.2495 0.0000
vt 0.0085 0.2506 0.0000
vt 0.9836 0.0016 0.0000
vt 0.9836 0.0027 0.0000
vt 0.8729 0.1169 0.0000
vt 0.8729 0.1179 0.0000
vt 0.9610 0.2192 0.0000
vt 0.9618 0.2192 0.0000
vt 0.9618 0.2203 0.0000
vt 0.9610 0.2202 0.0000
vt 0.5262 0.3332 0.0000
vt 0.9021 0.1608 0.0000
vt 0.9010 0.1608 0.0000
vt 0.3556 0.2702 0.0000
vt 0.3556 0.2691 0.0000
vt 0.9140 0.0756 0.0000
vt 0.9140 0.0766 0.0000
vt 0.9139 0.0766 0.0000
vt 0.9139 0.0756 0.0000
vt 0.4361 0.2702 0.0000
vt 0.4360 0.2691 0.0000
vt 0.1061 0.2963 0.0000
vt 0.1058 0.2963 0.0000
vt 0.1058 0.2952 0.0000
vt 0.1061 0.2952 0.0000
vt 0.9837 0.0016 0.0000
vt 0.9837 0.0027 0.0000
vt 0.4359 0.2702 0.0000
vt 0.4358 0.2691 0.0000
vt 0.9021 0.1628 0.0000
vt 0.9021 0.1632 0.0000
vt 0.9010 0.1632 0.0000
vt 0.9010 0.1628 0.0000
vt 0.0093 0.2495 0.0000
vt 0.0093 0.2506 0.0000
vt 0.9021 0.1605 0.0000
vt 0.9010 0.1605 0.0000
vt 0.3548 0.2702 0.0000
vt 0.3548 0.2691 0.0000
vt 0.9138 0.0766 0.0000
vt 0.9138 0.0756 0.0000
vt 0.1055 0.2963 0.0000
vt 0.1055 0.2952 0.0000
vt 0.9840 0.0016 0.0000
vt 0.9840 0.0027 0.0000
vt 0.9685 0.2628 0.0000
vt 0.9685 0.2638 0.0000
vt 0.9684 0.2638 0.0000
vt 0.9684 0.2628 0.0000
vt 0.8730 0.1169 0.0000
vt 0.8730 0.1179 0.0000
vt 0.9021 0.1624 0.0000
vt 0.9010 0.1624 0.0000
vt 0.0102 0.2495 0.0000
vt 0.0102 0.2506 0.0000
vt 0.9021 0.1604 0.0000
vt 0.9010 0.1604 0.0000
vt 0.3539 0.2702 0.0000
vt 0.3539 0.2691 0.0000
vt 0.9694 0.2627 0.0000
vt 0.9694 0.2637 0.0000
vt 0.1051 0.2963 0.0000
vt 0.1052 0.2952 0.0000
vt 0.9843 0.0016 0.0000
vt 0.9843 0.0027 0.0000
vt 0.3489 0.4888 0.0000
vt 0.3489 0.4890 0.0000
vt 0.3479 0.4890 0.0000
vt 0.3479 0.4888 0.0000
vt 0.9021 0.1620 0.0000
vt 0.9010 0.1620 0.0000
vt 0.0111 0.2495 0.0000
vt 0.0111 0.2506 0.0000
vt 0.5664 0.0016 0.0000
vt 0.5664 0.0027 0.0000
vt 0.6048 0.0419 0.0000
vt 0.6047 0.0419 0.0000
vt 0.6047 0.0409 0.0000
vt 0.6048 0.0409 0.0000
vt 0.3529 0.2702 0.0000
vt 0.3529 0.2691 0.0000
vt 0.9137 0.0766 0.0000
vt 0.9137 0.0756 0.0000
vt 0.9822 0.0016 0.0000
vt 0.9822 0.0027 0.0000
vt 0.9819 0.0027 0.0000
vt 0.9819 0.0016 0.0000
vt 0.3489 0.4892 0.0000
vt 0.3489 0.4896 0.0000
vt 0.3479 0.4896 0.0000
vt 0.3479 0.4892 0.0000
vt 0.1050 0.2963 0.0000
vt 0.1050 0.2952 0.0000
vt 0.9846 0.0016 0.0000
vt 0.9846 0.0027 0.0000
vt 0.9021 0.1617 0.0000
vt 0.9010 0.1617 0.0000
vt 0.0120 0.2495 0.0000
vt 0.0120 0.2506 0.0000
vt 0.5667 0.0016 0.0000
vt 0.5667 0.0027 0.0000
vt 0.3489 0.4897 0.0000
vt 0.3479 0.4897 0.0000
vt 0.3521 0.2702 0.0000
vt 0.3520 0.2691 0.0000
vt 0.9136 0.0766 0.0000
vt 0.9136 0.0756 0.0000
vt 0.9619 0.2192 0.0000
vt 0.9619 0.2203 0.0000
vt 0.9847 0.0016 0.0000
vt 0.9847 0.0027 0.0000
vt 0.5417 0.4528 0.0000
vt 0.5417 0.4518 0.0000
# 2633 texture coords

o Llanta1
g Llanta1
usemtl Material
s 1
f 1/1/1 2/2/2 3/3/3 4/4/4 
f 5/5/5 6/6/6 7/7/7 8/8/8 
f 9/9/9 10/10/10 4/11/4 11/12/11 
f 9/9/9 11/12/11 6/6/6 5/5/5 
f 12/13/12 13/14/13 10/10/10 9/9/9 
f 12/13/12 9/9/9 5/5/5 14/15/14 
f 15/16/15 16/17/16 13/14/13 12/13/12 
f 15/16/15 12/13/12 14/15/14 17/18/17 
f 18/19/18 19/20/19 16/17/16 15/16/15 
f 18/19/18 15/16/15 17/18/17 20/21/20 
f 21/22/21 22/23/22 19/20/19 18/19/18 
f 21/22/21 18/19/18 20/21/20 23/24/23 
f 24/25/24 25/26/25 22/23/22 21/22/21 
f 24/25/24 21/22/21 23/24/23 26/27/26 
f 27/28/27 28/29/28 25/26/25 24/25/24 
f 27/28/27 24/25/24 26/27/26 29/30/29 
f 30/31/30 31/32/31 28/33/28 27/34/27 
f 30/31/30 27/34/27 29/35/29 32/36/32 
f 33/37/33 34/38/34 31/32/31 30/31/30 
f 33/37/33 30/31/30 32/36/32 35/39/35 
f 36/40/36 37/41/37 34/38/34 33/37/33 
f 36/40/36 33/37/33 35/39/35 38/42/38 
f 39/43/39 40/44/40 37/41/37 36/40/36 
f 39/43/39 36/40/36 38/42/38 41/45/41 
f 42/46/42 43/47/43 40/44/40 39/43/39 
f 42/46/42 39/43/39 41/45/41 44/48/44 
f 45/49/45 46/50/46 43/47/43 42/46/42 
f 45/49/45 42/46/42 44/48/44 47/51/47 
f 48/52/48 49/53/49 46/50/46 45/49/45 
f 48/52/48 45/49/45 47/51/47 50/54/50 
f 51/55/51 52/56/52 49/53/49 48/52/48 
f 51/55/51 48/52/48 50/54/50 53/57/53 
f 54/58/54 55/59/55 52/60/52 51/61/51 
f 54/58/54 51/61/51 53/62/53 56/63/56 
f 57/64/57 58/65/58 55/59/55 54/58/54 
f 57/64/57 54/58/54 56/63/56 59/66/59 
f 60/67/60 61/68/61 58/65/58 57/64/57 
f 60/67/60 57/64/57 59/66/59 62/69/62 
f 63/70/63 64/71/64 61/68/61 60/67/60 
f 63/70/63 60/67/60 62/69/62 65/72/65 
f 66/73/66 67/74/67 64/71/64 63/70/63 
f 66/73/66 63/70/63 65/72/65 68/75/68 
f 69/76/69 70/77/70 67/74/67 66/73/66 
f 69/76/69 66/73/66 68/75/68 71/78/71 
f 72/79/72 73/80/73 70/77/70 69/76/69 
f 72/79/72 69/76/69 71/78/71 74/81/74 
f 75/82/75 76/83/76 73/80/73 72/79/72 
f 75/82/75 72/79/72 74/81/74 77/84/77 
f 78/85/78 79/86/79 76/87/76 75/88/75 
f 78/85/78 75/88/75 77/89/77 80/90/80 
f 81/91/81 82/92/82 79/86/79 78/85/78 
f 81/91/81 78/85/78 80/90/80 83/93/83 
f 84/94/84 85/95/85 82/92/82 81/91/81 
f 84/94/84 81/91/81 83/93/83 86/96/86 
f 87/97/87 88/98/88 85/95/85 84/94/84 
f 87/97/87 84/94/84 86/96/86 89/99/89 
f 90/100/90 91/101/91 88/98/88 87/97/87 
f 90/100/90 87/97/87 89/99/89 92/102/92 
f 93/103/93 94/104/94 91/101/91 90/100/90 
f 93/103/93 90/100/90 92/102/92 95/105/95 
f 96/106/96 97/107/97 94/104/94 93/103/93 
f 96/106/96 93/103/93 95/105/95 98/108/98 
f 10/109/10 99/110/99 1/1/1 4/4/4 
f 3/3/3 2/2/2 100/111/100 97/112/97 
f 101/113/101 3/114/3 97/107/97 96/106/96 
f 98/108/98 102/115/102 101/113/101 96/106/96 
f 103/116/103 7/117/7 104/118/104 105/119/105 
f 104/118/104 106/120/106 107/121/107 105/119/105 
f 6/6/6 11/12/11 101/122/101 102/123/102 
f 7/7/7 6/6/6 102/123/102 104/124/104 
f 102/115/102 98/108/98 106/125/106 104/126/104 
f 106/120/106 108/127/108 109/128/109 107/121/107 
f 110/129/110 111/130/111 112/131/112 113/132/113 
f 97/112/97 100/111/100 114/133/114 94/134/94 
f 98/108/98 95/105/95 108/135/108 106/125/106 
f 108/127/108 115/136/115 116/137/116 109/128/109 
f 94/134/94 114/133/114 117/138/117 91/139/91 
f 95/105/95 92/102/92 115/140/115 108/135/108 
f 115/136/115 118/141/118 119/142/119 116/137/116 
f 91/139/91 117/138/117 120/143/120 88/144/88 
f 92/102/92 89/99/89 118/145/118 115/140/115 
f 118/141/118 121/146/121 122/147/122 119/142/119 
f 88/144/88 120/143/120 123/148/123 85/149/85 
f 89/99/89 86/96/86 121/150/121 118/145/118 
f 121/146/121 124/151/124 125/152/125 122/147/122 
f 85/149/85 123/148/123 126/153/126 82/154/82 
f 86/96/86 83/93/83 124/155/124 121/150/121 
f 124/151/124 127/156/127 128/157/128 125/152/125 
f 82/154/82 126/153/126 129/158/129 79/159/79 
f 83/93/83 80/90/80 127/160/127 124/155/124 
f 127/156/127 130/161/130 131/162/131 128/157/128 
f 79/159/79 129/158/129 132/163/132 76/164/76 
f 80/90/80 77/89/77 130/165/130 127/160/127 
f 130/161/130 133/166/133 134/167/134 131/162/131 
f 76/164/76 132/163/132 135/168/135 73/169/73 
f 77/84/77 74/81/74 133/170/133 130/171/130 
f 133/166/133 136/172/136 137/173/137 134/167/134 
f 73/169/73 135/168/135 138/174/138 70/175/70 
f 74/81/74 71/78/71 136/176/136 133/170/133 
f 136/172/136 139/177/139 140/178/140 137/173/137 
f 70/175/70 138/174/138 141/179/141 67/180/67 
f 71/78/71 68/75/68 139/181/139 136/176/136 
f 139/177/139 142/182/142 143/183/143 140/178/140 
f 67/180/67 141/179/141 144/184/144 64/185/64 
f 68/75/68 65/72/65 142/186/142 139/181/139 
f 142/182/142 145/187/145 146/188/146 143/183/143 
f 64/185/64 144/184/144 147/189/147 61/190/61 
f 65/72/65 62/69/62 145/191/145 142/186/142 
f 145/187/145 148/192/148 149/193/149 146/188/146 
f 61/190/61 147/189/147 150/194/150 58/195/58 
f 62/69/62 59/66/59 148/196/148 145/191/145 
f 148/192/148 151/197/151 152/198/152 149/193/149 
f 58/195/58 150/194/150 153/199/153 55/200/55 
f 59/66/59 56/63/56 151/201/151 148/196/148 
f 151/197/151 154/202/154 155/203/155 152/198/152 
f 55/200/55 153/199/153 156/204/156 52/205/52 
f 56/63/56 53/62/53 154/206/154 151/201/151 
f 154/202/154 157/207/157 158/208/158 155/203/155 
f 52/205/52 156/204/156 159/209/159 49/210/49 
f 53/57/53 50/54/50 157/211/157 154/212/154 
f 157/207/157 160/213/160 161/214/161 158/208/158 
f 49/210/49 159/209/159 162/215/162 46/216/46 
f 50/54/50 47/51/47 160/217/160 157/211/157 
f 160/213/160 163/218/163 164/219/164 161/214/161 
f 46/216/46 162/215/162 165/220/165 43/221/43 
f 47/51/47 44/48/44 163/222/163 160/217/160 
f 163/218/163 166/223/166 167/224/167 164/219/164 
f 43/221/43 165/220/165 168/225/168 40/226/40 
f 44/48/44 41/45/41 166/227/166 163/222/163 
f 166/223/166 169/228/169 170/229/170 167/224/167 
f 40/226/40 168/225/168 171/230/171 37/231/37 
f 41/45/41 38/42/38 169/232/169 166/227/166 
f 169/228/169 172/233/172 173/234/173 170/229/170 
f 37/231/37 171/230/171 174/235/174 34/236/34 
f 38/42/38 35/39/35 172/237/172 169/232/169 
f 172/233/172 175/238/175 176/239/176 173/234/173 
f 34/236/34 174/235/174 177/240/177 31/241/31 
f 35/39/35 32/36/32 175/242/175 172/237/172 
f 175/238/175 178/243/178 179/244/179 176/239/176 
f 31/241/31 177/240/177 180/245/180 28/246/28 
f 32/36/32 29/35/29 178/247/178 175/242/175 
f 178/243/178 181/248/181 182/249/182 179/244/179 
f 28/246/28 180/245/180 183/250/183 25/251/25 
f 29/30/29 26/27/26 181/252/181 178/253/178 
f 181/248/181 184/254/184 185/255/185 182/249/182 
f 25/251/25 183/250/183 186/256/186 22/257/22 
f 26/27/26 23/24/23 184/258/184 181/252/181 
f 184/254/184 187/259/187 188/260/188 185/255/185 
f 22/257/22 186/256/186 189/261/189 19/262/19 
f 23/24/23 20/21/20 187/263/187 184/258/184 
f 187/259/187 190/264/190 191/265/191 188/260/188 
f 19/262/19 189/261/189 192/266/192 16/267/16 
f 20/21/20 17/18/17 190/268/190 187/263/187 
f 190/264/190 193/269/193 194/270/194 191/265/191 
f 16/267/16 192/266/192 195/271/195 13/272/13 
f 17/18/17 14/15/14 193/273/193 190/268/190 
f 193/269/193 8/274/8 196/275/196 194/270/194 
f 13/272/13 195/271/195 99/110/99 10/109/10 
f 14/15/14 5/5/5 8/8/8 193/273/193 
f 8/274/8 7/117/7 103/116/103 196/275/196 
f 111/130/111 197/276/197 159/209/159 156/204/156 
f 198/277/198 197/276/197 111/130/111 110/129/110 
f 199/278/199 200/279/200 201/280/201 202/281/202 
f 111/130/111 156/204/156 153/199/153 112/131/112 
f 200/279/200 203/282/203 132/163/132 129/158/129 
f 204/283/204 203/282/203 200/279/200 199/278/199 
f 205/284/205 206/285/206 207/286/207 208/287/208 
f 200/279/200 129/158/129 126/153/126 201/280/201 
f 209/288/209 176/239/176 179/244/179 206/285/206 
f 210/289/210 209/288/209 206/285/206 205/284/205 
f 211/290/211 212/291/212 213/292/213 214/293/214 
f 206/285/206 179/244/179 182/249/182 207/286/207 
f 215/294/215 149/193/149 152/198/152 212/291/212 
f 216/295/216 215/294/215 212/291/212 211/290/211 
f 217/296/217 218/297/218 219/298/219 220/299/220 
f 212/291/212 152/198/152 155/203/155 213/292/213 
f 218/297/218 221/300/221 183/250/183 180/245/180 
f 222/301/222 221/300/221 218/297/218 217/296/217 
f 223/302/223 224/303/224 225/304/225 226/305/226 
f 218/297/218 180/245/180 177/240/177 219/298/219 
f 227/306/227 122/147/122 125/152/125 224/303/224 
f 228/307/228 227/306/227 224/303/224 223/302/223 
f 113/132/113 112/131/112 229/308/229 230/309/230 
f 224/303/224 125/152/125 128/157/128 225/304/225 
f 202/281/202 201/280/201 231/310/231 232/311/232 
f 112/131/112 153/199/153 150/194/150 229/308/229 
f 233/312/233 173/234/173 176/239/176 209/288/209 
f 201/280/201 126/153/126 123/148/123 231/310/231 
f 234/313/234 233/312/233 209/288/209 210/289/210 
f 235/314/235 146/188/146 149/193/149 215/294/215 
f 236/315/236 235/314/235 215/294/215 216/295/216 
f 220/299/220 219/298/219 237/316/237 238/317/238 
f 239/318/239 240/319/240 241/320/241 242/321/242 
f 219/298/219 177/240/177 174/235/174 237/316/237 
f 243/322/243 196/275/196 103/116/103 240/319/240 
f 244/323/244 243/322/243 240/319/240 239/318/239 
f 245/324/245 119/142/119 122/147/122 227/306/227 
f 240/319/240 103/116/103 105/119/105 241/320/241 
f 246/325/246 245/324/245 227/306/227 228/307/228 
f 230/309/230 229/308/229 247/326/247 248/327/248 
f 249/328/249 250/329/250 251/330/251 252/331/252 
f 229/308/229 150/194/150 147/189/147 247/326/247 
f 253/332/253 2/2/2 1/1/1 250/329/250 
f 254/333/254 253/332/253 250/329/250 249/328/249 
f 232/311/232 231/310/231 255/334/255 256/335/256 
f 250/329/250 1/1/1 99/110/99 251/330/251 
f 257/336/257 170/229/170 173/234/173 233/312/233 
f 231/310/231 123/148/123 120/143/120 255/334/255 
f 258/337/258 257/336/257 233/312/233 234/313/234 
f 259/338/259 143/183/143 146/188/146 235/314/235 
f 260/339/260 259/338/259 235/314/235 236/315/236 
f 238/317/238 237/316/237 261/340/261 262/341/262 
f 263/342/263 116/137/116 119/142/119 245/324/245 
f 237/316/237 174/235/174 171/230/171 261/340/261 
f 264/343/264 263/342/263 245/324/245 246/325/246 
f 248/327/248 247/326/247 265/344/265 266/345/266 
f 267/346/267 194/270/194 196/275/196 243/322/243 
f 247/326/247 147/189/147 144/184/144 265/344/265 
f 268/347/268 267/346/267 243/322/243 244/323/244 
f 256/335/256 255/334/255 269/348/269 270/349/270 
f 271/350/271 167/224/167 170/229/170 257/336/257 
f 255/334/255 120/143/120 117/138/117 269/348/269 
f 272/351/272 271/350/271 257/336/257 258/337/258 
f 252/331/252 251/330/251 273/352/273 274/353/274 
f 275/354/275 140/178/140 143/183/143 259/338/259 
f 251/330/251 99/110/99 195/271/195 273/352/273 
f 276/355/276 275/354/275 259/338/259 260/339/260 
f 262/341/262 261/340/261 277/356/277 278/357/278 
f 279/358/279 109/128/109 116/137/116 263/342/263 
f 261/340/261 171/230/171 168/225/168 277/356/277 
f 280/359/280 279/358/279 263/342/263 264/343/264 
f 266/345/266 265/344/265 281/360/281 282/361/282 
f 283/362/283 191/265/191 194/270/194 267/346/267 
f 265/344/265 144/184/144 141/179/141 281/360/281 
f 284/363/284 283/362/283 267/346/267 268/347/268 
f 270/349/270 269/348/269 285/364/285 286/365/286 
f 287/366/287 164/219/164 167/224/167 271/350/271 
f 269/348/269 117/138/117 114/133/114 285/364/285 
f 288/367/288 287/366/287 271/350/271 272/351/272 
f 274/353/274 273/352/273 289/368/289 290/369/290 
f 291/370/291 137/173/137 140/178/140 275/354/275 
f 273/352/273 195/271/195 192/266/192 289/368/289 
f 292/371/292 291/370/291 275/354/275 276/355/276 
f 278/357/278 277/356/277 293/372/293 294/373/294 
f 295/374/295 107/121/107 109/128/109 279/358/279 
f 277/356/277 168/225/168 165/220/165 293/372/293 
f 296/375/296 295/374/295 279/358/279 280/359/280 
f 282/361/282 281/360/281 297/376/297 298/377/298 
f 299/378/299 188/260/188 191/265/191 283/362/283 
f 281/360/281 141/179/141 138/174/138 297/376/297 
f 300/379/300 299/378/299 283/362/283 284/363/284 
f 286/365/286 285/364/285 301/380/301 302/381/302 
f 303/382/303 161/214/161 164/219/164 287/366/287 
f 285/364/285 114/133/114 100/111/100 301/380/301 
f 304/383/304 303/382/303 287/366/287 288/367/288 
f 290/369/290 289/368/289 305/384/305 306/385/306 
f 307/386/307 134/167/134 137/173/137 291/370/291 
f 289/368/289 192/266/192 189/261/189 305/384/305 
f 308/387/308 307/386/307 291/370/291 292/371/292 
f 294/373/294 293/372/293 309/388/309 310/389/310 
f 241/320/241 105/119/105 107/121/107 295/374/295 
f 293/372/293 165/220/165 162/215/162 309/388/309 
f 242/321/242 241/320/241 295/374/295 296/375/296 
f 298/377/298 297/376/297 311/390/311 312/391/312 
f 313/392/313 185/255/185 188/260/188 299/378/299 
f 297/376/297 138/174/138 135/168/135 311/390/311 
f 314/393/314 313/392/313 299/378/299 300/379/300 
f 302/381/302 301/380/301 253/332/253 254/333/254 
f 315/394/315 158/208/158 161/214/161 303/382/303 
f 301/380/301 100/111/100 2/2/2 253/332/253 
f 316/395/316 315/394/315 303/382/303 304/383/304 
f 306/385/306 305/384/305 317/396/317 318/397/318 
f 319/398/319 131/162/131 134/167/134 307/386/307 
f 305/384/305 189/261/189 186/256/186 317/396/317 
f 320/399/320 319/398/319 307/386/307 308/387/308 
f 310/389/310 309/388/309 197/276/197 198/277/198 
f 312/391/312 311/390/311 203/282/203 204/283/204 
f 309/388/309 162/215/162 159/209/159 197/276/197 
f 207/286/207 182/249/182 185/255/185 313/392/313 
f 311/390/311 135/168/135 132/163/132 203/282/203 
f 208/287/208 207/286/207 313/392/313 314/393/314 
f 213/292/213 155/203/155 158/208/158 315/394/315 
f 214/293/214 213/292/213 315/394/315 316/395/316 
f 318/397/318 317/396/317 221/300/221 222/301/222 
f 225/304/225 128/157/128 131/162/131 319/398/319 
f 317/396/317 186/256/186 183/250/183 221/300/221 
f 226/305/226 225/304/225 319/398/319 320/399/320 
f 321/400/321 322/401/322 323/402/323 324/403/324 
f 322/401/322 325/404/325 217/296/217 220/299/220 
f 326/405/326 325/404/325 322/401/322 321/400/321 
f 327/406/327 328/407/328 329/408/329 330/409/330 
f 322/401/322 220/299/220 238/317/238 323/402/323 
f 328/407/328 331/410/331 198/277/198 110/129/110 
f 332/411/332 331/410/331 328/407/328 327/406/327 
f 333/412/333 334/413/334 335/414/335 336/415/336 
f 328/407/328 110/129/110 113/132/113 329/408/329 
f 334/413/334 337/416/337 298/377/298 312/391/312 
f 338/417/338 337/416/337 334/413/334 333/412/333 
f 339/418/339 340/419/340 341/420/341 342/421/342 
f 334/413/334 312/391/312 204/283/204 335/414/335 
f 340/419/340 343/422/343 252/331/252 274/353/274 
f 344/423/344 343/422/343 340/419/340 339/418/339 
f 345/424/345 346/425/346 347/426/347 348/427/348 
f 340/419/340 274/353/274 290/369/290 341/420/341 
f 346/425/346 349/428/349 270/349/270 286/365/286 
f 350/429/350 349/428/349 346/425/346 345/424/345 
f 324/403/324 323/402/323 351/430/351 352/431/352 
f 346/425/346 286/365/286 302/381/302 347/426/347 
f 330/409/330 329/408/329 353/432/353 354/433/354 
f 323/402/323 238/317/238 262/341/262 351/430/351 
f 336/415/336 335/414/335 355/434/355 356/435/356 
f 329/408/329 113/132/113 230/309/230 353/432/353 
f 342/421/342 341/420/341 357/436/357 358/437/358 
f 335/414/335 204/283/204 199/278/199 355/434/355 
f 348/427/348 347/426/347 359/438/359 360/439/360 
f 341/420/341 290/369/290 306/385/306 357/436/357 
f 352/431/352 351/430/351 361/440/361 362/441/362 
f 347/426/347 302/381/302 254/333/254 359/438/359 
f 354/433/354 353/432/353 363/442/363 364/443/364 
f 351/430/351 262/341/262 278/357/278 361/440/361 
f 356/435/356 355/434/355 365/444/365 366/445/366 
f 353/432/353 230/309/230 248/327/248 363/442/363 
f 358/437/358 357/436/357 367/446/367 368/447/368 
f 355/434/355 199/278/199 202/281/202 365/444/365 
f 360/439/360 359/438/359 369/448/369 370/449/370 
f 357/436/357 306/385/306 318/397/318 367/446/367 
f 362/441/362 361/440/361 371/450/371 372/451/372 
f 359/438/359 254/333/254 249/328/249 369/448/369 
f 364/443/364 363/442/363 373/452/373 374/453/374 
f 361/440/361 278/357/278 294/373/294 371/450/371 
f 366/445/366 365/444/365 375/454/375 376/455/376 
f 363/442/363 248/327/248 266/345/266 373/452/373 
f 368/447/368 367/446/367 377/456/377 378/457/378 
f 365/444/365 202/281/202 232/311/232 375/454/375 
f 372/451/372 371/450/371 379/458/379 380/459/380 
f 367/446/367 318/397/318 222/301/222 377/456/377 
f 374/453/374 373/452/373 381/460/381 382/461/382 
f 371/450/371 294/373/294 310/389/310 379/458/379 
f 376/455/376 375/454/375 383/462/383 384/463/384 
f 373/452/373 266/345/266 282/361/282 381/460/381 
f 378/457/378 377/456/377 325/404/325 326/405/326 
f 375/454/375 232/311/232 256/335/256 383/462/383 
f 380/459/380 379/458/379 331/410/331 332/411/332 
f 377/456/377 222/301/222 217/296/217 325/404/325 
f 382/461/382 381/460/381 337/416/337 338/417/338 
f 379/458/379 310/389/310 198/277/198 331/410/331 
f 370/449/370 369/448/369 343/422/343 344/423/344 
f 381/460/381 282/361/282 298/377/298 337/416/337 
f 384/463/384 383/462/383 349/428/349 350/429/350 
f 369/448/369 249/328/249 252/331/252 343/422/343 
f 385/464/385 386/465/386 387/466/387 388/467/388 
f 383/462/383 256/335/256 270/349/270 349/428/349 
f 386/468/386 389/469/389 333/412/333 336/415/336 
f 390/470/390 389/471/389 386/472/386 385/473/385 
f 391/474/391 392/475/392 393/476/393 394/477/394 
f 386/468/386 336/415/336 356/435/356 387/478/387 
f 392/475/392 395/479/395 324/480/324 352/481/352 
f 396/482/396 395/479/395 392/475/392 391/474/391 
f 388/467/388 387/466/387 397/483/397 398/484/398 
f 392/475/392 352/481/352 362/485/362 393/476/393 
f 394/477/394 393/476/393 399/486/399 400/487/400 
f 387/466/387 356/488/356 366/489/366 397/483/397 
f 398/484/398 397/483/397 401/490/401 402/491/402 
f 393/476/393 362/485/362 372/492/372 399/486/399 
f 400/487/400 399/486/399 403/493/403 404/494/404 
f 397/483/397 366/489/366 376/495/376 401/490/401 
f 402/491/402 401/490/401 405/496/405 406/497/406 
f 399/486/399 372/492/372 380/498/380 403/493/403 
f 404/494/404 403/493/403 407/499/407 408/500/408 
f 401/490/401 376/495/376 384/501/384 405/496/405 
f 409/502/409 410/503/410 411/504/411 412/505/412 
f 403/493/403 380/498/380 332/506/332 407/499/407 
f 413/507/413 360/439/360 370/449/370 410/508/410 
f 414/509/414 413/510/413 410/503/410 409/502/409 
f 406/497/406 405/496/405 415/511/415 416/512/416 
f 410/503/410 370/513/370 344/514/344 411/504/411 
f 408/500/408 407/499/407 417/515/417 418/516/418 
f 405/496/405 384/501/384 350/517/350 415/511/415 
f 412/505/412 411/504/411 419/518/419 420/519/420 
f 407/499/407 332/506/332 327/520/327 417/515/417 
f 416/512/416 415/511/415 421/521/421 422/522/422 
f 411/504/411 344/514/344 339/523/339 419/518/419 
f 418/524/418 417/525/417 423/526/423 424/527/424 
f 415/511/415 350/517/350 345/528/345 421/521/421 
f 420/519/420 419/518/419 425/529/425 426/530/426 
f 417/531/417 327/406/327 330/409/330 423/532/423 
f 422/522/422 421/521/421 427/533/427 428/534/428 
f 419/518/419 339/523/339 342/535/342 425/529/425 
f 424/527/424 423/526/423 429/536/429 430/537/430 
f 421/521/421 345/528/345 348/538/348 427/533/427 
f 426/530/426 425/529/425 431/539/431 432/540/432 
f 423/526/423 330/541/330 354/542/354 429/536/429 
f 428/534/428 427/533/427 413/543/413 414/544/414 
f 425/529/425 342/535/342 358/545/358 431/539/431 
f 430/537/430 429/536/429 433/546/433 434/547/434 
f 427/533/427 348/538/348 360/548/360 413/543/413 
f 432/540/432 431/539/431 435/549/435 436/550/436 
f 429/536/429 354/542/354 364/551/364 433/546/433 
f 434/547/434 433/546/433 437/552/437 438/553/438 
f 431/539/431 358/545/358 368/554/368 435/549/435 
f 436/550/436 435/549/435 439/555/439 440/556/440 
f 433/546/433 364/551/364 374/557/374 437/552/437 
f 438/553/438 437/552/437 441/558/441 442/559/442 
f 435/549/435 368/554/368 378/560/378 439/555/439 
f 440/556/440 439/555/439 443/561/443 444/562/444 
f 437/552/437 374/557/374 382/563/382 441/558/441 
f 442/559/442 441/558/441 445/564/445 446/565/446 
f 439/555/439 378/560/378 326/566/326 443/561/443 
f 444/567/444 443/568/443 447/569/447 448/570/448 
f 441/558/441 382/563/382 338/571/338 445/564/445 
f 446/565/446 445/564/445 389/471/389 390/470/390 
f 443/568/443 326/572/326 321/573/321 447/569/447 
f 448/570/448 447/569/447 395/479/395 396/482/396 
f 445/564/445 338/571/338 333/574/333 389/471/389 
f 449/575/449 450/576/450 451/577/451 452/578/452 
f 447/569/447 321/573/321 324/480/324 395/479/395 
f 453/579/453 276/355/276 260/339/260 450/580/454 
f 454/581/455 453/582/456 450/576/450 449/575/449 
f 455/583/457 456/584/458 457/585/459 458/586/460 
f 450/580/454 260/339/260 236/315/236 451/587/461 
f 459/588/462 246/325/246 228/307/228 456/589/463 
f 460/590/464 459/591/465 456/584/458 455/583/457 
f 461/592/466 462/593/467 463/594/468 464/595/469 
f 456/589/463 228/307/228 223/302/223 457/596/470 
f 465/597/471 205/284/205 208/287/208 462/598/472 
f 466/599/473 465/600/474 462/593/467 461/592/466 
f 467/601/475 468/602/476 469/603/477 470/604/478 
f 462/598/472 208/287/208 314/393/314 463/605/479 
f 471/606/480 316/395/316 304/383/304 468/607/481 
f 472/608/482 471/609/483 468/602/476 467/601/475 
f 473/610/484 292/371/292 276/355/276 453/579/453 
f 468/607/481 304/383/304 288/367/288 469/611/485 
f 474/612/486 473/613/487 453/582/456 454/581/455 
f 475/614/488 476/615/489 477/616/490 478/617/491 
f 479/618/492 244/323/244 239/318/239 476/619/493 
f 480/620/494 479/621/495 476/615/489 475/614/488 
f 481/622/496 264/343/264 246/325/246 459/588/462 
f 476/619/493 239/318/239 242/321/242 477/623/497 
f 482/624/498 481/625/499 459/591/465 460/590/464 
f 483/626/500 210/289/210 205/284/205 465/597/471 
f 484/627/501 483/628/502 465/629/474 466/630/473 
f 485/631/503 214/293/214 316/395/316 471/606/480 
f 486/632/504 485/633/505 471/609/483 472/608/482 
f 487/634/506 308/387/308 292/371/292 473/610/484 
f 488/635/507 487/636/508 473/613/487 474/612/486 
f 489/637/509 268/347/268 244/323/244 479/618/492 
f 490/638/510 489/639/511 479/621/495 480/620/494 
f 491/640/512 280/359/280 264/343/264 481/622/496 
f 492/641/513 491/642/514 481/625/499 482/624/498 
f 493/643/515 234/313/234 210/289/210 483/626/500 
f 494/644/516 493/645/517 483/628/502 484/627/501 
f 495/646/518 211/290/211 214/293/214 485/631/503 
f 496/647/519 495/648/520 485/649/505 486/650/504 
f 497/651/521 320/399/320 308/387/308 487/634/506 
f 498/652/522 497/653/523 487/636/508 488/635/507 
f 499/654/524 284/363/284 268/347/268 489/637/509 
f 500/655/525 499/656/526 489/639/511 490/638/510 
f 501/657/527 296/375/296 280/359/280 491/640/512 
f 502/658/528 501/659/529 491/642/514 492/641/513 
f 503/660/530 258/337/258 234/313/234 493/643/515 
f 504/661/531 503/662/532 493/645/517 494/644/516 
f 505/663/533 216/295/216 211/290/211 495/646/518 
f 506/664/534 505/665/535 495/648/520 496/647/519 
f 507/666/536 226/305/226 320/399/320 497/651/521 
f 508/667/537 507/668/538 497/669/523 498/670/522 
f 509/671/539 300/379/300 284/363/284 499/654/524 
f 510/672/540 509/673/541 499/656/526 500/655/525 
f 477/623/497 242/321/242 296/375/296 501/657/527 
f 478/674/491 477/675/490 501/659/529 502/658/528 
f 511/676/542 272/351/272 258/337/258 503/660/530 
f 512/677/543 511/678/544 503/662/532 504/661/531 
f 451/587/461 236/315/236 216/295/216 505/663/533 
f 452/578/452 451/577/451 505/665/535 506/664/534 
f 457/596/470 223/302/223 226/305/226 507/666/536 
f 458/586/460 457/585/459 507/668/538 508/667/537 
f 463/605/479 314/393/314 300/379/300 509/671/539 
f 464/595/469 463/594/468 509/673/541 510/672/540 
f 469/611/485 288/367/288 272/351/272 511/676/542 
f 470/604/478 469/603/477 511/678/544 512/677/543 
f 513/679/545 514/680/546 515/681/547 516/681/548 
f 517/682/549 518/683/549 519/684/550 520/685/551 
f 521/686/552 522/687/553 523/688/554 524/689/555 
f 525/690/556 526/691/557 527/692/558 528/693/559 
f 521/686/552 529/694/560 530/695/561 531/696/562 
f 532/697/563 533/698/564 534/699/565 535/700/565 
f 520/685/551 519/684/550 536/701/566 537/702/567 
f 524/689/555 538/703/568 539/704/569 540/705/570 
f 520/685/551 541/706/571 542/707/549 517/682/549 
f 524/689/555 523/688/554 543/708/572 538/703/568 
f 537/702/567 544/709/573 545/710/573 546/711/567 
f 537/702/567 536/701/566 547/712/574 544/709/573 
f 538/703/568 548/713/575 549/714/576 539/704/569 
f 538/703/568 543/708/572 550/715/577 548/713/575 
f 544/709/573 551/716/578 552/717/578 545/710/573 
f 544/709/573 547/712/574 553/718/578 551/716/578 
f 548/713/575 554/719/579 555/720/580 549/714/576 
f 548/713/575 550/715/577 556/721/581 554/719/579 
f 557/722/582 558/722/583 559/723/584 560/723/585 
f 529/694/560 561/724/560 562/725/561 530/695/561 
f 535/700/565 534/699/565 563/726/586 564/727/587 
f 551/716/578 565/728/588 566/729/588 552/717/578 
f 535/700/565 567/730/589 568/731/563 532/697/563 
f 551/716/578 553/718/578 569/732/590 565/728/588 
f 554/719/579 570/733/591 571/734/592 555/720/580 
f 554/719/579 556/721/581 572/735/593 570/733/591 
f 564/727/587 573/736/594 574/737/595 575/738/596 
f 564/727/587 563/726/586 576/736/597 573/736/594 
f 565/728/588 577/739/598 578/740/599 566/729/588 
f 565/728/588 569/732/590 579/741/600 577/739/598 
f 570/733/591 580/742/601 581/743/602 571/734/592 
f 570/733/591 572/735/593 582/742/603 580/742/601 
f 573/736/594 583/744/604 584/745/605 574/737/595 
f 573/736/594 576/736/597 585/744/606 583/744/604 
f 577/739/598 586/746/607 587/747/608 578/740/599 
f 577/739/598 579/741/600 588/748/609 586/746/607 
f 580/742/601 589/749/610 590/750/611 581/743/602 
f 580/742/601 582/742/603 591/749/612 589/749/610 
f 583/744/604 592/751/613 593/752/614 584/745/605 
f 583/744/604 585/744/606 594/753/615 592/751/613 
f 586/746/607 532/697/563 568/731/563 587/747/608 
f 586/746/607 588/748/609 533/698/564 532/697/563 
f 589/749/610 595/754/616 596/755/616 590/750/611 
f 589/749/610 591/749/612 597/756/617 595/754/616 
f 592/751/613 598/757/618 599/758/619 593/752/614 
f 592/751/613 594/753/615 600/759/620 598/757/618 
f 595/754/616 601/760/621 602/761/621 596/755/616 
f 595/754/616 597/756/617 603/762/622 601/760/621 
f 598/757/618 604/763/623 605/764/623 599/758/619 
f 598/757/618 600/759/620 606/763/624 604/763/623 
f 601/760/621 607/765/625 608/766/626 602/761/621 
f 601/760/621 603/762/622 609/765/627 607/765/625 
f 604/763/623 610/767/628 611/768/628 605/764/623 
f 604/763/623 606/763/624 612/767/628 610/767/628 
f 607/765/625 613/769/629 614/770/630 608/766/626 
f 607/765/625 609/765/627 615/769/631 613/769/629 
f 610/767/628 616/771/632 617/772/633 611/768/628 
f 610/767/628 612/767/628 618/771/632 616/771/632 
f 613/769/629 619/773/634 620/774/634 614/770/630 
f 613/769/629 615/769/631 621/775/635 619/773/634 
f 616/771/632 531/696/562 530/695/561 617/772/633 
f 616/771/632 618/771/632 622/776/636 531/696/562 
f 619/773/634 517/682/549 542/707/549 620/774/634 
f 619/773/634 621/775/635 518/683/549 517/682/549 
f 623/777/637 624/778/638 625/779/639 626/780/640 
f 563/781/641 624/778/638 627/782/642 576/783/642 
f 426/530/426 628/784/643 629/785/644 420/519/420 
f 630/786/645 623/777/637 631/787/646 629/785/644 
f 432/540/432 632/788/647 628/784/643 426/530/426 
f 436/550/436 633/789/648 632/788/647 432/540/432 
f 440/556/440 634/790/649 633/789/648 436/550/436 
f 444/562/444 635/791/650 634/790/649 440/556/440 
f 448/570/448 636/792/651 635/793/650 444/567/444 
f 396/482/396 637/794/652 636/792/651 448/570/448 
f 391/474/391 638/795/653 637/794/652 396/482/396 
f 394/477/394 639/796/654 638/795/653 391/474/391 
f 400/487/400 640/797/655 639/796/654 394/477/394 
f 404/494/404 641/798/656 640/797/655 400/487/400 
f 408/500/408 642/799/657 641/798/656 404/494/404 
f 418/516/418 643/800/658 642/799/657 408/500/408 
f 424/527/424 644/801/659 643/802/658 418/524/418 
f 430/537/430 645/803/660 644/801/659 424/527/424 
f 434/547/434 646/804/661 645/803/660 430/537/430 
f 438/553/438 647/805/662 646/804/661 434/547/434 
f 442/559/442 648/806/663 647/805/662 438/553/438 
f 446/565/446 649/807/664 648/806/663 442/559/442 
f 390/470/390 650/808/665 649/807/664 446/565/446 
f 385/473/385 651/809/666 650/808/665 390/470/390 
f 388/467/388 652/810/667 651/811/666 385/464/385 
f 398/484/398 653/812/668 652/810/667 388/467/388 
f 402/491/402 654/813/669 653/812/668 398/484/398 
f 406/497/406 655/814/670 654/813/669 402/491/402 
f 416/512/416 656/815/671 655/814/670 406/497/406 
f 422/522/422 657/816/672 656/815/671 416/512/416 
f 428/534/428 658/817/673 657/816/672 422/522/422 
f 414/544/414 659/818/674 658/817/673 428/534/428 
f 409/502/409 660/819/675 659/820/674 414/509/414 
f 412/505/412 631/787/646 660/819/675 409/502/409 
f 660/819/675 631/787/646 623/777/637 626/780/640 
f 626/780/640 661/821/676 659/820/674 660/819/675 
f 661/822/676 662/823/677 658/817/673 659/818/674 
f 662/823/677 663/824/678 657/816/672 658/817/673 
f 663/824/678 664/825/679 656/815/671 657/816/672 
f 664/825/679 665/826/680 655/814/670 656/815/671 
f 665/826/680 666/827/681 654/813/669 655/814/670 
f 666/827/681 667/828/682 653/812/668 654/813/669 
f 667/828/682 668/829/683 652/810/667 653/812/668 
f 668/829/683 669/830/684 651/811/666 652/810/667 
f 669/831/684 670/832/685 650/808/665 651/809/666 
f 670/832/685 671/833/686 649/807/664 650/808/665 
f 671/833/686 672/834/687 648/806/663 649/807/664 
f 672/834/687 673/835/688 647/805/662 648/806/663 
f 673/835/688 674/836/689 646/804/661 647/805/662 
f 674/836/689 675/837/690 645/803/660 646/804/661 
f 675/837/690 676/838/691 644/801/659 645/803/660 
f 676/838/691 677/839/692 643/802/658 644/801/659 
f 677/840/692 678/841/693 642/799/657 643/800/658 
f 678/841/693 679/842/694 641/798/656 642/799/657 
f 679/842/694 680/843/695 640/797/655 641/798/656 
f 680/843/695 681/844/696 639/796/654 640/797/655 
f 681/844/696 682/845/697 638/795/653 639/796/654 
f 682/845/697 683/846/698 637/794/652 638/795/653 
f 683/846/698 684/847/699 636/792/651 637/794/652 
f 684/847/699 685/848/700 635/793/650 636/792/651 
f 685/849/700 686/850/701 634/790/649 635/791/650 
f 686/850/701 687/851/702 633/789/648 634/790/649 
f 687/851/702 688/852/703 632/788/647 633/789/648 
f 688/852/703 689/853/704 628/784/643 632/788/647 
f 689/853/704 630/786/645 629/785/644 628/784/643 
f 420/519/420 629/785/644 631/787/646 412/505/412 
f 630/786/645 627/782/642 624/778/638 623/777/637 
f 576/783/642 627/782/642 690/854/705 585/855/705 
f 534/856/639 625/779/639 624/778/638 563/781/641 
f 689/853/704 690/854/705 627/782/642 630/786/645 
f 585/855/705 690/854/705 691/857/706 594/858/707 
f 688/852/703 691/857/706 690/854/705 689/853/704 
f 594/858/707 691/857/706 692/859/708 600/860/708 
f 687/851/702 692/859/708 691/857/706 688/852/703 
f 600/860/708 692/859/708 693/861/709 606/862/709 
f 686/850/701 693/861/709 692/859/708 687/851/702 
f 606/862/709 693/861/709 694/863/710 612/864/710 
f 685/849/700 694/863/710 693/861/709 686/850/701 
f 612/865/710 694/866/710 695/867/711 618/868/711 
f 684/847/699 695/867/711 694/866/710 685/848/700 
f 618/868/711 695/867/711 696/869/712 622/870/713 
f 683/846/698 696/869/712 695/867/711 684/847/699 
f 622/870/713 696/869/712 697/871/714 522/872/714 
f 682/845/697 697/871/714 696/869/712 683/846/698 
f 522/872/714 697/871/714 698/873/715 523/874/716 
f 681/844/696 698/873/715 697/871/714 682/845/697 
f 523/874/716 698/873/715 699/875/717 543/876/718 
f 680/843/695 699/875/717 698/873/715 681/844/696 
f 543/876/718 699/875/717 700/877/719 550/878/720 
f 679/842/694 700/877/719 699/875/717 680/843/695 
f 550/878/720 700/877/719 701/879/721 556/880/722 
f 678/841/693 701/879/721 700/877/719 679/842/694 
f 556/880/722 701/879/721 702/881/723 572/882/724 
f 677/840/692 702/881/723 701/879/721 678/841/693 
f 572/883/724 702/884/723 703/885/725 582/886/726 
f 676/838/691 703/885/725 702/884/723 677/839/692 
f 582/886/726 703/885/725 704/887/727 591/888/727 
f 675/837/690 704/887/727 703/885/725 676/838/691 
f 591/888/727 704/887/727 705/889/728 597/890/728 
f 674/836/689 705/889/728 704/887/727 675/837/690 
f 597/890/728 705/889/728 706/891/729 603/892/729 
f 673/835/688 706/891/729 705/889/728 674/836/689 
f 603/892/729 706/891/729 707/893/730 609/894/731 
f 672/834/687 707/893/730 706/891/729 673/835/688 
f 609/894/731 707/893/730 708/895/732 615/896/732 
f 671/833/686 708/895/732 707/893/730 672/834/687 
f 615/896/732 708/895/732 709/897/733 621/898/733 
f 670/832/685 709/897/733 708/895/732 671/833/686 
f 621/898/733 709/897/733 710/899/734 518/900/734 
f 669/831/684 710/899/734 709/897/733 670/832/685 
f 518/901/734 710/902/734 711/903/735 519/904/736 
f 668/829/683 711/903/735 710/902/734 669/830/684 
f 519/904/736 711/903/735 712/905/737 536/906/737 
f 667/828/682 712/905/737 711/903/735 668/829/683 
f 536/906/737 712/905/737 713/907/738 547/908/739 
f 666/827/681 713/907/738 712/905/737 667/828/682 
f 547/908/739 713/907/738 714/909/740 553/910/741 
f 665/826/680 714/909/740 713/907/738 666/827/681 
f 553/910/741 714/909/740 715/911/742 569/912/743 
f 664/825/679 715/911/742 714/909/740 665/826/680 
f 569/912/743 715/911/742 716/913/744 579/914/744 
f 663/824/678 716/913/744 715/911/742 664/825/679 
f 579/914/744 716/913/744 717/915/745 588/916/745 
f 662/823/677 717/915/745 716/913/744 663/824/678 
f 588/916/745 717/915/745 718/917/746 533/918/746 
f 661/822/676 718/917/746 717/915/745 662/823/677 
f 534/856/639 533/919/746 718/920/746 625/779/639 
f 626/780/640 625/779/639 718/920/746 661/821/676 
f 719/921/560 720/922/560 721/923/561 722/924/561 
f 723/925/747 724/925/747 526/926/557 525/926/556 
f 520/685/551 537/702/567 546/711/567 541/706/571 
f 498/670/522 525/690/556 528/693/559 508/667/537 
f 725/927/570 726/928/570 719/921/560 561/724/560 
f 727/929/748 728/929/749 514/680/546 513/679/545 
f 521/686/552 524/689/555 540/705/570 529/694/560 
f 494/644/516 513/679/545 516/681/548 504/661/531 
f 488/635/507 723/925/747 525/926/556 498/652/522 
f 729/930/750 730/930/751 724/925/747 723/925/747 
f 484/627/501 727/929/748 513/679/545 494/644/516 
f 731/931/752 732/932/753 728/929/749 727/929/748 
f 474/612/486 729/930/750 723/925/747 488/635/507 
f 733/933/754 734/933/755 730/930/751 729/930/750 
f 466/630/473 731/931/752 727/929/748 484/627/501 
f 735/934/756 736/934/757 732/935/753 731/935/752 
f 454/581/455 733/933/754 729/930/750 474/612/486 
f 737/936/758 738/936/759 734/933/755 733/933/754 
f 461/592/466 735/934/756 731/935/752 466/599/473 
f 739/937/760 740/937/761 736/934/757 735/934/756 
f 449/575/449 737/936/758 733/933/754 454/581/455 
f 741/938/762 742/938/763 738/936/759 737/936/758 
f 464/595/469 739/937/760 735/934/756 461/592/466 
f 743/939/764 744/939/765 740/937/761 739/937/760 
f 452/578/452 741/938/762 737/936/758 449/575/449 
f 745/940/766 746/940/767 742/938/763 741/938/762 
f 510/672/540 743/939/764 739/937/760 464/595/469 
f 747/941/768 748/942/769 558/943/583 557/944/582 
f 535/700/565 564/727/587 575/738/596 567/730/589 
f 475/614/488 478/617/491 557/722/582 560/723/585 
f 506/664/534 745/940/766 741/938/762 452/578/452 
f 749/945/770 750/945/771 744/939/765 743/939/764 
f 502/658/528 747/941/768 557/944/582 478/674/491 
f 751/946/772 752/946/773 746/940/767 745/940/766 
f 500/655/525 749/945/770 743/939/764 510/672/540 
f 753/947/774 754/948/775 748/942/769 747/941/768 
f 496/647/519 751/946/772 745/940/766 506/664/534 
f 755/949/776 756/949/777 750/945/771 749/945/770 
f 492/641/513 753/947/774 747/941/768 502/658/528 
f 757/950/778 758/950/779 752/946/773 751/946/772 
f 490/638/510 755/949/776 749/945/770 500/655/525 
f 759/951/780 760/951/781 754/948/775 753/947/774 
f 486/650/504 757/950/778 751/946/772 496/647/519 
f 761/952/782 762/952/783 756/949/777 755/949/776 
f 482/624/498 759/951/780 753/947/774 492/641/513 
f 763/953/784 764/953/785 758/954/779 757/955/778 
f 480/620/494 761/952/782 755/949/776 490/638/510 
f 765/956/786 766/956/787 760/951/781 759/951/780 
f 472/608/482 763/953/784 757/955/778 486/632/504 
f 560/723/585 559/723/584 762/952/783 761/952/782 
f 460/590/464 765/956/786 759/951/780 482/624/498 
f 767/957/788 768/958/789 764/953/785 763/953/784 
f 769/959/589 770/960/589 771/961/563 772/962/563 
f 773/963/790 774/963/791 766/956/787 765/956/786 
f 467/601/475 767/957/788 763/953/784 472/608/482 
f 775/964/792 776/964/792 768/958/789 767/957/788 
f 455/583/457 773/963/790 765/956/786 460/590/464 
f 777/965/793 778/966/794 774/963/791 773/963/790 
f 470/604/478 775/964/792 767/957/788 467/601/475 
f 779/967/795 780/967/795 776/964/792 775/964/792 
f 458/586/460 777/965/793 773/963/790 455/583/457 
f 528/693/559 527/692/558 778/966/794 777/965/793 
f 512/677/543 779/967/795 775/964/792 470/604/478 
f 516/681/548 515/681/547 780/967/795 779/967/795 
f 781/968/571 782/969/571 783/970/549 784/971/549 
f 542/707/549 785/972/549 786/973/634 620/774/634 
f 567/730/589 787/974/589 788/975/563 568/731/563 
f 785/972/549 789/976/551 781/968/571 784/971/549 
f 531/696/562 622/776/636 522/687/553 521/686/552 
f 530/695/561 562/725/561 790/977/633 617/772/633 
f 541/706/571 789/976/551 785/972/549 542/707/549 
f 562/725/561 561/724/560 719/921/560 722/924/561 
f 785/972/549 784/971/549 791/978/634 786/973/634 
f 620/774/634 786/973/634 792/979/630 614/770/630 
f 562/725/561 722/924/561 793/980/633 790/977/633 
f 617/772/633 790/977/633 794/981/628 611/768/628 
f 786/973/634 791/978/634 795/982/630 792/979/630 
f 614/770/630 792/979/630 796/983/626 608/766/626 
f 790/977/633 793/980/633 797/984/628 794/981/628 
f 611/768/628 794/981/628 798/985/623 605/764/623 
f 792/979/630 795/982/630 799/986/626 796/983/626 
f 608/766/626 796/983/626 800/987/621 602/761/621 
f 794/981/628 797/984/628 801/988/623 798/985/623 
f 605/764/623 798/985/623 802/989/619 599/758/619 
f 796/983/626 799/986/626 803/990/621 800/987/621 
f 602/761/621 800/987/621 804/991/616 596/755/616 
f 798/985/623 801/988/623 805/992/619 802/989/619 
f 599/758/619 802/989/619 806/993/614 593/752/614 
f 800/987/621 803/990/621 807/994/616 804/991/616 
f 596/755/616 804/991/616 808/995/611 590/750/611 
f 802/989/619 805/992/619 809/996/614 806/993/614 
f 568/731/563 788/975/563 810/997/608 587/747/608 
f 780/998/796 515/999/560 720/922/560 811/998/797 
f 788/975/563 787/974/589 769/959/589 772/962/563 
f 804/991/616 807/994/616 812/1000/611 808/995/611 
f 593/752/614 806/993/614 813/1001/605 584/745/605 
f 788/975/563 772/962/563 814/1002/608 810/997/608 
f 590/750/611 808/995/611 815/1003/602 581/743/602 
f 806/993/614 809/996/614 816/1004/605 813/1001/605 
f 587/747/608 810/997/608 817/1005/599 578/740/599 
f 808/995/611 812/1000/611 818/1006/601 815/1003/602 
f 584/745/605 813/1001/605 819/1007/595 574/737/595 
f 810/997/608 814/1002/608 820/1008/599 817/1005/599 
f 581/743/602 815/1003/602 821/1009/592 571/734/592 
f 813/1001/605 816/1004/605 822/1010/595 819/1007/595 
f 578/740/599 817/1005/599 823/1011/588 566/729/588 
f 815/1003/602 818/1006/601 824/1012/592 821/1009/592 
f 574/737/595 819/1007/595 825/1013/596 575/738/596 
f 817/1005/599 820/1008/599 826/1014/588 823/1011/588 
f 571/734/592 821/1009/592 827/1015/580 555/720/580 
f 819/1007/595 822/1010/595 828/1016/596 825/1013/596 
f 566/729/588 823/1011/588 829/1017/578 552/717/578 
f 821/1009/592 824/1012/592 830/1018/580 827/1015/580 
f 575/738/596 825/1013/596 787/974/589 567/730/589 
f 823/1011/588 826/1014/588 831/1019/578 829/1017/578 
f 555/720/580 827/1015/580 832/1020/576 549/714/576 
f 825/1013/596 828/1016/596 769/959/589 787/974/589 
f 552/717/578 829/1017/578 833/1021/573 545/710/573 
f 827/1015/580 830/1018/580 834/1022/576 832/1020/576 
f 549/714/576 832/1020/576 835/1023/569 539/704/569 
f 829/1017/578 831/1019/578 836/1024/573 833/1021/573 
f 545/710/573 833/1021/573 837/1025/567 546/711/567 
f 832/1020/576 834/1022/576 838/1026/569 835/1023/569 
f 539/704/569 835/1023/569 725/927/570 540/705/570 
f 833/1021/573 836/1024/573 839/1027/567 837/1025/567 
f 546/711/567 837/1025/567 789/976/551 541/706/571 
f 835/1023/569 838/1026/569 726/928/570 725/927/570 
f 540/705/570 725/927/570 561/724/560 529/694/560 
f 837/1025/567 839/1027/567 781/968/571 789/976/551 
f 504/661/531 516/681/548 779/967/795 512/677/543 
f 726/928/570 811/998/797 720/922/560 719/921/560 
f 778/1028/567 527/1029/571 782/969/571 840/1028/567 
f 514/1030/798 721/923/561 720/922/560 515/999/560 
f 508/667/537 528/693/559 777/965/793 458/586/460 
f 839/1027/567 840/1028/567 782/969/571 781/968/571 
f 776/1031/799 780/998/796 811/998/797 841/1032/800 
f 526/1033/801 783/970/549 782/969/571 527/1029/571 
f 838/1026/569 841/1032/800 811/998/797 726/928/570 
f 774/1034/573 778/1028/567 840/1028/567 842/1035/573 
f 836/1024/573 842/1035/573 840/1028/567 839/1027/567 
f 768/1036/802 776/1031/799 841/1032/800 843/1037/803 
f 834/1022/576 843/1037/803 841/1032/800 838/1026/569 
f 766/1038/804 774/1034/573 842/1035/573 844/1039/805 
f 831/1019/578 844/1039/805 842/1035/573 836/1024/573 
f 764/1040/806 768/1036/802 843/1037/803 845/1041/807 
f 830/1018/580 845/1041/807 843/1037/803 834/1022/576 
f 762/1042/808 559/960/589 770/960/589 846/1043/596 
f 475/614/488 560/723/585 761/952/782 480/620/494 
f 828/1016/596 846/1043/596 770/960/589 769/959/589 
f 760/1044/809 766/1038/804 844/1039/805 847/1044/810 
f 558/1045/563 771/961/563 770/960/589 559/960/589 
f 826/1014/588 847/1044/810 844/1039/805 831/1019/578 
f 758/1046/811 764/1040/806 845/1041/807 848/1047/812 
f 824/1012/592 848/1047/812 845/1041/807 830/1018/580 
f 756/1048/594 762/1042/808 846/1043/596 849/1049/595 
f 822/1010/595 849/1049/595 846/1043/596 828/1016/596 
f 754/1050/813 760/1044/809 847/1044/810 850/1050/814 
f 820/1008/599 850/1050/814 847/1044/810 826/1014/588 
f 752/1051/815 758/1046/811 848/1047/812 851/1052/816 
f 818/1006/601 851/1052/816 848/1047/812 824/1012/592 
f 750/1053/817 756/1048/594 849/1049/595 852/1054/605 
f 816/1004/605 852/1054/605 849/1049/595 822/1010/595 
f 748/1055/818 754/1050/813 850/1050/814 853/1056/818 
f 814/1002/608 853/1056/818 850/1050/814 820/1008/599 
f 746/1057/819 752/1051/815 851/1052/816 854/1058/820 
f 812/1000/611 854/1058/820 851/1052/816 818/1006/601 
f 744/1059/821 750/1053/817 852/1054/605 855/1060/822 
f 809/996/614 855/1060/822 852/1054/605 816/1004/605 
f 558/1045/563 748/1055/818 853/1056/818 771/961/563 
f 772/962/563 771/961/563 853/1056/818 814/1002/608 
f 742/1061/823 746/1057/819 854/1058/820 856/1062/823 
f 807/994/616 856/1062/823 854/1058/820 812/1000/611 
f 740/1063/824 744/1059/821 855/1060/822 857/1064/824 
f 805/992/619 857/1064/824 855/1060/822 809/996/614 
f 738/1065/825 742/1061/823 856/1062/823 858/1066/826 
f 803/990/621 858/1066/826 856/1062/823 807/994/616 
f 736/1067/827 740/1063/824 857/1064/824 859/1068/623 
f 801/988/623 859/1068/623 857/1064/824 805/992/619 
f 734/1069/828 738/1065/825 858/1066/826 860/1070/829 
f 799/986/626 860/1070/829 858/1066/826 803/990/621 
f 732/1071/830 736/1067/827 859/1068/623 861/1072/831 
f 797/984/628 861/1072/831 859/1068/623 801/988/623 
f 730/1073/832 734/1069/828 860/1070/829 862/1074/832 
f 795/982/630 862/1074/832 860/1070/829 799/986/626 
f 728/1075/833 732/1071/830 861/1072/831 863/1076/833 
f 793/980/633 863/1076/833 861/1072/831 797/984/628 
f 724/1077/634 730/1073/832 862/1074/832 864/1078/634 
f 791/978/634 864/1078/634 862/1074/832 795/982/630 
f 514/1030/798 728/1075/833 863/1076/833 721/923/561 
f 722/924/561 721/923/561 863/1076/833 793/980/633 
f 526/1033/801 724/1077/634 864/1078/634 783/970/549 
f 784/971/549 783/970/549 864/1078/634 791/978/634 
f 4/11/4 3/1079/3 101/122/101 11/12/11 
f 865/1080/834 866/1081/834 867/1082/835 868/1083/835 
f 869/1084/836 870/1085/836 871/1086/837 872/1087/837 
f 873/1088/838 874/1089/838 875/1090/839 876/1091/839 
f 877/1092/840 876/1091/839 875/1090/839 878/1093/840 
f 873/1094/841 879/1095/841 880/1096/842 872/1097/842 
f 881/1098/843 882/1099/843 883/1100/844 884/1101/844 
f 882/1099/843 881/1098/843 885/1102/845 886/1103/845 
f 884/1101/844 883/1100/844 887/1104/846 888/1105/846 
f 889/1106/847 890/1107/847 891/1108/848 892/1109/848 
f 868/1083/835 867/1082/835 890/1107/847 889/1106/847 
f 886/1103/845 885/1102/845 893/1110/849 894/1111/849 
f 895/1112/850 869/1113/851 896/1114/851 897/1115/850 
f 898/1116/852 899/1117/853 900/1118/853 901/1119/852 
f 892/1109/848 891/1108/848 902/1120/854 903/1121/854 
f 894/1111/849 893/1110/849 904/1122/855 905/1123/855 
f 903/1121/854 902/1120/854 906/1124/856 907/1125/856 
f 905/1123/855 904/1122/855 908/1126/857 909/1127/857 
f 907/1125/856 906/1124/856 910/1128/858 911/1129/858 
f 909/1127/857 908/1126/857 912/1130/859 913/1131/859 
f 914/1132/860 915/1133/861 916/1134/861 917/1135/860 
f 915/1133/861 910/1136/862 918/1137/862 916/1134/861 
f 912/1138/863 919/1139/863 920/1140/864 877/1141/864 
f 921/1142/865 914/1143/865 922/1144/866 923/1145/866 
f 900/1118/853 899/1117/853 924/1146/867 925/1147/867 
f 923/1145/866 922/1144/866 926/1148/868 927/1149/868 
f 928/1150/869 898/1116/852 901/1119/852 929/1151/869 
f 927/1149/868 926/1148/868 930/1152/870 931/1153/870 
f 932/1154/871 928/1150/869 929/1151/869 933/1155/871 
f 931/1153/870 930/1152/870 934/1156/872 935/1157/872 
f 895/1158/873 932/1154/871 933/1155/871 936/1159/873 
f 888/1105/846 887/1104/846 935/1157/872 934/1156/872 
f 907/1160/874 937/1161/874 938/1162/875 903/1163/875 
f 939/1164/876 940/1165/877 933/1166/877 929/1167/876 
f 901/1168/878 941/1169/879 939/1164/876 929/1167/876 
f 942/1170/880 943/1171/881 894/1172/881 905/1173/882 
f 909/1174/883 944/1175/883 942/1170/880 905/1173/882 
f 940/1165/877 945/1176/884 936/1177/884 933/1166/877 
f 911/1178/885 946/1179/885 937/1161/874 907/1160/874 
f 913/1180/886 947/1181/886 944/1175/883 909/1174/883 
f 948/1182/887 949/1183/888 874/1184/888 871/1185/887 
f 950/1186/889 951/1187/889 946/1179/885 911/1178/885 
f 870/1188/890 952/1189/890 948/1190/887 871/1191/887 
f 953/1192/891 954/1193/892 878/1194/892 875/1195/891 
f 878/1194/892 954/1193/892 947/1181/886 913/1180/886 
f 955/1196/893 943/1197/893 942/1198/893 944/1199/893 947/1200/893 954/1201/893 953/1202/893 949/1203/893 948/1204/893 952/1205/893 945/1206/893 940/1207/893 939/1208/893 941/1209/893 956/1210/893 957/1211/893 958/1212/893 959/1213/893 960/1214/893 961/1215/893 938/1216/893 937/1217/893 946/1218/893 951/1219/893 962/1220/893 963/1221/893 964/1222/893 965/1223/893 966/1224/893 967/1225/893 968/1226/893 969/1227/893 
f 921/1228/894 962/1229/894 951/1187/889 950/1186/889 
f 874/1184/888 949/1183/888 953/1192/891 875/1195/891 
f 957/1230/895 956/1231/896 900/1232/896 925/1233/895 
f 923/1234/897 963/1235/897 962/1236/894 921/1237/894 
f 927/1238/898 964/1239/898 963/1235/897 923/1234/897 
f 936/1177/884 945/1176/884 952/1189/890 870/1188/890 
f 931/1240/899 965/1241/899 964/1239/898 927/1238/898 
f 935/1242/900 966/1243/900 965/1241/899 931/1240/899 
f 887/1244/901 967/1245/901 966/1243/900 935/1242/900 
f 865/1246/902 958/1247/902 957/1230/895 925/1233/895 
f 956/1231/896 941/1169/879 901/1168/878 900/1232/896 
f 883/1248/903 968/1249/903 967/1245/901 887/1244/901 
f 868/1250/904 959/1251/904 958/1252/902 865/1253/902 
f 882/1254/905 969/1255/905 968/1249/903 883/1248/903 
f 889/1256/906 960/1257/906 959/1251/904 868/1250/904 
f 886/1258/907 955/1259/907 969/1255/905 882/1254/905 
f 892/1260/908 961/1261/908 960/1257/906 889/1256/906 
f 894/1172/881 943/1171/881 955/1262/907 886/1263/907 
f 950/1264/909 915/1265/909 914/1143/865 921/1142/865 
f 938/1162/875 961/1261/908 892/1260/908 903/1163/875 
f 950/1264/909 911/1129/858 910/1128/858 915/1265/909 
f 924/1266/910 899/1267/911 970/1268/911 971/1269/910 
f 898/1270/912 972/1271/912 970/1268/911 899/1267/911 
f 928/1272/913 973/1273/913 972/1271/912 898/1270/912 
f 926/1274/914 922/1275/915 974/1276/915 975/1277/914 
f 877/1141/864 920/1140/864 976/1278/916 876/1279/916 
f 878/1093/840 913/1131/859 912/1130/859 877/1092/840 
f 930/1280/917 926/1274/914 975/1277/914 977/1281/917 
f 895/1112/850 897/1115/850 978/1282/918 932/1283/918 
f 934/1284/919 930/1280/917 977/1281/917 979/1285/919 
f 936/1159/873 870/1085/836 869/1084/836 895/1158/873 
f 866/1286/920 924/1266/910 971/1269/910 980/1287/920 
f 869/1113/851 872/1288/842 880/1289/842 896/1114/851 
f 871/1086/837 874/1089/838 873/1088/838 872/1087/837 
f 867/1290/921 866/1291/920 980/1292/920 981/1293/921 
f 873/1094/841 876/1279/916 976/1278/916 879/1095/841 
f 881/1294/922 884/1295/923 982/1296/923 983/1297/922 
f 890/1298/924 867/1290/921 981/1293/921 984/1299/924 
f 885/1300/925 881/1294/922 983/1297/922 985/1301/925 
f 884/1295/923 888/1302/926 986/1303/926 982/1296/923 
f 891/1304/927 890/1298/924 984/1299/924 987/1305/927 
f 888/1302/926 934/1284/919 979/1285/919 986/1303/926 
f 893/1306/928 885/1307/925 985/1308/925 988/1309/928 
f 902/1310/929 891/1304/927 987/1305/927 989/1311/929 
f 904/1312/930 893/1306/928 988/1309/928 990/1313/930 
f 906/1314/931 902/1310/929 989/1311/929 991/1315/931 
f 908/1316/932 904/1312/930 990/1313/930 992/1317/932 
f 910/1136/862 906/1314/931 991/1315/931 918/1137/862 
f 912/1138/863 908/1316/932 992/1317/932 919/1139/863 
f 922/1275/915 914/1318/860 917/1319/860 974/1276/915 
f 932/1283/918 978/1282/918 973/1273/913 928/1272/913 
f 866/1081/834 865/1080/834 925/1147/867 924/1146/867 
f 993/1320/933 994/1321/934 995/1322/935 996/1323/936 
f 997/1324/937 998/1325/937 999/1326/938 1000/1327/938 
f 1001/1328/939 1002/1329/940 1003/1330/941 1004/1331/942 
f 1003/1330/941 1005/1332/943 1006/1333/944 1004/1331/942 
f 1003/1330/941 1007/1334/945 1008/1335/946 1005/1332/943 
f 1002/1329/940 1009/1336/947 1007/1334/945 1003/1330/941 
f 1010/1337/948 1011/1338/949 1012/1339/950 1013/1340/951 
f 1013/1340/951 1012/1339/950 1014/1341/952 1015/1342/953 
f 1016/1343/954 1017/1344/955 1014/1341/952 1012/1339/950 
f 1018/1345/956 1016/1343/954 1012/1339/950 1011/1338/949 
f 1008/1335/946 1019/1346/957 1020/1347/958 1005/1332/943 
f 1005/1332/943 1020/1347/958 1021/1348/959 1006/1333/944 
f 1020/1347/958 1022/1349/960 1023/1350/961 1021/1348/959 
f 1019/1346/957 1024/1351/962 1022/1349/960 1020/1347/958 
f 1025/1352/963 1026/1353/964 1019/1346/957 1008/1335/946 
f 1024/1351/962 1019/1346/957 1026/1353/964 1027/1354/965 
f 1028/1355/966 1029/1356/967 1016/1343/954 1018/1345/956 
f 1029/1356/967 1030/1357/968 1017/1344/955 1016/1343/954 
f 1031/1358/969 1032/1359/970 1030/1357/968 1029/1356/967 
f 1033/1360/971 1031/1358/969 1029/1356/967 1028/1355/966 
f 1034/1361/972 1035/1362/973 1036/1363/974 1037/1364/975 
f 1038/1365/976 1037/1364/975 1028/1366/966 1018/1367/956 
f 1037/1364/975 1036/1363/974 1033/1368/971 1028/1366/966 
f 1022/1349/960 1024/1351/962 1039/1369/977 1040/1370/978 
f 1022/1349/960 1040/1370/978 1041/1371/979 1023/1350/961 
f 1040/1370/978 1042/1372/980 1043/1373/981 1041/1371/979 
f 1039/1369/977 1044/1374/982 1042/1372/980 1040/1370/978 
f 1027/1354/965 1045/1375/983 1039/1369/977 1024/1351/962 
f 1045/1375/983 1046/1376/984 1044/1374/982 1039/1369/977 
f 1032/1359/970 1031/1358/969 1047/1377/985 1048/1378/986 
f 1047/1377/985 1049/1379/987 1050/1380/988 1048/1378/986 
f 1051/1381/989 1049/1379/987 1047/1377/985 1052/1382/990 
f 1031/1358/969 1033/1360/971 1052/1382/990 1047/1377/985 
f 1053/1383/991 1054/1384/992 1055/1385/993 1056/1386/994 
f 1056/1386/994 1055/1385/993 1057/1387/995 1058/1387/996 
f 1055/1385/993 1041/1371/979 1043/1373/981 1057/1387/995 
f 1054/1384/992 1023/1350/961 1041/1371/979 1055/1385/993 
f 1044/1374/982 1059/1388/997 1060/1389/998 1042/1372/980 
f 1042/1372/980 1060/1389/998 1061/1390/999 1043/1373/981 
f 1060/1389/998 1062/1391/1000 1063/1392/1001 1061/1390/999 
f 1064/1393/1002 1062/1391/1000 1060/1389/998 1059/1388/997 
f 1065/1394/1003 1066/1395/1004 1067/1396/1005 1068/1397/1006 
f 1069/1398/1007 1067/1399/1005 1070/1400/1008 1051/1401/1009 
f 1066/1395/1004 1071/1402/1010 1070/1403/1008 1067/1396/1005 
f 1072/1404/1011 1034/1361/972 1037/1364/975 1038/1365/976 
f 1046/1376/984 1073/1405/1012 1059/1388/997 1044/1374/982 
f 1073/1405/1012 1074/1406/1013 1064/1393/1002 1059/1388/997 
f 1070/1407/1014 1075/1408/1015 1049/1379/987 1051/1381/989 
f 1049/1379/987 1075/1408/1015 1076/1409/1016 1050/1380/988 
f 1075/1408/1015 1077/1410/1017 1078/1411/1018 1076/1409/1016 
f 1070/1407/1014 1071/1412/1010 1077/1410/1017 1075/1408/1015 
f 1079/1413/1019 1080/1414/1020 1081/1415/1021 1082/1416/1022 
f 1081/1415/1021 1083/1417/1023 1071/1402/1010 1066/1395/1004 
f 1080/1414/1020 1084/1418/1024 1083/1417/1023 1081/1415/1021 
f 1068/1419/1006 1067/1399/1005 1069/1398/1007 1085/1420/1025 
f 1086/1421/1026 1087/1422/1027 1064/1393/1002 1074/1406/1013 
f 1088/1423/1028 1087/1422/1027 1086/1421/1026 1089/1424/1029 
f 1071/1412/1010 1083/1425/1023 1090/1426/1030 1077/1410/1017 
f 1077/1410/1017 1090/1426/1030 1091/1427/1031 1078/1411/1018 
f 1090/1426/1030 1092/1428/1032 1093/1429/1033 1091/1427/1031 
f 1083/1425/1023 1084/1430/1024 1092/1428/1032 1090/1426/1030 
f 1087/1422/1027 1094/1431/1034 1062/1391/1000 1064/1393/1002 
f 1094/1431/1034 1095/1432/1035 1063/1392/1001 1062/1391/1000 
f 1096/1433/1036 1097/1434/1037 1095/1432/1035 1094/1431/1034 
f 1088/1423/1028 1096/1433/1036 1094/1431/1034 1087/1422/1027 
f 1084/1430/1024 1098/1435/1038 1099/1436/1039 1092/1428/1032 
f 1092/1428/1032 1099/1436/1039 1100/1437/1040 1093/1429/1033 
f 1101/1438/1041 1100/1437/1040 1099/1436/1039 1102/1439/1042 
f 1098/1435/1038 1103/1440/1043 1102/1439/1042 1099/1436/1039 
f 1088/1423/1028 1104/1441/1044 1105/1442/1045 1096/1433/1036 
f 1105/1442/1045 1106/1443/1046 1097/1434/1037 1096/1433/1036 
f 1107/1444/1047 1108/1445/1048 1106/1443/1046 1105/1442/1045 
f 1104/1441/1044 1109/1446/1049 1107/1444/1047 1105/1442/1045 
f 1110/1447/1050 1111/1448/1051 1112/1449/1052 1113/1450/1053 
f 1112/1449/1052 1098/1451/1038 1084/1418/1024 1080/1414/1020 
f 1112/1449/1052 1111/1448/1051 1103/1452/1043 1098/1451/1038 
f 1082/1416/1022 1081/1415/1021 1066/1395/1004 1065/1394/1003 
f 1089/1424/1029 1114/1453/1054 1104/1441/1044 1088/1423/1028 
f 1114/1453/1054 1115/1454/1055 1109/1446/1049 1104/1441/1044 
f 1116/1455/1056 1117/1456/1057 1093/1429/1033 1100/1437/1040 
f 1118/1457/1058 1119/1458/1059 1086/1459/1060 1074/1460/1061 
f 1119/1458/1059 1117/1461/1062 1089/1462/1063 1086/1459/1060 
f 1101/1438/1041 1120/1463/1064 1116/1455/1056 1100/1437/1040 
f 1078/1411/1018 1091/1427/1031 1119/1464/1065 1118/1465/1066 
f 1073/1466/1067 1046/1467/1068 1121/1468/1069 1122/1469/1070 
f 1122/1470/1070 1118/1457/1058 1074/1460/1061 1073/1471/1067 
f 1091/1427/1031 1093/1429/1033 1117/1456/1057 1119/1464/1065 
f 1050/1380/988 1076/1409/1016 1122/1472/1071 1121/1473/1072 
f 1123/1474/1073 1045/1475/1074 1027/1476/1075 1124/1477/1076 
f 1121/1468/1069 1046/1467/1068 1045/1475/1074 1123/1474/1073 
f 1076/1409/1016 1078/1411/1018 1118/1465/1066 1122/1472/1071 
f 1032/1359/970 1048/1378/986 1123/1478/1077 1124/1479/1078 
f 1125/1480/1079 1026/1481/1080 1025/1482/1081 1126/1483/1081 
f 1026/1481/1080 1125/1480/1079 1124/1484/1076 1027/1485/1075 
f 1048/1378/986 1050/1380/988 1121/1473/1072 1123/1478/1077 
f 1030/1357/968 1125/1486/1082 1126/1487/1083 1017/1344/955 
f 1127/1488/1084 1128/1489/1084 1129/1490/1085 1130/1491/1086 
f 1117/1461/1062 1116/1492/1087 1114/1493/1087 1089/1462/1063 
f 1032/1359/970 1124/1479/1078 1125/1486/1082 1030/1357/968 
f 1131/1494/1088 1132/1495/939 1133/1496/939 1134/1497/1089 
f 1131/1494/1088 1134/1497/1089 1135/1498/1090 1136/1499/1091 
f 1004/1331/942 1006/1333/944 1135/1498/1090 1134/1497/1089 
f 1004/1331/942 1134/1497/1089 1133/1496/939 1001/1328/939 
f 1015/1342/953 1014/1341/952 997/1500/1092 1000/1501/1093 
f 1126/1487/1083 997/1500/1092 1014/1341/952 1017/1344/955 
f 1009/1336/947 999/1502/1094 998/1503/1095 1007/1334/945 
f 1007/1334/945 998/1503/1095 1025/1352/963 1008/1335/946 
f 1113/1450/1053 1112/1449/1052 1080/1414/1020 1079/1413/1019 
f 1137/1504/1096 1138/1505/1097 1139/1506/1098 1140/1507/1099 
f 1137/1504/1096 1131/1508/1100 1136/1509/1101 1072/1404/1011 
f 1140/1507/1099 1132/1510/1102 1131/1508/1100 1137/1504/1096 
f 1106/1443/1046 1141/1511/1103 1142/1512/1104 1097/1434/1037 
f 1142/1512/1104 1141/1511/1103 1143/1513/1105 1144/1514/1106 
f 1141/1511/1103 1145/1515/1107 1146/1516/1107 1143/1513/1105 
f 1108/1445/1048 1145/1515/1107 1141/1511/1103 1106/1443/1046 
f 1063/1392/1001 1095/1432/1035 1147/1517/1108 1148/1518/1109 
f 1148/1518/1109 1147/1517/1108 1149/1519/1110 1150/1518/1111 
f 1147/1517/1108 1142/1512/1104 1144/1514/1106 1149/1519/1110 
f 1097/1434/1037 1142/1512/1104 1147/1517/1108 1095/1432/1035 
f 1043/1373/981 1061/1390/999 1151/1520/1112 1057/1387/995 
f 1057/1387/995 1151/1520/1112 1152/1521/1113 1058/1387/996 
f 1151/1520/1112 1148/1518/1109 1150/1518/1111 1152/1521/1113 
f 1061/1390/999 1063/1392/1001 1148/1518/1109 1151/1520/1112 
f 1137/1504/1096 1072/1404/1011 1038/1365/976 1138/1505/1097 
f 1035/1362/973 1153/1522/1114 1154/1523/1115 1036/1363/974 
f 1153/1524/1114 1056/1525/1116 1058/1526/1117 1085/1420/1025 
f 1035/1362/973 1053/1527/1118 1056/1528/1116 1153/1522/1114 
f 1006/1333/944 1021/1348/959 1155/1529/1119 1135/1498/1090 
f 1135/1498/1090 1155/1529/1119 1156/1530/1120 1136/1499/1091 
f 1155/1529/1119 1054/1384/992 1053/1383/991 1156/1530/1120 
f 1021/1348/959 1023/1350/961 1054/1384/992 1155/1529/1119 
f 1036/1531/974 1154/1532/1115 1052/1533/1121 1033/1534/971 
f 1052/1533/1121 1154/1532/1115 1069/1398/1007 1051/1401/1009 
f 1138/1505/1097 1011/1535/949 1010/1536/948 1139/1506/1098 
f 1138/1505/1097 1038/1365/976 1018/1367/956 1011/1535/949 
f 1144/1537/1122 1143/1538/1123 1113/1450/1053 1079/1413/1019 
f 1143/1538/1123 1146/1539/1124 1110/1447/1050 1113/1450/1053 
f 1150/1540/1125 1149/1541/1126 1082/1416/1022 1065/1394/1003 
f 1149/1541/1126 1144/1537/1122 1079/1413/1019 1082/1416/1022 
f 1058/1526/1117 1152/1542/1127 1068/1419/1006 1085/1420/1025 
f 1152/1543/1127 1150/1540/1125 1065/1394/1003 1068/1397/1006 
f 1136/1509/1101 1156/1544/1128 1034/1361/972 1072/1404/1011 
f 1156/1544/1128 1053/1527/1118 1035/1362/973 1034/1361/972 
f 1157/1545/1129 1158/1546/1130 1159/1547/1131 1160/1548/1132 
f 1160/1548/1132 1159/1547/1131 1161/1549/1133 1162/1550/1134 
f 1159/1547/1131 1163/1551/1135 1164/1552/1136 1161/1549/1133 
f 1165/1553/1137 1163/1551/1135 1159/1547/1131 1158/1546/1130 
f 1166/1554/1138 1167/1555/1139 1168/1556/1140 1169/1557/1141 
f 1170/1558/1142 1171/1559/1143 1172/1560/1144 1173/1561/1145 
f 1174/1562/1146 1175/1563/1147 1176/1564/1148 1177/1565/1149 
f 1178/1566/1150 1171/1559/1143 1170/1558/1142 1179/1567/1151 
f 1180/1568/1152 1181/1569/1153 1182/1570/1154 1183/1571/1155 
f 1184/1572/1156 1185/1573/1157 1186/1574/1158 1187/1575/1159 
f 1187/1575/1159 1186/1574/1158 1166/1576/1160 1188/1577/1161 
f 1186/1574/1158 1189/1578/1162 1167/1579/1163 1166/1576/1160 
f 1185/1573/1157 1190/1580/1164 1189/1578/1162 1186/1574/1158 
f 1191/1581/1165 1192/1582/1166 1193/1583/1167 1194/1584/1168 
f 1195/1585/1169 1177/1565/1149 1176/1564/1148 1188/1586/1170 
f 1183/1571/1155 1168/1587/1140 1167/1588/1139 1180/1568/1152 
f 1164/1552/1136 1196/1589/1171 1197/1590/1172 1198/1591/1173 
f 1198/1591/1173 1197/1590/1172 1199/1590/1174 1191/1591/1175 
f 1197/1590/1172 1200/1592/1176 1173/1593/1177 1199/1590/1174 
f 1201/1594/1178 1200/1592/1176 1197/1590/1172 1196/1589/1171 
f 1199/1595/1179 1202/1596/1180 1192/1582/1166 1191/1581/1165 
f 1203/1597/1181 1204/1598/1182 1205/1599/1183 1206/1600/1184 
f 1206/1600/1184 1205/1599/1183 1127/1601/1185 1207/1602/1186 
f 1208/1603/1187 1209/1604/1188 1210/1605/1188 1211/1606/1187 
f 1212/1607/1189 1213/1608/1190 1214/1609/1191 1215/1610/1192 
f 1215/1611/1192 994/1321/934 993/1320/933 1212/1612/1189 
f 1216/1613/1193 1217/1614/1194 1218/1615/1195 1219/1616/1196 
f 1213/1608/1190 1220/1617/1197 1221/1618/1198 1214/1609/1191 
f 1220/1617/1197 1222/1619/1199 1223/1620/1200 1221/1618/1198 
f 1224/1621/1201 1225/1622/1202 996/1323/936 995/1322/935 
f 1226/1623/1203 1227/1624/1204 1228/1625/1204 1229/1626/1203 
f 1230/1627/1205 1231/1628/1206 1232/1629/1207 1233/1630/1208 
f 1128/1631/1209 1232/1629/1207 1231/1628/1206 1234/1632/1210 
f 1235/1633/1211 1236/1634/1212 996/1635/1213 1225/1636/1214 
f 1236/1634/1212 1237/1637/1215 993/1638/1216 996/1635/1213 
f 1238/1639/1217 1239/1640/1218 1220/1641/1219 1213/1642/1220 
f 1239/1640/1218 1240/1643/1221 1222/1644/1222 1220/1641/1219 
f 1241/1645/1223 1129/1646/1224 1128/1631/1209 1234/1632/1210 
f 1235/1633/1211 1225/1636/1214 1129/1646/1224 1241/1645/1223 
f 1242/1647/1225 1243/1648/1226 1244/1649/1227 1245/1650/1228 
f 1244/1649/1227 1246/1651/1229 1201/1594/1178 1245/1650/1228 
f 1247/1652/1230 1248/1653/1231 1246/1651/1229 1244/1649/1227 
f 1247/1652/1230 1244/1649/1227 1243/1648/1226 1249/1654/1232 
f 1250/1655/1233 1251/1656/1234 1163/1551/1135 1165/1553/1137 
f 1251/1656/1234 1196/1589/1171 1164/1552/1136 1163/1551/1135 
f 1245/1650/1228 1201/1594/1178 1196/1589/1171 1251/1656/1234 
f 1242/1647/1225 1245/1650/1228 1251/1656/1234 1250/1655/1233 
f 1171/1559/1143 1252/1657/1235 1253/1658/1236 1172/1560/1144 
f 1171/1559/1143 1178/1566/1150 1254/1659/1237 1252/1657/1235 
f 1226/1660/1238 1222/1644/1222 1240/1643/1221 1255/1661/1239 
f 1256/1662/1240 1227/1663/1241 1226/1660/1238 1255/1661/1239 
f 1194/1664/1168 1193/1665/1167 1182/1570/1154 1181/1569/1153 
f 1202/1596/1180 1257/1666/1242 1258/1667/1243 1192/1582/1166 
f 1172/1560/1144 1253/1658/1236 1257/1666/1242 1202/1596/1180 
f 1259/1668/1244 1260/1669/1245 1261/1670/1246 1262/1671/1247 
f 1258/1672/1243 1257/1673/1242 1263/1674/1248 1264/1675/1249 
f 1264/1675/1249 1263/1674/1248 1239/1640/1218 1238/1639/1217 
f 1263/1674/1248 1265/1676/1250 1240/1643/1221 1239/1640/1218 
f 1257/1673/1242 1253/1677/1236 1265/1676/1250 1263/1674/1248 
f 1266/1678/1251 1267/1679/1252 1268/1680/1253 1269/1681/1254 
f 1268/1680/1253 1267/1679/1252 1270/1682/1255 1237/1637/1215 
f 1267/1679/1252 1264/1675/1249 1238/1639/1217 1270/1682/1255 
f 1266/1678/1251 1258/1672/1243 1264/1675/1249 1267/1679/1252 
f 1271/1683/1256 1272/1684/1257 1273/1685/1258 1274/1686/1259 
f 1182/1570/1154 1193/1665/1167 1266/1687/1260 1269/1688/1261 
f 1192/1582/1166 1258/1667/1243 1266/1689/1260 1193/1583/1167 
f 1173/1561/1145 1172/1560/1144 1202/1596/1180 1199/1595/1179 
f 994/1690/1262 1215/1691/1263 1158/1546/1130 1157/1545/1129 
f 1215/1691/1263 1214/1692/1264 1165/1553/1137 1158/1546/1130 
f 1253/1677/1236 1252/1693/1235 1275/1694/1265 1265/1676/1250 
f 1265/1676/1250 1275/1694/1265 1255/1661/1239 1240/1643/1221 
f 1256/1662/1240 1255/1661/1239 1275/1694/1265 1276/1695/1266 
f 1252/1693/1235 1254/1696/1237 1276/1695/1266 1275/1694/1265 
f 1237/1637/1215 1270/1682/1255 1212/1697/1267 993/1638/1216 
f 1270/1682/1255 1238/1639/1217 1213/1642/1220 1212/1697/1267 
f 1222/1619/1199 1226/1623/1203 1229/1626/1203 1223/1620/1200 
f 1233/1698/1268 1232/1699/1269 1205/1700/1270 1204/1701/1268 
f 1162/1550/1134 1161/1549/1133 1277/1702/1271 1278/1703/1272 
f 1278/1703/1272 1277/1702/1271 1194/1702/1273 1181/1704/1274 
f 1277/1702/1271 1198/1591/1173 1191/1591/1175 1194/1702/1273 
f 1161/1549/1133 1164/1552/1136 1198/1591/1173 1277/1702/1271 
f 1177/1565/1149 1279/1705/1275 1280/1706/1276 1174/1562/1146 
f 1177/1565/1149 1195/1585/1169 1281/1707/1277 1279/1705/1275 
f 1195/1585/1169 1169/1557/1141 1282/1708/1278 1281/1707/1277 
f 1169/1709/1141 1168/1587/1140 1283/1710/1279 1282/1711/1278 
f 1284/1712/1280 1285/1713/1281 1286/1714/1282 1287/1715/1283 
f 1284/1712/1280 1287/1715/1283 1288/1716/1284 1190/1580/1164 
f 1287/1715/1283 1160/1548/1132 1162/1550/1134 1288/1716/1284 
f 1286/1714/1282 1157/1545/1129 1160/1548/1132 1287/1715/1283 
f 1224/1717/1285 995/1718/1286 1286/1714/1282 1285/1713/1281 
f 995/1718/1286 994/1690/1262 1157/1545/1129 1286/1714/1282 
f 1235/1633/1211 1289/1719/1287 1290/1720/1288 1236/1634/1212 
f 1290/1720/1288 1268/1680/1253 1237/1637/1215 1236/1634/1212 
f 1269/1681/1254 1268/1680/1253 1290/1720/1288 1291/1721/1289 
f 1289/1719/1287 1283/1722/1279 1291/1721/1289 1290/1720/1288 
f 1167/1579/1163 1189/1578/1162 1292/1723/1290 1180/1723/1291 
f 1180/1723/1291 1292/1723/1290 1278/1703/1272 1181/1704/1274 
f 1292/1723/1290 1288/1716/1284 1162/1550/1134 1278/1703/1272 
f 1189/1578/1162 1190/1580/1164 1288/1716/1284 1292/1723/1290 
f 1282/1724/1278 1293/1725/1292 1294/1726/1293 1281/1727/1277 
f 1293/1725/1292 1241/1645/1223 1234/1632/1210 1294/1726/1293 
f 1289/1719/1287 1235/1633/1211 1241/1645/1223 1293/1725/1292 
f 1283/1722/1279 1289/1719/1287 1293/1725/1292 1282/1724/1278 
f 1221/1728/1294 1250/1655/1233 1165/1553/1137 1214/1692/1264 
f 1242/1647/1225 1250/1655/1233 1221/1728/1294 1223/1729/1295 
f 1232/1699/1269 1128/1489/1084 1127/1488/1084 1205/1700/1270 
f 1223/1729/1295 1229/1730/1296 1243/1648/1226 1242/1647/1225 
f 1229/1730/1296 1228/1731/1297 1249/1654/1232 1243/1648/1226 
f 1225/1622/1202 1224/1621/1201 1130/1491/1086 1129/1490/1085 
f 1176/1732/1298 1175/1733/1299 1295/1734/1299 1296/1735/1300 
f 1176/1732/1298 1296/1735/1300 1187/1575/1159 1188/1577/1161 
f 1297/1736/1301 1184/1572/1156 1187/1575/1159 1296/1735/1300 
f 1297/1736/1301 1296/1735/1300 1295/1734/1299 1298/1737/1302 
f 1207/1602/1186 1299/1738/1303 1300/1739/1304 1301/1740/1305 
f 1301/1740/1305 1300/1739/1304 1185/1573/1157 1184/1572/1156 
f 1300/1739/1304 1284/1712/1280 1190/1580/1164 1185/1573/1157 
f 1299/1738/1303 1285/1713/1281 1284/1712/1280 1300/1739/1304 
f 1246/1651/1229 1302/1741/1306 1200/1592/1176 1201/1594/1178 
f 1200/1592/1176 1302/1741/1306 1170/1742/1307 1173/1593/1177 
f 1302/1741/1306 1303/1743/1308 1179/1744/1309 1170/1742/1307 
f 1248/1653/1231 1303/1743/1308 1302/1741/1306 1246/1651/1229 
f 1168/1587/1140 1183/1571/1155 1291/1745/1310 1283/1710/1279 
f 1291/1745/1310 1183/1571/1155 1182/1570/1154 1269/1688/1261 
f 1298/1737/1302 1304/1746/1311 1305/1747/1312 1297/1736/1301 
f 1305/1747/1312 1301/1740/1305 1184/1572/1156 1297/1736/1301 
f 1305/1747/1312 1206/1600/1184 1207/1602/1186 1301/1740/1305 
f 1304/1746/1311 1203/1597/1181 1206/1600/1184 1305/1747/1312 
f 1280/1748/1276 1279/1749/1275 1306/1750/1313 1307/1751/1314 
f 1307/1751/1314 1306/1750/1313 1231/1628/1206 1230/1627/1205 
f 1294/1726/1293 1234/1632/1210 1231/1628/1206 1306/1750/1313 
f 1281/1727/1277 1294/1726/1293 1306/1750/1313 1279/1749/1275 
f 1127/1601/1185 1130/1752/1315 1299/1738/1303 1207/1602/1186 
f 1285/1713/1281 1299/1738/1303 1130/1752/1315 1224/1717/1285 
f 1308/1753/1316 1309/1754/1317 1208/1755/1318 1310/1756/1319 
f 1209/1757/1320 1208/1755/1318 1309/1754/1317 1311/1758/1321 
f 1312/1759/1322 1313/1760/1323 1314/1761/1324 1315/1762/1325 
f 1210/1763/1326 1218/1764/1327 1316/1765/1328 1317/1766/1329 
f 1218/1764/1327 1217/1767/1330 1318/1768/1331 1316/1765/1328 
f 1312/1759/1322 1319/1769/1332 1320/1770/1333 1313/1760/1323 
f 1321/1771/1334 1322/1772/1335 1217/1614/1194 1216/1613/1193 
f 1323/1773/1336 1324/1774/1337 1325/1775/1338 1326/1776/1339 
f 1325/1775/1338 1324/1774/1337 1327/1777/1340 1328/1778/1341 
f 1324/1774/1337 1329/1779/1342 1330/1780/1342 1327/1777/1340 
f 1331/1781/1343 1329/1779/1342 1324/1774/1337 1323/1773/1336 
f 1317/1766/1329 1316/1765/1328 1332/1782/1344 1333/1783/1345 
f 1333/1783/1345 1332/1782/1344 1334/1784/1346 1335/1785/1347 
f 1332/1782/1344 1336/1786/1348 1337/1787/1349 1334/1784/1346 
f 1316/1765/1328 1318/1768/1331 1336/1786/1348 1332/1782/1344 
f 1338/1788/1350 1339/1789/1350 1340/1790/1351 1341/1791/1352 
f 1342/1792/1353 1343/1793/1354 1344/1794/1355 1345/1795/1356 
f 1343/1793/1354 1346/1796/1357 1347/1797/1358 1344/1794/1355 
f 1348/1798/1359 1349/1799/1360 1350/1800/1361 1351/1801/1362 
f 1349/1799/1360 1352/1802/1363 1311/1758/1321 1350/1800/1361 
f 1353/1803/1364 1354/1804/1365 1352/1802/1363 1349/1799/1360 
f 1355/1805/1366 1353/1803/1364 1349/1799/1360 1348/1798/1359 
f 1356/1806/1367 1357/1807/1368 1272/1684/1257 1271/1683/1256 
f 1358/1808/1369 1359/1809/1370 1357/1807/1368 1356/1806/1367 
f 1360/1810/1371 1361/1811/1372 1362/1812/1373 1363/1813/1374 
f 1364/1814/1375 1365/1814/1376 1366/1815/1377 1367/1816/1378 
f 1367/1816/1378 1366/1815/1377 1368/1817/1379 1274/1818/1380 
f 1366/1815/1377 1369/1819/1381 1370/1820/1382 1368/1817/1379 
f 1365/1814/1376 1337/1787/1349 1369/1819/1381 1366/1815/1377 
f 1217/1767/1330 1322/1821/1383 1371/1822/1384 1318/1768/1331 
f 1322/1821/1383 1314/1823/1385 1372/1824/1386 1371/1822/1384 
f 1336/1786/1348 1318/1768/1331 1371/1822/1384 1373/1825/1387 
f 1336/1786/1348 1373/1825/1387 1369/1819/1381 1337/1787/1349 
f 1373/1825/1387 1374/1826/1388 1370/1820/1382 1369/1819/1381 
f 1371/1822/1384 1372/1824/1386 1374/1826/1388 1373/1825/1387 
f 1328/1827/1389 1375/1828/1390 1359/1809/1370 1358/1808/1369 
f 1376/1829/1391 1363/1813/1374 1362/1812/1373 1377/1830/1392 
f 1378/1831/1393 1379/1832/1394 1364/1833/1395 1367/1834/1396 
f 1219/1616/1196 1218/1615/1195 1210/1605/1188 1209/1604/1188 
f 1380/1835/1397 1381/1836/1398 1346/1837/1398 1343/1838/1397 
f 1382/1839/1399 1383/1840/1400 1384/1841/1401 1385/1842/1402 
f 1385/1842/1402 1384/1841/1401 1386/1843/1403 1387/1844/1404 
f 1388/1845/1405 1386/1843/1403 1384/1841/1401 1389/1846/1406 
f 1383/1840/1400 1390/1847/1407 1389/1846/1406 1384/1841/1401 
f 1370/1820/1382 1391/1848/1408 1392/1849/1409 1368/1817/1379 
f 1368/1817/1379 1392/1849/1409 1271/1850/1410 1274/1818/1380 
f 1392/1849/1409 1393/1851/1411 1356/1852/1412 1271/1850/1410 
f 1391/1848/1408 1394/1853/1413 1393/1851/1411 1392/1849/1409 
f 1395/1854/1414 1396/1855/1415 1397/1856/1416 1398/1857/1417 
f 1398/1857/1417 1397/1856/1416 1399/1858/1418 1400/1859/1419 
f 1397/1856/1416 1385/1842/1402 1387/1844/1404 1399/1858/1418 
f 1396/1855/1415 1382/1839/1399 1385/1842/1402 1397/1856/1416 
f 1380/1860/1420 1401/1861/1421 1387/1844/1404 1386/1843/1403 
f 1402/1862/1422 1403/1863/1423 1404/1864/1424 1405/1865/1425 
f 1388/1845/1405 1381/1866/1426 1380/1860/1420 1386/1843/1403 
f 1406/1867/1427 1407/1868/1428 1408/1869/1429 1409/1870/1430 
f 1408/1869/1429 1407/1868/1428 1410/1871/1431 1411/1872/1432 
f 1407/1868/1428 1398/1857/1417 1400/1859/1419 1410/1871/1431 
f 1406/1867/1427 1395/1854/1414 1398/1857/1417 1407/1868/1428 
f 1314/1823/1385 1313/1873/1433 1412/1874/1434 1372/1824/1386 
f 1313/1873/1433 1320/1875/1435 1413/1876/1436 1412/1874/1434 
f 1345/1795/1356 1344/1794/1355 1414/1877/1437 1415/1878/1438 
f 1414/1877/1437 1323/1773/1336 1326/1776/1339 1415/1878/1438 
f 1416/1879/1439 1331/1781/1343 1323/1773/1336 1414/1877/1437 
f 1416/1879/1439 1414/1877/1437 1344/1794/1355 1347/1797/1358 
f 1273/1880/1258 1378/1831/1393 1367/1834/1396 1274/1881/1259 
f 1417/1882/1440 1383/1883/1400 1382/1884/1399 1375/1828/1390 
f 1417/1882/1440 1418/1885/1441 1390/1886/1407 1383/1883/1400 
f 1419/1887/1442 1364/1833/1395 1379/1832/1394 1420/1888/1443 
f 1352/1802/1363 1219/1889/1444 1209/1757/1320 1311/1758/1321 
f 1421/1890/1445 1401/1891/1446 1342/1892/1447 1422/1893/1448 
f 1354/1804/1365 1216/1894/1449 1219/1889/1444 1352/1802/1363 
f 1354/1804/1365 1423/1895/1450 1321/1896/1451 1216/1894/1449 
f 1423/1895/1450 1411/1872/1432 1315/1897/1452 1321/1896/1451 
f 1400/1859/1419 1399/1858/1418 1421/1898/1453 1319/1899/1454 
f 1401/1891/1446 1380/1835/1397 1343/1838/1397 1342/1892/1447 
f 1424/1900/1455 1310/1901/1455 1208/1603/1187 1211/1606/1187 
f 1399/1858/1418 1387/1844/1404 1401/1861/1421 1421/1898/1453 
f 1359/1809/1370 1396/1902/1415 1395/1903/1414 1357/1807/1368 
f 1375/1828/1390 1382/1884/1399 1396/1902/1415 1359/1809/1370 
f 1411/1872/1432 1410/1871/1431 1312/1904/1456 1315/1897/1452 
f 1319/1769/1332 1421/1890/1445 1422/1893/1448 1320/1770/1333 
f 1315/1905/1325 1314/1906/1324 1322/1772/1335 1321/1771/1334 
f 1410/1871/1431 1400/1859/1419 1319/1899/1454 1312/1904/1456 
f 1354/1804/1365 1353/1803/1364 1425/1907/1457 1423/1895/1450 
f 1425/1907/1457 1408/1869/1429 1411/1872/1432 1423/1895/1450 
f 1409/1870/1430 1408/1869/1429 1425/1907/1457 1426/1908/1458 
f 1353/1803/1364 1355/1805/1366 1426/1908/1458 1425/1907/1457 
f 1362/1909/1459 1361/1910/1460 1427/1911/1460 1428/1912/1461 
f 1362/1909/1459 1428/1912/1461 1429/1913/1462 1377/1914/1463 
f 1430/1915/1464 1335/1785/1347 1429/1913/1462 1428/1912/1461 
f 1430/1915/1464 1428/1912/1461 1427/1911/1460 1431/1916/1465 
f 1379/1832/1394 1378/1831/1393 1426/1917/1466 1355/1918/1366 
f 1426/1917/1466 1378/1831/1393 1273/1880/1258 1409/1919/1467 
f 1431/1916/1465 1432/1920/1468 1433/1921/1469 1430/1915/1464 
f 1433/1921/1469 1333/1783/1345 1335/1785/1347 1430/1915/1464 
f 1433/1921/1469 1434/1922/1470 1317/1766/1329 1333/1783/1345 
f 1432/1920/1468 1435/1923/1471 1434/1922/1470 1433/1921/1469 
f 1330/1924/1472 1418/1885/1441 1417/1882/1440 1327/1925/1473 
f 1377/1830/1392 1419/1887/1442 1420/1888/1443 1376/1829/1391 
f 1435/1923/1471 1424/1926/1474 1211/1927/1475 1434/1922/1470 
f 1434/1922/1470 1211/1927/1475 1210/1763/1326 1317/1766/1329 
f 1436/1928/1476 1437/1929/1477 1438/1930/1478 1439/1931/1479 
f 1439/1931/1479 1438/1930/1478 1309/1754/1317 1308/1753/1316 
f 1350/1800/1361 1311/1758/1321 1309/1754/1317 1438/1930/1478 
f 1351/1801/1362 1350/1800/1361 1438/1930/1478 1437/1929/1477 
f 1394/1853/1413 1440/1932/1480 1441/1933/1481 1393/1851/1411 
f 1393/1851/1411 1441/1933/1481 1358/1934/1482 1356/1852/1412 
f 1441/1933/1481 1325/1775/1338 1328/1778/1341 1358/1934/1482 
f 1326/1776/1339 1325/1775/1338 1441/1933/1481 1440/1932/1480 
f 1442/1935/1483 1443/1936/1484 1444/1937/1485 1413/1876/1436 
f 1443/1936/1484 1440/1932/1480 1394/1853/1413 1444/1937/1485 
f 1415/1878/1438 1326/1776/1339 1440/1932/1480 1443/1936/1484 
f 1345/1795/1356 1415/1878/1438 1443/1936/1484 1442/1935/1483 
f 1273/1685/1258 1272/1684/1257 1406/1938/1486 1409/1939/1467 
f 1357/1807/1368 1395/1903/1414 1406/1938/1486 1272/1684/1257 
f 1363/1813/1374 1437/1940/1477 1436/1941/1476 1360/1810/1371 
f 1363/1813/1374 1376/1829/1391 1351/1942/1362 1437/1940/1477 
f 1335/1785/1347 1334/1784/1346 1445/1943/1487 1429/1913/1462 
f 1429/1913/1462 1445/1943/1487 1419/1944/1488 1377/1914/1463 
f 1445/1943/1487 1365/1814/1376 1364/1814/1375 1419/1944/1488 
f 1334/1784/1346 1337/1787/1349 1365/1814/1376 1445/1943/1487 
f 1422/1945/1489 1442/1935/1483 1413/1876/1436 1320/1875/1435 
f 1345/1795/1356 1442/1935/1483 1422/1945/1489 1342/1792/1353 
f 1327/1925/1473 1417/1882/1440 1375/1828/1390 1328/1827/1389 
f 1376/1829/1391 1420/1888/1443 1348/1946/1359 1351/1942/1362 
f 1420/1888/1443 1379/1832/1394 1355/1918/1366 1348/1946/1359 
f 1372/1824/1386 1412/1874/1434 1446/1947/1490 1374/1826/1388 
f 1374/1826/1388 1446/1947/1490 1391/1848/1408 1370/1820/1382 
f 1446/1947/1490 1444/1937/1485 1394/1853/1413 1391/1848/1408 
f 1413/1876/1436 1444/1937/1485 1446/1947/1490 1412/1874/1434 
f 1447/1948/1491 1448/1949/1492 1449/1950/1493 1450/1951/1494 
f 1450/1951/1494 1449/1950/1493 1451/1952/1495 1452/1953/1496 
f 1449/1950/1493 1453/1954/1497 1454/1955/1498 1451/1952/1495 
f 1455/1956/1499 1453/1954/1497 1449/1950/1493 1448/1949/1492 
f 1456/1957/1500 1457/1958/1501 1458/1959/1502 1459/1960/1503 
f 1261/1670/1246 1260/1669/1245 1460/1961/1504 1461/1962/1505 
f 1462/1963/1506 1463/1964/1507 1464/1965/1508 1465/1966/1509 
f 1466/1967/1510 1467/1968/1511 1468/1969/1512 1469/1970/1513 
f 1470/1971/1514 1471/1972/1515 1472/1973/1516 1473/1974/1517 
f 1473/1974/1517 1472/1973/1516 1456/1975/1518 1474/1976/1519 
f 1472/1973/1516 1475/1977/1520 1457/1978/1521 1456/1975/1518 
f 1471/1972/1515 1476/1979/1522 1475/1977/1520 1472/1973/1516 
f 1477/1980/1523 1478/1981/1524 1479/1982/1525 1480/1983/1526 
f 1481/1984/1527 1465/1966/1509 1464/1965/1508 1474/1985/1528 
f 1469/1986/1513 1458/1959/1502 1457/1958/1501 1466/1987/1510 
f 1454/1955/1498 1482/1988/1529 1483/1989/1530 1484/1990/1531 
f 1484/1990/1531 1483/1989/1530 1485/1991/1532 1477/1992/1533 
f 1483/1989/1530 1486/1993/1534 1461/1994/1535 1485/1991/1532 
f 1487/1995/1536 1486/1993/1534 1483/1989/1530 1482/1988/1529 
f 1485/1996/1537 1488/1997/1538 1478/1981/1524 1477/1980/1523 
f 1489/1998/1539 1490/1999/1540 1491/2000/1541 1492/2001/1542 
f 1492/2001/1542 1491/2000/1541 1338/2002/1543 1493/2003/1544 
f 1494/2004/1545 1495/2005/1545 1496/2006/1546 1497/2007/1546 
f 1498/2008/1547 1499/2009/1548 1500/2010/1549 1501/2011/1550 
f 1501/2011/1550 1402/1862/1422 1405/1865/1425 1498/2008/1547 
f 1502/2012/1551 1503/2013/1552 1504/2014/1553 1505/2015/1554 
f 1499/2009/1548 1506/2016/1555 1507/2017/1556 1500/2010/1549 
f 1506/2016/1555 1508/2018/1557 1509/2019/1558 1507/2017/1556 
f 1510/2020/1559 1511/2021/1560 1404/2022/1424 1403/2023/1423 
f 1512/2024/1561 1513/2025/1562 1514/2026/1562 1515/2027/1561 
f 1516/2028/1563 1517/2029/1564 1518/2030/1565 1519/2031/1566 
f 1339/2032/1567 1518/2030/1565 1517/2029/1564 1520/2033/1568 
f 1521/2034/1569 1522/2035/1570 1404/2036/1571 1511/2037/1572 
f 1522/2035/1570 1523/2038/1573 1405/2039/1574 1404/2036/1571 
f 1524/2040/1575 1525/2041/1576 1506/2042/1577 1499/2043/1578 
f 1525/2041/1576 1526/2044/1579 1508/2045/1580 1506/2042/1577 
f 1527/2046/1581 1340/2047/1582 1339/2032/1567 1520/2033/1568 
f 1521/2034/1569 1511/2037/1572 1340/2047/1582 1527/2046/1581 
f 1528/2048/1583 1529/2049/1584 1530/2050/1585 1531/2051/1586 
f 1530/2050/1585 1532/2052/1587 1487/1995/1536 1531/2051/1586 
f 1533/2053/1588 1534/2054/1589 1532/2052/1587 1530/2050/1585 
f 1533/2053/1588 1530/2050/1585 1529/2049/1584 1535/2055/1590 
f 1536/2056/1591 1537/2057/1592 1453/1954/1497 1455/1956/1499 
f 1537/2057/1592 1482/1988/1529 1454/1955/1498 1453/1954/1497 
f 1531/2051/1586 1487/1995/1536 1482/1988/1529 1537/2057/1592 
f 1528/2048/1583 1531/2051/1586 1537/2057/1592 1536/2056/1591 
f 1260/1669/1245 1538/2058/1593 1539/2059/1594 1460/1961/1504 
f 1260/1669/1245 1259/1668/1244 1540/2060/1595 1538/2058/1593 
f 1512/2061/1596 1508/2045/1580 1526/2044/1579 1541/2062/1597 
f 1542/2063/1598 1513/2064/1599 1512/2061/1596 1541/2062/1597 
f 1480/1983/1526 1479/1982/1525 1468/1969/1512 1467/1968/1511 
f 1488/1997/1538 1543/2065/1600 1544/2066/1601 1478/1981/1524 
f 1460/1961/1504 1539/2059/1594 1543/2065/1600 1488/1997/1538 
f 1545/2067/1602 1546/2068/1603 1547/2069/1604 1548/2070/1605 
f 1544/2071/1601 1543/2072/1600 1549/2073/1606 1550/2074/1607 
f 1550/2074/1607 1549/2073/1606 1525/2041/1576 1524/2040/1575 
f 1549/2073/1606 1551/2075/1608 1526/2044/1579 1525/2041/1576 
f 1543/2072/1600 1539/2076/1594 1551/2075/1608 1549/2073/1606 
f 1552/2077/1609 1553/2078/1610 1554/2079/1611 1555/2080/1612 
f 1554/2079/1611 1553/2078/1610 1556/2081/1613 1523/2038/1573 
f 1553/2078/1610 1550/2074/1607 1524/2040/1575 1556/2081/1613 
f 1552/2077/1609 1544/2071/1601 1550/2074/1607 1553/2078/1610 
f 1188/1586/1170 1166/1554/1138 1169/1557/1141 1195/1585/1169 
f 1468/1969/1512 1479/1982/1525 1552/2082/1614 1555/2083/1615 
f 1478/1981/1524 1544/2066/1601 1552/2082/1614 1479/1982/1525 
f 1461/1962/1505 1460/1961/1504 1488/1997/1538 1485/1996/1537 
f 1402/2084/1616 1501/2085/1617 1448/1949/1492 1447/1948/1491 
f 1501/2085/1617 1500/2086/1618 1455/1956/1499 1448/1949/1492 
f 1539/2076/1594 1538/2087/1593 1557/2088/1619 1551/2075/1608 
f 1551/2075/1608 1557/2088/1619 1541/2062/1597 1526/2044/1579 
f 1542/2063/1598 1541/2062/1597 1557/2088/1619 1558/2089/1620 
f 1538/2087/1593 1540/2090/1595 1558/2089/1620 1557/2088/1619 
f 1523/2038/1573 1556/2081/1613 1498/2091/1621 1405/2039/1574 
f 1556/2081/1613 1524/2040/1575 1499/2043/1578 1498/2091/1621 
f 1508/2018/1557 1512/2024/1561 1515/2027/1561 1509/2019/1558 
f 1519/2092/1622 1518/2093/1623 1491/2094/1623 1490/2095/1622 
f 1452/1953/1496 1451/1952/1495 1559/2096/1624 1560/2097/1625 
f 1560/2097/1625 1559/2096/1624 1480/2098/1626 1467/2097/1627 
f 1559/2096/1624 1484/1990/1531 1477/1992/1533 1480/2098/1626 
f 1451/1952/1495 1454/1955/1498 1484/1990/1531 1559/2096/1624 
f 1465/1966/1509 1561/2099/1628 1562/2100/1629 1462/1963/1506 
f 1465/1966/1509 1481/1984/1527 1563/2101/1630 1561/2099/1628 
f 1481/1984/1527 1459/1960/1503 1564/2102/1631 1563/2101/1630 
f 1459/1960/1503 1458/1959/1502 1565/2103/1632 1564/2102/1631 
f 1566/2104/1633 1567/2105/1634 1568/2106/1635 1569/2107/1636 
f 1566/2104/1633 1569/2107/1636 1570/2108/1637 1476/1979/1522 
f 1569/2107/1636 1450/1951/1494 1452/1953/1496 1570/2108/1637 
f 1568/2106/1635 1447/1948/1491 1450/1951/1494 1569/2107/1636 
f 1510/2109/1638 1403/2110/1639 1568/2106/1635 1567/2105/1634 
f 1403/2110/1639 1402/2084/1616 1447/1948/1491 1568/2106/1635 
f 1521/2034/1569 1571/2111/1640 1572/2112/1641 1522/2035/1570 
f 1572/2112/1641 1554/2079/1611 1523/2038/1573 1522/2035/1570 
f 1555/2080/1612 1554/2079/1611 1572/2112/1641 1573/2113/1642 
f 1571/2111/1640 1565/2114/1632 1573/2113/1642 1572/2112/1641 
f 1457/1978/1521 1475/1977/1520 1574/2115/1643 1466/2116/1644 
f 1466/2116/1644 1574/2115/1643 1560/2097/1625 1467/2097/1627 
f 1574/2115/1643 1570/2108/1637 1452/1953/1496 1560/2097/1625 
f 1475/1977/1520 1476/1979/1522 1570/2108/1637 1574/2115/1643 
f 1564/2117/1631 1575/2118/1645 1576/2119/1646 1563/2120/1630 
f 1575/2118/1645 1527/2046/1581 1520/2033/1568 1576/2119/1646 
f 1571/2111/1640 1521/2034/1569 1527/2046/1581 1575/2118/1645 
f 1565/2114/1632 1571/2111/1640 1575/2118/1645 1564/2117/1631 
f 1507/2121/1647 1536/2056/1591 1455/1956/1499 1500/2086/1618 
f 1528/2048/1583 1536/2056/1591 1507/2121/1647 1509/2122/1648 
f 1491/2094/1623 1518/2093/1623 1339/1789/1350 1338/1788/1350 
f 1509/2122/1648 1515/2123/1649 1529/2049/1584 1528/2048/1583 
f 1515/2123/1649 1514/2124/1650 1535/2055/1590 1529/2049/1584 
f 1511/2021/1560 1510/2020/1559 1341/1791/1352 1340/1790/1351 
f 1464/2125/1651 1463/2126/1652 1577/2127/1652 1578/2128/1653 
f 1464/2125/1651 1578/2128/1653 1473/1974/1517 1474/1976/1519 
f 1579/2129/1654 1470/1971/1514 1473/1974/1517 1578/2128/1653 
f 1579/2129/1654 1578/2128/1653 1577/2127/1652 1580/2130/1655 
f 1493/2003/1544 1581/2131/1656 1582/2132/1657 1583/2133/1658 
f 1583/2133/1658 1582/2132/1657 1471/1972/1515 1470/1971/1514 
f 1582/2132/1657 1566/2104/1633 1476/1979/1522 1471/1972/1515 
f 1581/2131/1656 1567/2105/1634 1566/2104/1633 1582/2132/1657 
f 1532/2052/1587 1584/2134/1659 1486/1993/1534 1487/1995/1536 
f 1486/1993/1534 1584/2134/1659 1261/2135/1660 1461/1994/1535 
f 1584/2134/1659 1585/2136/1661 1262/2137/1661 1261/2135/1660 
f 1534/2054/1589 1585/2136/1661 1584/2134/1659 1532/2052/1587 
f 1458/1959/1502 1469/1986/1513 1573/2138/1662 1565/2103/1632 
f 1573/2139/1662 1469/1970/1513 1468/1969/1512 1555/2083/1615 
f 1580/2130/1655 1586/2140/1663 1587/2141/1664 1579/2129/1654 
f 1587/2141/1664 1583/2133/1658 1470/1971/1514 1579/2129/1654 
f 1587/2141/1664 1492/2001/1542 1493/2003/1544 1583/2133/1658 
f 1586/2140/1663 1489/1998/1539 1492/2001/1542 1587/2141/1664 
f 1562/2142/1629 1561/2143/1628 1588/2144/1665 1589/2145/1666 
f 1589/2145/1666 1588/2144/1665 1517/2029/1564 1516/2028/1563 
f 1576/2119/1646 1520/2033/1568 1517/2029/1564 1588/2144/1665 
f 1563/2120/1630 1576/2119/1646 1588/2144/1665 1561/2143/1628 
f 1338/2002/1543 1341/2146/1667 1581/2131/1656 1493/2003/1544 
f 1567/2105/1634 1581/2131/1656 1341/2146/1667 1510/2109/1638 
f 1590/2147/1668 1591/2148/1669 1495/2149/1670 1592/2150/1671 
f 1496/2151/1672 1495/2149/1670 1591/2148/1669 1593/2152/1673 
f 1594/2153/1674 1595/2154/1675 1596/2155/1676 1597/2156/1677 
f 1497/2157/1678 1504/2158/1679 1598/2159/1680 1599/2160/1681 
f 1600/2161/1682 1598/2159/1680 1504/2158/1679 1503/2162/1683 
f 1594/2153/1674 1601/2163/1684 1602/2164/1685 1595/2154/1675 
f 1603/2165/1686 1604/2166/1687 1503/2013/1552 1502/2012/1551 
f 1605/2167/1688 1606/2168/1689 1607/2169/1690 1608/2170/1691 
f 1607/2169/1690 1606/2168/1689 1609/2171/1692 1610/2172/1693 
f 1606/2168/1689 1611/2173/1694 1612/2174/1695 1609/2171/1692 
f 1613/2175/1696 1611/2173/1694 1606/2168/1689 1605/2167/1688 
f 1599/2160/1681 1598/2159/1680 1614/2176/1697 1615/2177/1698 
f 1615/2177/1698 1614/2176/1697 1616/2178/1699 1617/2179/1700 
f 1614/2176/1697 1618/2180/1701 1619/2181/1702 1616/2178/1699 
f 1598/2159/1680 1600/2161/1682 1618/2180/1701 1614/2176/1697 
f 1620/2182/1703 1621/2183/1704 1622/2184/1705 1623/2185/1706 
f 1621/2183/1704 1624/2186/1707 1625/2187/1708 1622/2184/1705 
f 1626/2188/1709 1627/2189/1710 1628/2190/1711 1629/2191/1712 
f 1627/2189/1710 1630/2192/1713 1593/2152/1673 1628/2190/1711 
f 1631/2193/1714 1632/2194/1715 1630/2192/1713 1627/2189/1710 
f 1633/2195/1716 1631/2193/1714 1627/2189/1710 1626/2188/1709 
f 1634/2196/1717 1635/2197/1718 1636/2198/1719 1637/2199/1720 
f 1548/2200/1605 1547/2201/1604 1638/2202/1721 1636/2198/1719 
f 1639/2203/1722 1640/2204/1723 1641/2205/1724 1642/2206/1725 
f 1635/2197/1718 1643/2207/1726 1548/2200/1605 1636/2198/1719 
f 1644/2208/1727 1645/2208/1728 1646/2209/1729 1647/2210/1730 
f 1647/2210/1730 1646/2209/1729 1648/2211/1731 1634/2212/1732 
f 1646/2209/1729 1649/2213/1733 1650/2214/1734 1648/2211/1731 
f 1645/2208/1728 1619/2181/1702 1649/2213/1733 1646/2209/1729 
f 1503/2162/1683 1604/2215/1735 1651/2216/1736 1600/2161/1682 
f 1604/2215/1735 1596/2217/1737 1652/2218/1738 1651/2216/1736 
f 1618/2180/1701 1600/2161/1682 1651/2216/1736 1653/2219/1739 
f 1618/2180/1701 1653/2219/1739 1649/2213/1733 1619/2181/1702 
f 1653/2219/1739 1654/2220/1740 1650/2214/1734 1649/2213/1733 
f 1651/2216/1736 1652/2218/1738 1654/2220/1740 1653/2219/1739 
f 1643/2221/1726 1655/2222/1741 1545/2067/1602 1548/2070/1605 
f 1656/2223/1742 1657/2224/1743 1546/2068/1603 1545/2067/1602 
f 1658/2225/1744 1659/2226/1745 1660/2227/1746 1637/2199/1720 
f 1655/2222/1741 1610/2228/1747 1656/2223/1742 1545/2067/1602 
f 1505/2015/1554 1504/2014/1553 1497/2007/1546 1496/2006/1546 
f 1661/2229/1748 1662/2230/1749 1624/2231/1749 1621/2232/1748 
f 1663/2233/1750 1664/2234/1751 1665/2235/1752 1666/2236/1753 
f 1666/2236/1753 1665/2235/1752 1667/2237/1754 1668/2238/1755 
f 1669/2239/1756 1667/2237/1754 1665/2235/1752 1670/2240/1757 
f 1664/2234/1751 1671/2241/1758 1670/2240/1757 1665/2235/1752 
f 1650/2214/1734 1672/2242/1759 1673/2243/1760 1648/2211/1731 
f 1648/2211/1731 1673/2243/1760 1635/2244/1761 1634/2212/1732 
f 1673/2243/1760 1674/2245/1762 1643/2246/1763 1635/2244/1761 
f 1672/2242/1759 1675/2247/1764 1674/2245/1762 1673/2243/1760 
f 1676/2248/1765 1677/2249/1766 1678/2250/1767 1679/2251/1768 
f 1679/2251/1768 1678/2250/1767 1680/2252/1769 1681/2253/1770 
f 1678/2250/1767 1666/2236/1753 1668/2238/1755 1680/2252/1769 
f 1677/2249/1766 1663/2233/1750 1666/2236/1753 1678/2250/1767 
f 1661/2254/1771 1682/2255/1772 1668/2238/1755 1667/2237/1754 
f 1126/1483/1081 1025/1482/1081 998/1325/937 997/1324/937 
f 1669/2239/1756 1662/2256/1773 1661/2254/1771 1667/2237/1754 
f 1683/2257/1774 1684/2258/1775 1685/2259/1776 1686/2260/1777 
f 1685/2259/1776 1684/2258/1775 1687/2261/1778 1688/2262/1779 
f 1684/2258/1775 1679/2251/1768 1681/2253/1770 1687/2261/1778 
f 1683/2257/1774 1676/2248/1765 1679/2251/1768 1684/2258/1775 
f 1596/2217/1737 1595/2263/1780 1689/2264/1781 1652/2218/1738 
f 1595/2263/1780 1602/2265/1782 1690/2266/1783 1689/2264/1781 
f 1623/2185/1706 1622/2184/1705 1691/2267/1784 1692/2268/1785 
f 1691/2267/1784 1605/2167/1688 1608/2170/1691 1692/2268/1785 
f 1693/2269/1786 1613/2175/1696 1605/2167/1688 1691/2267/1784 
f 1693/2269/1786 1691/2267/1784 1622/2184/1705 1625/2187/1708 
f 1694/2270/1787 1695/2271/1788 1696/2272/1789 1697/2273/1790 
f 1696/2272/1789 1664/2274/1751 1663/2275/1750 1657/2224/1743 
f 1696/2272/1789 1695/2271/1788 1671/2276/1758 1664/2274/1751 
f 1640/2204/1723 1698/2277/1791 1699/2278/1792 1641/2205/1724 
f 1630/2192/1713 1505/2279/1793 1496/2151/1672 1593/2152/1673 
f 1700/2280/1794 1682/2281/1795 1620/2282/1796 1701/2283/1797 
f 1632/2194/1715 1502/2284/1798 1505/2279/1793 1630/2192/1713 
f 1632/2194/1715 1702/2285/1799 1603/2286/1800 1502/2284/1798 
f 1702/2285/1799 1688/2262/1779 1597/2287/1801 1603/2286/1800 
f 1681/2253/1770 1680/2252/1769 1700/2288/1802 1601/2289/1803 
f 1682/2281/1795 1661/2229/1748 1621/2232/1748 1620/2282/1796 
f 1703/2290/1804 1592/2291/1804 1495/2005/1545 1494/2004/1545 
f 1680/2252/1769 1668/2238/1755 1682/2255/1772 1700/2288/1802 
f 1546/2068/1603 1677/2292/1766 1676/2293/1765 1547/2069/1604 
f 1657/2224/1743 1663/2275/1750 1677/2292/1766 1546/2068/1603 
f 1688/2262/1779 1687/2261/1778 1594/2294/1805 1597/2287/1801 
f 1601/2295/1684 1700/2280/1794 1701/2283/1797 1602/2296/1685 
f 1597/2156/1677 1596/2155/1676 1604/2297/1687 1603/2298/1686 
f 1687/2261/1778 1681/2253/1770 1601/2289/1803 1594/2294/1805 
f 1632/2194/1715 1631/2193/1714 1704/2299/1806 1702/2285/1799 
f 1704/2299/1806 1685/2259/1776 1688/2262/1779 1702/2285/1799 
f 1686/2260/1777 1685/2259/1776 1704/2299/1806 1705/2300/1807 
f 1631/2193/1714 1633/2195/1716 1705/2300/1807 1704/2299/1806 
f 1706/2301/1808 1707/2302/1809 1708/2303/1809 1709/2304/1808 
f 1706/2301/1808 1709/2304/1808 1710/2305/1810 1711/2306/1811 
f 1712/2307/1812 1617/2179/1700 1710/2305/1810 1709/2304/1808 
f 1712/2307/1812 1709/2304/1808 1708/2303/1809 1713/2308/1813 
f 1714/2309/1814 1659/2310/1745 1705/2311/1815 1633/2312/1716 
f 1705/2313/1815 1659/2226/1745 1658/2225/1744 1686/2314/1816 
f 1659/2310/1745 1714/2309/1814 1715/2315/1817 1660/2316/1746 
f 1636/2198/1719 1638/2202/1721 1658/2225/1744 1637/2199/1720 
f 1713/2308/1813 1716/2317/1818 1717/2318/1819 1712/2307/1812 
f 1717/2318/1819 1615/2177/1698 1617/2179/1700 1712/2307/1812 
f 1717/2318/1819 1718/2319/1820 1599/2160/1681 1615/2177/1698 
f 1716/2317/1818 1719/2320/1821 1718/2319/1820 1717/2318/1819 
f 1697/2273/1790 1696/2272/1789 1657/2224/1743 1656/2223/1742 
f 1639/2203/1722 1642/2206/1725 1720/2321/1822 1721/2322/1823 
f 1639/2203/1722 1706/2323/1824 1711/2324/1825 1640/2204/1723 
f 1721/2322/1823 1707/2325/1826 1706/2323/1824 1639/2203/1722 
f 1719/2320/1821 1703/2326/1827 1494/2327/1828 1718/2319/1820 
f 1718/2319/1820 1494/2327/1828 1497/2157/1678 1599/2160/1681 
f 1722/2328/1829 1723/2329/1830 1724/2330/1831 1725/2331/1832 
f 1725/2331/1832 1724/2330/1831 1591/2148/1669 1590/2147/1668 
f 1628/2190/1711 1593/2152/1673 1591/2148/1669 1724/2330/1831 
f 1629/2191/1712 1628/2190/1711 1724/2330/1831 1723/2329/1830 
f 1675/2247/1764 1726/2332/1833 1727/2333/1834 1674/2245/1762 
f 1674/2245/1762 1727/2333/1834 1655/2333/1835 1643/2246/1763 
f 1727/2333/1834 1607/2169/1690 1610/2172/1693 1655/2333/1835 
f 1608/2170/1691 1607/2169/1690 1727/2333/1834 1726/2332/1833 
f 1728/2334/1836 1729/2335/1837 1730/2336/1838 1690/2266/1783 
f 1729/2335/1837 1726/2332/1833 1675/2247/1764 1730/2336/1838 
f 1692/2268/1785 1608/2170/1691 1726/2332/1833 1729/2335/1837 
f 1623/2185/1706 1692/2268/1785 1729/2335/1837 1728/2334/1836 
f 1658/2225/1744 1638/2202/1721 1683/2337/1839 1686/2314/1816 
f 1547/2201/1604 1676/2338/1765 1683/2337/1839 1638/2202/1721 
f 1720/2321/1822 1642/2206/1725 1723/2339/1830 1722/2340/1829 
f 1642/2206/1725 1641/2205/1724 1629/2341/1712 1723/2339/1830 
f 1617/2179/1700 1616/2178/1699 1731/2342/1840 1710/2305/1810 
f 1710/2305/1810 1731/2342/1840 1732/2343/1841 1711/2306/1811 
f 1731/2342/1840 1645/2208/1728 1644/2208/1727 1732/2343/1841 
f 1616/2178/1699 1619/2181/1702 1645/2208/1728 1731/2342/1840 
f 1701/2344/1842 1728/2334/1836 1690/2266/1783 1602/2265/1782 
f 1623/2185/1706 1728/2334/1836 1701/2344/1842 1620/2182/1703 
f 1698/2277/1791 1715/2315/1817 1714/2309/1814 1699/2278/1792 
f 1641/2205/1724 1699/2278/1792 1626/2345/1709 1629/2341/1712 
f 1699/2278/1792 1714/2309/1814 1633/2312/1716 1626/2345/1709 
f 1153/1524/1114 1085/1420/1025 1069/1398/1007 1154/1532/1115 
f 1652/2218/1738 1689/2264/1781 1733/2346/1843 1654/2220/1740 
f 1654/2220/1740 1733/2346/1843 1672/2242/1759 1650/2214/1734 
f 1733/2346/1843 1730/2336/1838 1675/2247/1764 1672/2242/1759 
f 1690/2266/1783 1730/2336/1838 1733/2346/1843 1689/2264/1781 
f 1711/2324/1825 1732/2347/1844 1698/2277/1791 1640/2204/1723 
f 1732/2347/1844 1644/2348/1845 1715/2315/1817 1698/2277/1791 
f 1610/2228/1747 1609/2349/1846 1697/2273/1790 1656/2223/1742 
f 1609/2349/1846 1612/2350/1847 1694/2270/1787 1697/2273/1790 
f 1660/2227/1746 1647/2351/1848 1634/2196/1717 1637/2199/1720 
f 1715/2315/1817 1644/2348/1845 1647/2352/1848 1660/2316/1746 
f 1116/1492/1087 1120/2353/1849 1115/2354/1849 1114/1493/1087 
f 1474/1985/1528 1456/1957/1500 1459/1960/1503 1481/1984/1527 
f 1734/2355/1850 1735/2356/1850 1736/2357/1850 1737/2358/1850 
f 1738/2359/1850 1739/2360/1850 1740/2361/1850 1741/2362/1850 
f 1742/2363/1850 1743/2364/1850 1744/2365/1850 1745/2366/1850 
f 1746/2367/1850 1747/2356/1850 1735/2356/1850 1734/2355/1850 
f 1737/2358/1850 1736/2357/1850 1748/2368/1850 1749/2369/1850 
f 1740/2361/1850 1739/2360/1850 1747/2356/1850 1746/2367/1850 
f 1749/2369/1850 1748/2368/1850 1750/2370/1850 1751/2371/1850 
f 1751/2371/1850 1750/2370/1850 1752/2372/1850 1753/2373/1850 
f 1753/2373/1850 1752/2372/1850 1754/2374/1850 1755/2375/1850 
f 1755/2375/1850 1754/2374/1850 1756/2376/1850 1757/2377/1850 
f 1757/2377/1850 1756/2376/1850 1758/2378/1850 1759/2379/1850 
f 1759/2379/1850 1758/2378/1850 1760/2380/1850 1761/2381/1850 
f 1761/2381/1850 1760/2380/1850 1762/2380/1850 1763/2382/1850 
f 1763/2382/1850 1762/2380/1850 1764/2383/1851 1765/2384/1851 
f 1765/2384/1851 1764/2383/1851 1766/2385/1850 1767/2386/1850 
f 1767/2386/1850 1766/2385/1850 1768/2387/1852 1769/2388/1852 
f 1769/2388/1852 1768/2387/1852 1770/2389/1853 1771/2390/1853 
f 1740/2361/1850 1772/2391/1850 1773/2359/1850 1741/2362/1850 
f 1774/2392/1850 1775/2393/1850 1776/2394/1850 1777/2395/1850 
f 1777/2395/1850 1776/2394/1850 1778/2396/1850 1779/2397/1850 
f 1779/2397/1850 1778/2396/1850 1780/2398/1850 1781/2399/1850 
f 1781/2399/1850 1780/2398/1850 1782/2400/1850 1783/2401/1850 
f 1783/2401/1850 1782/2400/1850 1784/2402/1850 1785/2403/1850 
f 1785/2403/1850 1784/2402/1850 1786/2404/1850 1787/2405/1850 
f 1787/2405/1850 1786/2404/1850 1788/2406/1850 1789/2407/1850 
f 1789/2407/1850 1788/2406/1850 1790/2408/1850 1791/2409/1850 
f 1791/2409/1850 1790/2408/1850 1792/2410/1850 1793/2411/1850 
f 1794/2412/1850 1742/2363/1850 1745/2366/1850 1795/2366/1850 
f 1743/2364/1850 1796/2413/1850 1797/2414/1850 1744/2365/1850 
f 1740/2361/1850 1794/2412/1850 1795/2366/1850 1772/2391/1850 
f 1796/2413/1850 1798/2415/1850 1799/2416/1850 1797/2414/1850 
f 1798/2415/1850 1800/2417/1850 1801/2418/1850 1799/2416/1850 
f 1800/2417/1850 1802/2419/1850 1803/2420/1850 1801/2418/1850 
f 1802/2419/1850 1804/2421/1850 1805/2422/1850 1803/2420/1850 
f 1804/2421/1850 1806/2423/1850 1807/2424/1850 1805/2422/1850 
f 1806/2423/1850 1808/2425/1850 1809/2426/1850 1807/2424/1850 
f 1808/2425/1850 1810/2427/1850 1811/2426/1850 1809/2426/1850 
f 1810/2427/1850 1812/2428/1850 1813/2429/1850 1811/2426/1850 
f 1812/2428/1850 1814/2430/1850 1815/2429/1850 1813/2429/1850 
f 1814/2430/1850 1816/2431/1854 1817/2432/1854 1815/2429/1850 
f 1816/2431/1854 1818/2433/1855 1819/2434/1855 1817/2432/1854 
f 1820/2435/1856 1821/2436/1856 1822/2437/1856 1823/2438/1856 
f 1751/2439/1857 1824/2440/1858 1825/2441/1859 1749/2442/1860 
f 1803/2443/1861 1805/2443/1862 1826/2444/1863 1827/2444/1864 
f 1769/2445/1865 1828/2446/1866 1829/2447/1867 1767/2448/1867 
f 1804/2449/1868 1802/2450/1869 1830/2451/1870 1831/2452/1871 
f 1791/2453/1872 1832/2454/1873 1833/2455/1874 1789/2456/1875 
f 1770/2457/1876 1834/2458/1877 1835/2459/1878 1771/2460/1879 
f 1750/2461/1880 1836/2462/1881 1837/2463/1882 1752/2464/1883 
f 1788/2465/1884 1838/2466/1885 1839/2467/1886 1790/2468/1887 
f 1768/2469/1888 1840/2470/1889 1834/2458/1877 1770/2457/1876 
f 1753/2471/1890 1841/2472/1891 1824/2440/1858 1751/2439/1857 
f 1805/2473/1862 1807/2474/1892 1842/2475/1893 1826/2476/1863 
f 1771/2477/1879 1835/2478/1878 1828/2446/1866 1769/2445/1865 
f 1806/2479/1894 1804/2449/1868 1831/2452/1871 1843/2480/1895 
f 1793/2481/1896 1844/2482/1896 1832/2454/1873 1791/2453/1872 
f 1774/2483/1897 1845/2484/1897 1846/2485/1897 1775/2486/1897 
f 1752/2464/1883 1837/2463/1882 1847/2487/1898 1754/2488/1899 
f 1747/2489/1900 1848/2490/1900 1849/2490/1901 1735/2489/1902 
f 1790/2468/1887 1839/2467/1886 1850/2491/1903 1792/2492/1903 
f 1792/2493/1904 1850/2494/1904 1844/2495/1904 1793/2496/1904 
f 1755/2497/1905 1851/2498/1905 1841/2472/1891 1753/2471/1890 
f 1807/2474/1892 1809/2474/1906 1852/2475/1907 1842/2475/1893 
f 1777/2499/1908 1853/2500/1909 1845/2501/1910 1774/2502/1910 
f 1741/2503/1911 1773/2504/1912 1854/2505/1913 1855/2506/1911 
f 1739/2507/1914 1856/2508/1915 1848/2509/1916 1747/2510/1916 
f 1808/2511/1917 1806/2479/1894 1843/2480/1895 1857/2512/1918 
f 1775/2513/1919 1846/2514/1919 1858/2515/1920 1776/2516/1921 
f 1773/2504/1912 1772/2517/1922 1859/2518/1923 1854/2505/1913 
f 1754/2488/1899 1847/2487/1898 1860/2519/1924 1756/2520/1925 
f 1779/2521/1926 1861/2522/1927 1853/2500/1909 1777/2499/1908 
f 1757/2523/1928 1862/2524/1929 1851/2498/1905 1755/2497/1905 
f 1809/2474/1906 1811/2525/1930 1863/2526/1931 1852/2475/1907 
f 1742/2527/1932 1794/2528/1933 1864/2529/1934 1865/2530/1935 
f 1772/2517/1922 1795/2531/1936 1866/2518/1936 1859/2518/1923 
f 1810/2532/1937 1808/2511/1917 1857/2512/1918 1867/2533/1938 
f 1776/2516/1921 1858/2515/1920 1868/2534/1939 1778/2535/1940 
f 1756/2536/1925 1860/2537/1924 1869/2538/1941 1758/2539/1942 
f 1738/2540/1943 1870/2541/1944 1856/2508/1915 1739/2507/1914 
f 1745/2542/1945 1744/2543/1946 1871/2544/1947 1872/2545/1948 
f 1759/2546/1949 1873/2547/1950 1862/2524/1929 1757/2523/1928 
f 1741/2548/1951 1855/2549/1951 1870/2541/1944 1738/2540/1943 
f 1811/2525/1930 1813/2525/1952 1874/2526/1953 1863/2526/1931 
f 1743/2550/1954 1742/2551/1932 1865/2552/1935 1875/2553/1955 
f 1781/2554/1956 1876/2555/1957 1861/2522/1927 1779/2521/1926 
f 1812/2556/1958 1810/2532/1937 1867/2533/1938 1877/2557/1959 
f 1778/2535/1940 1868/2534/1939 1878/2558/1960 1780/2559/1961 
f 1758/2539/1942 1869/2538/1941 1879/2560/1962 1760/2561/1963 
f 1795/2542/1964 1745/2542/1945 1872/2545/1948 1866/2545/1964 
f 1744/2543/1946 1797/2562/1965 1880/2563/1966 1871/2544/1947 
f 1761/2564/1967 1881/2565/1968 1873/2547/1950 1759/2546/1949 
f 1746/2566/1969 1882/2567/1970 1883/2568/1971 1740/2569/1971 
f 1813/2525/1952 1815/2570/1972 1884/2571/1972 1874/2526/1953 
f 1796/2572/1973 1743/2550/1954 1875/2553/1955 1885/2573/1974 
f 1783/2574/1975 1886/2575/1976 1876/2555/1957 1781/2554/1956 
f 1814/2576/1977 1812/2556/1958 1877/2557/1959 1887/2577/1977 
f 1780/2559/1961 1878/2558/1960 1888/2578/1978 1782/2579/1979 
f 1760/2561/1963 1879/2560/1962 1889/2560/1980 1762/2561/1981 
f 1734/2580/1982 1890/2581/1983 1882/2567/1970 1746/2566/1969 
f 1797/2562/1965 1799/2582/1984 1891/2583/1985 1880/2563/1966 
f 1763/2584/1986 1892/2585/1987 1881/2565/1968 1761/2564/1967 
f 1815/2586/1988 1817/2587/1989 1821/2588/1990 1884/2589/1988 
f 1798/2590/1991 1796/2572/1973 1885/2573/1974 1893/2591/1992 
f 1785/2592/1993 1894/2593/1994 1886/2575/1976 1783/2574/1975 
f 1735/2489/1902 1849/2490/1901 1895/2594/1995 1736/2595/1996 
f 1816/2596/1997 1814/2597/1998 1887/2598/1998 1820/2599/1999 
f 1782/2579/1979 1888/2578/1978 1896/2600/2000 1784/2601/2001 
f 1762/2561/1981 1889/2560/1980 1897/2602/2002 1764/2603/2003 
f 1737/2604/2004 1898/2605/2005 1890/2606/1983 1734/2607/1982 
f 1819/2608/2006 1818/2609/2007 1823/2610/2008 1822/2611/2009 
f 1799/2582/1984 1801/2612/2010 1899/2613/2011 1891/2583/1985 
f 1765/2614/2012 1900/2615/2013 1892/2585/1987 1763/2584/1986 
f 1817/2587/1989 1819/2608/2006 1822/2611/2009 1821/2588/1990 
f 1800/2616/2014 1798/2590/1991 1893/2591/1992 1901/2617/2015 
f 1787/2618/2016 1902/2619/2017 1894/2593/1994 1785/2592/1993 
f 1736/2595/1996 1895/2594/1995 1903/2620/2018 1748/2621/2019 
f 1818/2609/2007 1816/2622/1997 1820/2623/1999 1823/2610/2008 
f 1784/2601/2001 1896/2600/2000 1904/2624/2020 1786/2625/2021 
f 1764/2603/2003 1897/2602/2002 1905/2626/2022 1766/2627/2022 
f 1749/2442/1860 1825/2441/1859 1898/2605/2005 1737/2604/2004 
f 1794/2528/1933 1740/2628/2023 1883/2629/2023 1864/2529/1934 
f 1801/2612/2010 1803/2443/1861 1827/2444/1864 1899/2613/2011 
f 1767/2630/2024 1829/2631/2024 1900/2615/2013 1765/2614/2012 
f 1802/2450/1869 1800/2616/2014 1901/2617/2015 1830/2451/1870 
f 1789/2456/1875 1833/2455/1874 1902/2619/2017 1787/2618/2016 
f 1748/2621/2019 1903/2620/2018 1836/2462/1881 1750/2461/1880 
f 1786/2625/2021 1904/2624/2020 1838/2466/1885 1788/2465/1884 
f 1766/2632/2025 1905/2633/2025 1840/2470/1889 1768/2469/1888 
# 1773 polygons

