# 3ds Max Wavefront OBJ Exporter v0.99 - (c)2007 guruware
# File Created: 25.04.2025 23:12:26

mtllib Ala izquierda.mtl

#
# object Ala_izquierda
#

v  -0.7620 0.3921 1.2061
v  -0.7795 0.5509 1.3990
v  -0.8312 0.6170 1.3351
v  -0.8010 0.4679 1.1380
v  -0.8507 0.7598 1.5255
v  -0.7906 0.6917 1.5888
v  -0.9035 0.8128 1.4712
v  -0.8774 0.6675 1.2798
v  -0.8508 0.5131 1.0891
v  -0.9252 1.0419 1.7976
v  -0.9177 0.9407 1.6494
v  -0.8559 0.8731 1.7010
v  -0.8547 0.9570 1.8470
v  -0.7908 0.7891 1.7578
v  -0.7847 0.8560 1.8972
v  -0.4615 0.6330 1.6435
v  -0.4510 0.7237 1.8024
v  -0.6773 0.7130 1.8123
v  -0.6841 0.6137 1.6599
v  -0.4558 0.7323 1.9443
v  -0.6670 0.7748 1.9383
v  -0.4612 0.5042 1.4530
v  -0.6683 0.4938 1.4646
v  -0.6451 0.3556 1.2579
v  -0.4477 0.3919 1.2335
v  0.4965 0.2859 1.5154
v  0.3587 0.3656 1.5290
v  0.3207 0.2604 1.3457
v  0.4428 0.1787 1.3482
v  0.1280 0.3550 1.3608
v  0.1502 0.4618 1.5586
v  0.1070 0.2411 1.1543
v  0.2827 0.1423 1.1476
v  0.3930 0.0608 1.1553
v  -0.1650 0.3585 1.1803
v  -0.1600 0.4812 1.3893
v  -0.1475 0.6067 1.5887
v  -0.2223 0.7705 0.7595
v  -0.3255 0.8807 0.7112
v  -0.3054 0.9850 0.9197
v  -0.1943 0.8794 0.9654
v  -0.4211 1.0769 0.8582
v  -0.4564 0.9493 0.6717
v  -0.3881 1.1950 1.0489
v  -0.2892 1.0853 1.1276
v  -0.1628 0.9860 1.1678
v  0.2311 0.9928 1.4995
v  0.1885 0.9018 1.3696
v  0.0342 0.9846 1.3659
v  0.0772 1.0778 1.4925
v  -0.0071 0.8877 1.1874
v  0.1455 0.8064 1.1882
v  -0.1295 1.0791 1.3486
v  -0.0978 1.1625 1.4866
v  -0.3232 1.4058 1.3287
v  -0.2287 1.2783 1.4326
v  -0.2712 1.1783 1.3121
v  -0.3593 1.2992 1.2195
v  -0.7345 1.1313 1.0415
v  -0.5636 1.2027 1.0175
v  -0.5990 1.0700 0.8382
v  -0.7563 0.9781 0.8798
v  -0.6334 0.9331 0.6686
v  -0.7740 0.8256 0.7342
v  -1.2297 2.0434 2.6644
v  -1.1448 2.0078 2.7158
v  -1.2108 2.2367 2.8419
v  -1.2812 2.2538 2.7947
v  -1.1285 2.2278 2.8775
v  -1.0488 1.9863 2.7549
v  -1.2215 2.4404 3.0317
v  -1.2978 2.4458 2.9916
v  -1.3512 2.4564 2.9370
v  -0.4518 0.7542 2.0348
v  -0.6552 0.8181 2.0291
v  -0.6368 0.8615 2.0991
v  -0.4391 0.7902 2.0955
v  -0.7641 0.9466 2.0777
v  -0.7749 0.9059 1.9964
v  -0.4027 0.9058 2.1752
v  -0.5921 0.9725 2.2116
v  -0.6146 0.9098 2.1648
v  -0.4211 0.8384 2.1453
v  -0.7334 1.0428 2.2189
v  -0.7491 0.9914 2.1570
v  -0.8563 1.0519 2.0305
v  -0.8538 1.0126 1.9489
v  -0.9316 1.1062 1.8992
v  -0.9364 1.1531 1.9766
v  -0.8599 1.0903 2.1140
v  -0.9439 1.1984 2.0537
v  -0.8636 1.1341 2.1848
v  -0.9564 1.2493 2.1232
v  -0.1340 0.6690 1.7768
v  0.1812 0.5514 1.7424
v  0.1727 0.5192 1.9198
v  -0.1482 0.6290 1.9455
v  -0.1555 0.6327 2.0504
v  0.1566 0.5107 2.0402
v  0.1548 0.5583 2.1139
v  -0.1491 0.6783 2.1103
v  -0.1356 0.7422 2.1363
v  0.1643 0.6329 2.1432
v  0.1764 0.7098 2.1441
v  -0.1229 0.8134 2.1435
v  0.4013 0.4470 1.6924
v  0.5513 0.3595 1.6542
v  0.5711 0.3568 1.8011
v  0.4116 0.4393 1.8563
v  2.2295 -0.0356 1.5958
v  2.2935 0.0084 1.6503
v  2.2380 -0.1007 1.7432
v  2.1742 -0.1281 1.6895
v  2.2643 -0.0657 1.7921
v  2.3207 0.0421 1.6999
v  2.1313 -0.0946 1.8609
v  2.1076 -0.1236 1.8157
v  2.0955 -0.1373 1.7552
v  2.2441 0.0277 1.8759
v  2.1774 -0.0125 1.9102
v  2.1559 -0.0566 1.8923
v  2.2763 -0.0257 1.8353
v  2.3224 0.0757 1.7541
v  2.2845 0.1106 1.8188
v  2.0676 0.0350 1.5329
v  2.0861 -0.0471 1.5735
v  1.9289 -0.0523 1.5403
v  2.0164 0.1084 1.5200
v  1.9353 -0.0078 1.4823
v  1.9020 0.0597 1.4641
v  2.1174 0.1526 1.5406
v  2.1997 0.0675 1.5433
v  -0.2997 1.4734 1.3858
v  -0.2000 1.3509 1.4989
v  -0.2915 1.5249 1.4316
v  -0.1777 1.4103 1.5293
v  -0.0438 1.3035 1.5815
v  -0.0809 1.2294 1.5703
v  1.2729 -0.1422 1.5015
v  1.3566 -0.0240 1.6557
v  1.2301 0.0334 1.6683
v  1.1635 -0.0887 1.5103
v  1.2649 0.0651 1.8461
v  1.4201 0.0195 1.8191
v  1.1110 0.0910 1.6769
v  1.1321 0.1281 1.8556
v  1.0557 -0.0324 1.5158
v  1.4575 0.0301 1.9332
v  1.2926 0.0785 1.9668
v  1.3261 0.1232 2.0363
v  1.4921 0.0636 2.0021
v  1.1813 0.1752 2.0590
v  1.1515 0.1273 1.9866
v  1.1258 0.8290 1.6404
v  1.0700 0.7572 1.5956
v  0.9122 0.8719 1.5772
v  0.9657 0.9636 1.6205
v  0.8546 0.7796 1.5797
v  1.0030 0.6738 1.5954
v  0.7398 0.8744 1.5684
v  0.7808 0.9709 1.5752
v  0.8165 1.0620 1.6308
v  1.1288 0.8283 1.8031
v  1.1398 0.8461 1.7236
v  0.9863 0.9990 1.7278
v  0.9661 0.9672 1.8291
v  0.8369 1.1063 1.7402
v  0.8246 1.0811 1.8518
v  0.7649 0.9702 1.9959
v  0.8994 0.8562 1.9663
v  0.9383 0.9183 1.9026
v  0.7978 1.0289 1.9297
v  1.0683 0.7290 1.9363
v  1.1023 0.7853 1.8691
v  -0.2980 1.5815 1.4960
v  -0.1734 1.4624 1.5762
v  -0.1820 1.5034 1.6352
v  -0.3138 1.6290 1.5711
v  -0.0222 1.3995 1.6704
v  -0.0247 1.3615 1.6169
v  -0.0431 1.4187 1.7945
v  -0.0306 1.4188 1.7304
v  -0.1959 1.5324 1.6980
v  -0.2048 1.5467 1.7700
v  -0.3310 1.6681 1.6534
v  -0.3373 1.6978 1.7410
v  -1.1155 1.6489 2.4151
v  -1.0137 1.5759 2.4696
v  -1.0902 1.7718 2.6025
v  -1.1832 1.8295 2.5396
v  -0.9752 1.7388 2.6401
v  -0.8863 1.5307 2.4940
v  -0.7635 1.5066 2.4940
v  -0.8657 1.7249 2.6547
v  -0.6798 1.6779 2.6827
v  -0.5772 1.4526 2.5073
v  -0.7762 1.9208 2.8513
v  -0.9536 1.9775 2.7868
v  -0.2553 1.3342 2.5508
v  -0.3330 1.5524 2.7549
v  0.0283 1.3457 2.8886
v  0.0775 1.1455 2.6482
v  -0.0308 1.5616 3.1323
v  -0.4153 1.7811 2.9619
v  0.3803 1.0160 2.7188
v  0.3525 1.1872 2.9937
v  0.6091 1.0783 3.0680
v  0.6118 0.9126 2.7780
v  0.5847 1.2591 3.3646
v  0.3113 1.3816 3.2703
v  2.5365 0.5400 3.3542
v  2.7198 0.7008 3.7636
v  2.7304 0.6291 3.7676
v  2.4495 0.3814 2.9161
v  2.4066 0.4377 2.9138
v  2.4877 0.5680 3.3640
v  2.3534 0.4693 2.9095
v  2.6887 0.7570 3.7671
v  1.2935 0.9446 2.7253
v  1.0547 1.0790 2.7092
v  1.1433 1.2040 2.9988
v  1.4026 1.0402 3.0608
v  0.8953 1.3168 2.9701
v  0.8395 1.1823 2.7060
v  0.9351 1.4634 3.2509
v  1.2095 1.3491 3.3008
v  1.5024 1.1924 3.3892
v  -0.4252 1.9411 2.3163
v  -0.4586 2.0811 2.4769
v  -0.2625 1.9482 2.5777
v  -0.2504 1.7992 2.3978
v  -0.2918 2.1252 2.7522
v  -0.5083 2.2540 2.6356
v  -0.0627 2.0088 2.8459
v  -0.0493 1.8400 2.6499
v  -0.0599 1.6843 2.4565
v  1.3702 0.9650 3.5732
v  1.3367 0.7755 3.2281
v  1.5606 0.6851 3.2715
v  1.6237 0.8784 3.6287
v  1.5267 0.5947 2.8687
v  1.3127 0.6439 2.8576
v  1.7587 0.4971 2.8967
v  1.8159 0.5761 3.3223
v  1.9034 0.7535 3.7089
v  -0.8220 2.2649 2.0868
v  -0.8594 2.4018 2.1756
v  -0.6054 2.3055 2.2846
v  -0.5598 2.1764 2.1559
v  -0.6675 2.4662 2.4252
v  -0.9072 2.5705 2.2871
v  2.1987 0.2586 1.7669
v  2.1514 0.2710 1.8569
v  2.1899 0.2069 1.8755
v  2.2600 0.1870 1.7837
v  2.1426 0.2379 1.9751
v  2.1130 0.2919 1.9489
v  2.1990 0.1503 1.8995
v  2.1528 0.1900 2.0001
v  1.5297 0.1168 2.0506
v  1.3597 0.1843 2.0781
v  1.3874 0.2478 2.0941
v  1.5647 0.1853 2.0645
v  1.2113 0.2443 2.0916
v  1.2363 0.3138 2.0994
v  -0.3347 1.6744 1.9297
v  -0.2070 1.5133 1.9367
v  -0.2113 1.5259 1.8552
v  -0.3266 1.7038 1.8437
v  -0.0608 1.3881 1.8594
v  -0.0554 1.3886 1.9294
v  -0.3626 1.7184 2.0377
v  -0.3932 1.8117 2.1617
v  -0.2401 1.6581 2.2200
v  -0.2191 1.5644 2.0690
v  -0.0732 1.5337 2.2601
v  -0.0704 1.4328 2.0882
v  -0.7541 1.1736 2.2904
v  -0.8963 1.2694 2.2741
v  -0.8739 1.1852 2.2299
v  -0.7316 1.0909 2.2523
v  -0.9765 1.3122 2.1773
v  -1.0075 1.3955 2.2340
v  -0.9438 1.4063 2.3549
v  -0.8067 1.3362 2.3676
v  -1.0528 1.5077 2.3119
v  -0.4097 1.1069 2.2357
v  -0.6060 1.1381 2.2768
v  -0.5842 1.0380 2.2396
v  -0.3933 0.9876 2.1934
v  -0.6703 1.3076 2.3580
v  -0.4784 1.2621 2.3516
v  -0.1135 0.8905 2.1499
v  0.1829 0.7686 2.1612
v  0.1686 0.8382 2.2457
v  -0.1237 0.9976 2.2151
v  -0.1804 1.1424 2.3658
v  0.1267 0.9656 2.4227
v  0.6364 0.6734 2.3127
v  0.4331 0.7486 2.2742
v  0.4362 0.6799 2.1965
v  0.6279 0.5983 2.2509
v  0.4256 0.6227 2.1718
v  0.6108 0.5386 2.2337
v  0.4069 0.8573 2.4683
v  0.6194 0.7637 2.5166
v  2.1531 0.3362 2.1815
v  2.1915 0.2892 2.2002
v  2.1466 0.2599 2.0543
v  2.1114 0.3073 2.0292
v  2.1617 0.2095 2.0721
v  2.2081 0.2367 2.2092
v  2.2931 0.3565 2.5046
v  2.2465 0.4015 2.4912
v  2.3024 0.2980 2.5176
v  0.7492 0.9456 2.0919
v  0.8968 0.8507 2.0630
v  0.9195 0.8855 2.2056
v  0.7701 0.9939 2.2298
v  1.1052 0.7692 2.1736
v  1.0724 0.7342 2.0307
v  1.1857 0.8458 2.4178
v  0.9727 0.9612 2.4354
v  0.7914 1.0605 2.4517
v  -0.2028 1.5280 1.9903
v  -0.3461 1.6748 1.9769
v  -0.0583 1.3980 1.9897
v  -0.5196 2.0577 2.0328
v  -0.4873 1.9637 1.9308
v  -0.7449 2.0595 1.8962
v  -0.7819 2.1528 1.9862
v  -2.4898 3.8726 3.2295
v  -2.5143 3.8492 3.1989
v  -2.4783 3.8762 3.1842
v  -2.4610 3.8988 3.2271
v  -2.5119 3.8753 3.1440
v  -2.5349 3.8527 3.1630
v  -2.4722 3.9256 3.1318
v  -2.4421 3.9258 3.1784
v  -2.4207 3.9484 3.2257
v  -2.6046 3.9866 3.2070
v  -2.5873 4.0280 3.1876
v  -2.6091 3.9938 3.1442
v  -2.6264 3.9443 3.1890
v  -2.5572 4.0623 3.1155
v  -2.5415 4.1017 3.1634
v  -2.5470 4.0070 3.0842
v  -2.6016 3.9423 3.1080
v  -2.6216 3.8930 3.1646
v  -2.5600 3.9984 3.2747
v  -2.5301 4.0464 3.2699
v  -2.5618 4.0482 3.2303
v  -2.5915 3.9877 3.2454
v  -2.5146 4.1216 3.2131
v  -2.4811 4.1182 3.2617
v  -2.4054 3.9829 3.2717
v  -2.4532 3.9247 3.2712
v  -2.4671 3.9652 3.3036
v  -2.4106 4.0297 3.3113
v  -2.5247 3.9132 3.2861
v  -2.5025 3.8798 3.2589
v  -2.3921 3.9904 3.1819
v  -2.3729 4.0151 3.2285
v  -2.4197 3.9956 3.1337
v  -2.3522 4.0512 3.1377
v  -2.3307 4.0463 3.1913
v  -2.3049 4.0569 3.2421
v  -2.4468 4.0257 3.0867
v  -2.5099 3.9513 3.0849
v  -2.3724 4.0858 3.0904
v  -2.4749 4.0802 3.0560
v  -2.3847 4.1386 3.0494
v  -2.4763 4.1972 3.1356
v  -2.4874 4.1477 3.0816
v  -2.3900 4.2155 3.0558
v  -2.3771 4.2706 3.1128
v  -2.4115 4.1997 3.2525
v  -2.4456 4.2112 3.1963
v  -2.3515 4.2837 3.1820
v  -2.3235 4.2651 3.2446
v  -2.4440 4.0843 3.3008
v  -2.3773 4.1601 3.2962
v  -2.3496 4.1012 3.3096
v  -2.2845 4.1583 3.3138
v  -2.2985 4.2183 3.2889
v  -2.2852 4.0909 3.2991
v  -2.3518 4.0511 3.2711
v  -2.2628 4.0529 3.2070
v  -2.2443 4.0615 3.2698
v  -2.2801 4.0644 3.1478
v  -2.2128 4.0578 3.1636
v  -2.2026 4.0478 3.2274
v  -2.1872 4.0671 3.2870
v  -2.2900 4.1002 3.0954
v  -2.2905 4.1568 3.0604
v  -2.2071 4.1543 3.0807
v  -2.2138 4.0928 3.1061
v  -2.2640 4.2852 3.1122
v  -2.2803 4.2287 3.0639
v  -2.1907 4.2184 3.0898
v  -2.1713 4.2688 3.1311
v  -2.2267 4.2809 3.2433
v  -2.2446 4.2998 3.1811
v  -2.1534 4.2992 3.1912
v  -2.1425 4.2836 3.2566
v  -2.2163 4.1794 3.3166
v  -2.2166 4.2382 3.2913
v  -2.1507 4.1798 3.3290
v  -2.1420 4.2398 3.3048
v  -2.1698 4.1157 3.3284
v  -2.2287 4.1126 3.3147
v  -2.1132 4.0579 2.7284
v  -2.1930 4.0715 2.6825
v  -2.1556 4.0857 2.6275
v  -2.0722 4.0730 2.6755
v  -2.2656 4.0896 2.6436
v  -2.2257 4.1054 2.5809
v  -2.1789 4.1452 2.5704
v  -2.1230 4.1340 2.5924
v  -2.0364 4.1188 2.6364
v  -2.0859 4.0170 2.8475
v  -2.0194 4.0024 2.8976
v  -2.0458 4.0608 2.9499
v  -2.1644 4.0343 2.7912
v  -2.1019 4.0897 2.8893
v  -2.1805 4.1053 2.8323
v  -2.0292 4.0461 2.7876
v  -1.9558 4.0259 2.8475
v  -2.0129 4.2052 2.9500
v  -2.0851 4.2234 2.8986
v  -2.1095 4.1544 2.9140
v  -2.0455 4.1346 2.9699
v  -2.1711 4.2393 2.8503
v  -2.1877 4.1695 2.8566
v  -1.9774 4.2601 2.9238
v  -2.0487 4.2679 2.8614
v  -2.0090 4.2893 2.8151
v  -1.9320 4.2900 2.8819
v  -2.0913 4.3093 2.7620
v  -2.1359 4.2939 2.8173
v  -1.8809 4.2834 2.8261
v  -1.9690 4.2810 2.7622
v  -1.9381 4.2423 2.7142
v  -1.8453 4.2341 2.7780
v  -2.0238 4.2575 2.6532
v  -2.0492 4.3074 2.7015
v  -1.9272 4.1757 2.6860
v  -1.8342 4.1610 2.7511
v  -1.8766 4.1004 2.7843
v  -2.0195 4.1889 2.6297
v  -1.9500 4.1069 2.7008
v  -1.9892 4.0695 2.7424
v  -1.9153 4.0645 2.8180
v  -2.1554 4.0833 3.1163
v  -2.1559 4.0521 3.1805
v  -2.1465 4.1480 3.0907
v  -2.1046 4.0808 3.1244
v  -2.0953 4.1462 3.0961
v  -2.1032 4.0485 3.1907
v  -2.1286 4.2139 3.1017
v  -2.0752 4.2159 3.1039
v  -2.1071 4.2697 3.1401
v  -2.0521 4.2703 3.1495
v  -2.0798 4.2846 3.2743
v  -2.0891 4.3033 3.2043
v  -2.0332 4.3061 3.2167
v  -2.0239 4.2811 3.2906
v  -2.0934 4.1743 3.3461
v  -2.0815 4.2355 3.3210
v  -2.0252 4.2261 3.3396
v  -2.0373 4.1599 3.3672
v  -2.1141 4.1091 3.3450
v  -2.1310 4.0617 3.3042
v  -2.0796 4.0359 3.3189
v  -2.0599 4.0876 3.3640
v  -2.0933 4.0293 3.2554
v  -2.1469 4.0424 3.2464
v  -2.0430 4.1568 3.0973
v  -2.0578 4.0861 3.1211
v  -2.0128 4.0933 3.1111
v  -1.9933 4.1678 3.0968
v  -2.0089 4.0231 3.1545
v  -2.0487 4.0433 3.1872
v  -2.0157 4.0294 2.9840
v  -2.0143 4.1126 3.0101
v  -2.0012 4.0964 3.0362
v  -2.0016 3.9853 3.0181
v  -1.9475 4.1749 3.0375
v  -1.9693 4.1896 2.9982
v  -1.9267 4.2666 3.1521
v  -1.8758 4.2641 3.1194
v  -1.9219 4.2330 3.0810
v  -1.9635 4.2319 3.1048
v  -1.9058 4.2357 3.0388
v  -1.8325 4.2656 3.0497
v  -1.9499 4.1658 3.0790
v  -1.9893 4.2723 3.1565
v  -2.0174 4.2239 3.1092
v  -1.9293 4.2504 2.9864
v  -1.8736 4.2803 2.9553
v  -1.9622 4.2797 3.3041
v  -1.9701 4.3067 3.2249
v  -1.9045 4.2971 3.2212
v  -1.8954 4.2753 3.3091
v  -1.9786 4.1357 3.3965
v  -1.9640 4.2120 3.3598
v  -1.8998 4.2005 3.3805
v  -1.9231 4.1148 3.4345
v  -2.0189 3.9996 3.0877
v  -1.9899 4.0906 3.0740
v  -1.6960 4.2090 2.9544
v  -1.7656 4.2231 2.8552
v  -1.8124 4.2681 2.9055
v  -1.7550 4.2454 3.0021
v  -1.5814 4.1378 3.0314
v  -1.4903 4.1276 3.1524
v  -1.4728 4.0498 3.1171
v  -1.5814 4.0628 3.0159
v  -1.7175 4.0504 2.9258
v  -1.6637 4.1398 2.9063
v  -1.6264 4.1926 3.0778
v  -1.5537 4.1824 3.2018
v  -1.7452 4.1463 2.8134
v  -1.8105 4.0832 2.8601
v  -1.8015 3.9914 2.9226
v  -1.8552 4.0339 2.8804
v  -1.9073 3.9939 2.8985
v  -1.8671 3.9323 2.9328
v  -1.9753 3.9834 2.9340
v  -1.9538 3.9379 2.9567
v  -1.8608 3.8624 2.9457
v  -1.9310 3.8767 2.9754
v  -1.9055 3.8042 2.9877
v  -1.8403 3.7975 2.9507
v  -1.9633 3.8136 3.0582
v  -1.9818 3.8957 3.0418
v  -1.8746 3.7262 2.9938
v  -1.8368 3.6505 2.9944
v  -1.8220 3.7233 2.9437
v  -1.7873 3.6540 2.9476
v  -1.8873 3.6423 3.0570
v  -1.9321 3.7265 3.0612
v  -1.6851 3.6462 2.9049
v  -1.7159 3.7069 2.9092
v  -1.7152 3.7033 2.8663
v  -1.7004 3.6571 2.8480
v  -1.7467 3.7571 2.9020
v  -1.7450 3.7399 2.8493
v  -1.7291 3.7037 2.7795
v  -1.7578 3.7163 2.9351
v  -1.7845 3.7784 2.9325
v  -1.7217 3.6511 2.9402
v  -1.6322 3.4915 2.7527
v  -1.6003 3.5170 2.6942
v  -1.5455 3.4032 2.6804
v  -1.5800 3.3700 2.7294
v  -1.4928 3.4568 2.6637
v  -1.5464 3.5523 2.6664
v  -1.4121 3.3465 2.6698
v  -1.4657 3.2725 2.6642
v  -1.5237 3.2271 2.6955
v  -1.5915 3.6374 2.6471
v  -1.6520 3.6151 2.6910
v  -1.6969 3.7017 2.6700
v  -1.6201 3.7193 2.6169
v  -1.6817 3.5984 2.7644
v  -1.5508 3.7448 2.6078
v  -1.5260 3.6755 2.6476
v  -1.4713 3.7300 2.6818
v  -1.4927 3.7852 2.6336
v  -1.4370 3.6717 2.7150
v  -1.4870 3.6030 2.6711
v  -1.6223 3.9468 2.9462
v  -1.6710 3.9811 2.9657
v  -1.5626 4.0001 3.0054
v  -1.5326 3.9566 2.9819
v  -1.4635 3.9803 3.0888
v  -1.4503 3.9252 3.0487
v  -1.7466 3.9479 2.9475
v  -1.6926 3.9127 2.9461
v  -1.7402 3.8717 2.9205
v  -1.7946 3.8941 2.9423
v  -1.6621 3.9119 2.8956
v  -1.5886 3.9425 2.9200
v  -1.6506 3.9189 2.9195
v  -1.5771 3.9409 2.8883
v  -1.8023 3.8371 2.9362
v  -1.7682 3.8152 2.9025
v  -1.7852 3.8016 2.8440
v  -1.7537 3.8765 2.8507
v  -1.7755 3.9011 2.7468
v  -1.7631 3.7960 2.7580
v  -1.6706 3.9231 2.8492
v  -1.6732 3.9618 2.7813
v  -1.5733 3.9523 2.8460
v  -1.5698 3.9910 2.7867
v  -1.7094 3.8790 2.6035
v  -1.7143 3.7914 2.6418
v  -1.6333 3.8732 2.4992
v  -1.6285 3.7998 2.5624
v  -1.7011 4.0463 2.5776
v  -1.6866 4.0331 2.4979
v  -1.7032 3.9588 2.5493
v  -1.7354 3.9912 2.6451
v  -1.6441 3.9490 2.4550
v  -1.6513 4.0049 2.4421
v  -1.4966 3.8985 2.5042
v  -1.4508 3.9543 2.5363
v  -1.4468 3.8944 2.6032
v  -1.4963 3.8387 2.5688
v  -1.4409 3.9944 2.5827
v  -1.4363 3.9646 2.6461
v  -1.4555 3.8451 2.6820
v  -1.4434 3.9114 2.7337
v  -1.5581 3.8144 2.5503
v  -1.5572 3.8737 2.4753
v  -1.4763 4.0549 2.5750
v  -1.4747 4.0269 2.6795
v  -1.5449 4.0912 2.5790
v  -1.5582 4.0491 2.6921
v  -1.4793 3.9758 2.7737
v  -1.5285 4.0422 2.4352
v  -1.5060 3.9767 2.4503
v  -1.5694 3.9467 2.4074
v  -1.5941 4.0453 2.3924
v  -1.6576 4.0250 2.6868
v  -1.6363 4.0852 2.5807
v  -1.6190 4.1063 2.4732
v  -1.5330 4.0814 2.4850
v  -1.4798 4.0263 2.4983
v  -0.6928 1.3928 1.2842
v  -0.5073 1.4403 1.2748
v  -0.5328 1.3244 1.1737
v  -0.7119 1.2730 1.1823
v  -0.4905 1.5139 1.3265
v  -0.6804 1.4689 1.3405
v  -0.6749 1.5283 1.3849
v  -0.4842 1.5716 1.3671
v  -0.8307 1.3512 1.2991
v  -0.8071 1.4341 1.3613
v  -0.9121 1.4194 1.3696
v  -0.9411 1.3288 1.3023
v  -0.8927 1.4973 1.4243
v  -0.7917 1.4994 1.4109
v  -0.6763 1.6009 1.4456
v  -0.4873 1.6433 1.4261
v  -0.6812 1.6768 1.5164
v  -0.4952 1.7105 1.5001
v  -0.8889 1.5818 1.4788
v  -0.7872 1.5739 1.4737
v  -0.7888 1.6485 1.5434
v  -0.8875 1.6463 1.5518
v  -0.6854 1.7524 1.5873
v  -0.5013 1.7735 1.5878
v  -0.6870 1.8240 1.6538
v  -0.4971 1.8294 1.6749
v  -0.7924 1.7166 1.6113
v  -0.8881 1.6987 1.6236
v  -0.7994 1.7785 1.6760
v  -0.8958 1.7516 1.6850
v  -0.6900 1.9482 1.7791
v  -0.7121 1.9963 1.8315
v  -0.4677 1.9128 1.8740
v  -0.4640 1.8948 1.8452
v  -0.4775 1.8723 1.7697
v  -0.6854 1.8890 1.7174
v  -0.8112 1.8347 1.7357
v  -0.9100 1.8024 1.7420
v  -0.8395 1.8901 1.7985
v  -0.9462 1.8567 1.8032
v  -0.8872 1.0822 1.0605
v  -0.8609 1.2276 1.1957
v  -0.9752 1.2131 1.2035
v  -1.0358 1.0742 1.0767
v  -0.9005 0.9344 0.9038
v  -1.0180 0.9138 0.9134
v  -0.9134 0.8057 0.7536
v  -1.0196 0.7902 0.7729
v  -1.1090 0.9886 1.1035
v  -1.0822 0.8538 0.9533
v  -1.0395 0.7944 1.0154
v  -1.0747 0.9321 1.1822
v  -1.0648 0.7324 0.8133
v  -1.0236 0.6724 0.8584
v  -1.0398 1.2296 1.2247
v  -1.0304 1.3167 1.3039
v  -1.0944 1.1779 1.1955
v  -1.1118 1.2828 1.3008
v  -1.1081 1.0572 1.3232
v  -1.1332 1.1076 1.2366
v  -1.1731 1.2186 1.3487
v  -1.1634 1.1618 1.4375
v  -1.0237 1.5101 1.4373
v  -1.0282 1.4213 1.3663
v  -1.1273 1.3881 1.3995
v  -1.1365 1.4783 1.4904
v  -0.9974 0.8944 1.3508
v  -1.0256 1.0401 1.5163
v  -1.0711 1.0485 1.4208
v  -1.0291 0.9161 1.2650
v  -1.1353 1.1439 1.5364
v  -1.1007 1.1604 1.6709
v  -0.9769 0.9985 1.5910
v  -1.0048 1.1057 1.7387
v  -0.9532 0.8592 1.4161
v  -1.2032 1.4124 1.5491
v  -1.1974 1.3251 1.4535
v  -1.1966 1.2566 1.5268
v  -1.2075 1.3306 1.6115
v  -1.1734 1.2178 1.5872
v  -1.1771 1.2556 1.6629
v  -1.0229 1.1746 1.8466
v  -1.0221 1.2357 1.9253
v  -1.1176 1.2969 1.8779
v  -1.1131 1.2334 1.7940
v  -1.1453 1.5455 1.5601
v  -1.0248 1.5841 1.5035
v  -1.0302 1.6491 1.5644
v  -1.1548 1.6018 1.6181
v  -1.1900 1.3632 1.8140
v  -1.1821 1.3050 1.7394
v  -1.2141 1.3869 1.6813
v  -1.2214 1.4388 1.7427
v  -1.2082 1.5223 1.6805
v  -1.2030 1.4719 1.6219
v  -1.1630 1.6570 1.6767
v  -1.0368 1.7070 1.6242
v  -1.0430 1.7573 1.6841
v  -1.1670 1.7116 1.7350
v  -1.2167 1.5785 1.7375
v  -1.2273 1.4987 1.8022
v  -1.2277 1.5616 1.8557
v  -1.2202 1.6376 1.7937
v  -1.1119 1.3680 1.9495
v  -1.1954 1.4285 1.8827
v  -1.1190 1.4602 2.0136
v  -1.1952 1.4965 1.9305
v  -1.0321 1.3565 2.0677
v  -1.0226 1.2950 1.9995
v  -1.2119 1.6752 1.9536
v  -1.2063 1.7578 1.9042
v  -1.2162 1.6967 1.8481
v  -1.2221 1.6232 1.9013
v  -1.1635 1.7649 1.7911
v  -1.1586 1.8198 1.8510
v  -1.0470 1.8014 1.7456
v  -1.0591 1.8439 1.8084
v  -1.2007 1.5600 1.9485
v  -1.1812 1.5809 1.9949
v  -1.0203 1.9202 1.8765
v  -0.8952 1.9509 1.8722
v  -0.9558 2.0311 1.9472
v  -1.1372 1.9790 1.9705
v  -1.0825 1.5096 2.1818
v  -1.0527 1.4264 2.1243
v  -1.1203 1.5310 2.0775
v  -1.1386 1.6152 2.1315
v  -1.0895 1.8893 1.8708
v  -1.1595 1.8820 1.9192
v  -1.1811 1.7209 2.0953
v  -1.1735 1.6387 2.0406
v  -1.2057 1.7399 2.0058
v  -1.2101 1.8197 2.0649
v  -1.2047 1.9092 2.0295
v  -1.2002 1.8267 1.9648
v  -1.1502 2.0858 2.0613
v  -0.9962 2.1335 2.0261
v  -1.0263 2.2487 2.1116
v  -1.1673 2.1993 2.1444
v  -1.1709 1.7388 2.3470
v  -1.1201 1.6107 2.2542
v  -1.1640 1.7133 2.1999
v  -1.1989 1.8361 2.2870
v  -1.2245 1.9350 2.2504
v  -1.1997 1.8172 2.1649
v  -1.2247 1.9164 2.1366
v  -1.2418 2.0314 2.2216
v  -1.2283 2.1217 2.1866
v  -1.2148 2.0081 2.1029
v  -1.1859 2.3220 2.2327
v  -1.0578 2.3716 2.2031
v  -1.2150 2.4703 2.3416
v  -1.0981 2.5251 2.3150
v  -1.2728 2.1032 2.5904
v  -1.2247 1.9098 2.4618
v  -1.2334 1.9976 2.3954
v  -1.2741 2.1767 2.5216
v  -1.2714 2.2486 2.4772
v  -1.2439 2.0828 2.3544
v  -1.2588 2.1656 2.3200
v  -1.2772 2.3205 2.4377
v  -1.2666 2.3966 2.3902
v  -1.2436 2.2480 2.2784
v  -1.3817 2.4790 2.8704
v  -1.3197 2.2942 2.7263
v  -1.3233 2.3538 2.6609
v  -1.3864 2.5245 2.8073
v  -2.0016 3.9643 3.2098
v  -2.0330 3.9905 3.3205
v  -2.0399 4.0029 3.2472
v  -1.9697 3.9041 3.3068
v  -1.8805 3.6740 3.2429
v  -1.9151 3.7714 3.2655
v  -1.9543 3.7509 3.1635
v  -1.9107 3.6557 3.1475
v  -1.9867 3.8434 3.1639
v  -2.0132 4.0450 3.3932
v  -1.9707 4.0143 3.4203
v  -2.0103 3.9210 3.1296
v  -1.8786 3.7905 3.4610
v  -1.8759 3.7826 3.4053
v  -1.9410 3.6832 3.4769
v  -1.9609 3.7154 3.5260
v  -1.9804 3.7500 3.5866
v  -1.8908 3.7951 3.5397
v  -1.8744 3.8892 3.5039
v  -1.8993 3.8955 3.4193
v  -1.9694 3.7585 3.6537
v  -1.8925 3.8129 3.6154
v  -1.9471 3.7686 3.7386
v  -1.8819 3.8386 3.6794
v  -1.8608 3.8943 3.6339
v  -1.8657 3.8901 3.5783
v  -2.0752 3.2916 3.6895
v  -1.9529 3.3137 3.7904
v  -1.9798 3.3652 3.8089
v  -2.1032 3.3522 3.7086
v  -1.8141 3.3604 3.8699
v  -1.8340 3.4085 3.8821
v  -1.8552 3.4629 3.8863
v  -2.0026 3.4264 3.8147
v  -2.1252 3.4217 3.7195
v  -1.8448 2.9914 3.5102
v  -1.7931 2.9487 3.4638
v  -1.7358 3.0084 3.5895
v  -1.7662 3.0627 3.6293
v  -1.7009 2.9535 3.5379
v  -1.7415 2.9052 3.4156
v  -1.6383 3.0197 3.6243
v  -1.6567 3.0828 3.6800
v  -1.6713 3.1407 3.7220
v  -1.6795 2.8594 3.3537
v  -1.6523 2.8967 3.4697
v  -1.5944 2.8563 3.4278
v  -1.5902 2.7922 3.2783
v  -1.5772 2.9102 3.5033
v  -1.6066 2.9523 3.5558
v  -1.8930 2.9763 3.2987
v  -1.8184 2.9308 3.2462
v  -1.8182 2.9246 3.3468
v  -1.8813 2.9752 3.3957
v  -1.7542 2.8844 3.2961
v  -1.7479 2.8937 3.1958
v  -1.8386 3.0371 3.1400
v  -1.7754 2.9912 3.1054
v  -1.8077 2.9530 3.1674
v  -1.8781 2.9954 3.2104
v  -1.7424 2.9233 3.1261
v  -1.7315 2.9615 3.0895
v  -1.6787 2.8558 3.1413
v  -1.6853 2.8436 3.2379
v  -1.5919 2.7814 3.1540
v  -1.5872 2.8009 3.0703
v  -1.4778 2.6826 2.9533
v  -1.4726 2.6559 3.0229
v  -1.4539 2.6464 3.0969
v  -1.8434 3.2490 3.2677
v  -1.7606 3.1963 3.2234
v  -1.8473 3.1531 3.1787
v  -1.9337 3.2133 3.2278
v  -1.7578 3.0968 3.1353
v  -1.6634 3.1360 3.1882
v  -1.9195 3.0980 3.1937
v  -1.9948 3.1678 3.2550
v  -1.3747 2.5945 2.7667
v  -1.3180 2.4228 2.6162
v  -1.3052 2.4983 2.5797
v  -1.3572 2.6752 2.7330
v  -1.2453 2.9547 2.5485
v  -1.1647 2.7503 2.4253
v  -1.2532 2.6549 2.4963
v  -1.3336 2.8712 2.6560
v  -0.9674 2.7908 2.4296
v  -1.0925 3.0341 2.6149
v  -1.3425 2.7531 2.6932
v  -1.2900 2.5757 2.5404
v  -1.3529 3.1207 2.6333
v  -1.2839 3.2184 2.6493
v  -1.4295 3.0707 2.6826
v  -1.5768 2.8623 3.0270
v  -1.4688 2.7494 2.9133
v  -1.4435 2.8271 2.8833
v  -1.5496 2.9819 3.0355
v  -1.6742 2.9020 3.0780
v  -1.6711 2.9727 3.0673
v  -1.6065 3.0764 3.1246
v  -1.6982 3.0348 3.0963
v  -1.5040 3.1378 3.0299
v  -1.5459 3.1559 3.1121
v  -1.5527 3.2498 3.0846
v  -1.5338 3.2555 3.0022
v  -1.6014 3.1993 3.1767
v  -1.5691 3.2591 3.1565
v  -1.5295 3.2639 2.9246
v  -1.4988 3.1415 2.9392
v  -1.4986 3.1332 2.8497
v  -1.5459 3.2570 2.8465
v  -1.4634 3.0352 2.8545
v  -1.4794 3.0078 2.9235
v  -1.4799 3.0905 2.7596
v  -1.4208 2.9664 2.7792
v  -1.5545 3.2304 2.7660
v  -1.4223 2.8880 2.8277
v  -2.2412 4.0526 2.7448
v  -2.3116 4.0845 2.7083
v  -2.2525 4.1205 2.7839
v  -2.2984 4.1281 2.7521
v  -2.1942 4.2717 2.5842
v  -2.1092 4.2683 2.6112
v  -2.1065 4.2014 2.5877
v  -2.1878 4.2025 2.5595
v  -2.2251 4.3279 2.6897
v  -2.2841 4.3075 2.7172
v  -2.2209 4.3090 2.7747
v  -2.1703 4.3249 2.7189
v  -2.2568 4.2461 2.8039
v  -2.3295 4.2444 2.7480
v  -2.2606 4.1788 2.8014
v  -2.3161 4.1774 2.7483
v  -2.2128 4.3114 2.6389
v  -2.1321 4.3150 2.6597
v  -2.3328 4.2119 2.6105
v  -2.3618 4.2329 2.6656
v  -2.2962 4.2882 2.6440
v  -2.2819 4.2469 2.5865
v  -2.3595 4.1524 2.6856
v  -2.3322 4.1442 2.6057
v  -2.2637 4.1756 2.5682
v  -2.5947 3.8770 3.2459
v  -2.5580 3.8434 3.2228
v  -2.5845 3.8460 3.1528
v  -2.5573 3.8948 3.1082
v  -2.6006 3.9316 3.2500
v  -2.5499 3.9589 3.2936
v  -2.4984 4.0148 3.3035
v  -1.6691 3.2584 3.2421
v  -1.7299 3.3172 3.2908
v  -1.6702 3.3844 3.2019
v  -1.6092 3.3127 3.1794
v  -1.8391 3.5668 3.0489
v  -1.8688 3.5702 3.1341
v  -1.8029 3.5054 3.1246
v  -1.7851 3.4994 3.0398
v  -1.7878 3.5203 3.2231
v  -1.8402 3.5907 3.2290
v  -1.6604 3.3837 3.0231
v  -1.5882 3.3319 3.0095
v  -1.6083 3.3181 3.0863
v  -1.6715 3.3814 3.1027
v  -1.7252 3.4382 3.0319
v  -1.7401 3.4404 3.1140
v  -1.7328 3.4522 3.2138
v  -1.6274 3.4703 2.8233
v  -1.6702 3.5735 2.8369
v  -1.6543 3.5622 2.8976
v  -1.6111 3.4597 2.9043
v  -1.6314 3.4113 2.9616
v  -1.5801 3.3583 2.8687
v  -1.5713 3.3502 2.9402
v  -1.7187 3.5428 2.9501
v  -1.6702 3.5129 2.9363
v  -1.6865 3.4692 2.9742
v  -1.7422 3.5249 2.9809
v  -1.6000 3.3557 2.7936
v  -1.6803 3.5820 2.9392
v  -1.7458 3.5921 2.9452
v  -1.7927 3.5842 2.9887
v  -1.7947 3.3211 3.8557
v  -1.7167 3.3386 3.9431
v  -1.7377 3.3778 3.9601
v  -1.6945 3.3062 3.9261
v  -1.7733 3.2899 3.8368
v  -1.6200 3.3227 4.0070
v  -1.6424 3.3626 4.0218
v  -1.6608 3.4085 4.0370
v  -1.8576 3.6287 3.3436
v  -1.8708 3.7171 3.3660
v  -1.9223 3.6235 3.4431
v  -1.9127 3.5468 3.4135
v  -1.8328 3.5413 3.3323
v  -1.8014 3.4599 3.3292
v  -1.8881 3.3772 3.3634
v  -1.8934 3.4591 3.3994
v  -1.7707 3.3846 3.3180
v  -1.8806 3.3092 3.3126
v  -2.0044 3.3453 3.3185
v  -2.0236 3.4143 3.3577
v  -2.1123 3.3569 3.3841
v  -2.0801 3.2955 3.3436
v  -2.1521 3.4261 3.4215
v  -2.0465 3.4894 3.3940
v  -1.9815 3.2796 3.2737
v  -2.0444 3.2336 3.3035
v  -2.0169 3.2019 3.6468
v  -1.9856 3.1635 3.6239
v  -1.8726 3.2034 3.7259
v  -1.8995 3.2369 3.7480
v  -1.8420 3.1655 3.7002
v  -1.9468 3.1193 3.5940
v  -1.7510 3.2612 3.8160
v  -1.7104 3.2330 3.8022
v  -2.0491 3.1124 3.4144
v  -2.0967 3.1680 3.4533
v  -2.0880 3.1954 3.3685
v  -2.0381 3.1334 3.3248
v  -2.1233 3.2507 3.4043
v  -2.1284 3.2170 3.4830
v  -2.0462 3.2430 3.6681
v  -1.9262 3.2717 3.7700
v  -2.1537 3.3062 3.4409
v  -2.1887 3.3709 3.4802
v  -2.1549 3.2677 3.5115
v  -2.1849 3.3288 3.5422
v  -1.9768 3.0419 3.3587
v  -1.9532 3.0394 3.4515
v  -2.0170 3.1045 3.5020
v  -1.8979 3.0569 3.5543
v  -2.0901 3.2006 3.5600
v  -2.0603 3.1552 3.5360
v  -1.9635 3.0600 3.2660
v  -2.1193 3.2454 3.5839
v  -2.1514 3.2984 3.6097
v  -0.6997 2.7031 2.9301
v  -0.5951 2.4761 2.7884
v  -0.7434 2.6899 2.5739
v  -0.8257 2.9213 2.7182
v  -0.3623 2.3408 2.9207
v  -0.4494 2.5602 3.0740
v  -0.1667 2.4191 3.2154
v  -0.1095 2.2109 3.0397
v  -0.7938 2.8983 3.0487
v  -0.5327 2.7450 3.2070
v  -0.5953 2.8813 3.3087
v  -0.8656 3.0339 3.1421
v  -0.2372 2.7524 3.4550
v  -0.2095 2.6079 3.3549
v  0.9599 1.6622 3.5291
v  1.2498 1.5670 3.5865
v  0.9926 1.8910 3.7624
v  1.2867 1.8142 3.8286
v  1.5721 1.4424 3.6759
v  1.6247 1.7142 3.9209
v  2.8823 0.9279 4.1311
v  2.8660 0.9899 4.1165
v  3.0114 1.2343 4.4117
v  3.0582 1.1731 4.4321
v  3.0374 1.1041 4.4727
v  2.8653 0.8662 4.1475
v  1.4214 1.4530 4.1240
v  1.3957 1.1980 3.8713
v  1.6806 1.1175 3.9359
v  1.7334 1.3740 4.2052
v  1.9871 0.9866 4.0450
v  2.0705 1.2503 4.3291
v  0.4910 1.7477 3.8216
v  0.1981 1.8675 3.7235
v  0.2544 1.6210 3.5149
v  0.5387 1.4946 3.6170
v  -0.0991 1.8020 3.3573
v  -0.1642 2.0359 3.5601
v  -0.9259 2.3835 3.1223
v  -1.1240 2.4329 3.0531
v  -1.0360 2.2220 2.9070
v  -0.8526 2.1663 2.9832
v  -0.5682 2.2333 3.3225
v  -0.4980 2.0119 3.1509
v  -0.2416 2.3905 3.8592
v  -0.6544 2.5801 3.6058
v  -0.6180 2.4291 3.4838
v  -0.2110 2.2359 3.7339
v  -0.9902 2.5704 3.2818
v  -1.0364 2.7135 3.4077
v  -1.3144 2.6261 3.2095
v  -1.4023 2.6342 3.1632
v  -1.3831 2.7947 3.3824
v  -1.4932 2.7675 3.3327
v  -1.2422 2.7793 3.3325
v  -1.1995 2.6251 3.2153
v  -0.3829 2.9358 4.2816
v  -0.8040 3.0704 4.0276
v  -0.7820 3.0319 3.9807
v  -0.3560 2.8988 4.2328
v  -1.1837 3.1520 3.8459
v  -1.1791 3.1058 3.8148
v  -1.1901 3.0381 3.8211
v  -0.7803 2.9727 3.9644
v  -0.3353 2.8589 4.1855
v  0.2589 2.7292 4.6959
v  -0.0204 2.8173 4.5118
v  0.0063 2.7649 4.4608
v  0.2937 2.6693 4.6339
v  0.0153 2.7264 4.4287
v  0.3028 2.6298 4.5957
v  2.0402 2.0242 5.3728
v  1.6101 2.1870 5.1741
v  1.6264 2.1416 5.1164
v  2.0543 1.9930 5.3115
v  1.9855 2.1017 5.4956
v  1.5453 2.2459 5.3034
v  1.2440 2.3018 5.0601
v  1.1733 2.3515 5.1774
v  1.2726 2.2683 4.9984
v  1.7286 2.2729 4.4185
v  1.3847 2.3648 4.2908
v  1.4233 2.4642 4.3288
v  1.7567 2.3648 4.4514
v  1.1957 2.5801 4.1606
v  1.1299 2.4525 4.1369
v  1.2087 2.6732 4.2738
v  1.4344 2.5417 4.3995
v  1.7561 2.4387 4.5152
v  -0.8890 3.1008 3.2066
v  -0.6203 2.9600 3.3690
v  -0.6071 3.0392 3.3949
v  -0.8869 3.1801 3.2221
v  -0.2491 2.8948 3.5601
v  -0.2464 2.8313 3.5102
v  -0.3366 3.2253 3.8582
v  -0.3079 3.1853 3.8036
v  -0.6203 3.3386 3.5709
v  -0.8868 3.4671 3.4261
v  -0.6537 3.3487 3.6235
v  -0.8652 3.4611 3.3694
v  -0.9138 3.4574 3.5009
v  -0.6718 3.3861 3.6907
v  -0.3728 3.2596 3.9388
v  -0.5486 3.1629 3.3768
v  -0.8336 3.3643 3.2598
v  -0.5376 3.2742 3.4260
v  -0.8589 3.2732 3.2338
v  -0.2015 3.1471 3.6367
v  -0.1924 3.0363 3.5497
v  -0.5817 3.3173 3.5098
v  -0.8455 3.4245 3.3127
v  -0.2713 3.1504 3.7425
v  -0.9204 3.1107 2.8556
v  -0.9657 3.2424 2.9558
v  -1.1099 3.2445 2.7464
v  -1.1206 3.4072 2.8571
v  -0.9951 3.3286 3.0062
v  -0.9798 3.2500 3.0404
v  -1.0250 3.3975 3.0551
v  -1.1275 3.5060 2.9160
v  -1.1179 3.5649 2.9818
v  -1.0400 3.4525 3.1226
v  -1.0287 3.5110 3.1666
v  -1.1360 3.5992 3.0559
v  -1.1366 3.6368 3.1375
v  -1.0221 3.5656 3.2303
v  -1.4399 3.5258 2.6861
v  -1.3964 3.6057 2.7378
v  -1.3383 3.5392 2.7585
v  -1.3717 3.4406 2.7024
v  -1.2655 3.3469 2.7173
v  -1.2658 3.4727 2.7998
v  -1.4297 3.8925 2.9860
v  -1.5075 3.9309 2.9451
v  -1.4900 3.9235 2.8934
v  -1.3960 3.8640 2.8954
v  -1.2407 3.5655 2.8636
v  -1.3148 3.6220 2.8334
v  -1.2190 3.6280 2.9252
v  -1.2890 3.6909 2.8960
v  -1.3384 3.7663 2.8802
v  -1.3419 3.8173 2.9634
v  -1.2952 3.7534 3.0093
v  -1.2831 3.7262 2.9487
v  -1.3233 3.7809 2.9264
v  -1.3981 3.7628 2.7844
v  -1.3605 3.6976 2.8064
v  -1.4242 3.8855 2.8067
v  -1.4417 3.8037 2.7476
v  -1.4835 3.9397 2.8381
v  -1.2161 3.6720 2.9857
v  -1.2419 3.6826 3.0690
v  3.4906 1.9646 5.2025
v  3.5716 1.8861 5.2757
v  3.5300 1.7995 5.2034
v  3.4376 1.8511 5.1034
v  3.6158 1.7424 5.2846
v  3.6473 1.8040 5.3380
v  3.5549 1.6989 5.2450
v  3.4878 1.7136 5.1672
v  3.3590 1.7278 5.0321
v  3.5585 1.6482 5.2743
v  3.4642 1.6481 5.1889
v  3.4520 1.5887 5.2268
v  3.5392 1.5865 5.3004
v  3.3800 1.5740 5.1354
v  3.3887 1.6386 5.0763
v  3.6401 1.6759 5.3267
v  3.6818 1.7282 5.3837
v  3.6703 1.6527 5.4266
v  3.6200 1.6089 5.3602
v  3.6387 1.8432 5.5151
v  3.6837 1.7796 5.4544
v  3.6549 1.8595 5.4041
v  3.6280 1.8959 5.4643
v  3.6182 1.7624 5.5799
v  3.6672 1.7021 5.5073
v  3.5782 1.5485 5.4106
v  3.5078 1.5339 5.3484
v  3.6121 1.5802 5.4722
v  3.5012 1.5335 5.4921
v  3.4874 1.5193 5.4370
v  3.4552 1.5167 5.3764
v  3.5515 1.6605 5.6085
v  3.6039 1.6204 5.5419
v  3.4962 1.5557 5.5520
v  3.4723 1.5939 5.5933
v  3.3629 1.5895 5.5883
v  3.3455 1.5341 5.5305
v  3.2186 1.5868 5.5956
v  3.1950 1.5042 5.5261
v  3.3537 1.5021 5.4755
v  3.2035 1.4673 5.4492
v  -0.3733 2.6547 4.1777
v  -0.0213 2.5407 4.3969
v  0.0062 2.6472 4.4061
v  -0.3474 2.7611 4.1753
v  0.2694 2.4698 4.5379
v  0.2945 2.5631 4.5599
v  -0.2827 2.5344 3.9536
v  -0.7135 2.7258 3.7009
v  -0.6849 2.6713 3.6641
v  -0.2651 2.4798 3.9231
v  -1.0625 2.8008 3.4584
v  -1.1036 2.8426 3.4959
v  -1.2467 2.8403 3.3871
v  -1.3045 2.8614 3.4225
v  -1.2180 2.9363 3.8217
v  -0.8047 2.8702 3.9690
v  -1.2157 2.8639 3.7590
v  -0.8137 2.7831 3.9362
v  -1.4091 2.9737 3.7113
v  -1.4086 3.0436 3.7615
v  -1.5087 3.0387 3.7203
v  -1.3854 2.9334 3.6447
v  -1.4930 2.9853 3.6529
v  -1.4551 2.9426 3.5728
v  -0.8028 2.7498 3.8769
v  -0.7829 2.7406 3.8148
v  -1.1907 2.8441 3.6903
v  -1.1770 2.8389 3.6298
v  -0.3310 2.6011 4.0427
v  -0.3639 2.6016 4.1162
v  -1.3604 2.9126 3.5617
v  -1.3423 2.8955 3.4869
v  -1.4370 2.8895 3.4728
v  -1.1469 2.8420 3.5611
v  -1.5223 2.8583 3.4461
v  -1.5304 2.9275 3.5273
v  -1.3520 2.9118 3.6114
v  -1.5560 2.9818 3.6081
v  -1.5791 3.0417 3.6770
v  -0.7502 2.7428 3.7557
v  -0.3014 2.5851 3.9913
v  -1.6947 3.1877 3.7552
v  -1.8040 3.1184 3.6661
v  -1.6703 3.2778 3.9059
v  -1.6421 3.2545 3.8913
v  -1.5943 3.2854 3.9883
v  -1.5649 3.2579 3.9637
v  -1.5856 3.1043 3.7365
v  -1.5857 3.1668 3.7768
v  -1.5016 3.1139 3.7567
v  -1.4825 3.1813 3.8090
v  -1.3970 3.1201 3.7707
v  -1.3861 3.1667 3.8026
v  -1.6134 3.2222 3.8539
v  -1.6014 3.2006 3.8179
v  -1.5063 3.2023 3.8600
v  -1.5216 3.2179 3.9006
v  -1.6066 3.2376 3.8901
v  -1.5363 3.2365 3.9380
v  -1.3609 3.1880 3.8433
v  -1.3873 3.1997 3.8711
v  -1.1886 3.1883 3.9049
v  -1.2020 3.2240 3.9571
v  -1.4625 3.2616 4.0362
v  -1.4950 3.2967 4.0727
v  -1.2862 3.2823 4.1633
v  -1.3238 3.3186 4.2102
v  -1.5236 3.3467 4.0986
v  -1.3581 3.3747 4.2473
v  -1.4140 3.2254 3.9517
v  -1.4346 3.2420 3.9941
v  -1.2341 3.2720 4.0619
v  -1.2571 3.2721 4.1139
v  -1.2151 3.2564 4.0074
v  -1.4017 3.2124 3.9092
v  -0.9906 3.3241 4.4085
v  -0.6666 3.3391 4.7366
v  -0.7283 3.3537 4.7984
v  -1.0432 3.3306 4.4701
v  -1.0917 3.3839 4.5182
v  -0.7844 3.4165 4.8466
v  -0.4303 3.0083 4.3658
v  -0.8325 3.1208 4.0994
v  -0.4869 3.1063 4.4658
v  -0.8655 3.1766 4.1789
v  -0.5458 3.2119 4.5642
v  -0.9026 3.2340 4.2538
v  -0.9342 3.2870 4.3147
v  -0.5968 3.2973 4.6455
v  -0.6287 3.3378 4.6920
v  -0.9581 3.3197 4.3598
v  -0.1638 3.4386 5.3677
v  -0.2473 3.4793 5.4383
v  -0.4508 3.4277 5.1375
v  -0.3835 3.3868 5.0785
v  -0.5067 3.5069 5.1812
v  -0.3081 3.5759 5.4844
v  -0.0846 2.9189 4.6146
v  0.1753 2.8466 4.8209
v  -0.1605 3.0576 4.7416
v  0.0813 3.0128 4.9763
v  0.0158 3.2156 5.1273
v  -0.2265 3.2154 4.8689
v  -0.2872 3.3378 4.9770
v  -0.0482 3.3692 5.2584
v  -0.1021 3.4294 5.3218
v  -0.3331 3.3848 5.0337
v  0.6381 3.4883 6.1796
v  0.9798 3.4694 6.4382
v  0.8858 3.4677 6.5323
v  0.5394 3.4985 6.2650
v  1.3052 3.4329 6.8480
v  1.3971 3.4451 6.7423
v  1.2003 3.4826 6.9412
v  0.7836 3.5196 6.6193
v  0.4441 3.5685 6.3386
v  1.0015 3.4252 6.3733
v  1.0141 3.2950 6.2889
v  0.6780 3.4667 6.1123
v  0.6933 3.3415 6.0392
v  1.4386 3.2705 6.5483
v  1.4089 3.3877 6.6716
v  0.1865 3.6826 5.1027
v  -0.1493 3.7281 4.7561
v  -0.1741 3.8252 4.7970
v  0.1581 3.8007 5.1341
v  -0.5221 3.7636 4.3725
v  -0.5146 3.8524 4.3950
v  -0.5291 3.9459 4.4365
v  -0.1965 3.9291 4.8314
v  0.1331 3.9338 5.1525
v  -0.7622 3.7839 4.0347
v  -0.7711 3.8517 4.0605
v  -0.9474 3.8476 3.7955
v  -0.9332 3.7927 3.7763
v  -0.9749 3.9026 3.8166
v  -0.7926 3.9218 4.0947
v  -0.6869 3.4522 3.8010
v  -0.4016 3.3354 4.0682
v  -0.9147 3.5053 3.6005
v  -0.9288 3.5722 3.6833
v  -0.7098 3.5233 3.9128
v  -0.4242 3.4426 4.1941
v  -0.4882 3.6379 4.3222
v  -0.7608 3.6669 4.0100
v  -0.7681 3.7251 4.0267
v  -0.5057 3.7038 4.3466
v  -0.9543 3.6890 3.7567
v  -0.9394 3.7420 3.7650
v  -0.7353 3.5983 3.9753
v  -0.9469 3.6304 3.7323
v  -0.4572 3.5465 4.2751
v  -1.1774 3.8298 3.4891
v  -1.2528 3.8649 3.3957
v  -1.2434 3.9015 3.4490
v  -1.1687 3.8627 3.5189
v  -1.3035 3.9572 3.4202
v  -1.3477 3.9106 3.3268
v  -1.2796 3.9628 3.5257
v  -1.2161 3.9208 3.5336
v  -1.1611 3.8910 3.5604
v  -1.1309 3.6553 3.3944
v  -1.0425 3.5591 3.4128
v  -1.0214 3.5892 3.3167
v  -1.1164 3.6732 3.2500
v  -1.0925 3.5803 3.5503
v  -1.0493 3.5325 3.5084
v  -1.0668 3.8092 3.6018
v  -1.0701 3.8518 3.6211
v  -1.0948 3.8909 3.6408
v  -1.2080 3.7318 3.1759
v  -1.3086 3.7729 3.1073
v  -1.2796 3.8206 3.2168
v  -1.1880 3.7552 3.2809
v  -1.1861 3.7568 3.3416
v  -1.2258 3.7928 3.3323
v  -1.1785 3.7499 3.4448
v  -1.1742 3.6946 3.4427
v  -1.3105 3.8714 3.2623
v  -1.3821 3.9284 3.1748
v  -1.3760 3.8753 3.1219
v  -1.4094 3.9863 3.2203
v  -1.1777 3.7947 3.4605
v  -1.2505 3.8266 3.3550
v  -1.3705 3.8332 3.0420
v  -1.0902 3.7168 3.5779
v  -1.0783 3.7651 3.5894
v  -1.1038 3.6517 3.5724
v  -1.1156 3.9607 3.8625
v  -1.0264 3.9484 3.8464
v  -1.1477 3.9283 3.6553
v  -1.2192 3.9514 3.6580
v  -0.9245 3.9866 4.2162
v  -0.8496 3.9839 4.1464
v  -0.6077 3.9882 4.5173
v  -0.6948 3.9895 4.6020
v  -1.1116 4.0044 4.1137
v  -1.0008 4.0413 4.3298
v  -0.9706 4.0005 4.2787
v  -1.1279 3.9746 3.9906
v  -0.7427 4.0290 4.6570
v  -0.7861 4.0742 4.7044
v  -0.2696 3.9933 4.9029
v  -0.3679 3.9808 4.9935
v  -0.0441 4.0308 5.3114
v  0.0628 4.0423 5.2172
v  -0.4263 4.0283 5.0411
v  -0.4967 4.0855 5.0816
v  -0.2063 4.1266 5.3876
v  -0.1144 4.0619 5.3564
v  0.8521 4.0090 6.2712
v  0.7790 4.0387 6.3755
v  1.0861 4.0827 6.5973
v  1.1745 4.0504 6.4963
v  0.9161 4.1400 6.6871
v  0.6357 4.0945 6.4698
v  1.2229 4.1821 6.9322
v  1.4247 4.1390 6.8526
v  1.5314 4.1081 6.7644
v  1.0830 3.7074 7.0046
v  0.6873 3.7208 6.6873
v  0.7207 3.6121 6.6744
v  1.1372 3.6026 6.9830
v  0.3916 3.6538 6.3835
v  0.3593 3.7476 6.4003
v  -0.8362 3.5848 4.8788
v  -0.8124 3.5031 4.8654
v  -0.5410 3.5826 5.2027
v  -0.5772 3.6542 5.2221
v  -0.3451 3.6520 5.5035
v  -0.3806 3.7193 5.5171
v  -1.3841 3.4387 4.2746
v  -1.5465 3.3995 4.1185
v  -1.5615 3.4547 4.1338
v  -1.3973 3.5043 4.2897
v  -1.1253 3.4575 4.5493
v  -1.1414 3.5365 4.5619
v  -1.4021 3.5575 4.3002
v  -1.5691 3.5075 4.1497
v  -1.3940 3.6150 4.2942
v  -1.5640 3.5596 4.1661
v  -1.6912 3.5250 4.1007
v  -1.6764 3.4617 4.0590
v  -1.7587 3.4272 3.9807
v  -1.7856 3.4785 4.0005
v  -1.1491 3.6018 4.5665
v  -1.1631 3.6607 4.5713
v  -0.8537 3.6594 4.8849
v  -0.8901 3.7279 4.9026
v  -1.5449 3.6117 4.1881
v  -1.6070 3.6174 4.1822
v  -1.4105 3.6719 4.3058
v  -1.4646 3.7333 4.3434
v  -1.2619 3.9417 3.7608
v  -1.2374 3.9740 3.8808
v  -1.3106 4.0023 3.8592
v  -1.3488 3.9596 3.7221
v  -1.2264 4.0664 4.0706
v  -1.1786 4.0226 4.0643
v  -1.4459 4.0137 3.6892
v  -1.4062 3.9890 3.7064
v  -1.3940 4.0014 3.6303
v  -1.4165 4.0149 3.6011
v  -1.3532 3.9912 3.6244
v  -1.3729 4.0166 3.5597
v  -1.2908 3.9720 3.6395
v  -1.3297 3.9957 3.5337
v  2.7851 3.6344 7.5919
v  2.7150 3.6393 7.7038
v  2.6357 3.5811 7.6657
v  2.7238 3.5683 7.5381
v  2.8144 3.6895 7.6295
v  2.7748 3.7153 7.7120
v  2.7048 3.7431 7.7590
v  2.6334 3.7121 7.7638
v  2.5371 3.6701 7.7371
v  2.7161 4.0138 7.5662
v  2.6407 3.9954 7.6797
v  2.7237 3.9614 7.6896
v  2.7907 3.9035 7.5326
v  2.7491 3.9203 7.4653
v  2.7837 3.9396 7.6207
v  2.6285 4.0694 7.4975
v  2.6839 3.9532 7.3772
v  2.5226 4.0362 7.6322
v  2.4695 3.8605 7.7369
v  2.5960 3.8669 7.7691
v  2.6039 3.9320 7.7348
v  2.4762 3.9536 7.7011
v  2.7115 3.8540 7.7576
v  2.7214 3.9068 7.7319
v  2.8230 3.8280 7.6732
v  2.8156 3.8787 7.6502
v  2.8184 3.7897 7.5322
v  2.8077 3.8464 7.5249
v  2.7055 3.7982 7.7648
v  2.6009 3.7910 7.7773
v  2.4882 3.7684 7.7455
v  2.8092 3.7817 7.6979
v  2.8291 3.7374 7.5794
v  2.7418 3.6264 7.4132
v  2.7951 3.6833 7.4893
v  2.7666 3.7546 7.4300
v  2.7160 3.7202 7.3380
v  2.7500 3.8303 7.4274
v  2.6877 3.8254 7.3386
v  -1.5560 4.3255 4.0577
v  -1.4592 4.4779 4.3659
v  -1.3903 4.4647 4.3445
v  -1.4887 4.3122 4.0336
v  -1.2667 4.6557 4.7134
v  -1.3396 4.6874 4.7371
v  -1.2103 4.6028 4.6970
v  -1.3309 4.4311 4.3241
v  -1.4310 4.2766 4.0131
v  -1.6346 4.3124 4.0614
v  -1.5435 4.4643 4.3673
v  -1.6359 4.4278 4.3895
v  -1.7227 4.2759 4.0870
v  -1.5402 4.6575 4.7744
v  -1.4357 4.6866 4.7469
v  -1.6431 4.0788 3.6649
v  -1.6137 4.1903 3.8254
v  -1.5503 4.1751 3.8078
v  -1.5849 4.0649 3.6522
v  -1.4981 4.1409 3.7992
v  -1.5319 4.0447 3.6493
v  -1.6967 4.0785 3.6765
v  -1.6817 4.1801 3.8346
v  -1.7646 4.1521 3.8656
v  -1.7788 4.0517 3.6910
v  -1.4165 4.0468 3.4949
v  -1.4580 4.0420 3.5616
v  -1.5162 4.0681 3.5317
v  -1.4867 4.0946 3.4259
v  -1.4872 4.0304 3.6655
v  -1.8440 3.9599 3.6491
v  -1.7715 4.0506 3.5723
v  -1.8821 4.0069 3.5268
v  -1.8532 3.9953 3.5768
v  -1.7942 4.0950 3.4927
v  -1.9191 4.0065 3.4676
v  -1.8656 4.1085 3.4698
v  -1.4566 4.0603 3.2680
v  -1.5066 4.1500 3.3142
v  -1.3965 4.0317 3.3585
v  -1.3614 4.0136 3.4413
v  -1.8314 4.1996 3.3986
v  -1.7713 4.1983 3.4134
v  -1.7335 4.2556 3.2998
v  -1.8228 4.2713 3.3035
v  -1.5894 4.0693 3.5289
v  -1.5848 4.1307 3.4440
v  -1.6668 4.1191 3.4583
v  -1.6576 4.0675 3.5426
v  -1.7741 4.2650 3.1620
v  -1.6957 4.2329 3.1204
v  -1.6370 4.2273 3.2442
v  -1.8418 4.2813 3.1980
v  -1.7315 4.1832 3.4303
v  -1.6799 4.2084 3.3942
v  -1.7234 4.0992 3.4750
v  -1.5963 4.1956 3.3554
v  -1.7111 4.0616 3.5575
v  -1.8684 3.8933 3.7369
v  -1.8553 3.9743 3.8199
v  -1.9165 3.8207 3.8256
v  -1.9123 3.8886 3.9306
v  -1.8670 3.5764 4.0263
v  -1.8256 3.5279 4.0136
v  -1.7505 3.5711 4.1150
v  -1.8076 3.6169 4.1360
v  -1.8942 3.5896 3.8682
v  -1.8761 3.5187 3.8747
v  -1.8964 3.6268 4.0466
v  -1.9252 3.6645 3.9806
v  -1.8684 3.6760 4.1388
v  -1.9301 3.7358 4.0997
v  -1.9220 3.7371 3.9054
v  -1.9459 3.6767 3.8109
v  -1.9502 3.8108 4.0265
v  -1.6620 3.7472 4.3909
v  -1.7468 3.6569 4.2429
v  -1.6729 3.6252 4.2115
v  -1.5760 3.7411 4.3461
v  -1.8830 3.9828 4.0795
v  -1.8383 4.0755 3.9640
v  -1.8047 4.2054 4.1811
v  -1.8342 4.1068 4.2923
v  -1.8916 3.8130 4.2320
v  -1.9040 3.8994 4.1692
v  -1.8450 4.0152 4.3708
v  -1.8148 3.9204 4.4125
v  -1.7507 3.8197 4.4169
v  -1.8253 3.7271 4.2509
v  -1.7512 4.2577 4.5872
v  -1.7179 4.3549 4.4805
v  -1.6225 4.5793 4.8635
v  -1.6621 4.4801 4.9639
v  -1.4306 4.1504 5.0091
v  -1.5313 4.2039 5.0482
v  -1.6402 3.9879 4.6810
v  -1.5449 3.9326 4.6391
v  -1.7036 4.0854 4.6846
v  -1.6059 4.2984 5.0546
v  -1.7422 4.1694 4.6553
v  -1.6419 4.3889 5.0243
v  -1.5714 4.8115 5.4214
v  -1.5284 4.9146 5.3371
v  -1.4949 5.1198 5.8311
v  -1.4606 5.2392 5.7577
v  -1.3588 5.3062 5.6736
v  -1.4365 4.9774 5.2576
v  -1.2549 4.6179 5.8953
v  -1.3679 4.7009 5.9055
v  -1.4351 4.4685 5.4981
v  -1.3244 4.4079 5.4691
v  -1.5212 4.5759 5.4977
v  -1.4455 4.8352 5.8870
v  -1.4811 4.9823 5.8653
v  -1.5549 4.6975 5.4691
v  -0.8839 5.9979 7.3936
v  -0.7710 6.0970 7.3331
v  -0.8732 5.8684 7.0218
v  -0.9622 5.7845 7.0700
v  -0.7679 5.9182 6.9794
v  -0.6323 6.1407 7.2798
v  -0.8939 5.7625 6.7045
v  -0.9933 5.7161 6.7443
v  -1.0691 5.6304 6.7926
v  -1.0025 5.5525 7.2009
v  -1.0211 5.6821 7.1397
v  -1.1059 5.5266 6.8657
v  -1.0932 5.4007 6.9291
v  -0.9174 5.7287 7.5226
v  -0.9404 5.8712 7.4617
v  -0.6687 5.5242 7.5558
v  -0.8232 5.5874 7.5701
v  -0.9208 5.4063 7.2342
v  -0.7698 5.3406 7.1944
v  -1.0147 5.2580 6.9425
v  -0.8862 5.1721 6.8968
v  1.4530 0.4753 1.6114
v  1.2138 0.5723 1.6079
v  1.2777 0.6513 1.6122
v  1.5093 0.5466 1.6244
v  1.3320 0.7172 1.6518
v  1.5593 0.6110 1.6540
v  1.3390 0.7160 1.7942
v  1.3517 0.7393 1.7228
v  1.5814 0.6411 1.7961
v  1.5876 0.6495 1.7154
v  1.3070 0.6681 1.8535
v  1.2748 0.6172 1.9266
v  1.5121 0.5567 1.9358
v  1.5387 0.5819 1.8576
v  2.4457 1.9754 4.6427
v  2.0967 2.1073 4.4873
v  2.0983 2.1641 4.5452
v  2.4621 2.0328 4.6984
v  2.4195 1.8914 4.5485
v  2.0795 2.0145 4.4006
v  1.7227 2.2013 4.3703
v  1.7104 2.1019 4.2871
v  2.1386 0.1188 2.0154
v  2.1790 0.0802 1.9354
v  2.0745 0.0436 2.0149
v  2.1266 0.0085 1.9541
v  2.0083 -0.1171 1.7495
v  2.0541 -0.1118 1.6553
v  1.8957 -0.1006 1.6952
v  1.9194 -0.0863 1.6022
v  2.1122 0.1299 2.2126
v  2.0811 0.0861 2.0747
v  2.1352 0.1410 2.0764
v  2.1738 0.1720 2.2136
v  3.3676 1.4946 5.3308
v  3.4113 1.5314 5.2718
v  3.2133 1.4869 5.2373
v  3.3229 1.4981 5.1803
v  3.2293 1.4820 4.9444
v  3.3189 1.5428 5.0560
v  3.2528 1.4609 5.1099
v  3.1710 1.4158 4.9976
v  3.1322 1.4695 5.1364
v  3.0579 1.4301 5.0062
v  3.2109 1.4613 5.3512
v  3.3550 1.4846 5.4036
v  3.4389 1.7090 5.6370
v  3.5194 1.8467 5.6083
v  3.4196 1.9436 5.6572
v  3.3129 1.7515 5.6189
v  2.4193 4.0785 7.5761
v  2.5440 4.1072 7.4283
v  2.4553 4.1305 7.3507
v  2.3045 4.1296 7.5125
v  2.6202 3.9861 7.2953
v  2.5484 4.0094 7.2193
v  2.3428 3.9695 7.6632
v  2.3282 3.8341 7.6789
v  2.2179 3.9986 7.6676
v  2.1399 3.8051 7.6749
v  2.5757 3.4751 7.4139
v  2.6413 3.5322 7.2816
v  2.6829 3.5834 7.3476
v  2.6521 3.5305 7.4792
v  2.6710 3.6859 7.2572
v  2.6197 3.6451 7.1605
v  2.6316 3.8211 7.2585
v  2.5690 3.8269 7.1855
v  3.5156 2.0570 5.3300
v  3.5889 1.9585 5.3688
v  3.5750 1.9789 5.4694
v  3.4922 2.1119 5.4906
v  3.5552 1.9367 5.5507
v  3.4949 2.0445 5.6067
v  1.3928 2.4105 5.5726
v  1.0220 2.5008 5.4146
v  1.8530 2.3329 5.7561
v  1.6942 2.6604 6.0582
v  1.2234 2.6815 5.8762
v  0.8620 2.7517 5.6826
v  1.0855 3.0063 6.1287
v  0.7465 3.0634 5.9027
v  1.5495 3.0065 6.3270
v  0.7351 0.3287 1.2010
v  0.9175 0.1678 1.2501
v  0.8340 0.0590 1.0182
v  0.6567 0.2185 0.9835
v  1.0277 -0.0886 1.0647
v  1.1356 0.0398 1.2847
v  0.9361 -0.1944 0.8252
v  0.7498 -0.0512 0.7875
v  0.5897 0.1171 0.7561
v  0.9082 -0.2848 1.2051
v  1.0136 -0.3448 1.1958
v  1.0937 -0.2225 1.3671
v  0.9860 -0.1633 1.3728
v  1.2008 -0.2750 1.3553
v  1.1177 -0.3966 1.1789
v  1.6269 -0.2616 1.1442
v  1.6060 -0.2884 1.1772
v  1.4804 -0.3805 0.9872
v  1.4995 -0.3573 0.9538
v  1.7397 -0.1641 1.3130
v  1.7202 -0.1885 1.3455
v  1.6823 -0.2094 1.3776
v  1.5699 -0.3109 1.2105
v  1.4526 -0.4042 1.0222
v  1.8171 -0.1223 1.4909
v  1.7861 -0.1375 1.5368
v  1.8298 -0.0992 1.4445
v  1.8339 -0.0594 1.3991
v  1.7854 -0.0100 1.3989
v  1.7209 -0.1278 1.2919
v  1.6709 -0.0985 1.2881
v  1.6078 -0.2203 1.1198
v  1.5118 -0.3165 0.9142
v  1.4768 -0.2673 0.8843
v  1.5622 -0.1944 1.1076
v  1.3405 0.3268 1.5426
v  1.1065 0.4255 1.5377
v  1.1658 0.5088 1.5858
v  1.4042 0.4142 1.5857
v  0.9581 0.6175 1.5618
v  0.9034 0.5472 1.5047
v  1.0149 0.2988 1.4293
v  0.8202 0.4410 1.3841
v  1.2463 0.1915 1.4427
v  2.9837 1.2867 4.7862
v  3.0800 1.2773 4.7839
v  2.9066 1.0323 4.5312
v  2.9867 1.0516 4.5100
v  3.1459 1.3215 4.7438
v  1.9524 1.6107 4.0300
v  1.8694 1.3239 3.7883
v  2.1608 1.2188 3.8993
v  2.2521 1.4800 4.1754
v  2.0485 0.9727 3.5758
v  1.7675 1.0552 3.4976
v  2.0270 1.8447 4.2406
v  1.6750 1.9378 4.1293
v  2.3508 1.7205 4.3855
v  2.8431 0.8160 4.1710
v  2.7120 0.5695 3.7925
v  2.7997 0.7631 4.2085
v  2.6721 0.5062 3.8304
v  2.2717 0.2285 2.5253
v  2.4303 0.2946 2.9305
v  2.3658 0.2209 2.9493
v  2.2078 0.1885 2.5292
v  2.5955 0.3888 3.3633
v  2.5236 0.3264 3.3959
v  2.6179 0.4780 3.3363
v  1.7341 0.6495 2.8316
v  1.5060 0.7824 2.7797
v  1.6320 0.8763 3.1526
v  1.8825 0.7657 3.2246
v  1.3278 2.0899 4.8860
v  1.6585 1.9526 5.0209
v  1.6349 2.0377 5.0748
v  1.3010 2.1825 4.9356
v  2.0494 1.8913 5.2676
v  2.0489 1.7883 5.2146
v  2.2835 0.1488 1.6406
v  2.2894 0.1720 1.7053
v  2.2092 0.2509 1.6856
v  2.1929 0.2326 1.6192
v  2.2611 0.1122 1.5890
v  2.1705 0.1980 1.5705
v  1.9972 -0.0228 1.9661
v  2.0676 -0.0429 1.9336
v  2.0224 -0.0791 1.8887
v  1.9383 -0.0727 1.9108
v  1.9145 -0.1004 1.8254
v  2.0009 -0.1050 1.8266
v  1.5405 0.5599 2.1563
v  1.3155 0.6587 2.1611
v  1.4004 0.7184 2.4289
v  1.6281 0.6105 2.4451
v  1.2794 0.6275 2.0172
v  1.5090 0.5504 2.0102
v  1.2913 0.5274 2.5068
v  1.4800 0.4816 2.5022
v  1.2580 0.3928 2.2609
v  1.4276 0.3486 2.2435
v  1.6196 0.2851 2.2278
v  1.6920 0.4069 2.5046
v  1.4030 0.2841 2.1312
v  1.2471 0.3436 2.1461
v  1.5866 0.2264 2.1049
v  2.4422 3.6307 7.6773
v  2.5560 3.5404 7.6061
v  2.4674 3.5108 7.5436
v  2.3459 3.5939 7.6152
v  2.3665 3.7355 7.6851
v  2.2386 3.6905 7.6500
v  0.9827 3.8488 6.0478
v  1.2879 3.8720 6.2833
v  1.2852 3.7680 6.2543
v  0.9871 3.7369 6.0051
v  1.6557 3.8192 6.5066
v  1.6610 3.9342 6.5263
v  1.6621 3.7280 6.4658
v  1.2881 3.6755 6.2074
v  0.9763 3.6262 5.9700
v  1.2573 4.0124 6.3568
v  0.9424 3.9887 6.1295
v  1.6245 4.0749 6.6163
v  1.6478 2.4921 4.6656
v  1.5992 2.4982 4.7341
v  2.0002 2.4155 4.8354
v  2.0390 2.3967 4.7742
v  1.9270 2.4738 4.9587
v  1.5204 2.5397 4.8596
v  2.3416 2.3595 5.1346
v  2.4203 2.2992 4.9995
v  2.4577 2.2755 4.9347
v  1.9790 2.7335 5.7561
v  2.1918 2.5433 5.3966
v  1.7645 2.6030 5.2181
v  1.5657 2.7930 5.5431
v  1.3652 2.6518 5.1037
v  1.1934 2.8455 5.3886
v  3.2443 1.5433 4.8816
v  3.3305 1.6130 4.9846
v  3.2762 1.6829 4.9306
v  3.1933 1.6065 4.8315
v  3.1152 1.4490 4.6522
v  3.1700 1.3866 4.6881
v  2.1451 1.5004 4.5816
v  1.7762 1.6069 4.4634
v  1.8050 1.7854 4.6619
v  2.1902 1.6792 4.7857
v  1.4778 1.9003 4.5031
v  1.4516 1.7018 4.3414
v  1.4637 2.0142 4.6774
v  1.4790 1.9855 4.6079
v  1.8198 1.8869 4.7497
v  1.8060 1.9316 4.8118
v  2.2075 1.7631 4.8862
v  2.1995 1.7984 4.9458
v  3.1174 2.3255 6.1041
v  3.0785 2.2781 6.1378
v  3.2696 2.1249 5.8162
v  3.0820 2.3669 6.0418
v  3.3472 2.1930 5.8072
v  3.2914 2.2548 5.7343
v  2.8877 2.6152 6.4161
v  2.9405 2.5749 6.5026
v  2.9231 2.4658 6.6171
v  3.4545 2.1170 5.6717
v  3.4075 2.1819 5.5834
v  3.3902 2.0302 5.7113
v  2.5095 2.2698 4.8538
v  2.0995 2.3894 4.7020
v  2.1396 2.3385 4.6285
v  2.5369 2.2201 4.7752
v  1.7075 2.4720 4.5920
v  2.1202 2.2431 4.5929
v  2.5095 2.1270 4.7260
v  1.3966 2.0297 4.7999
v  1.7196 1.9144 4.9360
v  1.6851 1.9150 4.9780
v  1.3614 2.0457 4.8422
v  2.0688 1.7432 5.1484
v  2.1072 1.7583 5.0862
v  1.7678 1.9402 4.8817
v  2.1604 1.8008 5.0223
v  1.4334 2.0254 4.7439
v  2.7485 3.0200 6.7436
v  2.6543 3.3045 7.0972
v  2.7785 2.9533 6.8496
v  2.6084 3.3719 6.9894
v  2.5568 3.2355 7.1489
v  2.6920 2.8773 6.9070
v  2.5590 3.3895 7.3115
v  2.6088 3.5485 7.1000
v  2.6325 3.4649 7.2184
v  1.0590 3.1061 5.6345
v  1.3935 3.0609 5.8491
v  0.9840 3.3611 5.8078
v  1.2968 3.3556 6.0553
v  1.7757 3.0134 6.1175
v  1.6993 3.3956 6.3008
v  1.2853 3.5606 6.1448
v  1.6903 3.6316 6.3755
v  0.9711 3.5210 5.9055
v  2.1165 4.0302 7.6996
v  2.1548 4.1550 7.5666
v  1.8758 4.1767 7.5781
v  1.8790 4.1343 7.7533
v  1.7882 3.9929 7.8378
v  2.0099 3.8736 7.7158
v  0.8701 3.9121 7.0606
v  0.4986 3.9308 6.7443
v  0.6285 3.8025 6.7010
v  1.0204 3.7853 7.0178
v  0.2922 3.8217 6.4240
v  0.1689 3.9332 6.4759
v  -0.7080 5.6532 6.6259
v  -0.5859 5.8135 6.9094
v  -0.5754 5.6704 6.9058
v  -0.6856 5.5102 6.5990
v  -0.3878 5.8711 7.2168
v  -0.4125 6.0161 7.2057
v  -0.3522 5.7484 7.2117
v  -0.5533 5.5404 6.8859
v  -0.6740 5.3751 6.5710
v  -0.6620 5.9073 6.9328
v  -0.5041 6.1205 7.2266
v  -0.7864 5.7520 6.6552
v  1.8882 0.3005 1.5771
v  1.6868 0.3794 1.6099
v  1.7384 0.4365 1.6276
v  1.9378 0.3442 1.6034
v  1.7811 0.4902 1.6511
v  1.9731 0.3851 1.6354
v  1.7812 0.5304 1.8603
v  1.7479 0.5127 1.9340
v  1.9398 0.4458 1.9273
v  1.9713 0.4399 1.8470
v  2.0009 0.4283 1.7624
v  1.8217 0.5578 1.7815
v  2.5318 0.8044 3.7325
v  2.3163 0.8754 3.6656
v  2.4459 1.1073 4.0134
v  2.6877 1.0425 4.0786
v  2.5509 1.3513 4.3110
v  2.8258 1.3025 4.3529
v  3.1185 1.8211 4.9357
v  2.8306 1.9169 4.8262
v  2.8951 2.0209 4.8640
v  3.2079 1.9422 4.9684
v  2.9391 2.1309 4.9300
v  3.2610 2.0646 5.0621
v  1.9614 0.1672 2.2036
v  1.9119 0.0990 2.0777
v  2.0111 0.0733 2.0748
v  2.0505 0.1308 2.2077
v  1.9864 0.0391 2.0270
v  1.8867 0.0610 2.0341
v  2.9225 1.5917 5.3498
v  2.9389 1.5940 5.2617
v  3.1033 1.4981 5.3166
v  3.0920 1.4961 5.4161
v  3.0932 1.5024 5.2141
v  2.9338 1.5750 5.1629
v  2.6723 1.0559 4.5206
v  2.5539 0.7914 4.2072
v  2.7079 0.7591 4.2239
v  2.8237 1.0347 4.5355
v  2.5691 0.5084 3.8472
v  2.4258 0.5668 3.8224
v  2.2434 4.1603 7.4060
v  2.3747 4.1380 7.2732
v  2.2342 4.1244 7.1475
v  2.1096 4.1351 7.2879
v  2.4700 4.0216 7.1466
v  2.3171 4.0119 7.0271
v  3.4362 2.1139 5.2815
v  3.2700 2.1531 5.1936
v  3.2489 2.2304 5.3147
v  3.3976 2.1595 5.4265
v  3.4158 2.0158 5.1430
v  2.6701 2.6114 6.2683
v  2.3450 2.6215 6.0537
v  2.2019 3.0459 6.3418
v  2.5132 3.0285 6.5721
v  2.1263 3.4550 6.5237
v  2.3965 3.4097 6.8009
v  1.2567 -0.2854 0.8977
v  1.1076 -0.2633 0.8670
v  1.2119 -0.1514 1.0946
v  1.3690 -0.1556 1.0998
v  1.3373 -0.0054 1.2846
v  1.4967 -0.0194 1.2752
v  1.8331 0.1242 1.4810
v  1.9399 0.1827 1.5231
v  1.8153 0.2565 1.5473
v  1.7220 0.1918 1.5015
v  2.0224 0.2228 1.5593
v  2.0691 0.2631 1.5894
v  2.0963 0.2979 1.6268
v  1.6275 0.3270 1.5793
v  1.5519 0.2527 1.5276
v  2.1181 0.3193 1.6843
v  1.9971 0.4102 1.6897
v  2.1171 0.3310 1.7596
v  2.0828 0.3451 1.8463
v  2.0507 0.3614 1.9326
v  1.8141 0.5349 1.6994
v  2.0503 0.3722 2.0054
v  1.9410 0.4544 1.9906
v  1.9937 0.4967 2.1286
v  2.0998 0.4037 2.1522
v  1.7461 0.5118 1.9978
v  1.7943 0.5564 2.1329
v  2.2980 0.4843 2.9027
v  2.4520 0.5806 3.3558
v  2.3543 0.6158 3.3282
v  2.1929 0.5085 2.8883
v  2.6436 0.7796 3.7596
v  2.8140 1.0189 4.1038
v  2.9565 1.2673 4.3888
v  2.1498 0.6892 3.2770
v  1.9896 0.5725 2.8613
v  3.1255 1.6365 4.8069
v  3.2019 1.7183 4.9052
v  3.0619 1.7639 4.8603
v  2.9944 1.6782 4.7652
v  3.2628 1.7718 4.9916
v  3.3572 1.8906 5.0408
v  2.7937 1.8607 4.7616
v  2.7399 1.7689 4.6776
v  1.5263 -0.2106 1.4405
v  1.6273 -0.1151 1.6041
v  1.4982 -0.0748 1.6319
v  1.4035 -0.1804 1.4720
v  1.5796 -0.0213 1.7865
v  1.7138 -0.0720 1.7600
v  1.7585 -0.0914 1.8812
v  1.6204 -0.0342 1.9071
v  1.6593 -0.0054 1.9784
v  1.7989 -0.0590 1.9562
v  1.8077 -0.0932 1.7257
v  1.8463 -0.1066 1.8481
v  1.8792 -0.0717 1.9312
v  1.7222 -0.1320 1.5728
v  1.6193 -0.2234 1.4111
v  1.8456 -0.0001 2.0034
v  1.7010 0.0498 2.0256
v  1.7385 0.1151 2.0473
v  1.7631 0.1552 2.0889
v  1.8083 0.2216 2.2118
v  1.9341 -0.0128 1.9825
v  2.8328 1.4790 4.9676
v  2.8936 1.5513 5.0804
v  2.5798 1.6231 5.0099
v  2.5463 1.5593 4.9001
v  2.5980 1.6541 5.0712
v  2.5884 1.6950 5.1580
v  2.5507 1.6652 5.2356
v  3.0443 1.4973 5.1256
v  2.9814 1.4553 4.9888
v  2.1557 0.2834 2.9514
v  2.2795 0.3803 3.4027
v  2.0663 0.4637 3.3711
v  1.9746 0.3778 2.9294
v  2.1908 0.6522 3.7721
v  2.3024 0.8838 4.1315
v  2.4084 1.1474 4.4316
v  2.4168 0.3270 3.4137
v  2.2737 0.2315 2.9577
v  2.9146 1.6445 5.4845
v  2.9783 1.7698 5.5766
v  2.5573 1.8199 5.4230
v  2.5215 1.7042 5.3625
v  3.0412 1.8925 5.6582
v  2.5695 1.8980 5.5394
v  2.5651 1.9266 5.5927
v  2.9657 2.0393 5.8060
v  2.5016 2.0070 5.6954
v  3.0456 1.9484 5.7014
v  3.2832 1.9193 5.6613
v  3.2871 1.9962 5.7109
v  3.1924 2.1082 5.8196
v  3.2012 1.7661 5.6018
v  3.1008 1.5975 5.5763
v  2.2616 3.1990 7.0480
v  2.2408 3.3420 7.2094
v  1.8868 3.4101 6.9319
v  1.9162 3.2750 6.7825
v  2.2414 3.4163 7.2950
v  1.8648 3.4541 7.0366
v  1.7689 3.4341 7.1563
v  2.1611 3.4606 7.3904
v  2.0415 3.5128 7.4787
v  1.6513 3.4661 7.2568
v  2.4459 3.4467 7.3899
v  2.3642 3.4882 7.4934
v  2.2440 3.5594 7.5716
v  2.4480 3.3577 7.3086
v  2.4629 3.2108 7.1344
v  1.5539 3.5738 7.3170
v  1.9283 3.6076 7.5361
v  1.8228 3.6974 7.5747
v  1.4637 3.6648 7.3584
v  1.3929 3.7443 7.3641
v  1.7303 3.7755 7.5931
v  1.5392 3.9474 7.6053
v  1.2356 3.9130 7.3745
v  2.0146 3.7391 7.6604
v  1.9099 3.8060 7.6996
v  1.6881 3.9520 7.7257
v  2.1275 3.6534 7.6189
v  -0.5409 5.7323 7.8950
v  -0.6724 5.7986 7.8877
v  -0.5521 5.9611 8.1520
v  -0.4422 5.8926 8.1726
v  -0.6186 6.0672 8.1027
v  -0.7710 5.9147 7.8484
v  -0.6191 6.1746 8.0445
v  -0.7928 6.0493 7.7907
v  -0.7421 6.1765 7.7254
v  -0.5728 6.2732 7.9892
v  -0.4638 6.3396 7.9375
v  -0.6153 6.2572 7.6647
v  -0.4749 6.2818 7.6142
v  -0.3446 6.3672 7.8896
v  -0.3618 6.2511 7.5665
v  -0.2486 6.3464 7.8386
v  -0.1806 6.2663 7.8174
v  -0.2769 6.1647 7.5407
v  -0.2296 6.0431 7.5499
v  -0.1450 6.1611 7.8389
v  -0.1366 6.0595 7.8790
v  -0.2234 5.9256 7.5775
v  1.7329 4.1671 7.4307
v  1.9818 4.1392 7.3571
v  1.7364 4.1358 7.1331
v  1.5195 4.2152 7.1923
v  1.8538 4.1084 7.0593
v  1.9571 4.0767 6.9217
v  2.0207 3.9733 6.8057
v  2.1119 4.1675 7.4678
v  1.8413 4.1683 7.5253
v  2.0194 3.8513 6.7868
v  2.3276 3.8710 7.0016
v  2.3365 3.7493 6.9687
v  2.0223 3.7469 6.7564
v  2.0587 3.6400 6.6684
v  2.3559 3.6275 6.9082
v  2.5152 3.5952 7.0322
v  2.5308 3.3846 6.9343
v  2.5100 3.7118 7.0802
v  2.4904 3.8537 7.1163
v  3.0663 2.3068 5.5728
v  3.1880 2.2793 5.4089
v  2.8528 2.2977 5.2084
v  2.7456 2.3108 5.3680
v  2.9057 2.2747 5.1239
v  2.9390 2.2181 5.0242
v  3.3348 2.2120 5.5228
v  3.2189 2.2803 5.6780
v  3.0273 2.3785 5.9943
v  2.8750 2.3806 5.8945
v  2.8327 2.6211 6.3663
v  2.6800 3.0348 6.6764
v  2.5591 2.4002 5.6797
v  2.5792 2.8732 6.8710
v  2.3647 2.8640 6.8023
v  2.5277 2.4567 6.5015
v  2.7631 2.4571 6.5714
v  2.9972 2.2586 6.1421
v  2.7659 2.1997 6.1148
v  2.1433 2.5445 6.3081
v  2.3421 2.2412 5.9632
v  1.9959 2.9338 6.5866
v  1.4881 -0.1640 1.0960
v  1.3826 -0.2709 0.8917
v  1.6036 -0.0597 1.2808
v  1.4358 -0.3313 1.2860
v  1.5161 -0.3282 1.2471
v  1.4083 -0.4302 1.0631
v  1.3369 -0.4484 1.1089
v  1.2316 -0.4377 1.1511
v  1.3224 -0.3162 1.3279
v  1.4547 0.1422 1.4207
v  1.6158 0.1005 1.4060
v  1.7194 0.0401 1.4059
v  3.0541 1.4813 4.6263
v  2.9291 1.5288 4.5771
v  2.6607 1.5950 4.5180
v  2.7639 1.3036 4.7738
v  2.4952 1.3956 4.6868
v  2.9122 1.2891 4.7846
v  2.0593 0.2507 2.5143
v  1.8939 0.3179 2.5104
v  2.1492 0.2080 2.5223
v  2.1827 0.4382 2.4751
v  2.0753 0.4969 2.4560
v  1.8718 0.5450 2.4500
v  3.0806 1.5216 5.4954
v  2.9095 1.6036 5.4085
v  2.5271 1.6648 5.2954
v  -2.0429 3.5556 3.7814
v  -2.0175 3.4917 3.7967
v  -2.1373 3.5390 3.7480
v  -2.1451 3.4885 3.7264
v  -2.2079 3.5107 3.4554
v  -2.0822 3.5732 3.4231
v  -2.1191 3.6589 3.4524
v  -2.2531 3.5992 3.4970
v  -2.2785 3.4853 3.6221
v  -2.3037 3.5365 3.5614
v  -2.2488 3.4507 3.5188
v  -2.2337 3.4052 3.5791
v  -2.2611 3.6768 3.5558
v  -2.1290 3.7207 3.5211
v  -2.2280 3.7269 3.6036
v  -2.1320 3.7658 3.5956
v  -2.3133 3.6212 3.6177
v  -2.2883 3.5635 3.6710
v  -2.2414 3.6438 3.7198
v  -2.2550 3.6990 3.6624
v  -2.1198 3.7311 3.7557
v  -2.1302 3.7748 3.6736
v  -2.2002 3.5810 3.7368
v  -2.0842 3.6385 3.7824
v  -2.2317 3.5160 3.6960
v  -2.2181 3.4441 3.6671
v  -2.1860 3.3696 3.6367
v  -1.3744 4.0335 3.8443
v  -1.4267 4.0689 3.8301
v  -1.3406 4.1844 4.0684
v  -1.2863 4.1125 4.0598
v  -1.3893 4.2316 4.0172
v  -1.4630 4.1045 3.8114
v  -1.1840 4.5378 4.7142
v  -1.1589 4.4769 4.7472
v  -1.2475 4.3422 4.3795
v  -1.2911 4.3786 4.3330
v  -1.0853 4.1467 4.3976
v  -1.0381 4.0910 4.3735
v  -0.8475 4.1431 4.7536
v  -0.9199 4.2186 4.7870
v  -1.1436 4.2049 4.3887
v  -1.1848 4.2681 4.3993
v  -1.0606 4.3492 4.7764
v  -0.9946 4.2842 4.7857
v  -1.1855 4.3374 4.4843
v  -1.1100 4.4198 4.7876
v  0.5043 4.5600 7.0775
v  0.8634 4.3206 7.0207
v  0.6106 4.3066 6.7577
v  0.2905 4.5260 6.8055
v  0.3581 4.2472 6.5472
v  0.0688 4.4578 6.5913
v  -0.2609 5.5651 7.1908
v  -0.4618 5.3561 6.8618
v  -0.5251 5.4589 6.8680
v  -0.3203 5.6765 7.2006
v  -0.6586 5.2920 6.5552
v  -0.6116 5.1936 6.5660
v  -0.1358 4.6463 6.6191
v  0.0598 4.7279 6.8447
v  -0.1205 4.9412 6.8608
v  -0.3032 4.8291 6.6245
v  0.0689 5.0554 7.1506
v  0.2548 4.7981 7.1224
v  -0.1126 5.3372 7.1703
v  -0.3110 5.1666 6.8636
v  -0.4792 5.0238 6.5997
v  1.1114 4.3696 7.2892
v  0.6762 4.5805 7.3942
v  0.8135 4.6183 7.6553
v  1.2814 4.3593 7.5373
v  -0.0474 5.8533 7.9039
v  -0.1342 5.7320 7.5735
v  -0.1967 5.8565 7.5811
v  -0.1098 5.9926 7.8975
v  0.3661 5.2301 7.8010
v  0.2238 5.1442 7.5009
v  0.0179 5.4608 7.5478
v  0.1302 5.5633 7.8701
v  0.4148 4.8554 7.4536
v  0.5566 4.9243 7.7317
v  1.3658 4.3421 7.6687
v  1.3558 4.3435 7.6455
v  0.8723 4.6292 7.7832
v  0.8778 4.6405 7.8249
v  0.4697 5.2947 7.9819
v  0.6372 4.9672 7.8936
v  0.6717 4.9884 7.9992
v  0.5125 5.3208 8.1155
v  0.8818 4.6483 7.9543
v  1.3581 4.3342 7.7883
v  1.2756 4.2578 7.8140
v  0.7802 4.5828 7.9700
v  0.4615 5.2936 8.2464
v  0.6291 4.9576 8.1120
v  0.5119 4.9019 8.1222
v  0.3323 5.2359 8.2538
v  1.2205 4.2566 7.7692
v  1.1049 4.2418 7.6808
v  0.7085 4.5412 7.9457
v  0.5904 4.4793 7.8566
v  0.1449 5.1191 8.0292
v  0.3075 4.7830 7.9635
v  0.4212 4.8461 8.0852
v  0.2460 5.1874 8.1755
v  -0.3422 5.5994 7.8758
v  -0.4553 5.6887 7.9029
v  -0.5878 5.4778 7.5545
v  -0.4967 5.3942 7.5339
v  -0.2209 5.7574 8.1555
v  -0.3450 5.8605 8.1781
v  0.3822 4.3996 7.6560
v  0.8424 4.1620 7.4843
v  0.5398 4.1355 7.1864
v  0.1777 4.3939 7.3321
v  0.1200 4.6961 7.7462
v  -0.0253 5.0171 7.7859
v  -0.1701 4.9422 7.4305
v  -0.0380 4.6644 7.4042
v  -0.3417 5.1990 7.4846
v  -0.1774 5.3535 7.8242
v  -0.0219 5.4949 8.0775
v  -0.8175 5.1033 6.8791
v  -0.6991 5.2857 7.1851
v  -0.6319 5.1989 7.1737
v  -0.7542 5.0148 6.8661
v  -0.0647 4.3588 7.0115
v  0.2273 4.1293 6.8731
v  -0.0666 4.0824 6.6123
v  -0.2883 4.3034 6.7271
v  -0.2445 4.5888 7.0745
v  -0.3788 4.8045 7.1095
v  -0.5441 4.6825 6.8118
v  -0.4322 4.5029 6.7814
v  -0.6573 4.8637 6.8419
v  -0.5151 5.0241 7.1444
v  -0.5060 4.2115 6.3230
v  -0.3445 4.0462 6.2253
v  -0.2325 4.0757 6.3881
v  -0.4199 4.2572 6.4972
v  -0.1777 3.9228 6.1254
v  -0.0419 3.9356 6.2744
v  -0.5424 4.4306 6.5583
v  -0.6362 4.5911 6.5938
v  -0.7002 4.5152 6.4367
v  -0.6155 4.3681 6.3920
v  -1.3625 4.1075 4.9972
v  -1.2515 4.3657 5.4503
v  -1.2893 4.0768 5.0110
v  -1.1896 4.3062 5.4524
v  -1.1006 4.5025 5.8530
v  -1.1702 4.5733 5.8671
v  -1.3771 3.8864 4.6601
v  -1.2311 3.8907 4.8008
v  -1.1904 4.0445 5.0624
v  -1.2281 3.7848 4.6475
v  -1.0170 3.8620 4.9838
v  -1.0730 3.9444 5.0554
v  -1.0931 4.0421 5.1816
v  -1.1998 3.7134 4.5870
v  -0.9516 3.7927 4.9352
v  -1.4707 3.9015 4.6186
v  -1.0080 0.7637 1.0820
v  -0.9877 0.6368 0.9062
v  -0.9824 0.5588 0.9507
v  -0.9790 0.7359 1.1551
v  -0.9235 0.7103 1.2171
v  -0.9063 0.5472 1.0290
v  1.0422 0.1532 1.9944
v  1.0700 0.1913 2.0758
v  0.9728 0.1800 2.0956
v  1.0247 0.1701 1.8610
v  0.9458 0.1577 1.9943
v  0.9303 0.1957 1.8593
v  1.1034 0.2712 2.1058
v  1.1324 0.3556 2.1016
v  1.0466 0.3825 2.1218
v  1.0145 0.2782 2.1360
v  0.2791 1.0944 1.6199
v  0.2618 1.0566 1.5651
v  0.1013 1.1405 1.5658
v  0.1126 1.1836 1.6218
v  1.0321 2.0831 4.5409
v  1.2078 2.0769 4.6284
v  1.1699 2.0885 4.7023
v  0.9847 2.0868 4.6410
v  1.2365 2.0684 4.5473
v  1.0605 2.0792 4.4488
v  1.2375 2.0296 4.4784
v  1.2232 1.9324 4.3968
v  1.0440 2.0246 4.3963
v  1.0271 1.9374 4.3261
v  0.4642 2.5928 3.9055
v  0.4593 2.5245 3.8534
v  0.1204 2.6547 3.7106
v  0.1227 2.7235 3.7617
v  0.1219 2.5773 3.6490
v  0.4546 2.4493 3.7899
v  0.1254 1.2681 1.9470
v  0.1285 1.2659 1.8840
v  0.3115 1.1740 1.9101
v  0.3070 1.1837 1.9725
v  0.3308 1.2006 1.8544
v  0.1475 1.2946 1.8271
v  0.0045 3.8092 6.0285
v  0.1526 3.7921 6.1799
v  0.0764 3.8495 6.2149
v  -0.0670 3.8590 6.0635
v  -1.0773 5.6134 6.5565
v  -1.1451 5.5269 6.5974
v  -0.9828 5.6685 6.5137
v  -1.0554 5.6203 6.3624
v  -1.1644 5.5664 6.4141
v  -1.2358 5.4670 6.4564
v  -0.8668 5.6614 6.4536
v  -0.9248 5.6097 6.2922
v  -0.7870 5.5489 6.4186
v  -0.8280 5.4931 6.2420
v  -0.7395 5.2696 6.3533
v  -0.7571 5.4047 6.3823
v  -0.7815 5.3408 6.2015
v  -0.7794 5.1970 6.1861
v  -0.7273 5.1890 6.3490
v  -0.7760 5.1162 6.1970
v  -0.6832 5.1004 6.3640
v  -0.7327 5.0344 6.2140
v  0.6806 3.6029 5.6023
v  0.7968 3.6069 5.7617
v  0.7986 3.5163 5.7110
v  0.6914 3.5233 5.5666
v  0.8096 3.3914 5.6305
v  0.6954 3.4184 5.5092
v  1.1005 2.6897 4.5256
v  1.0529 2.7165 4.6144
v  1.2865 2.6084 4.6688
v  1.3348 2.5877 4.5886
v  1.2126 2.6524 4.7921
v  0.9901 2.7685 4.7322
v  1.1749 2.7193 4.4053
v  1.3988 2.5848 4.4919
v  -0.7907 4.5498 5.4963
v  -0.6854 4.4558 5.4952
v  -0.8304 4.3778 5.1697
v  -0.9199 4.4530 5.1625
v  -0.7308 4.2924 5.1638
v  -0.5592 4.3496 5.4821
v  -0.3829 4.2189 5.4426
v  -0.6087 4.1844 5.1282
v  0.8056 3.0411 5.1620
v  0.7286 3.2321 5.3697
v  0.8637 3.1790 5.4762
v  0.9619 2.9515 5.2600
v  0.8990 2.8801 4.9329
v  1.0890 2.7667 5.0118
v  0.1006 0.7041 0.9837
v  -0.0470 0.7814 0.9855
v  -0.0878 0.6699 0.7826
v  0.0502 0.5925 0.7817
v  0.8975 0.1920 1.6849
v  0.9984 0.1448 1.6839
v  0.9358 0.0351 1.5196
v  0.8213 0.0960 1.5238
v  0.6022 -0.0939 1.1943
v  0.6615 0.0255 1.3734
v  0.5922 0.0701 1.3669
v  0.5357 -0.0474 1.1820
v  0.6839 -0.1462 1.2028
v  0.7480 -0.0243 1.3755
v  0.7333 0.1415 1.5242
v  0.6598 0.1817 1.5214
v  0.7575 0.2561 1.8184
v  0.7362 0.2670 1.6603
v  0.8123 0.2318 1.6750
v  0.8401 0.2204 1.8428
v  0.6554 0.3036 1.6489
v  0.5880 0.2256 1.5167
v  0.6788 0.3026 1.7961
v  0.7926 -0.2133 1.2062
v  0.8646 -0.0900 1.3736
v  0.4713 0.0007 1.1680
v  0.5258 0.1179 1.3573
v  0.3823 0.3443 0.7463
v  0.4440 0.4450 0.9616
v  0.5334 0.3450 0.9673
v  0.4751 0.2490 0.7434
v  0.6084 0.4547 1.1778
v  0.5147 0.5535 1.1690
v  0.2258 0.4734 0.7623
v  0.2960 0.5987 0.9562
v  0.3696 0.5288 0.9563
v  0.3015 0.4154 0.7529
v  0.4322 0.6335 1.1644
v  0.3491 0.6966 1.1676
v  0.2099 0.6503 0.9698
v  0.2589 0.7489 1.1783
v  0.1470 0.5278 0.7747
v  0.4001 0.7866 1.3566
v  0.4903 0.7262 1.3538
v  0.5462 0.8089 1.4938
v  0.4507 0.8722 1.4928
v  0.6495 0.7429 1.4890
v  0.5834 0.6530 1.3552
v  0.3056 0.8419 1.3632
v  0.3505 0.9289 1.4971
v  0.8139 0.7226 1.5458
v  0.7608 0.6555 1.4892
v  0.6965 0.8046 1.5581
v  0.5869 0.8626 1.5759
v  0.4861 0.9268 1.5706
v  0.5160 0.9785 1.6130
v  0.6276 0.9392 1.5788
v  0.6868 0.5607 1.3602
v  1.0348 1.7607 4.2034
v  1.2148 1.7430 4.2577
v  1.2128 1.5070 4.0603
v  1.0530 1.5326 4.0259
v  0.4068 1.0307 1.6173
v  0.3854 0.9921 1.5633
v  1.2089 1.2587 3.8210
v  1.0670 1.2920 3.7928
v  1.0766 1.0680 3.5065
v  1.2014 1.0266 3.5338
v  0.9155 1.5729 3.9838
v  0.9426 1.3339 3.7564
v  0.8293 1.3821 3.7140
v  0.7951 1.6271 3.9314
v  0.8611 1.1582 3.4416
v  0.9664 1.1143 3.4740
v  0.4390 2.3164 3.6644
v  0.1248 2.4385 3.5353
v  0.4144 2.1338 3.4996
v  0.1401 2.2632 3.3700
v  0.7490 1.1917 3.4161
v  0.7094 1.4204 3.6798
v  0.6666 1.6696 3.8911
v  0.4048 1.9331 3.2913
v  0.1623 2.0625 3.1743
v  0.1742 1.8624 2.9639
v  0.3916 1.7355 3.0647
v  0.5816 2.0548 3.5834
v  0.5592 1.8497 3.3674
v  0.6729 1.7926 3.4196
v  0.6974 2.0028 3.6424
v  0.6523 1.5957 3.1675
v  0.5385 1.6530 3.1269
v  0.7680 1.5409 3.2062
v  0.7878 1.7358 3.4714
v  0.8167 1.9534 3.6984
v  1.0782 0.8844 3.1758
v  1.1852 0.8325 3.2011
v  1.0762 0.7314 2.8325
v  1.1712 0.6784 2.8498
v  0.8726 0.9785 3.1276
v  0.9784 0.9398 3.1476
v  0.8670 0.8114 2.8157
v  0.9761 0.7796 2.8199
v  0.7638 1.0125 3.1094
v  0.7597 0.8497 2.8062
v  0.1800 1.7126 2.7377
v  0.3745 1.5824 2.8272
v  0.3436 1.4408 2.5937
v  0.1529 1.5590 2.5263
v  0.5885 1.3064 2.6625
v  0.4831 1.3674 2.6324
v  0.5137 1.5008 2.8781
v  0.6248 1.4441 2.9100
v  1.0942 2.1840 4.8195
v  1.1303 2.1196 4.7644
v  0.9370 2.1330 4.7358
v  0.9008 2.2231 4.8114
v  0.6958 1.2516 2.6886
v  0.7378 1.3906 2.9401
v  1.0280 2.3669 4.9485
v  1.0677 2.2911 4.8671
v  0.8529 2.4359 4.9235
v  0.8795 2.3414 4.8643
v  0.5669 2.3225 4.7347
v  0.7100 2.2453 4.8086
v  0.7120 2.3816 4.8403
v  0.5843 2.4406 4.7605
v  0.7175 2.4907 4.8591
v  0.5919 2.5264 4.7888
v  0.1599 1.3061 1.7616
v  0.3396 1.2166 1.7822
v  0.3335 1.2047 1.7077
v  0.1616 1.2947 1.6948
v  0.4691 2.4987 4.6700
v  0.4466 2.4001 4.6430
v  0.4693 2.5647 4.7145
v  0.7451 0.1964 1.9632
v  0.6565 0.2445 1.9468
v  0.6434 0.2257 2.1126
v  0.7478 0.1802 2.1181
v  0.5476 0.3152 1.9508
v  0.5311 0.3138 2.1036
v  0.3088 1.1542 1.6574
v  0.1458 1.2521 1.6427
v  0.8448 0.1672 1.9815
v  0.8640 0.1714 2.1106
v  0.3829 0.4434 2.0987
v  0.4002 0.5281 2.1577
v  0.5613 0.4100 2.2214
v  0.6883 0.3236 2.2609
v  0.8053 0.2848 2.2474
v  0.7470 0.4730 2.2580
v  0.8577 0.4308 2.2337
v  0.3880 0.4089 1.9931
v  0.8762 0.5758 2.3008
v  0.9767 0.5350 2.2783
v  0.9724 0.6278 2.5164
v  0.8684 0.6671 2.5248
v  1.0727 0.5918 2.5089
v  1.0710 0.4919 2.2613
v  0.9171 0.2780 2.1927
v  0.9561 0.4059 2.1730
v  0.7730 0.6170 2.3179
v  0.7631 0.7085 2.5289
v  1.1526 0.4448 2.2602
v  1.1468 0.3956 2.1462
v  1.0640 0.4313 2.1582
v  0.9714 0.4669 2.1902
v  0.8712 0.4980 2.2338
v  1.1635 0.5513 2.5119
v  0.7639 0.5364 2.2629
v  0.1194 1.2744 2.0117
v  0.1158 1.3111 2.1206
v  0.3008 1.2154 2.1547
v  0.3046 1.1918 2.0374
v  0.3091 1.2985 2.3612
v  0.1281 1.4144 2.3073
v  -0.1568 3.5752 5.8304
v  -0.0500 3.6147 5.9277
v  -0.0950 3.7081 5.9345
v  -0.1983 3.6772 5.8386
v  0.0419 3.7357 6.0240
v  0.0833 3.6504 6.0144
v  -0.1250 3.7823 5.9279
v  -0.2199 3.7560 5.8293
v  0.0491 3.4563 5.6634
v  -0.0675 3.4663 5.7666
v  -0.1472 3.4615 5.6389
v  -0.0363 3.4519 5.5452
v  -0.2315 3.5636 5.7004
v  0.2337 3.6307 6.1411
v  0.3150 3.5409 6.0857
v  0.1609 3.5484 5.9668
v  0.2593 3.5081 5.8814
v  0.4146 3.5161 6.0022
v  0.0366 3.5129 5.8691
v  0.1432 3.4831 5.7720
v  0.1927 3.7161 6.1636
v  -0.2664 3.6639 5.7107
v  -0.2837 3.7440 5.7057
v  0.7156 3.9686 5.9818
v  0.5644 3.9887 5.8511
v  0.7948 3.8755 5.8486
v  0.6661 3.9062 5.6924
v  0.4506 3.9931 6.0050
v  0.6145 3.9768 6.1307
v  0.8068 3.7342 5.7927
v  0.7084 3.7543 5.6097
v  0.3688 3.0208 4.3510
v  0.0036 3.1137 4.1744
v  -0.0287 3.2150 4.3161
v  0.3239 3.1282 4.5097
v  -0.0573 3.3497 4.4688
v  0.2784 3.2683 4.6968
v  0.0362 3.0603 4.0924
v  0.0700 3.0189 4.0311
v  0.4030 2.9681 4.2686
v  0.4283 2.9128 4.2123
v  0.7955 2.8382 4.3876
v  0.7486 2.8497 4.4646
v  0.8887 2.8009 4.5424
v  0.9459 2.8047 4.4576
v  0.8361 2.8535 4.6497
v  0.7038 2.9017 4.5619
v  0.5711 2.9472 4.4743
v  0.5114 3.0498 4.6476
v  0.6344 3.0025 4.7439
v  0.4468 3.1864 4.8561
v  0.5621 3.1437 4.9583
v  0.6112 2.8975 4.3848
v  0.6453 2.8591 4.3192
v  1.0776 2.2625 4.0530
v  1.3587 2.1850 4.1698
v  1.3275 2.0246 4.0250
v  1.0330 2.0932 3.9433
v  0.7599 2.9580 4.8391
v  0.6796 3.1027 5.0598
v  0.6518 2.3848 3.8671
v  0.6218 2.2442 3.7474
v  0.7357 2.1938 3.8139
v  0.7764 2.3478 3.9216
v  1.3740 2.2881 4.2424
v  1.1006 2.3657 4.1098
v  0.8999 2.3109 3.9790
v  0.9265 2.4107 4.0237
v  0.7998 2.4401 3.9648
v  0.8303 2.5256 3.9761
v  0.9613 2.4995 4.0375
v  0.8564 2.1492 3.8727
v  0.4356 2.1510 4.0947
v  0.1292 2.2430 4.0185
v  0.1553 2.0798 3.8970
v  0.4557 1.9763 3.9830
v  0.6840 2.5425 3.9528
v  0.6681 2.4684 3.9174
v  0.8694 1.9656 4.2751
v  0.8881 1.7988 4.1531
v  0.7636 1.8531 4.0984
v  0.7437 2.0214 4.2161
v  0.1135 2.3292 4.0826
v  0.4290 2.2368 4.1584
v  0.4197 2.2828 4.2116
v  0.0982 2.3720 4.1180
v  0.6105 2.1496 4.2335
v  0.6012 2.1790 4.2900
v  0.6161 2.0752 4.1640
v  0.7384 2.0846 4.2927
v  0.7345 2.1055 4.3484
v  0.6341 1.9005 4.0528
v  0.5340 2.6448 4.8912
v  0.6464 2.6176 4.9699
v  0.5421 2.7536 5.1228
v  0.4376 2.7796 5.0344
v  0.6498 2.6947 5.2173
v  0.7641 2.5532 5.0497
v  0.5295 2.9087 5.4171
v  0.4301 2.9529 5.3085
v  0.3327 2.9735 5.2106
v  0.8765 2.0345 4.3476
v  0.8862 2.0640 4.3984
v  0.4203 2.6713 4.8145
v  0.3303 2.8025 4.9491
v  0.2293 2.9870 5.1177
v  0.9295 2.4646 5.1033
v  0.9938 2.4036 5.0071
v  0.8219 2.4854 4.9701
v  0.6995 2.5502 4.8953
v  0.5795 2.5777 4.8223
v  0.7981 2.6130 5.2997
v  0.6650 2.8529 5.5218
v  0.4870 2.8887 4.1141
v  0.1178 2.9868 3.9535
v  0.1793 2.9773 3.8497
v  0.5425 2.8589 3.9938
v  0.4569 2.6037 4.7522
v  1.0346 2.6445 4.0533
v  0.8960 2.6748 3.9914
v  0.9020 2.7815 4.1281
v  1.0412 2.7430 4.1903
v  0.1694 2.8586 3.7792
v  0.5339 2.7412 3.8954
v  0.7658 2.8188 4.0649
v  0.7553 2.6974 3.9436
v  0.8608 2.8353 4.2671
v  0.7074 2.8425 4.2086
v  -0.0242 2.4460 4.3407
v  0.0179 2.4158 4.2470
v  0.2984 2.2847 4.3929
v  0.2569 2.3506 4.4930
v  1.0073 2.7989 4.3320
v  0.7385 2.1245 4.7257
v  0.5849 2.2037 4.6562
v  0.6419 2.1429 4.5361
v  0.7975 2.0721 4.6000
v  0.0667 2.4052 4.1720
v  0.3661 2.2843 4.2952
v  0.5004 2.2191 4.4727
v  0.5612 2.2028 4.3739
v  0.6978 2.1210 4.4316
v  0.4449 2.2781 4.5845
v  0.1219 3.4538 5.6023
v  0.2163 3.4758 5.7038
v  0.2647 3.3777 5.6362
v  0.1732 3.3722 5.5350
v  0.3779 3.3910 5.7340
v  0.3286 3.4939 5.8104
v  0.8537 2.0658 4.4868
v  0.0903 3.3793 5.4240
v  0.0318 3.4432 5.4941
v  0.5086 3.3843 5.8528
v  0.5679 3.1382 5.7141
v  0.4383 3.1656 5.5999
v  0.3365 3.1833 5.4921
v  0.2511 3.2001 5.3848
v  0.4787 3.5094 5.9241
v  0.1989 3.5295 5.0082
v  -0.1229 3.5900 4.6823
v  -0.1344 3.6619 4.7250
v  0.1993 3.6112 5.0662
v  -0.0947 3.4778 4.5953
v  0.2240 3.3992 4.8795
v  0.1581 3.2090 5.2826
v  0.6109 3.2719 5.2643
v  0.4958 3.3005 5.1619
v  0.4739 3.4616 5.2992
v  0.5843 3.4412 5.4011
v  0.3655 3.4834 5.1959
v  0.3719 3.5750 5.2553
v  0.4803 3.5561 5.3529
v  0.3724 3.6550 5.2813
v  0.4834 3.6364 5.3745
v  0.3868 3.3340 5.0561
v  -0.2000 4.3632 6.2076
v  0.0409 4.1867 6.1682
v  -0.0682 4.1842 5.9951
v  -0.2928 4.3513 6.0341
v  0.1492 4.0778 5.9457
v  0.2658 4.0621 6.1175
v  0.0519 4.1014 5.7756
v  -0.1588 4.2008 5.8260
v  -0.3753 4.3520 5.8680
v  0.5824 3.5356 5.4552
v  0.5789 3.6152 5.4797
v  -0.2464 4.2219 5.6578
v  -0.4537 4.3584 5.7016
v  -0.0394 4.1380 5.6022
v  0.3806 4.0163 6.0759
v  0.5451 4.0012 6.2218
v  0.4180 4.0544 6.2941
v  0.1746 4.2058 6.3531
v  -0.0854 4.4039 6.3911
v  -0.4177 3.7773 5.5370
v  -0.6115 3.7182 5.2407
v  -0.6656 3.7897 5.2718
v  -0.4890 3.8487 5.5820
v  -0.6314 4.1653 6.0695
v  -0.4794 4.0156 5.9742
v  -0.4172 4.0341 6.0892
v  -0.5697 4.1889 6.1837
v  -0.2593 3.9200 5.9930
v  -0.3233 3.9036 5.8774
v  -0.2462 3.8261 5.8330
v  -0.3064 3.8139 5.7120
v  -0.3818 3.8912 5.7576
v  -0.7648 3.8798 5.3315
v  -0.8684 3.9814 5.3938
v  -0.6252 3.9619 5.6687
v  -0.7607 4.0982 5.7535
v  -0.5346 4.0068 5.8548
v  -0.6845 4.1525 5.9496
v  -0.1683 3.8489 5.9409
v  -1.1068 4.9883 6.5530
v  -0.9903 4.8980 6.5086
v  -0.8994 5.0003 6.6500
v  -0.9887 5.0860 6.6784
v  -0.8210 4.8901 6.6361
v  -0.8858 4.7827 6.4814
v  -1.2301 4.7677 6.3101
v  -1.1025 4.7154 6.2581
v  -1.0619 4.7902 6.3926
v  -1.1936 4.8649 6.4482
v  -0.9365 4.7146 6.3376
v  -0.9852 4.6618 6.2052
v  -0.7910 4.6529 6.4629
v  -0.7344 4.7460 6.6213
v  -0.9746 4.7512 5.4863
v  -1.0686 4.6195 5.1421
v  -1.0889 4.6919 5.1205
v  -1.0073 4.8226 5.4760
v  -1.0937 4.7729 5.1085
v  -1.0134 4.9096 5.4787
v  -1.1274 4.6710 6.1073
v  -1.0309 4.6140 6.0688
v  -1.2396 4.7088 6.1512
v  -0.8333 4.9106 5.8759
v  -0.8952 4.8437 5.7089
v  -0.9335 4.9139 5.7013
v  -0.8754 4.9818 5.8661
v  -0.9416 5.0010 5.7041
v  -0.8741 5.0675 5.8584
v  -0.8950 4.6534 5.4936
v  -1.0046 4.5362 5.1546
v  -1.0836 5.2141 5.5563
v  -1.2119 4.9566 5.1791
v  -1.3216 4.9911 5.2125
v  -1.2148 5.3079 5.6016
v  -1.1320 4.8775 5.1322
v  -1.0210 5.0623 5.5077
v  -0.8282 5.0468 6.0355
v  -0.7814 4.9724 6.0481
v  -0.8094 5.1334 6.0156
v  -1.4509 5.3618 6.2176
v  -1.4263 5.2037 6.2444
v  -1.3472 5.2832 6.3673
v  -1.3521 5.4199 6.3414
v  -1.3238 5.1508 6.3942
v  -1.3805 5.0575 6.2616
v  -1.2412 5.2407 6.5295
v  -1.2501 5.3574 6.4918
v  -1.4507 5.1269 6.0980
v  -1.4009 4.9772 6.1128
v  -1.4844 5.2822 6.0691
v  -1.1021 5.1806 6.7186
v  -1.1653 5.3117 6.7052
v  -1.1986 5.1080 6.5599
v  -1.2795 5.0049 6.4317
v  -1.3280 4.9010 6.2987
v  -1.1656 5.4264 6.6511
v  -0.5888 4.6643 6.0608
v  -0.7004 4.8316 6.0584
v  -0.6435 4.8822 6.2296
v  -0.5201 4.7017 6.2364
v  -0.6392 4.6406 5.8855
v  -0.7504 4.7859 5.8837
v  -1.3450 4.8216 6.1464
v  -0.8116 4.7326 5.7153
v  -0.7007 4.6085 5.7166
v  -0.3774 4.5342 6.2280
v  -0.2753 4.5813 6.4147
v  -0.4284 4.7547 6.4183
v  -0.5247 4.4986 5.8840
v  -0.4566 4.5106 6.0525
v  -0.5775 4.9392 6.3969
v  -1.0116 4.4060 5.8497
v  -0.9461 4.4949 6.0640
v  -0.8564 4.3756 6.0495
v  -0.9210 4.2998 5.8411
v  -0.8045 4.4196 6.1738
v  -0.8896 4.5475 6.1896
v  -0.5918 4.4885 5.7159
v  -0.8350 4.5984 6.3165
v  -0.7457 4.4697 6.2935
v  -0.8471 4.2055 5.8091
v  -0.9463 4.0715 5.4419
v  -1.0192 4.1538 5.4686
v  -0.7275 4.2983 6.1337
v  -0.7785 4.2705 6.0116
v  -1.1064 4.2339 5.4653
v  -0.6673 4.3354 6.2498
v  0.5721 1.1240 1.6858
v  0.5852 1.1604 1.7716
v  0.7011 1.1478 1.7560
v  0.6844 1.1016 1.6602
v  0.6956 1.1323 1.8601
v  0.5822 1.1551 1.8632
v  0.4737 1.1760 1.7831
v  0.4703 1.1702 1.8643
v  0.4623 1.1508 1.7046
v  0.5477 1.0578 1.6333
v  0.6588 1.0241 1.6035
v  0.4362 1.0918 1.6574
v  0.4509 1.1350 1.9231
v  0.4301 1.1025 1.9822
v  0.5424 1.0696 1.9913
v  0.5655 1.1216 1.9324
v  0.5545 1.1044 2.2081
v  0.4376 1.1445 2.1867
v  0.4527 1.2343 2.3922
v  0.5658 1.1859 2.4166
v  0.6530 1.0412 2.0023
v  0.6377 1.0087 2.0934
v  0.5376 1.0557 2.0799
v  0.6573 1.0615 2.2263
v  0.6765 1.0912 1.9373
v  0.4327 1.1141 2.0616
v  0.6666 1.1311 2.4413
v  0.2590 4.0355 5.9149
v  0.3331 4.0212 5.8536
v  0.1649 4.0735 5.7434
v  0.2443 4.0744 5.6871
v  0.5136 3.7933 5.3608
v  0.6150 3.7749 5.4720
v  0.4735 3.9632 5.4191
v  0.5688 3.9383 5.5512
v  0.1494 4.1099 5.5158
v  0.2672 4.1068 5.4002
v  0.3758 4.0893 5.5506
v  0.3553 3.9698 5.3014
v  0.0691 4.1036 5.5688
v  0.4662 4.0439 5.7046
v  0.3899 3.8037 5.2676
v  -1.2814 5.5627 6.2811
v  -1.1379 5.6252 6.2014
v  -1.2222 5.6041 6.0371
v  -1.3919 5.5384 6.1372
v  -1.4382 5.4367 5.9871
v  -1.2924 5.5015 5.8941
v  -1.1247 5.4686 5.8204
v  -1.0459 5.5490 5.9613
v  -0.9110 5.4149 5.9063
v  -0.9959 5.3388 5.7757
v  -0.8451 5.4699 6.0598
v  -0.9765 5.5949 6.1213
v  -0.8125 5.2858 6.0305
v  -0.8811 5.2253 5.8790
v  -0.9462 5.1636 5.7315
v  0.0566 5.5722 8.2179
v  0.1069 5.6147 8.2459
v  -0.1232 5.9297 8.3746
v  -0.1518 5.8489 8.2915
v  -0.3654 6.0239 8.3946
v  -0.3912 5.9730 8.3120
v  -0.2877 5.9493 8.3157
v  -0.2640 5.9979 8.4001
v  -0.5145 6.1916 8.3227
v  -0.5483 6.1429 8.2338
v  -0.4953 6.0400 8.2876
v  -0.4639 6.0904 8.3713
v  -0.5239 6.2963 8.2717
v  -0.5579 6.2465 8.1796
v  -0.5144 6.3443 8.1222
v  -0.4815 6.3964 8.2165
v  -0.3750 6.4659 8.1640
v  -0.4038 6.4079 8.0691
v  -0.2837 6.4379 8.0177
v  -0.2506 6.4885 8.1160
v  -0.0694 6.3784 8.0388
v  -0.1152 6.3295 7.9441
v  -0.1847 6.4121 7.9650
v  -0.1463 6.4591 8.0646
v  -0.0331 6.2759 8.0609
v  -0.0738 6.2279 7.9686
v  -0.0617 6.1323 8.0192
v  -0.0211 6.1832 8.1088
v  0.0558 5.9391 8.0681
v  0.2419 5.6450 8.0444
v  0.3086 5.6879 8.1748
v  0.1069 6.0214 8.2032
v  0.0248 6.1257 8.1477
v  -0.0216 6.0729 8.0508
v  0.2044 5.6469 8.2624
v  0.0353 5.9444 8.3371
v  -0.3057 6.1766 8.6081
v  -0.3425 6.0937 8.5024
v  -0.2425 6.0684 8.4991
v  -0.2158 6.1456 8.6005
v  -0.1394 6.0604 8.4822
v  -0.1236 6.1408 8.5671
v  -0.3741 6.2417 8.5999
v  -0.4255 6.1639 8.4845
v  -0.4706 6.2618 8.4504
v  -0.4141 6.3293 8.5827
v  -0.4100 6.4310 8.5558
v  -0.4721 6.3683 8.4100
v  -0.4229 6.4652 8.3657
v  -0.3599 6.5228 8.5251
v  -0.2727 6.5796 8.5011
v  -0.3249 6.5285 8.3270
v  -0.1696 6.5935 8.4744
v  -0.2104 6.5415 8.2907
v  -0.0059 6.4824 8.3967
v  -0.0225 6.4452 8.2052
v  -0.1073 6.5137 8.2420
v  -0.0743 6.5524 8.4343
v  -0.2547 6.2430 8.7074
v  -0.3203 6.2941 8.7052
v  -0.2602 6.3578 8.7707
v  -0.1942 6.3234 8.7774
v  -0.3081 6.3929 8.7456
v  -0.3585 6.3686 8.6923
v  -0.2911 6.4597 8.7511
v  -0.3575 6.4579 8.6749
v  -0.2724 6.5231 8.7210
v  -0.3118 6.5394 8.6531
v  0.0235 6.3333 8.3776
v  0.0224 6.2631 8.2353
v  0.0118 6.3500 8.2090
v  0.0270 6.4076 8.3767
v  -0.2061 6.5482 8.7369
v  -0.2309 6.5909 8.6371
v  -0.1174 6.5496 8.7238
v  -0.1321 6.6058 8.6170
v  -0.1393 6.4433 8.7933
v  -0.2178 6.4565 8.7892
v  -0.0415 6.3087 8.6986
v  -0.0198 6.4040 8.7108
v  -0.0690 6.4226 8.7635
v  -0.1197 6.3113 8.7559
v  -0.0377 6.5221 8.6968
v  0.0148 6.4762 8.6565
v  -0.0444 6.5641 8.5815
v  0.0137 6.4995 8.5433
v  -0.0179 6.2165 8.4295
v  -0.0547 6.1642 8.4928
v  -0.0322 6.0864 8.4158
v  0.0286 6.1427 8.3220
v  -0.0958 6.2205 8.6492
v  -0.1711 6.2198 8.6959
v  0.0052 6.2716 8.3934
v  0.0301 6.3809 8.5821
v  0.0076 6.3520 8.6271
v  0.0107 6.3160 8.5255
v  0.0336 6.3694 8.4988
v  -0.0195 6.2653 8.5621
v  -0.0517 6.2174 8.5781
v  0.0067 6.3952 8.6649
v  0.0308 6.4251 8.6096
v  0.0370 6.4320 8.5104
v  -0.8490 0.3498 0.9234
v  -0.9074 0.3764 0.8877
v  -0.9079 0.2343 0.7783
v  -0.8513 0.2069 0.7903
v  -0.9631 0.2437 0.7905
v  -0.9878 0.3744 0.8730
v  -0.7911 0.3149 0.9595
v  -0.7861 0.1765 0.8129
v  -0.7053 0.1459 0.8487
v  -0.7306 0.2620 1.0125
v  -0.8505 0.0221 0.6448
v  -0.7760 -0.0227 0.6367
v  -0.7800 0.0712 0.7107
v  -0.8514 0.1045 0.7050
v  -0.6901 0.0448 0.7328
v  -0.6786 -0.0515 0.6456
v  -0.8523 -0.0687 0.5949
v  -0.7737 -0.1270 0.5772
v  -0.6683 -0.1526 0.5648
v  -0.4319 0.2926 1.0202
v  -0.6192 0.2168 1.0694
v  -0.5900 0.1086 0.9014
v  -0.4166 0.1981 0.8415
v  -0.5652 0.0310 0.7697
v  -0.3999 0.1335 0.7070
v  -0.5453 -0.0324 0.6592
v  -0.3837 0.0710 0.5968
v  -0.5318 -0.0975 0.5459
v  -0.3675 0.0062 0.4839
v  -0.5191 -0.1631 0.4377
v  -0.3538 -0.0665 0.3765
v  -0.1736 0.2329 0.9827
v  0.0777 0.1218 0.9538
v  -0.1790 0.1207 0.8145
v  0.0528 0.0144 0.7815
v  -0.1737 0.0405 0.6919
v  0.0456 -0.0622 0.6595
v  -0.1628 -0.0242 0.5911
v  0.0484 -0.1196 0.5607
v  -0.1499 -0.0854 0.4867
v  -0.1392 -0.1334 0.3901
v  0.0529 -0.1720 0.4591
v  0.0525 -0.2132 0.3688
v  0.2434 0.0303 0.9430
v  0.3498 -0.0458 0.9463
v  0.2129 -0.0646 0.7619
v  0.3199 -0.1313 0.7576
v  0.2002 -0.1335 0.6371
v  0.3046 -0.1943 0.6294
v  0.1974 -0.1866 0.5391
v  0.2969 -0.2452 0.5314
v  0.1949 -0.2376 0.4401
v  0.1868 -0.2767 0.3523
v  0.2883 -0.2963 0.4340
v  0.2751 -0.3354 0.3469
v  0.6690 -0.5418 0.4211
v  0.7359 -0.5791 0.4083
v  0.7636 -0.5462 0.5074
v  0.6975 -0.5077 0.5237
v  0.6385 -0.5813 0.3257
v  0.7074 -0.6172 0.3177
v  0.8049 -0.6149 0.3937
v  0.7782 -0.6513 0.3094
v  0.8320 -0.5825 0.4892
v  0.7603 -0.4435 0.7681
v  0.8309 -0.4886 0.7485
v  0.9139 -0.4367 0.9685
v  0.8257 -0.3818 0.9830
v  0.9044 -0.5285 0.7261
v  1.0033 -0.4831 0.9477
v  0.7886 -0.5192 0.6074
v  0.7235 -0.4789 0.6267
v  0.8568 -0.5564 0.5863
v  0.7269 -0.3146 0.9871
v  0.6757 -0.3874 0.7782
v  0.6317 -0.2493 0.9846
v  0.5914 -0.3292 0.7804
v  1.1047 -0.5942 0.6840
v  1.2140 -0.5424 0.8908
v  1.1083 -0.5226 0.9227
v  1.0000 -0.5664 0.7057
v  1.2868 -0.5750 0.6206
v  1.3617 -0.5013 0.8109
v  1.3012 -0.5310 0.8512
v  1.2065 -0.5996 0.6558
v  0.9466 -0.5934 0.5682
v  1.0463 -0.6237 0.5507
v  0.9181 -0.6194 0.4725
v  1.0118 -0.6503 0.4565
v  0.8880 -0.6520 0.3783
v  0.8603 -0.6872 0.2990
v  0.9438 -0.7179 0.2886
v  0.9763 -0.6836 0.3637
v  1.4228 -0.4459 0.7420
v  1.3984 -0.4735 0.7749
v  1.3346 -0.5448 0.5858
v  1.3671 -0.5154 0.5543
v  1.1467 -0.6382 0.5300
v  1.2314 -0.6235 0.5001
v  1.1050 -0.6685 0.4401
v  1.1855 -0.6599 0.4139
v  1.0633 -0.7043 0.3513
v  1.0199 -0.7383 0.2817
v  1.0914 -0.7376 0.2478
v  1.1390 -0.6968 0.3267
v  1.2848 -0.5956 0.4653
v  1.3216 -0.5642 0.4302
v  1.2383 -0.6323 0.3784
v  1.2739 -0.5991 0.3394
v  1.1892 -0.6670 0.2906
v  1.1423 -0.6994 0.2110
v  1.2227 -0.6308 0.2491
v  1.1766 -0.6615 0.1683
v  1.4360 -0.3990 0.7079
v  1.3810 -0.3712 0.6994
v  1.3802 -0.4628 0.5253
v  1.3217 -0.4312 0.5212
v  1.3369 -0.5067 0.3969
v  1.2807 -0.4666 0.3878
v  1.2908 -0.5438 0.2981
v  1.2463 -0.4951 0.2776
v  1.2397 -0.5789 0.2015
v  1.2009 -0.6126 0.1171
v  1.2104 -0.5272 0.1671
v  1.1846 -0.5624 0.0728
v  0.8778 -0.2705 0.5981
v  1.0420 -0.3436 0.6434
v  1.0075 -0.3880 0.4442
v  0.8451 -0.3175 0.3994
v  1.1855 -0.3722 0.6827
v  1.1444 -0.4199 0.4891
v  1.3014 -0.3761 0.6968
v  1.2480 -0.4296 0.5126
v  1.2145 -0.4584 0.3758
v  1.1206 -0.4458 0.3488
v  1.1887 -0.4818 0.2636
v  1.1021 -0.4709 0.2367
v  1.1619 -0.5105 0.1503
v  1.1406 -0.5478 0.0520
v  1.0812 -0.5033 0.1245
v  1.0614 -0.5447 0.0272
v  0.5094 -0.0297 0.3600
v  0.5403 0.0324 0.5442
v  0.6966 -0.1320 0.5667
v  0.6675 -0.1851 0.3733
v  0.9842 -0.4178 0.2999
v  0.8216 -0.3484 0.2514
v  0.9629 -0.4476 0.1840
v  0.7950 -0.3833 0.1324
v  0.9365 -0.4894 0.0708
v  0.9122 -0.5375 -0.0241
v  0.7641 -0.4259 0.0148
v  0.7414 -0.4657 -0.0845
v  0.6467 -0.2217 0.2284
v  0.4872 -0.0746 0.2225
v  0.6220 -0.2600 0.1111
v  0.4640 -0.1166 0.1097
v  0.5965 -0.2993 -0.0082
v  0.5803 -0.3305 -0.1111
v  0.4423 -0.1693 -0.1144
v  0.4459 -0.1517 -0.0091
v  0.4251 0.1631 0.5385
v  0.3308 0.2580 0.5461
v  0.3857 0.0929 0.3637
v  0.2839 0.1812 0.3791
v  0.3594 0.0451 0.2310
v  0.2567 0.1361 0.2467
v  0.3380 0.0069 0.1188
v  0.2391 0.1059 0.1324
v  0.1212 0.2837 0.4145
v  0.1675 0.3682 0.5766
v  0.2462 0.3213 0.5596
v  0.1986 0.2405 0.3960
v  0.3179 -0.0283 0.0026
v  0.3043 -0.0506 -0.0991
v  0.2187 0.0702 -0.0854
v  0.2252 0.0799 0.0158
v  -0.3509 0.7779 0.5235
v  -0.4913 0.8307 0.5060
v  -0.2432 0.6739 0.5661
v  -0.2614 0.5905 0.4023
v  -0.3759 0.6871 0.3665
v  -0.5218 0.7328 0.3650
v  -0.4506 0.4352 -0.0144
v  -0.4361 0.4871 0.0673
v  -0.3014 0.4262 0.0774
v  -0.3111 0.3809 -0.0088
v  -0.6194 0.4799 -0.0003
v  -0.5896 0.5361 0.0922
v  -0.4181 0.5486 0.1614
v  -0.5666 0.6037 0.1679
v  -0.2890 0.4761 0.1794
v  -0.5456 0.6625 0.2580
v  -0.3987 0.6122 0.2541
v  -0.2766 0.5272 0.2808
v  -0.6666 0.8224 0.5249
v  -0.7927 0.7124 0.6169
v  -0.6900 0.7296 0.4150
v  -0.8169 0.6411 0.5163
v  -0.8425 0.6177 0.4220
v  -0.7056 0.6592 0.3315
v  -0.7246 0.6025 0.2535
v  -0.8625 0.5787 0.3486
v  -0.7460 0.5479 0.1799
v  -0.7773 0.4988 0.1106
v  -0.9106 0.4949 0.2128
v  -0.8845 0.5389 0.2786
v  -0.9366 0.7184 0.6370
v  -1.0417 0.7090 0.6681
v  -0.9602 0.6597 0.5484
v  -1.0576 0.6476 0.5920
v  -0.9761 0.6181 0.4781
v  -1.0657 0.6032 0.5238
v  -0.9892 0.5804 0.4158
v  -1.0738 0.5689 0.4573
v  -1.0478 0.5557 0.6599
v  -1.0286 0.6004 0.7456
v  -1.0650 0.6524 0.7134
v  -1.0721 0.5978 0.6341
v  -1.0048 0.5417 0.3535
v  -1.0200 0.5009 0.2926
v  -1.0935 0.5058 0.3279
v  -1.0842 0.5344 0.3904
v  -0.9095 0.0629 0.6605
v  -0.9114 -0.0159 0.6151
v  -0.9591 0.0243 0.6507
v  -0.9592 0.0895 0.6927
v  -0.9095 0.1372 0.7090
v  -0.9610 0.1533 0.7392
v  -1.0930 0.4799 0.5080
v  -1.0966 0.5258 0.4881
v  -1.1120 0.4933 0.4158
v  -1.1154 0.4437 0.4326
v  -1.1245 0.4705 0.3501
v  -1.1367 0.4316 0.3678
v  -0.9902 0.4603 0.7176
v  -0.9817 0.4994 0.8094
v  -0.9923 0.5642 0.7822
v  -1.0096 0.5189 0.6882
v  -1.0698 0.5164 0.5824
v  -1.0832 0.5581 0.5600
v  -1.0296 0.4727 0.6040
v  -1.0040 0.4126 0.6347
v  -1.0540 0.4251 0.5257
v  -1.0223 0.3600 0.5564
v  -1.0800 0.3769 0.4462
v  -1.1186 0.3636 0.3866
v  -1.0449 0.3060 0.4775
v  -0.9957 0.1304 0.6866
v  -0.9920 0.0741 0.6441
v  -1.0127 0.1201 0.6300
v  -1.0102 0.1707 0.6668
v  -1.0060 0.2811 0.7259
v  -0.9910 0.3713 0.7290
v  -1.0000 0.3366 0.6648
v  -1.0068 0.2683 0.6838
v  -1.0142 0.2926 0.6011
v  -1.0147 0.2356 0.6386
v  -1.0319 0.2475 0.5381
v  -1.0257 0.2002 0.5925
v  -0.9995 0.3853 0.8009
v  -1.0055 0.2653 0.7723
v  -0.9978 0.1882 0.7293
v  -1.0097 0.2192 0.7036
v  -1.0142 0.1980 0.6533
v  -1.0095 0.2285 0.6832
v  -1.0209 0.1600 0.6178
v  0.4268 -0.1033 0.9556
v  0.4908 -0.1504 0.9669
v  0.3963 -0.1857 0.7619
v  0.4587 -0.2324 0.7695
v  0.3779 -0.2465 0.6316
v  0.4379 -0.2902 0.6365
v  0.3669 -0.2937 0.5318
v  0.4236 -0.3339 0.5350
v  0.5213 -0.2789 0.7766
v  0.5562 -0.1968 0.9772
v  0.3541 -0.3418 0.4337
v  0.3367 -0.3805 0.3449
v  0.4069 -0.3790 0.4354
v  0.3857 -0.4174 0.3438
v  0.4908 -0.4933 0.3401
v  0.5624 -0.5382 0.3340
v  0.5927 -0.4981 0.4306
v  0.5190 -0.4538 0.4360
v  0.6195 -0.4616 0.5340
v  0.5428 -0.4140 0.5386
v  0.4798 -0.3728 0.5380
v  0.4596 -0.4151 0.4368
v  0.4345 -0.4540 0.3428
v  -0.1251 0.5662 0.5946
v  -0.1585 0.4750 0.4351
v  -0.0001 0.4849 0.5975
v  -0.0430 0.3932 0.4393
v  0.6440 -0.4297 0.6382
v  0.5645 -0.3781 0.6425
v  0.4979 -0.3329 0.6410
v  0.0907 0.4196 0.5912
v  0.0449 0.3306 0.4315
v  -0.1806 0.3783 0.1987
v  -0.1735 0.4178 0.3085
v  -0.0664 0.3344 0.3130
v  -0.0802 0.2942 0.2026
v  -0.0944 0.2577 0.0909
v  -0.1871 0.3441 0.0882
v  -0.1901 0.3167 -0.0063
v  -0.0966 0.2408 -0.0109
v  0.0786 0.2032 0.0415
v  0.0411 0.1307 -0.0502
v  -0.0018 0.2208 -0.0315
v  0.0023 0.2352 0.0652
v  0.0114 0.2548 0.1829
v  0.0866 0.2181 0.1613
v  0.1593 0.1729 0.1454
v  0.1492 0.1532 0.0274
v  0.1481 0.1526 -0.0725
v  0.0230 0.2829 0.2991
v  0.0995 0.2431 0.2789
v  0.1747 0.1998 0.2614
v  0.0349 6.1983 8.2673
# 3464 vertices

vn -0.7327 -0.3407 -0.5891
vn -0.7390 -0.3616 -0.5685
vn -0.8540 -0.2467 -0.4580
vn -0.8600 -0.2455 -0.4474
vn -0.8246 -0.2896 -0.4859
vn -0.7659 -0.3280 -0.5531
vn -0.8094 -0.2925 -0.5093
vn -0.8268 -0.2637 -0.4969
vn -0.7748 -0.3818 -0.5039
vn -0.7647 -0.3157 -0.5617
vn -0.7971 -0.3004 -0.5239
vn -0.8240 -0.2885 -0.4876
vn -0.8269 -0.2833 -0.4857
vn -0.7568 -0.3281 -0.5653
vn -0.7447 -0.3392 -0.5748
vn 0.0297 -0.5121 -0.8584
vn -0.0786 -0.2545 -0.9639
vn -0.3443 -0.4386 -0.8301
vn -0.3252 -0.4926 -0.8072
vn -0.2500 -0.1875 -0.9499
vn -0.4141 -0.4316 -0.8014
vn 0.0697 -0.5246 -0.8485
vn -0.2908 -0.5137 -0.8072
vn -0.1597 -0.5529 -0.8178
vn 0.1356 -0.4763 -0.8687
vn -0.4286 -0.5549 -0.7130
vn -0.3456 -0.5057 -0.7905
vn -0.4096 -0.5238 -0.7469
vn -0.4979 -0.5601 -0.6622
vn -0.3250 -0.4860 -0.8113
vn -0.3197 -0.4759 -0.8193
vn -0.3473 -0.5061 -0.7895
vn -0.4653 -0.5123 -0.7219
vn -0.5518 -0.5054 -0.6634
vn -0.1765 -0.5023 -0.8465
vn -0.1470 -0.5085 -0.8484
vn -0.1571 -0.4443 -0.8820
vn 0.6656 0.4047 0.6271
vn 0.6558 0.4237 0.6248
vn 0.7207 0.3784 0.5809
vn 0.6189 0.4282 0.6585
vn 0.3777 0.5421 0.7506
vn 0.2300 0.5811 0.7806
vn 0.5113 0.5092 0.6923
vn 0.7451 0.3684 0.5559
vn 0.5678 0.4516 0.6882
vn 0.3550 0.6773 0.6443
vn 0.3816 0.5552 0.7390
vn 0.4274 0.5517 0.7162
vn 0.3599 0.6566 0.6628
vn 0.4646 0.4896 0.7378
vn 0.3867 0.4892 0.7818
vn 0.5412 0.5086 0.6697
vn 0.5292 0.5743 0.6247
vn 0.6229 0.6718 0.4008
vn 0.7534 0.5637 0.3386
vn 0.7359 0.4839 0.4736
vn 0.6129 0.5719 0.5453
vn -0.3596 0.6109 0.7053
vn -0.1207 0.5905 0.7979
vn -0.2513 0.5674 0.7841
vn -0.4457 0.5857 0.6770
vn -0.3697 0.5394 0.7565
vn -0.4750 0.5635 0.6759
vn -0.7768 -0.4402 -0.4504
vn -0.5143 -0.6964 -0.5005
vn -0.4657 -0.6621 -0.5871
vn -0.7387 -0.4312 -0.5180
vn -0.3274 -0.7468 -0.5788
vn -0.3661 -0.7899 -0.4919
vn -0.2824 -0.6780 -0.6786
vn -0.4956 -0.5513 -0.6712
vn -0.7343 -0.3448 -0.5847
vn -0.3245 -0.3938 -0.8600
vn -0.4229 -0.4737 -0.7725
vn -0.3852 -0.5967 -0.7040
vn -0.2609 -0.6392 -0.7235
vn -0.6585 -0.4281 -0.6189
vn -0.7307 -0.3673 -0.5755
vn 0.0228 -0.9466 -0.3215
vn -0.0990 -0.8724 -0.4787
vn -0.2802 -0.7293 -0.6242
vn -0.1293 -0.8327 -0.5384
vn -0.3959 -0.7135 -0.5781
vn -0.5386 -0.5727 -0.6180
vn -0.7983 -0.2350 -0.5546
vn -0.8100 -0.2691 -0.5210
vn -0.7500 -0.3105 -0.5840
vn -0.7786 -0.2846 -0.5593
vn -0.7575 -0.3188 -0.5697
vn -0.8091 -0.2576 -0.5282
vn -0.6863 -0.4307 -0.5861
vn -0.8205 -0.2688 -0.5045
vn -0.2299 -0.0591 -0.9714
vn -0.3624 -0.1370 -0.9219
vn -0.3647 0.1654 -0.9163
vn -0.3100 0.1024 -0.9452
vn -0.3459 -0.3304 -0.8782
vn -0.3696 -0.2107 -0.9050
vn -0.2638 -0.7555 -0.5997
vn -0.2479 -0.7896 -0.5613
vn -0.0940 -0.9682 -0.2317
vn -0.1239 -0.9763 -0.1776
vn -0.1153 -0.9837 -0.1381
vn -0.0120 -0.9940 -0.1084
vn -0.4016 -0.2463 -0.8821
vn -0.4427 -0.3242 -0.8360
vn -0.4883 0.1326 -0.8625
vn -0.4526 0.1658 -0.8762
vn 0.5007 0.6788 -0.5371
vn 0.8436 0.4175 -0.3377
vn 0.5963 -0.0225 -0.8024
vn 0.2740 0.2751 -0.9216
vn 0.7049 -0.2489 -0.6643
vn 0.9723 0.1751 -0.1547
vn 0.2403 -0.5367 -0.8088
vn 0.0873 -0.3340 -0.9385
vn -0.0380 -0.0595 -0.9975
vn 0.6720 -0.7327 -0.1077
vn 0.5569 -0.7157 -0.4215
vn 0.3852 -0.6724 -0.6320
vn 0.7565 -0.5245 -0.3906
vn 0.9799 -0.1776 0.0912
vn 0.8244 -0.5023 0.2610
vn 0.2299 0.9475 -0.2224
vn 0.1497 0.7679 -0.6228
vn 0.4591 0.4712 -0.7532
vn 0.2564 0.9512 0.1718
vn 0.5879 0.7286 -0.3514
vn 0.3549 0.9005 0.2513
vn 0.1596 0.9548 0.2506
vn 0.3731 0.9243 -0.0806
vn 0.6202 0.6752 0.3992
vn 0.7027 0.6905 0.1717
vn 0.6024 0.5765 0.5520
vn 0.6747 0.6695 0.3107
vn 0.4190 0.8934 0.1619
vn 0.4725 0.8137 0.3387
vn -0.1705 -0.6835 -0.7098
vn -0.2454 -0.4858 -0.8389
vn -0.3500 -0.4592 -0.8165
vn -0.2902 -0.6917 -0.6613
vn -0.3273 -0.2012 -0.9233
vn -0.2210 -0.2582 -0.9405
vn -0.3697 -0.4426 -0.8170
vn -0.3777 -0.1147 -0.9188
vn -0.3266 -0.6822 -0.6542
vn -0.2390 -0.3362 -0.9110
vn -0.2201 -0.3908 -0.8938
vn -0.1148 -0.7305 -0.6732
vn -0.1749 -0.6580 -0.7325
vn -0.0471 -0.7802 -0.6238
vn -0.2266 -0.3325 -0.9155
vn 0.4643 0.6480 0.6037
vn 0.1757 0.9744 0.1400
vn 0.1727 0.9777 0.1195
vn 0.4627 0.6843 0.5636
vn 0.1583 0.9794 0.1250
vn 0.1761 0.9744 0.1394
vn 0.0374 0.9966 0.0730
vn 0.0715 0.9523 0.2968
vn 0.2536 0.6560 0.7109
vn 0.5472 -0.4513 0.7049
vn 0.5902 0.0124 0.8072
vn 0.6334 0.0197 0.7736
vn 0.5989 -0.4650 0.6520
vn 0.4390 0.0849 0.8945
vn 0.4806 -0.4180 0.7709
vn 0.5271 -0.4928 0.6924
vn 0.6043 -0.4263 0.6731
vn 0.5422 -0.6623 0.5170
vn 0.4570 -0.6457 0.6117
vn 0.5347 -0.3507 0.7689
vn 0.4834 -0.6474 0.5892
vn 0.5901 0.4329 0.6814
vn 0.6751 0.4635 0.5739
vn 0.6603 0.2670 0.7020
vn 0.6034 0.2967 0.7402
vn 0.5427 0.3430 0.7667
vn 0.5087 0.6729 0.5371
vn 0.5342 -0.2758 0.7991
vn 0.5405 0.0444 0.8402
vn 0.6669 0.1167 0.7359
vn 0.7081 -0.0453 0.7047
vn 0.6638 0.2327 0.7108
vn 0.7350 0.1690 0.6566
vn -0.7909 -0.3034 -0.5315
vn -0.5306 -0.5772 -0.6208
vn -0.5467 -0.6411 -0.5385
vn -0.8202 -0.3599 -0.4446
vn -0.2955 -0.7734 -0.5608
vn -0.2454 -0.7459 -0.6192
vn -0.1771 -0.7630 -0.6216
vn -0.2390 -0.7668 -0.5957
vn -0.3332 -0.6808 -0.6523
vn -0.2837 -0.6858 -0.6703
vn -0.4416 -0.6902 -0.5732
vn -0.3716 -0.7758 -0.5100
vn -0.4425 -0.5611 -0.6996
vn -0.4727 -0.5586 -0.6816
vn -0.5371 -0.4746 -0.6974
vn -0.4921 -0.4800 -0.7263
vn -0.5665 -0.4925 -0.6607
vn -0.5076 -0.5618 -0.6533
vn -0.4401 -0.4517 -0.7760
vn -0.4756 -0.4478 -0.7571
vn -0.4528 -0.4371 -0.7772
vn -0.4402 -0.4377 -0.7840
vn -0.4736 -0.4928 -0.7300
vn -0.5154 -0.4940 -0.7003
vn 0.4686 0.4003 0.7875
vn 0.8284 0.4931 0.2659
vn 0.9556 0.2732 -0.1105
vn 0.9141 0.3671 0.1722
vn 0.6423 0.3468 0.6836
vn 0.4021 0.4352 0.8056
vn 0.4026 0.2895 0.8684
vn 0.5909 0.5970 0.5426
vn 0.5418 0.3993 0.7396
vn 0.4212 0.4580 0.7829
vn 0.4742 0.4526 0.7551
vn 0.5900 0.4307 0.6830
vn 0.4276 0.4724 0.7707
vn 0.4132 0.4675 0.7815
vn 0.4393 0.5080 0.7409
vn 0.4661 0.5218 0.7145
vn 0.5346 0.5604 0.6326
vn 0.8037 0.2849 0.5224
vn 0.7793 0.3249 0.5358
vn 0.5920 0.4987 0.6331
vn 0.6213 0.4683 0.6282
vn 0.5915 0.5201 0.6161
vn 0.7604 0.3529 0.5452
vn 0.5784 0.5208 0.6279
vn 0.5523 0.5184 0.6528
vn 0.5566 0.5299 0.6399
vn -0.3885 -0.5341 -0.7509
vn -0.3834 -0.3872 -0.8385
vn -0.4125 -0.3589 -0.8373
vn -0.4151 -0.5407 -0.7317
vn -0.3250 -0.2851 -0.9017
vn -0.2380 -0.3446 -0.9081
vn -0.4434 -0.2374 -0.8643
vn -0.4435 -0.3539 -0.8234
vn -0.4329 -0.5297 -0.7294
vn 0.1425 0.7577 0.6368
vn 0.1890 0.7809 0.5954
vn 0.7069 0.3875 0.5917
vn 0.6862 0.3870 0.6159
vn 0.7418 0.3828 0.5506
vn 0.2012 0.7854 0.5854
vn 0.6944 -0.1468 0.7045
vn 0.7437 -0.2240 0.6298
vn 0.8114 -0.3663 0.4556
vn 0.7743 -0.3034 0.5553
vn 0.9123 -0.0812 0.4013
vn 0.7965 -0.0544 0.6021
vn 0.8330 -0.5108 0.2126
vn 0.9863 -0.1568 0.0515
vn -0.0337 -0.8992 -0.4362
vn -0.0347 -0.9146 -0.4029
vn -0.0834 -0.8822 -0.4635
vn -0.0471 -0.8846 -0.4640
vn -0.0002 -0.9633 -0.2683
vn -0.1604 -0.8612 -0.4822
vn 0.7913 -0.1822 0.5836
vn 0.7192 0.0881 0.6892
vn 0.7226 -0.1698 0.6701
vn 0.7975 -0.0809 0.5978
vn 0.5698 -0.2352 0.7874
vn 0.5944 0.0667 0.8014
vn 0.8273 0.1782 0.5327
vn 0.8231 0.2372 0.5159
vn 0.6618 0.3927 0.6385
vn 0.6841 0.2638 0.6801
vn 0.5747 0.4564 0.6793
vn 0.6041 0.3014 0.7377
vn -0.2288 -0.8526 -0.4698
vn -0.5994 -0.6109 -0.5172
vn -0.6367 -0.5649 -0.5249
vn -0.2662 -0.8293 -0.4913
vn -0.8131 -0.3066 -0.4948
vn -0.7992 -0.3164 -0.5110
vn -0.5557 -0.5855 -0.5903
vn -0.2256 -0.8022 -0.5527
vn -0.7883 -0.3023 -0.5359
vn -0.0556 -0.8565 -0.5132
vn 0.0116 -0.9046 -0.4262
vn 0.0256 -0.9274 -0.3731
vn 0.0521 -0.9511 -0.3043
vn -0.0914 -0.8358 -0.5414
vn -0.1861 -0.7459 -0.6395
vn -0.1193 -0.9339 -0.3369
vn -0.2476 -0.8173 -0.5204
vn -0.3677 -0.5286 -0.7651
vn -0.2958 -0.7109 -0.6381
vn -0.4018 -0.5688 -0.7176
vn -0.4447 -0.4733 -0.7604
vn -0.3742 -0.5435 -0.7514
vn -0.3668 -0.5067 -0.7802
vn -0.3404 -0.7849 -0.5177
vn -0.3297 -0.8582 -0.3935
vn -0.2663 -0.9435 -0.1974
vn -0.2729 -0.9582 -0.0858
vn -0.4077 -0.4365 -0.8021
vn -0.3997 -0.3974 -0.8260
vn 0.7944 0.3159 0.5188
vn 0.8588 0.3525 0.3718
vn 0.9028 0.2507 0.3495
vn 0.8068 0.2304 0.5440
vn 0.9762 0.1970 -0.0902
vn 0.9481 0.2893 -0.1320
vn 0.8636 0.3249 0.3856
vn 0.6206 0.3034 0.7230
vn 0.9479 0.2793 -0.1532
vn 0.5306 0.0315 0.8470
vn 0.5501 0.0936 0.8299
vn 0.4752 0.3384 0.8122
vn 0.4883 0.3392 0.8040
vn 0.4395 0.3465 0.8287
vn 0.4942 0.1771 0.8511
vn 0.4476 0.3997 0.7999
vn 0.4196 0.4058 0.8120
vn 0.4488 0.3795 0.8091
vn 0.6975 0.1950 0.6896
vn 0.8009 0.0131 0.5987
vn 0.6066 0.1546 0.7799
vn 0.6867 0.3757 0.6223
vn 0.6846 0.3531 0.6377
vn 0.0327 0.7090 0.7045
vn 0.0791 0.7198 0.6896
vn 0.5587 -0.2924 -0.7761
vn 0.3746 0.0043 -0.9272
vn 0.6650 0.2073 -0.7175
vn 0.7197 -0.1650 -0.6744
vn 0.4220 0.5948 -0.6842
vn 0.2675 0.3861 -0.8828
vn 0.5932 0.6025 -0.5340
vn 0.7643 0.2654 -0.5878
vn 0.7865 -0.0745 -0.6131
vn -0.8921 -0.2488 0.3772
vn -0.8486 -0.1139 0.5167
vn -0.8906 0.2753 0.3619
vn -0.9889 -0.1092 0.1012
vn -0.7787 0.4596 0.4270
vn -0.8275 -0.0019 0.5614
vn -0.4034 0.9118 0.0762
vn -0.6828 0.7247 -0.0924
vn -0.9099 0.2072 -0.3594
vn -0.6202 -0.7112 0.3308
vn -0.5750 -0.6793 0.4560
vn -0.7516 -0.3953 0.5280
vn -0.8160 -0.4843 0.3157
vn -0.7331 -0.3558 0.5797
vn -0.5672 -0.6504 0.5052
vn 0.6903 -0.4497 -0.5667
vn 0.5578 -0.5613 -0.6113
vn 0.1782 -0.9308 -0.3191
vn 0.2657 -0.9357 -0.2321
vn -0.0941 -0.8876 -0.4509
vn 0.2813 -0.6299 -0.7240
vn 0.7301 0.2183 -0.6476
vn 0.7005 -0.1261 -0.7024
vn 0.6104 0.5638 -0.5563
vn 0.4190 0.4947 -0.7614
vn 0.4103 0.1184 -0.9042
vn 0.1989 -0.2812 -0.9388
vn 0.3664 0.8242 -0.4317
vn 0.1960 0.9189 -0.3425
vn 0.2889 0.7484 -0.5970
vn -0.1688 0.9825 -0.0787
vn 0.0301 0.9813 -0.1899
vn -0.7200 0.1266 0.6823
vn -0.6203 0.6572 0.4282
vn -0.2600 0.8541 0.4505
vn -0.3706 0.3497 0.8605
vn -0.4870 -0.6264 0.6086
vn -0.6262 -0.3150 0.7132
vn -0.3549 -0.1655 0.9201
vn -0.2768 -0.5754 0.7696
vn -0.2921 -0.9133 0.2838
vn -0.2867 -0.8850 0.3670
vn 0.0397 -0.9840 -0.1735
vn -0.1105 -0.9876 0.1118
vn -0.2000 -0.8359 0.5112
vn 0.0156 -0.8244 -0.5658
vn 0.4834 -0.5444 -0.6855
vn -0.0012 0.0188 -0.9998
vn -0.0817 -0.4783 -0.8744
vn 0.1001 0.3973 -0.9122
vn -0.0157 0.3330 -0.9428
vn -0.0846 -0.0675 -0.9941
vn -0.1804 -0.5883 -0.7883
vn 0.1444 0.7436 -0.6528
vn 0.1763 0.9577 -0.2273
vn 0.1804 0.9673 -0.1782
vn 0.0477 0.7651 -0.6421
vn 0.0663 0.5223 0.8502
vn 0.1288 0.9170 0.3776
vn 0.2431 0.9096 0.3370
vn 0.1519 0.6407 0.7526
vn -0.1157 -0.4956 0.8608
vn -0.0292 -0.0109 0.9995
vn -0.0120 0.1234 0.9923
vn -0.1281 -0.4659 0.8755
vn -0.1495 -0.9643 0.2184
vn -0.1582 -0.7977 0.5819
vn -0.2200 -0.9460 0.2379
vn -0.1765 -0.8014 0.5715
vn -0.2531 -0.9300 -0.2667
vn -0.1339 -0.9305 -0.3409
vn 0.0333 0.2948 -0.9550
vn -0.0385 0.3031 -0.9522
vn 0.1122 0.5127 -0.8512
vn 0.1929 0.4522 -0.8708
vn -0.3331 0.4160 -0.8462
vn -0.1874 0.7312 -0.6559
vn 0.1840 0.9245 -0.3338
vn 0.3097 0.8457 -0.4347
vn 0.4090 0.7631 -0.5004
vn -0.3386 -0.1349 -0.9312
vn -0.3348 0.0205 -0.9421
vn -0.7871 -0.5005 -0.3605
vn -0.3324 -0.1986 -0.9220
vn -0.6679 -0.6346 -0.3888
vn -0.5727 -0.7007 -0.4254
vn 0.1002 0.3516 -0.9308
vn 0.1499 0.4953 -0.8557
vn -0.5147 -0.6732 0.5309
vn -0.3455 -0.7653 0.5432
vn -0.5971 -0.8021 0.0097
vn -0.6951 -0.7022 0.1540
vn -0.3955 -0.8107 0.4317
vn -0.5818 -0.8088 -0.0861
vn -0.3981 -0.4628 0.7921
vn -0.1604 -0.5113 0.8443
vn 0.0224 -0.1689 0.9854
vn -0.0753 -0.1439 0.9867
vn 0.1016 -0.1866 0.9772
vn -0.0950 -0.5439 0.8338
vn 0.2924 0.2392 0.9259
vn 0.2950 0.2424 0.9242
vn 0.4908 0.6163 0.6159
vn 0.5342 0.6036 0.5919
vn 0.5026 0.6732 0.5424
vn 0.3300 0.2489 0.9106
vn 0.5822 0.8130 -0.0030
vn 0.5610 0.8081 -0.1795
vn 0.4342 0.5446 -0.7175
vn 0.5079 0.8597 0.0535
vn 0.4866 0.6284 -0.6069
vn 0.2787 0.4163 -0.8655
vn 0.3570 0.5176 -0.7776
vn 0.0625 0.7291 -0.6815
vn -0.0100 0.2884 -0.9575
vn 0.1305 0.9804 -0.1476
vn 0.0520 0.7018 -0.7105
vn 0.0601 0.9862 -0.1540
vn -0.0655 0.3420 -0.9374
vn 0.1131 0.9325 0.3430
vn 0.0372 0.9291 0.3679
vn 0.0772 0.6633 0.7443
vn 0.0588 0.6290 0.7751
vn -0.1244 -0.5069 0.8530
vn -0.0250 0.1184 0.9927
vn -0.0117 0.0792 0.9968
vn -0.1013 -0.5500 0.8290
vn -0.2683 -0.9286 0.2564
vn -0.1845 -0.8134 0.5517
vn -0.1717 -0.8258 0.5372
vn -0.2987 -0.9165 0.2659
vn -0.3591 -0.9088 -0.2123
vn -0.3633 -0.5804 -0.7288
vn -0.5823 -0.4521 -0.6757
vn -0.4936 -0.8587 -0.1378
vn -0.3513 0.0195 -0.9361
vn -0.1759 -0.1089 -0.9784
vn 0.0089 0.9980 -0.0624
vn -0.1180 0.8051 -0.5812
vn -0.6025 0.7850 -0.1441
vn -0.2475 0.9566 0.1541
vn -0.9189 0.2056 -0.3367
vn -0.4659 0.4262 -0.7754
vn -0.9026 -0.2454 -0.3536
vn -0.7826 -0.5962 0.1790
vn -0.9052 -0.3442 0.2491
vn -0.9473 0.1982 -0.2517
vn -0.8115 -0.2914 0.5066
vn -0.6298 -0.6067 0.4851
vn -0.0412 0.4301 0.9018
vn -0.1484 0.2021 0.9681
vn -0.5661 0.3920 0.7252
vn -0.2508 0.7690 0.5881
vn -0.5837 -0.1271 0.8019
vn -0.0062 -0.0095 0.9999
vn -0.7621 0.4775 0.4373
vn 0.0175 0.5650 0.8249
vn -0.0423 0.8891 0.4557
vn -0.4553 -0.4578 0.7636
vn -0.0229 -0.1792 0.9835
vn -0.0251 -0.5566 0.8304
vn 0.0599 0.0482 0.9970
vn 0.1298 0.0927 0.9872
vn 0.0410 -0.5197 0.8534
vn -0.3728 -0.8686 0.3266
vn -0.1505 -0.8192 0.5534
vn -0.1592 -0.7558 0.6351
vn -0.4343 -0.8095 0.3950
vn -0.9965 0.0778 -0.0319
vn -0.9364 0.1416 0.3211
vn 0.5861 0.2712 0.7635
vn 0.6039 0.4296 0.6714
vn 0.3738 0.1005 0.9220
vn 0.3617 0.0468 0.9311
vn 0.7223 0.4950 0.4830
vn 0.7856 0.2426 0.5692
vn 0.8228 0.4453 0.3533
vn 0.6444 0.7565 0.1112
vn 0.4400 0.7932 -0.4209
vn 0.7619 0.6410 0.0922
vn 0.5092 0.2183 0.8325
vn 0.5196 0.0928 0.8493
vn 0.6247 0.7665 -0.1494
vn 0.3198 0.6764 -0.6635
vn 0.2263 0.9016 -0.3686
vn 0.2603 0.7462 -0.6128
vn 0.0265 0.7427 -0.6691
vn -0.0869 0.9378 -0.3361
vn -0.5137 0.3654 -0.7762
vn -0.5954 0.6383 -0.4880
vn -0.2830 0.9443 -0.1681
vn -0.5976 0.7219 -0.3489
vn -0.6227 0.7215 -0.3028
vn -0.4256 0.8951 -0.1326
vn -0.8871 0.3425 -0.3095
vn -0.8912 0.3381 -0.3023
vn -0.6748 0.6759 -0.2964
vn -0.6669 0.6511 -0.3623
vn -0.4591 0.8714 -0.1727
vn -0.4043 0.8794 -0.2513
vn -0.8092 0.4087 -0.4221
vn -0.8521 0.3670 -0.3732
vn -0.8876 0.2474 -0.3886
vn -0.7891 0.3981 -0.4677
vn -0.8725 -0.1101 -0.4760
vn -0.9195 -0.1350 -0.3692
vn -0.8429 0.2692 -0.4658
vn -0.8432 -0.0674 -0.5334
vn -0.9114 0.0796 -0.4037
vn -0.3749 0.8893 -0.2618
vn -0.5056 0.8496 -0.1504
vn -0.3968 0.8910 -0.2208
vn -0.8882 0.3280 -0.3219
vn -0.5916 0.7633 -0.2595
vn -0.4793 0.8604 -0.1730
vn -0.8040 0.5382 -0.2529
vn 0.0103 0.9999 0.0071
vn -0.1011 0.9838 -0.1479
vn 0.1178 0.9802 0.1591
vn -0.2716 0.9624 0.0009
vn -0.6900 0.6831 -0.2393
vn -0.1571 0.9235 -0.3500
vn -0.6281 0.6411 -0.4410
vn -0.7156 0.5721 -0.4008
vn -0.2283 0.8506 -0.4737
vn -0.8905 0.1902 -0.4133
vn 0.3425 0.8059 -0.4828
vn 0.3915 0.8959 -0.2101
vn 0.7504 0.6555 -0.0848
vn 0.7470 0.5598 -0.3587
vn 0.6828 0.7234 0.1026
vn 0.3910 0.9203 -0.0113
vn -0.0911 0.6530 0.7519
vn 0.2666 0.9539 0.1378
vn 0.4503 0.7572 0.4732
vn 0.4080 0.4858 0.7730
vn 0.7332 0.5029 0.4577
vn 0.6869 0.3553 0.6340
vn 0.1867 0.9824 -0.0018
vn -0.1658 0.7724 0.6131
vn -0.5285 0.5499 0.6468
vn -0.0862 0.9958 0.0309
vn -0.3751 -0.0453 0.9259
vn -0.0923 0.2147 0.9723
vn -0.3292 0.2739 0.9037
vn -0.0541 -0.1033 0.9932
vn -0.3585 0.9312 0.0659
vn -0.9579 0.2755 0.0814
vn -0.9970 0.0127 -0.0762
vn -0.7895 -0.1961 0.5816
vn -0.9537 -0.0376 0.2983
vn -0.9563 0.2033 -0.2101
vn -0.3638 -0.3797 0.8506
vn -0.4027 -0.4507 0.7967
vn -0.0471 -0.4092 0.9112
vn -0.0308 -0.5297 0.8476
vn -0.8426 0.4905 -0.2224
vn -0.7753 0.5631 -0.2860
vn -0.4893 0.6721 -0.5557
vn -0.3419 0.7480 -0.5688
vn -0.7787 0.0417 0.6260
vn -0.8671 0.3859 0.3150
vn -0.9047 0.4053 -0.1310
vn -0.8951 -0.0170 0.4456
vn -0.6510 0.6584 -0.3778
vn -0.7467 0.6651 -0.0067
vn 0.6597 0.5782 -0.4801
vn 0.9104 0.3944 -0.1250
vn 0.9232 0.2088 -0.3226
vn 0.6519 0.4907 -0.5781
vn 0.9609 0.0939 0.2605
vn 0.9820 -0.0943 0.1635
vn 0.9562 0.2265 -0.1854
vn 0.9843 0.0220 0.1754
vn 0.2354 0.6938 -0.6806
vn 0.1701 0.7147 -0.6785
vn 0.7024 0.0043 0.7117
vn 0.6382 -0.3257 0.6976
vn 0.2266 -0.1740 0.9583
vn 0.0403 -0.4523 0.8910
vn 0.5930 -0.3832 0.7081
vn 0.6064 0.6754 0.4198
vn 0.7176 0.6843 -0.1295
vn 0.0887 0.9054 -0.4152
vn -0.1031 0.9274 0.3595
vn -0.3882 -0.4339 0.8130
vn -0.3506 -0.2057 0.9136
vn -0.2879 0.3322 0.8982
vn 0.4823 0.3145 0.8176
vn 0.8340 0.4133 0.3656
vn -0.2422 0.7362 0.6319
vn 0.0575 0.7883 0.6126
vn 0.0052 0.6780 0.7350
vn -0.2729 0.6706 0.6898
vn 0.0817 0.8193 0.5675
vn -0.2462 0.7607 0.6006
vn -0.2604 0.7523 0.6052
vn 0.1063 0.7818 0.6144
vn -0.2088 0.7400 0.6394
vn -0.2107 0.7583 0.6169
vn -0.0677 0.7941 0.6040
vn -0.1028 0.7766 0.6215
vn -0.0633 0.8109 0.5817
vn -0.2151 0.7491 0.6266
vn -0.2739 0.7274 0.6292
vn 0.1415 0.7050 0.6949
vn -0.2725 0.7038 0.6561
vn 0.2011 0.6064 0.7693
vn -0.0502 0.7557 0.6530
vn -0.1812 0.7473 0.6393
vn -0.1993 0.7004 0.6853
vn -0.0882 0.6470 0.7574
vn -0.2474 0.6997 0.6702
vn 0.2789 0.5560 0.7830
vn -0.1943 0.6968 0.6904
vn 0.3745 0.4886 0.7881
vn -0.2728 0.6741 0.6864
vn -0.1134 0.6349 0.7642
vn -0.3159 0.6773 0.6645
vn -0.1180 0.6673 0.7354
vn 0.0017 0.6653 0.7466
vn 0.0230 0.6831 0.7300
vn 0.6888 0.3138 0.6535
vn 0.6456 0.2995 0.7025
vn 0.5106 0.3841 0.7693
vn -0.1085 0.6806 0.7246
vn -0.3165 0.6861 0.6550
vn -0.1382 0.6821 0.7181
vn -0.2876 0.7166 0.6355
vn -0.1524 0.7014 0.6962
vn -0.2110 0.6756 0.7064
vn -0.2071 0.7062 0.6770
vn -0.1236 0.7296 0.6726
vn -0.4413 0.6627 0.6050
vn -0.2310 0.6565 0.7181
vn -0.4831 0.6073 0.6307
vn -0.1863 0.6165 0.7650
vn -0.5562 0.5037 0.6610
vn -0.9732 0.2258 0.0443
vn -0.9880 0.1526 0.0245
vn -0.8795 -0.2098 -0.4272
vn -0.8653 -0.2220 -0.4494
vn -0.9998 0.0169 -0.0055
vn -0.8556 -0.2842 -0.4326
vn -0.1560 0.7484 0.6446
vn -0.1909 0.7695 0.6095
vn -0.5809 0.6707 0.4612
vn -0.5404 0.6469 0.5381
vn -0.8655 -0.1444 -0.4796
vn -0.9679 0.2394 -0.0764
vn -0.9527 0.3034 0.0153
vn -0.9003 -0.0290 -0.4342
vn -0.2554 0.7465 0.6144
vn -0.2130 0.7905 0.5742
vn -0.5962 0.6289 0.4990
vn -0.6456 0.5679 0.5106
vn -0.8312 -0.2604 -0.4912
vn -0.7515 -0.2446 -0.6128
vn -0.7590 -0.2452 -0.6031
vn -0.8347 -0.2634 -0.4837
vn -0.7625 -0.1919 -0.6179
vn -0.7034 -0.2904 -0.6488
vn -0.7852 -0.2592 -0.5623
vn -0.6896 -0.3298 -0.6448
vn -0.8130 -0.2839 -0.5084
vn -0.9425 0.2538 0.2173
vn -0.9411 0.3031 0.1496
vn -0.9671 -0.0026 -0.2544
vn -0.9870 -0.0169 -0.1597
vn -0.8658 -0.1621 -0.4734
vn -0.8697 -0.2017 -0.4505
vn -0.6793 -0.3777 -0.6291
vn -0.7046 -0.4278 -0.5661
vn -0.7160 -0.4482 -0.5353
vn -0.7171 -0.3497 -0.6028
vn -0.6906 0.5394 0.4818
vn -0.2934 0.7025 0.6484
vn -0.2621 0.6900 0.6747
vn -0.7124 0.5391 0.4493
vn -0.8829 -0.2594 -0.3913
vn -0.8813 -0.2232 -0.4164
vn -0.9917 -0.0111 -0.1279
vn -0.9931 -0.0024 -0.1171
vn -0.9473 0.2720 0.1690
vn -0.9461 0.2334 0.2247
vn -0.7103 0.5190 0.4754
vn -0.2386 0.6648 0.7079
vn -0.2448 0.6170 0.7479
vn -0.6995 0.4887 0.5214
vn -0.9533 0.2561 0.1603
vn -0.9949 -0.0432 -0.0913
vn -0.9928 -0.1068 -0.0539
vn -0.9586 0.2022 0.2005
vn -0.7308 -0.5067 -0.4574
vn -0.8719 -0.3595 -0.3324
vn -0.7965 -0.4614 -0.3907
vn -0.8703 -0.4167 -0.2625
vn -0.8131 -0.3303 -0.4793
vn -0.7612 -0.3890 -0.5188
vn -0.9789 -0.2011 -0.0366
vn -0.9580 0.1445 0.2478
vn -0.9571 0.1442 0.2514
vn -0.9858 -0.1679 -0.0008
vn -0.6771 0.4717 0.5648
vn -0.6786 0.4894 0.5477
vn -0.2530 0.5920 0.7652
vn -0.2860 0.6306 0.7215
vn -0.9180 -0.3755 -0.1276
vn -0.8756 -0.4321 -0.2158
vn -0.2104 0.7249 0.6559
vn -0.2426 0.7597 0.6033
vn -0.2372 0.7871 0.5694
vn -0.5589 0.6573 0.5055
vn -0.8739 -0.1988 -0.4436
vn -0.8460 -0.2696 -0.4600
vn -0.8691 -0.3295 -0.3690
vn -0.9163 -0.1964 -0.3490
vn -0.3689 0.6701 0.6441
vn -0.7213 0.5207 0.4567
vn -0.9477 -0.1787 -0.2646
vn -0.9157 -0.3218 -0.2408
vn -0.9894 -0.1212 -0.0798
vn -0.9936 -0.0034 -0.1128
vn -0.9283 0.3250 0.1805
vn -0.9569 0.2207 0.1886
vn -0.5781 0.6781 0.4538
vn -0.2492 0.7972 0.5498
vn -0.2582 0.8090 0.5281
vn -0.5896 0.6923 0.4161
vn -0.9267 -0.0685 -0.3695
vn -0.8971 -0.1232 -0.4243
vn -0.9428 -0.0816 -0.3232
vn -0.9662 -0.0113 -0.2576
vn -0.9792 -0.0355 -0.2000
vn -0.9631 -0.0773 -0.2579
vn -0.9924 0.0733 -0.0985
vn -0.9935 0.0968 -0.0595
vn -0.8932 0.4092 0.1864
vn -0.9002 0.3917 0.1902
vn -0.6051 0.6872 0.4020
vn -0.2929 0.8055 0.5152
vn -0.6453 0.6551 0.3930
vn -0.3393 0.8146 0.4705
vn -0.9632 -0.0517 -0.2636
vn -0.9626 -0.0410 -0.2679
vn -0.9852 0.0603 -0.1604
vn -0.9823 0.1480 -0.1151
vn -0.9864 0.1272 -0.1040
vn -0.9885 0.0159 -0.1501
vn -0.9924 0.1123 -0.0498
vn -0.9858 0.1616 -0.0462
vn -0.9196 0.3662 0.1423
vn -0.9000 0.3998 0.1738
vn -0.9085 -0.0311 -0.4167
vn -0.9467 -0.0537 -0.3177
vn -0.9707 0.1895 -0.1475
vn -0.9457 0.2646 -0.1889
vn -0.9309 0.0113 -0.3650
vn -0.7200 -0.2768 -0.6364
vn -0.6685 0.1553 -0.7273
vn -0.8477 -0.2978 -0.4390
vn -0.8854 -0.2413 -0.3972
vn -0.8719 -0.3049 -0.3831
vn -0.9157 -0.1505 -0.3727
vn -0.8876 -0.1029 -0.4489
vn -0.9449 -0.0950 -0.3133
vn -0.6100 -0.7705 -0.1851
vn -0.6753 -0.7056 -0.2145
vn -0.9779 0.0152 -0.2086
vn -0.9663 0.0974 0.2382
vn -0.9982 -0.0352 -0.0483
vn -0.5251 0.6990 0.4855
vn -0.3716 0.5530 0.7458
vn -0.2414 0.3274 0.9135
vn -0.8441 0.1765 0.5063
vn -0.9830 -0.1783 -0.0435
vn -0.8807 -0.3819 -0.2802
vn -0.3359 0.0113 0.9418
vn -0.7899 0.1052 0.6041
vn -0.6699 -0.2134 0.7111
vn -0.8519 0.1170 0.5105
vn -0.9564 -0.0085 0.2918
vn -0.9771 -0.1124 0.1809
vn -0.5632 -0.6254 -0.5401
vn -0.3882 -0.7527 -0.5318
vn -0.4513 -0.8112 -0.3720
vn -0.6056 -0.6851 -0.4048
vn -0.4783 -0.7494 -0.4578
vn -0.5380 -0.7664 -0.3509
vn -0.6454 -0.7161 -0.2659
vn -0.5251 -0.8454 -0.0976
vn -0.5614 -0.7790 -0.2794
vn -0.4054 -0.4573 -0.7915
vn -0.3822 -0.3784 -0.8431
vn -0.2651 -0.6471 -0.7148
vn -0.2812 -0.6971 -0.6596
vn -0.2526 -0.5668 -0.7842
vn -0.3793 -0.3210 -0.8678
vn -0.2130 -0.6606 -0.7199
vn -0.2840 -0.7108 -0.6435
vn -0.2742 -0.7413 -0.6127
vn -0.3985 -0.2621 -0.8789
vn -0.2398 -0.4875 -0.8395
vn -0.2435 -0.4889 -0.8377
vn -0.4779 -0.2379 -0.8456
vn -0.0821 -0.6094 -0.7886
vn -0.1187 -0.6051 -0.7873
vn -0.6315 0.1145 -0.7669
vn -0.5832 0.1775 -0.7927
vn -0.5073 -0.1171 -0.8538
vn -0.5410 -0.1786 -0.8219
vn -0.4909 -0.0461 -0.8700
vn -0.5833 0.2279 -0.7797
vn -0.5337 0.8428 -0.0701
vn -0.4862 0.8667 -0.1112
vn -0.6315 0.4712 -0.6158
vn -0.6798 0.4548 -0.5754
vn -0.6055 0.5248 -0.5983
vn -0.4617 0.8718 -0.1639
vn -0.6329 0.3077 -0.7105
vn -0.5396 0.0030 -0.8419
vn -0.6670 0.0548 -0.7430
vn -0.7547 0.4084 -0.5135
vn -0.8912 0.3151 -0.3263
vn -0.8195 0.0073 -0.5730
vn -0.6663 -0.2267 -0.7104
vn -0.0230 0.7975 0.6029
vn -0.0232 0.8163 0.5772
vn -0.1568 0.8618 0.4823
vn -0.2404 0.8682 0.4341
vn -0.0617 0.8610 0.5049
vn -0.1897 0.8314 0.5224
vn -0.5999 0.7974 -0.0652
vn -0.6751 0.7370 -0.0335
vn -0.9115 0.4100 -0.0327
vn -0.9620 0.2698 -0.0416
vn -0.9562 0.2910 0.0303
vn -0.9062 0.4228 -0.0049
vn -0.3911 0.8577 0.3337
vn -0.4098 0.8522 0.3252
vn -0.7999 0.5765 0.1664
vn -0.8422 0.5324 -0.0853
vn 0.2775 0.7629 0.5839
vn 0.3300 0.7489 0.5747
vn -0.9100 0.4129 -0.0366
vn -0.9198 0.3773 0.1080
vn -0.2741 0.9597 0.0618
vn 0.1684 0.9351 0.3117
vn -0.6783 0.6719 -0.2975
vn -0.6496 0.7543 -0.0950
vn -0.8298 0.5520 -0.0824
vn -0.8377 0.5460 -0.0123
vn -0.6286 0.7418 0.2335
vn -0.5658 0.7298 -0.3837
vn -0.2936 0.9338 0.2047
vn -0.4184 0.7676 0.4855
vn -0.1040 0.8924 0.4392
vn -0.9388 0.3441 -0.0187
vn -0.8126 0.5518 0.1874
vn -0.8873 0.2339 -0.3974
vn -0.9045 0.1751 -0.3889
vn -0.6022 0.7718 0.2041
vn -0.8255 0.5052 -0.2515
vn -0.9365 -0.0439 -0.3480
vn -0.9742 0.0505 -0.2200
vn -0.9329 -0.0543 -0.3560
vn -0.9082 -0.2224 -0.3546
vn -0.9444 0.1802 -0.2752
vn -0.9224 0.3825 -0.0540
vn -0.8686 0.2283 -0.4397
vn -0.8881 0.3345 -0.3152
vn -0.9227 0.1076 -0.3703
vn -0.8993 0.4151 -0.1377
vn -0.3945 -0.2049 -0.8958
vn -0.6748 -0.0951 -0.7319
vn -0.5709 -0.7172 -0.3995
vn -0.6585 -0.6708 -0.3413
vn 0.0424 0.8052 0.5915
vn 0.3493 0.7562 0.5533
vn 0.3888 0.9165 0.0946
vn 0.1057 0.9893 0.1006
vn -0.1151 0.0977 0.9885
vn -0.5582 -0.1891 0.8079
vn -0.2736 -0.5056 0.8182
vn 0.0634 -0.0707 0.9955
vn -0.5502 -0.7701 0.3228
vn -0.7976 -0.5246 0.2977
vn -0.6381 -0.7587 -0.1311
vn -0.7572 -0.6411 -0.1247
vn -0.0800 0.4574 0.8857
vn 0.1862 0.3539 0.9166
vn -0.7330 0.6480 0.2070
vn -0.9344 0.0872 0.3454
vn -0.5300 0.3544 0.7704
vn -0.3904 0.7994 0.4567
vn -0.9462 -0.1161 -0.3020
vn -0.6584 0.6078 -0.4440
vn -0.3039 0.9420 -0.1423
vn -0.6228 -0.6025 -0.4991
vn -0.1286 -0.3554 -0.9258
vn -0.3825 0.3984 -0.8337
vn -0.0925 0.8421 -0.5313
vn -0.7812 -0.6239 -0.0212
vn -0.4393 -0.8964 -0.0582
vn -0.2872 -0.9423 0.1720
vn -0.4885 0.8577 0.1605
vn -0.4731 0.8652 0.1663
vn -0.7644 0.3405 -0.5475
vn -0.7794 0.4557 -0.4300
vn -0.7451 0.4247 -0.5143
vn -0.8148 -0.0421 -0.5782
vn -0.7275 -0.0237 -0.6857
vn -0.7113 0.3902 -0.5847
vn -0.7993 0.0388 -0.5997
vn -0.8565 -0.1351 -0.4981
vn -0.6389 0.3729 -0.6729
vn -0.7120 0.3351 -0.6171
vn -0.7287 0.1632 -0.6651
vn -0.6913 0.0504 -0.7208
vn -0.6520 0.3918 -0.6492
vn -0.6973 -0.0004 -0.7168
vn -0.7702 0.1849 -0.6105
vn -0.9417 -0.0746 -0.3281
vn -0.9219 -0.0868 -0.3775
vn -0.9289 0.1804 -0.3233
vn -0.8975 0.2742 -0.3455
vn -0.7217 0.4765 -0.5021
vn -0.9148 -0.1094 -0.3888
vn -0.8132 0.1186 -0.5697
vn -0.4316 0.8499 -0.3022
vn -0.6131 0.7322 -0.2967
vn -0.5928 0.6536 -0.4705
vn -0.5871 0.6708 -0.4531
vn -0.9491 0.0250 -0.3140
vn -0.5851 0.7896 -0.1849
vn -0.3599 0.9017 -0.2397
vn -0.6275 0.6674 -0.4010
vn -0.4175 -0.6986 -0.5811
vn -0.5244 -0.6092 -0.5949
vn -0.5619 -0.6402 -0.5238
vn -0.4749 -0.5487 -0.6881
vn -0.3513 -0.6393 -0.6840
vn -0.4969 -0.6357 -0.5908
vn -0.5264 -0.6883 -0.4992
vn -0.5240 -0.7230 -0.4503
vn -0.9438 0.2910 -0.1565
vn -0.9872 0.1269 -0.0967
vn -0.5212 0.8117 0.2638
vn -0.4112 0.8989 0.1512
vn -0.8355 0.4827 -0.2626
vn -0.7160 0.6713 -0.1917
vn -0.1457 0.8806 0.4509
vn -0.3002 0.9305 0.2098
vn -0.5546 0.8320 -0.0138
vn -0.0334 0.8226 0.5677
vn -0.1868 0.8664 0.4631
vn -0.1478 0.9012 0.4075
vn -0.6356 0.7641 0.1103
vn -0.6578 0.7440 0.1171
vn -0.5880 0.8083 0.0296
vn -0.1569 0.9412 0.2992
vn -0.2595 0.8538 0.4512
vn -0.6866 0.7251 0.0524
vn -0.4631 -0.5812 -0.6691
vn -0.4163 -0.5665 -0.7112
vn -0.2787 -0.6805 -0.6776
vn -0.2959 -0.6819 -0.6690
vn -0.2568 -0.6756 -0.6911
vn -0.4100 -0.5665 -0.7148
vn -0.3057 -0.6301 -0.7138
vn -0.2850 -0.5889 -0.7563
vn -0.7491 0.0341 -0.6615
vn -0.8095 0.0153 -0.5869
vn -0.8443 0.4340 -0.3143
vn -0.8084 0.4251 -0.4072
vn -0.8713 0.4312 -0.2342
vn -0.8593 -0.0061 -0.5114
vn -0.5119 -0.5918 -0.6227
vn -0.3358 -0.7049 -0.6248
vn -0.8805 0.4203 -0.2192
vn -0.8515 0.4282 -0.3026
vn -0.8868 -0.0050 -0.4622
vn -0.8799 0.0029 -0.4751
vn -0.6914 0.0574 -0.7202
vn -0.5703 -0.2551 -0.7808
vn -0.5815 -0.3233 -0.7466
vn -0.4303 -0.5478 -0.7175
vn -0.6728 -0.3719 -0.6396
vn -0.6266 -0.3579 -0.6923
vn -0.7483 0.4358 -0.5001
vn -0.6972 -0.3697 -0.6142
vn -0.7379 -0.3873 -0.5527
vn 0.7829 0.3007 0.5447
vn 0.7668 0.3425 0.5428
vn 0.7744 0.3691 0.5139
vn 0.7505 0.3368 0.5686
vn 0.6006 0.5233 0.6046
vn 0.5930 0.5246 0.6109
vn 0.5813 0.5603 0.5901
vn 0.5772 0.5338 0.6180
vn 0.7839 0.2568 0.5653
vn 0.5720 0.5265 0.6290
vn 0.5578 0.5445 0.6264
vn 0.7932 0.2498 0.5554
vn 0.5438 0.6408 0.5418
vn 0.5697 0.6022 0.5594
vn 0.4177 0.6147 0.6691
vn 0.3971 0.6468 0.6511
vn 0.3919 0.7005 0.5965
vn 0.3558 0.7115 0.6059
vn 0.4530 0.6780 0.5789
vn 0.3994 0.7208 0.5665
vn 0.9127 0.3920 -0.1154
vn 0.6945 0.6331 0.3420
vn 0.6455 0.6446 0.4097
vn 0.9092 0.4156 -0.0256
vn 0.8590 -0.0050 -0.5120
vn 0.9153 0.1476 -0.3747
vn -0.3544 -0.7026 -0.6171
vn -0.3656 -0.6389 -0.6768
vn -0.4122 -0.6366 -0.6518
vn -0.4168 -0.6685 -0.6160
vn -0.4336 -0.6289 -0.6454
vn -0.4169 -0.6827 -0.6002
vn -0.4891 -0.6514 -0.5800
vn -0.4989 -0.6152 -0.6104
vn -0.5230 -0.5652 -0.6380
vn -0.4963 -0.5845 -0.6419
vn -0.5727 -0.5263 -0.6285
vn -0.5684 -0.5478 -0.6139
vn -0.4817 -0.6142 -0.6251
vn -0.3014 -0.6914 -0.6566
vn -0.3648 -0.7398 -0.5653
vn -0.5031 -0.6623 -0.5552
vn -0.5810 -0.5502 -0.5997
vn -0.5522 -0.5637 -0.6143
vn -0.5547 -0.5951 -0.5815
vn -0.5703 -0.5763 -0.5854
vn -0.5790 -0.5533 -0.5989
vn -0.5626 -0.5730 -0.5960
vn -0.4564 -0.5938 -0.6627
vn -0.4764 -0.6407 -0.6022
vn -0.1636 -0.6631 -0.7305
vn -0.4804 -0.4290 -0.7649
vn 0.0522 -0.7085 -0.7038
vn -0.2734 -0.5051 -0.8186
vn -0.1259 -0.7386 -0.6622
vn -0.2304 -0.7041 -0.6716
vn -0.4821 -0.3763 -0.7912
vn -0.4281 -0.4320 -0.7938
vn -0.4673 -0.6971 -0.5437
vn -0.4824 -0.4046 -0.7769
vn -0.3135 -0.6435 -0.6983
vn -0.3271 -0.9154 -0.2345
vn -0.2875 -0.9533 0.0920
vn -0.4219 -0.9033 -0.0775
vn -0.5411 -0.7229 -0.4296
vn -0.5254 -0.3991 -0.7514
vn -0.5254 -0.4288 -0.7349
vn -0.5542 -0.5028 -0.6634
vn -0.5550 -0.4707 -0.6859
vn -0.5777 -0.7107 -0.4015
vn -0.5823 -0.6430 -0.4975
vn -0.3840 -0.3623 -0.8493
vn -0.4242 -0.3508 -0.8348
vn -0.4893 -0.6465 -0.5854
vn -0.4251 -0.6307 -0.6493
vn -0.3931 -0.4161 -0.8199
vn -0.3645 -0.2969 -0.8826
vn -0.3773 -0.2391 -0.8947
vn -0.3907 -0.2349 -0.8900
vn -0.4303 -0.4799 -0.7646
vn 0.3937 0.8474 0.3563
vn 0.5011 0.8246 0.2624
vn 0.5339 0.7722 0.3444
vn 0.4257 0.8051 0.4130
vn 0.6072 0.7430 0.2816
vn 0.5027 0.8644 0.0078
vn 0.5754 0.3742 0.7273
vn 0.5219 0.4520 0.7234
vn 0.3911 0.4834 0.7832
vn 0.7888 0.5049 0.3507
vn 0.5601 0.7112 0.4248
vn 0.4528 0.8900 -0.0533
vn 0.7169 0.6971 -0.0129
vn 0.4978 0.8516 0.1642
vn 0.5245 0.6614 0.5362
vn 0.5128 0.2209 0.8296
vn 0.5373 0.2211 0.8139
vn 0.4211 -0.0096 0.9070
vn 0.4481 -0.1838 0.8749
vn 0.4415 0.1119 0.8902
vn 0.5776 0.0940 0.8109
vn 0.4454 0.0184 0.8951
vn 0.5311 0.3344 0.7785
vn 0.5181 0.2483 0.8185
vn 0.4746 0.8799 0.0221
vn 0.6002 0.7093 0.3698
vn 0.5629 0.5188 0.6434
vn 0.6192 0.7830 0.0592
vn 0.4770 0.2707 0.8362
vn 0.5222 0.8350 0.1736
vn 0.4846 0.1293 0.8651
vn 0.6357 0.4076 0.6555
vn 0.4229 0.0196 0.9060
vn 0.7850 0.3206 0.5301
vn 0.8636 0.2060 0.4601
vn 0.5652 0.6709 0.4800
vn 0.6654 0.5928 0.4537
vn 0.8468 0.3177 0.4266
vn 0.9594 0.1606 0.2320
vn 0.8094 0.3015 0.5040
vn 0.7168 0.5679 0.4046
vn 0.7914 0.3181 0.5220
vn 0.7945 0.4327 0.4262
vn 0.7115 0.5466 0.4416
vn 0.7413 0.1854 0.6450
vn 0.6684 0.3606 0.6505
vn 0.6986 0.3637 0.6162
vn 0.4020 0.9041 0.1448
vn 0.6394 0.7356 0.2238
vn 0.6152 0.7290 0.3003
vn 0.4352 0.8659 0.2467
vn 0.4157 0.8053 0.4227
vn 0.5678 0.7283 0.3836
vn 0.6186 0.0824 0.7814
vn 0.3698 0.1669 0.9140
vn 0.4008 -0.0914 0.9116
vn 0.7233 0.1546 0.6730
vn 0.5890 0.6954 0.4117
vn 0.6752 0.6516 0.3458
vn 0.6391 0.5672 0.5194
vn 0.7288 0.5365 0.4255
vn 0.7680 0.4491 0.4566
vn 0.7566 0.0580 0.6513
vn 0.7667 0.0224 0.6417
vn 0.7629 0.2923 0.5766
vn 0.7450 0.3119 0.5896
vn 0.7884 0.5508 0.2738
vn 0.7529 0.6078 0.2523
vn 0.8912 0.1047 0.4414
vn 0.8844 0.4544 0.1063
vn 0.4895 -0.3827 0.7835
vn 0.7047 0.1901 0.6835
vn 0.6838 0.1680 0.7101
vn 0.7509 0.5614 0.3478
vn 0.7807 0.5504 0.2960
vn 0.7365 0.6747 0.0484
vn 0.7059 0.7005 0.1049
vn 0.7310 0.6807 -0.0470
vn 0.8509 0.4734 0.2278
vn 0.6625 0.6965 -0.2757
vn 0.7271 0.6491 -0.2235
vn 0.6728 0.7357 0.0782
vn 0.6061 0.6799 -0.4127
vn 0.6874 0.5575 -0.4654
vn 0.5889 0.5243 -0.6150
vn 0.5381 0.5761 -0.6153
vn 0.7096 0.3858 -0.5896
vn 0.7935 0.5283 -0.3021
vn 0.7581 0.5738 -0.3099
vn 0.9639 0.2638 -0.0373
vn 0.9111 0.0116 -0.4121
vn 0.6991 0.3988 -0.5935
vn 0.8001 -0.4766 0.3642
vn 0.9775 -0.1331 0.1637
vn 0.9068 0.1410 0.3972
vn 0.8450 -0.2092 0.4922
vn 0.6466 -0.7574 0.0912
vn 0.8900 -0.4162 -0.1862
vn 0.5384 0.1026 -0.8364
vn 0.3760 0.3190 -0.8700
vn 0.6640 -0.2442 -0.7067
vn 0.2941 -0.3045 -0.9060
vn 0.2639 -0.0676 -0.9622
vn 0.2680 0.1487 -0.9519
vn 0.3997 -0.8714 -0.2846
vn 0.6373 -0.5623 -0.5270
vn 0.2696 -0.5457 -0.7934
vn 0.1142 -0.8260 -0.5520
vn -0.0119 -0.8568 -0.5155
vn 0.0913 -0.6017 -0.7935
vn -0.0612 -0.9176 -0.3927
vn -0.0756 -0.6059 -0.7919
vn 0.1611 -0.3730 -0.9137
vn -0.0622 -0.2430 -0.9680
vn -0.5588 -0.7715 -0.3043
vn -0.5261 -0.8308 -0.1815
vn -0.5120 -0.8565 -0.0654
vn -0.4771 -0.8777 0.0447
vn -0.5117 -0.8455 -0.1525
vn -0.5449 -0.8144 -0.1997
vn -0.5733 -0.5735 -0.5851
vn -0.4656 -0.3158 -0.8268
vn -0.5607 -0.5645 -0.6058
vn -0.5573 -0.6159 -0.5568
vn -0.4563 -0.5710 -0.6824
vn -0.2740 -0.1902 -0.9427
vn -0.1121 -0.5945 -0.7962
vn -0.0303 -0.5253 -0.8504
vn -0.4101 -0.8639 -0.2923
vn -0.4078 -0.9107 -0.0657
vn -0.4367 -0.4104 -0.8006
vn -0.4602 -0.6594 -0.5945
vn -0.4509 -0.5504 -0.7027
vn -0.3180 -0.8976 -0.3053
vn -0.3496 -0.7126 -0.6083
vn -0.4275 -0.2309 -0.8740
vn -0.3557 -0.4388 -0.8252
vn -0.2354 -0.3742 -0.8970
vn -0.3518 -0.2116 -0.9118
vn -0.2432 0.0497 -0.9687
vn -0.3404 -0.0718 -0.9375
vn -0.2725 0.0480 -0.9610
vn -0.3694 0.0481 -0.9280
vn -0.4688 -0.1927 -0.8620
vn -0.3003 -0.1789 -0.9369
vn -0.1647 -0.2744 -0.9474
vn -0.0056 -0.5781 -0.8160
vn -0.1759 0.0896 -0.9803
vn -0.0535 -0.6383 -0.7680
vn -0.0598 -0.5694 -0.8199
vn -0.4417 -0.0767 -0.8939
vn -0.2175 -0.5427 -0.8113
vn -0.3403 -0.6126 -0.7134
vn -0.2697 0.0411 -0.9621
vn -0.5168 -0.2825 -0.8081
vn -0.2225 -0.6771 -0.7014
vn -0.2625 -0.6944 -0.6700
vn -0.4244 -0.4903 -0.7612
vn -0.3810 -0.4566 -0.8040
vn -0.4225 -0.5403 -0.7277
vn -0.3233 -0.4469 -0.8341
vn -0.2915 -0.7707 -0.5666
vn -0.2048 -0.7117 -0.6720
vn -0.1730 -0.8687 -0.4641
vn -0.0983 -0.5944 -0.7982
vn -0.1582 -0.9308 -0.3296
vn -0.1165 -0.6842 -0.7199
vn -0.2840 -0.4254 -0.8593
vn -0.2178 -0.5036 -0.8361
vn -0.1109 -0.3354 -0.9355
vn -0.1595 -0.3455 -0.9248
vn -0.3252 -0.4191 -0.8477
vn -0.2216 -0.3860 -0.8955
vn -0.0698 -0.4594 -0.8855
vn -0.0381 -0.3545 -0.9343
vn -0.2944 -0.4841 -0.8240
vn -0.2558 -0.4730 -0.8431
vn -0.2128 -0.4326 -0.8761
vn -0.3838 -0.5836 -0.7156
vn -0.1350 -0.3291 -0.9346
vn -0.3577 -0.5180 -0.7770
vn -0.4930 -0.6723 -0.5522
vn -0.5171 -0.6162 -0.5941
vn -0.0233 -0.3212 -0.9467
vn -0.0758 -0.3373 -0.9383
vn -0.0233 -0.1681 -0.9855
vn 0.0217 -0.1313 -0.9911
vn -0.1672 -0.3714 -0.9133
vn -0.0244 -0.3118 -0.9498
vn -0.0175 -0.0971 -0.9951
vn -0.0125 -0.1100 -0.9939
vn -0.2535 -0.3412 -0.9052
vn -0.2363 -0.2784 -0.9310
vn -0.5158 -0.5353 -0.6688
vn -0.5510 -0.5954 -0.5847
vn -0.4938 -0.4223 -0.7602
vn -0.4261 -0.4031 -0.8099
vn -0.4914 -0.4602 -0.7394
vn -0.4193 -0.4051 -0.8125
vn -0.4765 -0.4913 -0.7291
vn -0.4130 -0.4395 -0.7977
vn -0.3561 -0.4515 -0.8181
vn -0.4246 -0.4691 -0.7744
vn -0.1883 -0.2672 -0.9451
vn -0.1661 -0.2828 -0.9447
vn -0.1306 -0.2164 -0.9675
vn -0.4514 -0.3363 -0.8265
vn -0.3765 -0.4533 -0.8079
vn -0.0856 -0.2319 -0.9690
vn -0.5981 -0.5682 -0.5651
vn -0.7212 -0.4089 -0.5591
vn -0.5273 -0.4336 -0.7307
vn -0.5351 -0.4071 -0.7402
vn -0.5430 -0.4817 -0.6878
vn -0.5761 -0.4830 -0.6594
vn -0.5724 -0.5228 -0.6317
vn -0.5277 -0.5198 -0.6718
vn -0.4343 -0.4662 -0.7707
vn -0.4807 -0.4689 -0.7410
vn -0.2264 -0.2922 -0.9292
vn -0.1613 -0.2688 -0.9496
vn -0.1775 -0.0858 -0.9804
vn -0.2160 -0.1996 -0.9558
vn -0.1554 -0.0998 -0.9828
vn -0.2567 -0.1568 -0.9537
vn -0.1006 -0.0809 -0.9916
vn -0.1577 -0.2424 -0.9573
vn -0.4124 -0.4695 -0.7807
vn -0.4004 -0.4210 -0.8139
vn -0.5095 -0.4186 -0.7518
vn -0.4586 -0.5574 -0.6921
vn -0.5292 -0.6848 -0.5009
vn -0.4703 -0.4217 -0.7752
vn -0.6333 -0.6237 -0.4582
vn -0.3662 -0.6392 -0.6763
vn -0.3681 -0.5670 -0.7369
vn 0.6599 0.6722 0.3358
vn 0.6831 0.5972 0.4204
vn 0.6929 0.6120 0.3813
vn 0.5902 0.7579 0.2780
vn 0.7443 0.6090 0.2741
vn 0.7424 0.6195 0.2552
vn 0.5526 0.4322 0.7126
vn 0.5573 0.5252 0.6431
vn 0.5171 0.7179 0.4661
vn 0.8046 0.5690 0.1699
vn 0.7532 0.5319 0.3870
vn 0.7339 0.5018 0.4578
vn 0.8078 0.5545 0.2000
vn 0.5989 0.4405 0.6688
vn 0.6085 0.4723 0.6377
vn 0.5712 0.3613 0.7370
vn 0.5699 0.3969 0.7195
vn 0.4941 0.4287 0.7564
vn 0.5740 0.4977 0.6502
vn 0.6150 0.4192 0.6678
vn 0.5918 0.4962 0.6353
vn 0.6725 0.5815 0.4578
vn 0.7428 0.5508 0.3806
vn 0.7989 0.5859 0.1358
vn 0.7044 0.5775 0.4127
vn 0.7862 0.6058 0.1220
vn 0.8001 0.5987 -0.0383
vn 0.6649 0.4981 0.5565
vn 0.6997 0.5465 0.4602
vn 0.6255 0.5440 0.5593
vn 0.7528 0.5453 0.3688
vn 0.7208 0.4768 0.5031
vn 0.7134 0.4025 0.5736
vn 0.6784 0.5524 0.4844
vn 0.6969 0.3440 0.6293
vn 0.7539 0.3069 0.5808
vn 0.5503 0.1625 0.8190
vn 0.5719 0.3289 0.7515
vn 0.5814 0.4626 0.6693
vn 0.7312 -0.1823 0.6574
vn 0.5963 -0.2844 0.7507
vn 0.6471 -0.0597 0.7600
vn 0.7069 0.1283 0.6956
vn 0.7386 0.3500 0.5762
vn 0.6193 0.0381 0.7842
vn 0.7539 0.6371 0.1605
vn 0.6927 0.5388 0.4794
vn 0.5532 0.4307 0.7130
vn 0.6370 0.3873 0.6665
vn 0.7186 0.2847 0.6344
vn 0.7022 0.3022 0.6447
vn 0.7223 0.1113 0.6826
vn 0.7994 0.0019 0.6008
vn 0.7116 0.1483 0.6867
vn 0.9245 0.3476 0.1563
vn 0.9280 0.1296 0.3494
vn 0.7118 0.1340 0.6895
vn 0.7646 0.3038 0.5684
vn 0.7476 0.3720 0.5502
vn 0.8175 0.2226 0.5312
vn 0.8335 0.4670 0.2954
vn 0.7193 0.2940 0.6295
vn 0.7408 0.0787 0.6671
vn 0.7948 0.6055 -0.0409
vn 0.7726 0.6348 -0.0136
vn 0.7956 0.5932 0.1227
vn 0.0846 0.1400 0.9865
vn 0.3009 0.2703 0.9145
vn 0.3789 0.2918 0.8782
vn 0.2473 0.0635 0.9669
vn 0.0604 0.0899 0.9941
vn 0.2302 0.2305 0.9455
vn 0.1485 0.1121 0.9825
vn 0.1990 0.1578 0.9672
vn 0.4260 0.3259 0.8440
vn 0.5075 0.3760 0.7753
vn 0.3148 0.2509 0.9154
vn 0.2045 0.2018 0.9578
vn 0.4252 0.3286 0.8434
vn 0.4957 0.3757 0.7830
vn 0.1518 0.1933 0.9693
vn 0.1447 0.1868 0.9717
vn -0.0189 0.2069 0.9782
vn 0.1339 0.4048 0.9046
vn 0.3950 0.4030 0.8255
vn 0.4437 0.4184 0.7925
vn 0.3754 0.3837 0.8437
vn 0.2923 0.3833 0.8762
vn 0.0164 0.1976 0.9801
vn 0.0733 0.3100 0.9479
vn 0.0855 0.3008 0.9499
vn 0.0384 0.2537 0.9665
vn 0.2155 0.4076 0.8874
vn 0.2077 0.4655 0.8603
vn 0.1693 0.3500 0.9213
vn 0.1119 0.2494 0.9619
vn 0.0873 0.1921 0.9775
vn -0.5815 -0.6434 -0.4978
vn -0.6038 -0.6873 -0.4037
vn -0.5740 -0.6556 -0.4907
vn -0.5673 -0.6549 -0.4993
vn -0.6516 -0.5810 -0.4877
vn -0.6310 -0.5817 -0.5134
vn -0.7040 -0.6567 -0.2705
vn -0.6677 -0.6650 -0.3347
vn -0.6636 -0.5802 -0.4722
vn -0.6658 -0.5601 -0.4929
vn -0.7646 -0.4368 -0.4740
vn -0.7125 -0.4746 -0.5167
vn -0.6137 -0.6790 -0.4030
vn -0.5535 -0.7130 -0.4305
vn -0.5709 -0.7466 -0.3415
vn -0.6554 -0.7132 -0.2486
vn -0.6467 -0.6556 -0.3899
vn -0.6938 -0.6934 -0.1945
vn -0.6829 -0.7302 -0.0211
vn -0.5268 -0.7984 -0.2917
vn -0.6789 -0.7274 -0.1000
vn -0.4467 -0.8555 -0.2617
vn -0.3412 -0.7205 -0.6037
vn -0.4712 -0.7276 -0.4986
vn -0.5790 -0.6389 -0.5066
vn -0.5570 -0.5894 -0.5851
vn -0.7166 -0.6740 -0.1796
vn -0.6655 -0.6263 -0.4061
vn -0.6878 -0.6264 -0.3669
vn -0.5830 -0.5407 -0.6064
vn -0.3319 -0.8266 -0.4545
vn -0.0276 -0.7385 -0.6737
vn -0.5352 -0.6528 -0.5361
vn -0.2626 -0.5674 -0.7804
vn 0.1349 0.0980 0.9860
vn 0.2941 0.3118 0.9035
vn 0.4502 0.3989 0.7989
vn 0.3499 0.0437 0.9358
vn 0.5878 0.4241 0.6890
vn 0.5122 0.3624 0.7787
vn 0.5157 0.1430 0.8447
vn 0.5057 0.0789 0.8591
vn 0.3142 -0.1931 0.9295
vn 0.3147 -0.2378 0.9189
vn 0.2909 -0.2172 0.9318
vn 0.3929 -0.2031 0.8969
vn 0.2615 -0.1223 0.9574
vn 0.5178 -0.0052 0.8555
vn 0.7521 -0.1307 -0.6459
vn 0.3877 -0.6465 -0.6570
vn 0.1620 -0.5686 -0.8065
vn 0.5785 -0.0732 -0.8124
vn 0.8776 -0.2416 -0.4142
vn 0.6254 -0.6970 -0.3509
vn 0.3241 -0.9190 -0.2246
vn 0.0488 -0.9318 -0.3596
vn -0.1977 -0.8609 -0.4687
vn 0.5936 -0.0225 0.8044
vn 0.1524 -0.5923 0.7912
vn 0.4462 -0.5728 0.6876
vn 0.8597 0.2713 0.4328
vn 0.7931 0.4257 0.4356
vn 0.7858 -0.1233 0.6061
vn 0.4651 0.0001 0.8852
vn 0.7773 0.4386 0.4510
vn 0.0335 -0.5686 0.8219
vn -0.3003 -0.9382 0.1718
vn -0.0769 -0.9541 0.2893
vn -0.0170 -0.8390 0.5438
vn -0.1540 -0.8356 0.5273
vn 0.3558 -0.9049 0.2335
vn 0.4087 -0.7955 0.4474
vn 0.9071 -0.3929 0.1512
vn 0.8937 -0.2530 0.3705
vn 0.9520 0.2960 0.0778
vn 0.9207 0.3310 0.2068
vn 0.3251 -0.9457 -0.0035
vn -0.0813 -0.9962 -0.0320
vn -0.3405 -0.9333 -0.1144
vn 0.7960 -0.6019 -0.0640
vn 0.9891 0.0671 -0.1310
vn 0.8208 0.3608 -0.4429
vn 0.9023 0.3168 -0.2923
vn 0.8626 0.5029 0.0554
vn 0.8580 0.5132 0.0210
vn 0.8218 0.5392 0.1840
vn 0.8022 0.5631 0.1987
vn -0.0821 0.4498 0.8893
vn -0.0534 0.4544 0.8892
vn 0.1701 0.4782 0.8616
vn 0.1550 0.5060 0.8485
vn 0.3716 0.5095 0.7761
vn 0.0776 0.5122 0.8553
vn 0.7378 0.4462 0.5065
vn 0.5487 0.4881 0.6787
vn 0.4901 0.5334 0.6894
vn -0.3108 0.3902 0.8667
vn -0.2837 0.3933 0.8746
vn -0.5948 0.2509 0.7637
vn -0.6166 0.2650 0.7413
vn -0.5851 0.3229 0.7439
vn -0.1983 0.4707 0.8597
vn 0.0149 0.3564 0.9342
vn -0.0776 0.5255 0.8472
vn 0.2080 0.5763 0.7903
vn 0.2251 0.3077 0.9245
vn 0.5290 0.5480 0.6480
vn 0.3152 0.1839 0.9310
vn -0.2123 0.3104 0.9266
vn -0.3146 0.4638 0.8282
vn -0.6510 0.3201 0.6883
vn -0.6377 0.1874 0.7471
vn 0.4214 -0.1301 0.8975
vn 0.3030 -0.2396 0.9224
vn 0.2010 -0.3100 0.9292
vn 0.5004 -0.1954 0.8435
vn 0.4266 0.1693 0.8885
vn -0.9049 -0.0454 0.4231
vn -0.3943 -0.2728 0.8775
vn -0.7714 -0.5565 0.3086
vn -0.7285 -0.4546 0.5125
vn -0.1306 -0.7072 0.6949
vn -0.7778 -0.6284 -0.0117
vn -0.3376 -0.7795 0.5276
vn 0.8085 0.0984 0.5802
vn 0.6893 -0.1377 0.7113
vn 0.6822 0.1900 0.7061
vn 0.5943 0.0641 0.8017
vn -0.1744 -0.6757 0.7163
vn -0.0567 -0.6491 0.7586
vn 0.2316 -0.2183 0.9480
vn 0.1181 -0.3514 0.9287
vn 0.0322 -0.3583 0.9330
vn 0.2426 -0.5402 0.8058
vn 0.0368 -0.7142 0.6990
vn -0.0101 -0.2384 0.9711
vn 0.2226 0.0862 0.9711
vn 0.3680 0.1250 0.9214
vn 0.3862 -0.0118 0.9223
vn 0.1631 0.1187 0.9794
vn 0.0775 -0.7578 0.6479
vn 0.2004 -0.5215 0.8294
vn 0.0557 -0.6814 0.7298
vn 0.4216 -0.3024 0.8549
vn -0.0768 -0.1741 0.9817
vn -0.9252 0.1311 0.3561
vn -0.8892 0.1773 0.4217
vn -0.9570 0.0121 0.2897
vn -0.9466 0.1354 0.2927
vn -0.7127 -0.3714 -0.5951
vn -0.6133 -0.5064 -0.6061
vn -0.3828 -0.6254 -0.6799
vn -0.4663 -0.5397 -0.7009
vn -0.8532 -0.4995 -0.1501
vn -0.7485 -0.6437 -0.1596
vn -0.7913 -0.3186 -0.5219
vn -0.9521 -0.0044 -0.3057
vn -0.6732 -0.5000 -0.5448
vn -0.9149 -0.3141 -0.2537
vn -0.9996 0.0229 -0.0182
vn -0.6894 -0.7045 0.1687
vn -0.9957 -0.0014 0.0921
vn -0.1279 -0.5937 -0.7944
vn -0.3286 -0.5603 -0.7603
vn -0.0111 -0.5908 -0.8067
vn 0.0820 -0.5395 -0.8380
vn -0.9389 0.0028 0.3442
vn -0.8746 0.1531 0.4601
vn -0.8606 0.0722 0.5042
vn -0.9490 -0.0946 0.3008
vn -0.8817 -0.4201 -0.2146
vn -0.9687 -0.1739 0.1769
vn -0.9544 -0.2898 0.0714
vn -0.8182 -0.5077 -0.2698
vn -0.5447 -0.6058 -0.5799
vn -0.6190 -0.5601 -0.5505
vn -0.9618 -0.1379 0.2364
vn -0.8558 0.0520 0.5147
vn -0.8694 0.1100 0.4818
vn -0.9807 -0.1187 0.1554
vn -0.3045 -0.5368 -0.7869
vn -0.4656 -0.5261 -0.7116
vn -0.4749 -0.5746 -0.6665
vn -0.2081 -0.5765 -0.7902
vn -0.7975 -0.4772 -0.3691
vn -0.8014 -0.4320 -0.4137
vn -0.9372 -0.3361 -0.0932
vn -0.9409 -0.3064 -0.1444
vn -0.9858 -0.0799 0.1476
vn -0.8492 0.2021 0.4879
vn -0.9946 -0.0550 0.0875
vn -0.8625 0.2364 0.4474
vn -0.4986 0.4670 0.7302
vn -0.5256 0.4305 0.7338
vn -0.3948 -0.4185 -0.8179
vn -0.6960 -0.3973 -0.5981
vn -0.5237 -0.4884 -0.6980
vn -0.3205 -0.4955 -0.8073
vn -0.8400 -0.3911 -0.3762
vn -0.8969 -0.3348 -0.2889
vn -0.9607 -0.2480 -0.1245
vn -0.9566 -0.2665 -0.1180
vn -0.8199 0.0610 0.5692
vn -0.5569 0.2567 0.7899
vn -0.6197 0.2454 0.7455
vn -0.8087 0.0792 0.5828
vn -0.3169 0.4231 0.8488
vn -0.2171 0.4038 0.8887
vn -0.3029 0.3335 0.8928
vn -0.6351 0.1350 0.7605
vn -0.8531 -0.0260 0.5211
vn -0.9094 -0.3725 -0.1849
vn -0.9589 -0.1446 0.2440
vn -0.9591 -0.1836 0.2154
vn -0.9058 -0.3809 -0.1857
vn -0.8893 -0.4165 -0.1889
vn -0.9549 -0.1962 0.2231
vn -0.3437 -0.5542 -0.7581
vn -0.5635 -0.5616 -0.6059
vn -0.5657 -0.5115 -0.6468
vn -0.3618 -0.5259 -0.7698
vn -0.5914 -0.4953 -0.6364
vn -0.4453 -0.5299 -0.7217
vn 0.0941 0.9726 0.2124
vn 0.0920 0.9876 0.1271
vn 0.1453 0.9705 0.1924
vn 0.1219 0.9666 0.2255
vn 0.3411 0.6867 0.6419
vn 0.2567 0.7931 0.5523
vn 0.3314 -0.5340 0.7778
vn 0.4027 0.0355 0.9146
vn 0.2722 -0.4556 0.8475
vn 0.3603 0.2816 0.8893
vn 0.3119 -0.6455 0.6972
vn 0.3616 -0.2819 0.8887
vn 0.2418 -0.2336 0.9418
vn 0.2121 -0.5595 0.8012
vn 0.4739 0.6810 0.5583
vn 0.4472 0.6668 0.5962
vn 0.4601 0.7376 0.4942
vn 0.4194 0.8399 0.3445
vn 0.4945 0.6901 0.5284
vn 0.4349 0.7109 0.5528
vn 0.3884 0.7553 0.5280
vn 0.3790 0.7244 0.5758
vn 0.8376 -0.4132 -0.3572
vn 0.7570 -0.6402 -0.1310
vn 0.3592 -0.6397 -0.6795
vn 0.4753 -0.7264 -0.4964
vn -0.1479 -0.0139 -0.9889
vn -0.0289 0.3883 -0.9211
vn -0.0181 -0.0055 -0.9998
vn 0.2458 0.2693 -0.9312
vn 0.2838 -0.1574 -0.9459
vn 0.4486 -0.3550 -0.8202
vn 0.8414 -0.0558 -0.5375
vn 0.7426 0.0983 -0.6625
vn 0.2849 0.1527 -0.9463
vn 0.4767 0.3334 -0.8134
vn -0.0067 -0.0201 -0.9998
vn 0.4638 0.1360 -0.8755
vn 0.8175 0.1351 -0.5598
vn 0.7426 0.3088 -0.5943
vn 0.3929 -0.0425 -0.9186
vn 0.3599 -0.2558 -0.8972
vn -0.1603 -0.3117 -0.9366
vn -0.2344 -0.4889 -0.8403
vn -0.0507 0.0872 -0.9949
vn 0.2097 -0.0598 -0.9759
vn 0.0076 -0.9975 -0.0700
vn 0.4104 -0.9027 0.1291
vn 0.3929 -0.8888 -0.2361
vn -0.0757 -0.9853 -0.1534
vn 0.0414 -0.5391 0.8412
vn 0.3756 0.0335 0.9262
vn 0.3389 0.1191 0.9332
vn 0.2129 -0.4133 0.8854
vn 0.7325 0.4705 0.4920
vn 0.6536 0.5392 0.5310
vn -0.0689 -0.8888 0.4530
vn -0.2029 -0.9792 0.0006
vn 0.2400 -0.9042 0.3533
vn 0.0691 -0.9764 -0.2045
vn 0.4567 -0.3334 -0.8248
vn 0.9363 0.0537 -0.3471
vn 0.8239 0.2666 -0.5002
vn 0.4721 -0.0709 -0.8787
vn 0.8721 0.4892 0.0117
vn 0.8453 0.5131 0.1489
vn 0.7732 0.5992 0.2076
vn 0.7197 0.6530 0.2360
vn 0.7475 0.2797 0.6025
vn 0.8350 0.2310 0.4994
vn 0.8482 -0.1732 0.5005
vn 0.7341 -0.0313 0.6784
vn 0.7443 -0.6034 0.2863
vn 0.8366 -0.5052 0.2118
vn -0.3391 -0.4440 -0.8294
vn -0.4567 -0.3578 -0.8145
vn -0.3866 -0.5053 -0.7715
vn -0.3922 -0.6023 -0.6953
vn -0.3528 -0.5885 -0.7274
vn -0.5480 -0.4828 -0.6831
vn -0.4385 -0.6723 -0.5965
vn -0.6287 -0.5838 -0.5138
vn -0.3573 -0.6639 -0.6569
vn 0.6279 0.5536 0.5470
vn 0.5533 0.5960 0.5819
vn 0.6129 0.5094 0.6040
vn 0.6525 0.4908 0.5774
vn 0.4680 0.5460 0.6949
vn 0.3121 0.6823 0.6611
vn 0.5214 0.4505 0.7247
vn 0.6407 0.4436 0.6267
vn 0.6953 0.4275 0.5778
vn -0.3969 -0.5735 -0.7167
vn -0.3325 -0.5628 -0.7568
vn -0.2915 -0.6846 -0.6681
vn -0.3456 -0.6874 -0.6388
vn -0.1835 -0.6658 -0.7232
vn -0.2347 -0.5387 -0.8092
vn 0.8530 0.3733 -0.3647
vn 0.6508 0.0168 -0.7591
vn 0.6881 0.0253 -0.7252
vn 0.8203 0.1253 -0.5581
vn 0.8192 0.4071 -0.4040
vn 0.6280 0.0147 -0.7781
vn 0.4379 -0.1909 -0.8785
vn 0.5020 -0.1540 -0.8510
vn 0.6009 -0.0648 -0.7967
vn 0.5495 0.1006 -0.8294
vn 0.2590 -0.1438 -0.9551
vn 0.7050 0.2889 -0.6477
vn 0.6809 0.7274 -0.0852
vn 0.3299 0.8326 0.4448
vn 0.6143 0.7231 0.3158
vn 0.4048 0.7022 0.5857
vn 0.7149 0.6107 0.3405
vn 0.9403 0.3373 -0.0453
vn 0.4520 0.5189 0.7256
vn 0.4733 0.5622 0.6782
vn 0.1356 0.8763 0.4623
vn 0.2830 0.8645 0.4153
vn 0.1842 0.9349 0.3033
vn 0.1152 0.9317 0.3445
vn 0.3292 0.8779 0.3477
vn 0.4178 0.8005 0.4297
vn 0.4109 0.7541 0.5124
vn 0.5452 0.6727 0.5003
vn 0.1788 0.7986 0.5747
vn -0.0528 -0.6411 -0.7656
vn 0.3161 -0.4685 -0.8250
vn 0.1900 -0.6072 -0.7715
vn 0.5654 -0.3633 -0.7405
vn 0.8169 -0.0906 -0.5696
vn 0.4638 0.7224 0.5129
vn 0.4519 0.7008 0.5519
vn 0.4827 0.6601 0.5755
vn 0.5240 0.6971 0.4893
vn 0.4101 0.6143 0.6741
vn 0.4599 0.6205 0.6352
vn 0.4466 0.7255 0.5237
vn 0.3802 0.7170 0.5843
vn 0.5025 0.7309 0.4619
vn 0.8566 -0.0510 -0.5135
vn 0.8980 0.0403 -0.4382
vn 0.5168 -0.4007 -0.7566
vn 0.5051 -0.2845 -0.8148
vn 0.7377 0.1624 -0.6553
vn 0.8457 0.2168 -0.4876
vn 0.3508 -0.0257 -0.9361
vn 0.1112 -0.0743 -0.9910
vn 0.8282 0.1109 -0.5494
vn 0.3743 -0.1601 -0.9134
vn 0.8917 0.3664 0.2656
vn 0.4105 0.2861 0.8658
vn 0.5693 0.3303 0.7528
vn 0.5457 0.4583 0.7016
vn 0.3845 0.4832 0.7865
vn -0.4660 -0.5892 -0.6601
vn -0.5082 -0.5321 -0.6772
vn -0.4993 -0.7336 -0.4610
vn -0.4585 -0.6958 -0.5529
vn -0.4229 -0.8216 -0.3823
vn -0.4398 -0.6347 -0.6354
vn 0.8283 0.4145 0.3769
vn 0.8532 0.0401 0.5200
vn 0.6615 0.1606 0.7326
vn 0.5433 0.5269 0.6536
vn 0.7100 0.6855 0.1616
vn 0.3705 0.7930 0.4836
vn 0.0907 -0.6730 -0.7340
vn 0.1529 -0.6721 -0.7245
vn 0.0195 -0.5142 -0.8574
vn 0.0830 -0.4784 -0.8742
vn -0.0065 -0.1447 -0.9895
vn -0.0787 -0.2690 -0.9599
vn 0.2324 0.2048 0.9508
vn 0.3987 0.3012 0.8662
vn 0.4694 0.3261 0.8206
vn 0.3278 0.1991 0.9235
vn 0.3703 0.1911 0.9090
vn 0.2603 0.0292 0.9651
vn -0.1981 -0.3880 -0.9001
vn -0.2526 -0.3970 -0.8824
vn -0.2980 -0.4410 -0.8466
vn -0.2196 -0.4893 -0.8440
vn -0.2496 -0.4747 -0.8440
vn -0.3467 -0.3562 -0.8677
vn -0.2144 -0.6166 -0.7575
vn -0.2998 -0.5068 -0.8082
vn -0.2006 -0.6156 -0.7621
vn -0.2792 -0.7870 -0.5502
vn 0.0316 -0.4701 -0.8820
vn -0.0055 -0.4956 -0.8685
vn -0.1621 -0.7695 -0.6177
vn -0.3104 -0.9274 -0.2086
vn -0.1097 -0.9279 -0.3564
vn 0.5706 0.6846 0.4535
vn 0.5127 0.7832 0.3518
vn 0.5423 0.7808 0.3103
vn 0.6613 0.7104 0.2409
vn 0.5528 0.7965 0.2452
vn 0.5180 0.7826 0.3452
vn 0.4711 0.6979 0.5395
vn 0.4854 0.7698 0.4145
vn 0.6401 0.7156 0.2796
vn 0.2618 0.5365 0.8023
vn 0.2623 0.4702 0.8427
vn 0.2721 0.4660 0.8419
vn 0.2626 -0.0315 0.9644
vn 0.2568 0.0456 0.9654
vn 0.2945 0.1734 0.9398
vn 0.2516 0.0199 0.9676
vn 0.2839 0.2849 0.9155
vn 0.2848 0.1961 0.9383
vn 0.3476 0.2630 0.9000
vn 0.2530 0.2096 0.9445
vn 0.1853 0.0917 0.9784
vn 0.4038 0.3286 0.8538
vn 0.4036 0.2810 0.8707
vn 0.2441 0.3300 0.9119
vn 0.3163 0.4252 0.8480
vn 0.3293 0.3000 0.8953
vn 0.4368 0.4216 0.7946
vn 0.8862 0.4422 -0.1380
vn 0.8229 0.5280 -0.2098
vn 0.6349 0.7054 0.3152
vn 0.6370 0.6839 0.3558
vn 0.6490 0.6391 0.4128
vn 0.9292 0.3666 -0.0460
vn -0.3924 -0.6785 -0.6210
vn -0.4362 -0.6556 -0.6164
vn -0.4381 -0.6681 -0.6014
vn -0.4095 -0.6391 -0.6510
vn -0.4441 -0.6489 -0.6178
vn -0.3865 -0.7225 -0.5732
vn -0.3140 -0.1645 -0.9351
vn -0.4263 -0.4395 -0.7906
vn -0.4175 -0.5894 -0.6916
vn -0.3512 -0.2217 -0.9097
vn -0.4282 -0.5193 -0.7396
vn -0.3549 -0.1846 -0.9165
vn 0.8941 -0.3802 0.2366
vn 0.5681 -0.5575 -0.6054
vn 0.3510 -0.7284 -0.5885
vn 0.5589 0.0789 0.8255
vn 0.7871 -0.5697 0.2365
vn 0.5281 -0.0277 0.8487
vn 0.6565 0.3248 0.6808
vn 0.9326 -0.0715 0.3537
vn 0.5588 -0.6428 -0.5240
vn 0.8714 -0.3973 0.2879
vn 0.6274 -0.0110 0.7786
vn 0.4789 -0.7926 -0.3774
vn 0.2668 0.2324 0.9353
vn 0.2985 0.1558 0.9416
vn 0.3949 0.6949 0.6010
vn 0.4107 0.6708 0.6176
vn 0.3039 0.1152 0.9457
vn 0.4097 0.8558 0.3158
vn 0.3801 0.9002 0.2125
vn -0.2958 0.0110 -0.9552
vn -0.1920 0.3518 -0.9162
vn -0.4121 -0.0901 -0.9067
vn -0.4048 -0.2648 -0.8752
vn -0.3077 -0.0683 -0.9490
vn -0.0971 0.4404 -0.8925
vn -0.1870 0.2742 -0.9433
vn -0.1474 0.3446 -0.9271
vn -0.2445 0.0346 -0.9690
vn 0.8081 0.2787 0.5190
vn 0.9598 -0.2802 -0.0163
vn 0.9109 -0.3996 0.1027
vn 0.7870 0.4292 0.4433
vn 0.3560 -0.7196 -0.5961
vn 0.2342 -0.8487 -0.4743
vn 0.5262 -0.5825 -0.6195
vn 0.8721 0.4348 0.2244
vn 0.9854 -0.1186 -0.1225
vn 0.5433 0.5397 0.6431
vn 0.4543 0.5606 0.6924
vn 0.5963 0.6174 0.5131
vn 0.4991 0.7215 0.4799
vn 0.4247 0.6395 0.6408
vn 0.4161 0.8266 0.3790
vn 0.4766 0.7892 0.3873
vn 0.4213 0.7426 0.5205
vn 0.6155 0.6740 0.4085
vn 0.3036 -0.8857 0.3512
vn 0.2052 -0.4550 0.8665
vn 0.2112 -0.0653 0.9753
vn 0.4155 -0.6487 0.6376
vn 0.0431 -0.9710 -0.2352
vn 0.2250 -0.9475 -0.2271
vn -0.4244 -0.4856 -0.7642
vn -0.4387 -0.4884 -0.7544
vn -0.5304 -0.5885 -0.6101
vn -0.5194 -0.5801 -0.6274
vn -0.5117 -0.4841 -0.7098
vn -0.3954 -0.4389 -0.8069
vn 0.7545 0.5056 0.4184
vn 0.7268 0.5926 0.3473
vn 0.8419 0.5154 0.1601
vn 0.8836 0.4232 0.2003
vn 0.8420 0.5136 0.1654
vn 0.7209 0.5798 0.3797
vn 0.7739 0.5408 0.3295
vn 0.7809 0.5497 0.2967
vn 0.8803 0.4248 0.2114
vn 0.2062 0.6020 0.7714
vn 0.2554 0.5539 0.7925
vn 0.2447 0.5230 0.8164
vn 0.0912 0.8933 0.4402
vn 0.0627 0.9371 0.3434
vn 0.0756 0.9490 0.3061
vn 0.1544 0.8785 0.4521
vn 0.1978 0.8472 0.4930
vn 0.3418 0.7103 0.6153
vn 0.3116 -0.4076 0.8584
vn 0.2433 -0.1721 0.9546
vn 0.4848 -0.0233 0.8743
vn 0.5701 -0.1468 0.8084
vn 0.6096 0.0627 0.7902
vn 0.4625 -0.0977 0.8812
vn 0.3571 0.5772 0.7344
vn 0.4315 0.5745 0.6955
vn 0.4325 0.6428 0.6323
vn 0.2965 0.6709 0.6797
vn 0.3892 0.7335 0.5573
vn 0.2987 0.7398 0.6029
vn 0.4072 0.8648 0.2937
vn 0.4180 0.8467 0.3291
vn 0.3818 0.8969 0.2232
vn 0.4192 0.8828 0.2119
vn 0.3869 0.7469 0.5408
vn 0.4705 0.6712 0.5728
vn -0.3093 -0.4354 -0.8454
vn -0.1981 -0.6146 -0.7635
vn -0.0312 -0.5273 -0.8491
vn -0.1935 -0.3530 -0.9154
vn 0.0050 -0.6864 -0.7272
vn -0.0814 -0.7968 -0.5987
vn -0.3584 -0.0104 -0.9335
vn -0.3677 -0.0265 -0.9296
vn -0.3560 0.0701 -0.9319
vn -0.3945 -0.0884 -0.9146
vn -0.3349 -0.1561 -0.9292
vn -0.3900 -0.3053 -0.8687
vn -0.3029 -0.7020 -0.6445
vn -0.3364 -0.6319 -0.6982
vn -0.0438 -0.6189 -0.7843
vn -0.0682 -0.6921 -0.7185
vn -0.1639 -0.4995 -0.8507
vn -0.3950 -0.5233 -0.7550
vn 0.0846 0.0022 0.9964
vn 0.2532 0.2696 0.9291
vn 0.1623 0.3362 0.9277
vn -0.0406 0.1295 0.9907
vn 0.5567 0.6236 0.5488
vn 0.4793 0.6999 0.5296
vn 0.5865 0.3515 0.7297
vn 0.4199 0.4860 0.7665
vn 0.4109 0.2935 0.8631
vn 0.5255 0.1457 0.8382
vn 0.6145 0.6244 0.4821
vn 0.3448 0.5460 0.7636
vn 0.4167 0.4610 0.7835
vn 0.4384 0.7280 0.5271
vn 0.4780 0.6622 0.5770
vn 0.5216 0.6702 0.5279
vn 0.6215 0.5847 0.5215
vn 0.0560 0.4756 0.8779
vn 0.3256 0.4654 0.8231
vn 0.1937 0.5876 0.7856
vn 0.0273 0.5720 0.8198
vn 0.0809 0.6961 0.7134
vn 0.1458 0.6935 0.7055
vn 0.1571 0.8759 0.4562
vn 0.1832 0.8978 0.4004
vn 0.0755 0.8740 0.4800
vn 0.1245 0.8342 0.5372
vn 0.1615 0.8979 0.4096
vn 0.2428 0.8214 0.5160
vn 0.4170 0.6270 0.6580
vn 0.0964 0.8862 0.4532
vn 0.1170 0.8234 0.5553
vn 0.5750 0.2719 0.7716
vn 0.5330 0.3709 0.7605
vn 0.6542 -0.0194 0.7560
vn 0.6797 -0.1348 0.7210
vn 0.6794 -0.0183 0.7335
vn 0.4014 0.5162 0.7566
vn 0.6847 0.2469 0.6857
vn 0.4402 0.2613 0.8590
vn 0.4676 0.2523 0.8472
vn 0.7279 0.2836 0.6243
vn 0.1836 0.1409 0.9728
vn 0.1656 0.2177 0.9619
vn 0.2778 0.2556 0.9260
vn 0.3935 0.4269 0.8142
vn 0.4001 0.4316 0.8085
vn 0.3021 0.2471 0.9207
vn 0.3726 0.5975 0.7100
vn 0.3808 0.6859 0.6201
vn 0.4737 0.7004 0.5339
vn 0.3710 0.4613 0.8060
vn 0.3083 0.2516 0.9174
vn 0.4471 0.7193 0.5317
vn 0.4566 0.7215 0.5206
vn 0.4302 0.7400 0.5170
vn 0.4353 0.7109 0.5524
vn 0.4698 0.8328 0.2929
vn 0.5522 0.8119 0.1894
vn 0.4329 0.7470 0.5045
vn 0.4249 0.7482 0.5095
vn 0.0043 -0.5518 -0.8340
vn -0.1047 -0.4417 -0.8910
vn -0.1717 -0.4895 -0.8549
vn -0.0507 -0.6352 -0.7707
vn -0.2665 -0.2259 -0.9370
vn -0.2417 -0.1546 -0.9580
vn -0.2159 -0.2192 -0.9515
vn -0.3229 -0.2610 -0.9097
vn -0.1924 -0.6526 -0.7329
vn -0.0601 -0.6240 -0.7791
vn -0.0899 -0.1170 -0.9891
vn -0.0014 -0.1323 -0.9912
vn 0.0981 -0.5282 -0.8434
vn 0.0319 -0.3352 -0.9416
vn 0.2022 -0.4027 -0.8927
vn 0.0254 -0.8331 -0.5525
vn -0.0487 -0.8875 -0.4582
vn -0.0988 -0.8607 -0.4995
vn -0.2249 -0.6329 -0.7408
vn -0.2732 -0.4654 -0.8419
vn 0.0629 -0.7322 -0.6782
vn -0.2638 -0.6463 -0.7161
vn -0.3293 -0.4917 -0.8061
vn -0.3802 -0.5306 -0.7576
vn -0.4037 -0.5967 -0.6935
vn -0.3583 -0.4315 -0.8279
vn -0.2545 0.0459 -0.9660
vn -0.1413 0.2274 -0.9635
vn -0.3929 -0.3706 -0.8416
vn -0.3086 -0.5594 -0.7693
vn -0.4317 -0.2250 -0.8735
vn -0.3749 -0.3939 -0.8392
vn -0.4128 -0.3782 -0.8286
vn -0.4724 -0.2203 -0.8534
vn -0.3859 -0.5361 -0.7508
vn -0.4069 -0.6283 -0.6630
vn -0.4127 -0.6900 -0.5946
vn -0.1674 -0.3549 -0.9198
vn -0.2551 -0.2073 -0.9444
vn -0.4310 -0.6790 -0.5943
vn -0.2666 -0.8704 -0.4140
vn -0.3450 -0.7467 -0.5687
vn -0.3191 -0.7050 -0.6334
vn -0.0842 -0.8345 -0.5445
vn -0.2841 -0.5161 -0.8081
vn -0.2089 -0.4979 -0.8417
vn 0.0556 -0.5777 -0.8143
vn -0.2365 -0.5011 -0.8325
vn 0.0079 -0.7469 -0.6649
vn 0.0510 -0.9054 -0.4216
vn 0.1321 -0.8064 -0.5765
vn 0.1786 -0.6388 -0.7484
vn -0.1117 -0.9680 -0.2245
vn -0.2974 -0.8686 -0.3963
vn -0.4055 -0.6318 -0.6606
vn -0.3719 -0.5863 -0.7196
vn -0.3660 -0.4528 -0.8131
vn -0.4618 -0.6196 -0.6347
vn -0.2414 -0.4816 -0.8425
vn -0.1366 -0.1446 -0.9800
vn 0.0054 -0.0799 -0.9968
vn -0.1156 -0.3580 -0.9265
vn -0.1547 -0.5649 -0.8105
vn -0.2374 -0.4418 -0.8651
vn 0.0087 -0.5378 -0.8430
vn -0.0668 -0.4907 -0.8688
vn -0.1194 -0.7022 -0.7019
vn -0.0387 -0.6941 -0.7188
vn -0.1038 -0.7045 -0.7021
vn -0.3966 -0.6196 -0.6773
vn -0.2456 -0.7122 -0.6576
vn -0.3042 -0.7172 -0.6270
vn -0.4733 -0.6465 -0.5983
vn -0.5333 -0.6526 -0.5383
vn -0.3868 -0.7112 -0.5869
vn -0.4370 -0.6340 -0.6380
vn -0.4516 -0.5942 -0.6656
vn -0.0463 -0.8602 -0.5078
vn -0.0935 -0.8076 -0.5823
vn -0.4085 -0.6178 -0.6719
vn -0.1197 -0.8454 -0.5205
vn -0.4083 -0.5810 -0.7041
vn -0.5571 -0.6180 -0.5547
vn -0.6778 -0.5719 -0.4621
vn -0.4104 -0.5734 -0.7090
vn -0.8632 -0.5028 -0.0448
vn -0.8259 -0.5380 -0.1687
vn -0.8745 -0.3187 0.3655
vn -0.9000 -0.3407 0.2718
vn -0.7375 -0.0950 0.6686
vn -0.7125 -0.0795 0.6971
vn -0.4247 0.1606 0.8910
vn -0.4112 0.1317 0.9020
vn -0.0876 0.3031 0.9489
vn -0.1607 0.3222 0.9329
vn 0.3299 0.4452 0.8325
vn 0.3057 0.4860 0.8187
vn 0.7422 0.5115 0.4330
vn 0.7304 0.4633 0.5018
vn 0.9126 0.3883 0.1283
vn 0.9073 0.4142 0.0719
vn 0.9090 0.4091 0.0794
vn 0.9107 0.3835 0.1537
vn 0.2247 0.1710 0.9593
vn 0.0029 0.1440 0.9896
vn 0.1866 0.1565 0.9699
vn 0.2839 0.2215 0.9329
vn 0.0847 0.1524 0.9847
vn 0.2174 0.3510 0.9108
vn 0.5135 0.7140 0.4759
vn 0.0233 0.0475 0.9986
vn 0.1249 0.2139 0.9688
vn 0.5721 0.7997 0.1822
vn 0.5677 0.7944 0.2158
vn 0.5539 0.7613 0.3370
vn 0.5334 0.7179 0.4473
vn 0.5081 0.5906 0.6269
vn 0.5810 0.6830 0.4427
vn 0.6265 0.6900 0.3625
vn 0.5956 0.6172 0.5141
vn 0.6235 0.7226 0.2986
vn 0.6334 0.7371 0.2356
vn 0.1614 0.0894 0.9828
vn 0.3034 0.1360 0.9431
vn 0.0874 0.1292 0.9878
vn 0.1170 0.1262 0.9851
vn 0.2231 0.2932 0.9297
vn 0.3464 0.5103 0.7871
vn 0.4682 0.1092 0.8768
vn 0.3241 0.0810 0.9425
vn 0.2964 0.2639 0.9179
vn 0.2240 0.2705 0.9363
vn 0.3998 0.5137 0.7592
vn 0.5273 0.5880 0.6134
vn 0.3137 0.2353 0.9199
vn -0.2118 -0.7516 -0.6247
vn -0.3509 -0.6925 -0.6304
vn -0.2937 -0.5870 -0.7545
vn -0.1347 -0.6103 -0.7806
vn 0.1844 -0.4834 -0.8558
vn -0.0388 -0.4903 -0.8707
vn -0.4484 -0.5518 -0.7031
vn -0.3247 -0.4918 -0.8079
vn -0.4994 -0.6390 -0.5851
vn 0.2105 0.5469 0.8103
vn -0.0823 0.4588 0.8847
vn 0.3529 0.6965 0.6247
vn 0.1735 -0.5077 -0.8439
vn 0.3337 -0.3340 -0.8815
vn 0.4787 -0.1997 -0.8550
vn 0.2380 -0.3715 -0.8974
vn -0.0461 -0.4896 -0.8707
vn 0.0062 -0.6200 -0.7846
vn 0.0892 0.7631 0.6401
vn 0.2044 0.7674 0.6077
vn 0.2881 0.8063 0.5167
vn 0.5091 0.6696 0.5409
vn 0.4091 0.7003 0.5850
vn 0.3918 0.7609 0.5172
vn -0.2660 -0.7029 -0.6597
vn -0.4148 -0.6648 -0.6213
vn -0.0861 -0.6930 -0.7158
vn -0.4054 -0.2637 -0.8753
vn -0.3832 -0.2983 -0.8742
vn -0.3746 -0.2287 -0.8985
vn 0.5197 0.2351 0.8214
vn 0.3879 0.1448 0.9102
vn 0.2557 0.0950 0.9621
vn -0.4103 -0.4681 -0.7826
vn -0.3957 -0.2835 -0.8735
vn -0.2305 -0.2046 -0.9513
vn -0.3944 -0.9179 -0.0428
vn -0.5217 -0.8526 0.0296
vn -0.3053 -0.9127 -0.2717
vn -0.4314 -0.8593 -0.2747
vn -0.5704 0.8213 0.0085
vn -0.1550 0.9493 0.2734
vn -0.2087 0.8330 0.5123
vn -0.6497 0.7168 0.2530
vn -0.8483 -0.2742 -0.4530
vn -0.9479 0.2714 -0.1670
vn -0.8370 0.4121 -0.3601
vn -0.8396 -0.0773 -0.5376
vn -0.6663 0.4762 0.5739
vn -0.1908 0.6100 0.7691
vn -0.5636 0.1898 0.8040
vn -0.1555 0.3135 0.9368
vn -0.9719 -0.0513 0.2296
vn -0.8141 -0.5498 -0.1868
vn -0.6215 -0.7596 0.1915
vn -0.7191 -0.3141 0.6198
vn -0.2868 -0.7376 0.6113
vn -0.1860 -0.2197 0.9577
vn -0.4267 -0.8887 -0.1677
vn -0.2764 -0.9610 0.0088
vn -0.5457 -0.7566 -0.3602
vn -0.6293 -0.6232 -0.4644
vn -0.7149 -0.4727 -0.5152
vn 0.5391 0.4349 0.7213
vn 0.6708 0.4416 0.5958
vn 0.7521 0.4608 0.4712
vn 0.6332 0.4593 0.6230
vn 0.7382 0.4888 0.4649
vn 0.7126 0.4583 0.5312
vn 0.9068 0.3356 0.2550
vn 0.8798 0.3249 0.3470
vn 0.7745 0.4279 0.4660
vn 0.7748 0.4407 0.4534
vn 0.6361 0.4072 0.6554
vn 0.5704 0.4000 0.7174
vn 0.5473 0.3981 0.7362
vn 0.5855 0.4044 0.7026
vn 0.6956 0.4172 0.5849
vn 0.7413 0.4219 0.5220
vn 0.7066 0.3848 0.5938
vn 0.6397 0.4010 0.6558
vn 0.7592 0.3804 0.5281
vn 0.7710 0.3644 0.5223
vn 0.5249 0.4247 0.7377
vn 0.3397 0.4138 0.8446
vn 0.3705 0.5124 0.7747
vn 0.4526 0.5702 0.6856
vn 0.3563 0.5718 0.7390
vn 0.4551 0.5967 0.6609
vn 0.6954 0.5561 0.4552
vn 0.6469 0.6104 0.4571
vn 0.7049 0.5820 0.4055
vn 0.7164 0.5598 0.4163
vn 0.8368 0.4657 0.2879
vn 0.7543 0.5333 0.3829
vn 0.5351 0.6131 0.5812
vn 0.5319 0.6095 0.5879
vn 0.5772 0.6325 0.5165
vn 0.5940 0.6186 0.5143
vn 0.6708 0.5309 0.5178
vn 0.6167 0.4881 0.6175
vn 0.6783 0.5476 0.4899
vn 0.6105 0.6344 0.4741
vn 0.6645 0.5938 0.4537
vn 0.3181 0.3229 0.8914
vn 0.5086 0.3851 0.7701
vn 0.5315 0.3430 0.7745
vn 0.3933 0.1828 0.9010
vn 0.7510 0.5136 0.4151
vn 0.7823 0.4239 0.4565
vn 0.8329 0.4133 0.3681
vn 0.8250 0.4882 0.2847
vn 0.6728 0.5079 0.5379
vn 0.7079 0.4639 0.5326
vn 0.7370 0.4379 0.5149
vn 0.6829 0.5170 0.5161
vn 0.6515 0.4484 0.6119
vn 0.6602 0.4692 0.5865
vn 0.4132 0.0149 0.9105
vn 0.3995 0.1405 0.9059
vn 0.5581 0.3069 0.7710
vn 0.6571 0.1793 0.7322
vn 0.7158 0.4592 0.5261
vn 0.7089 0.4273 0.5612
vn 0.8679 -0.0221 0.4962
vn 0.8870 -0.0365 0.4603
vn 0.6756 -0.6616 0.3253
vn 0.4054 -0.6438 0.6490
vn -0.1352 -0.8901 -0.4353
vn 0.1074 -0.9231 -0.3693
vn 0.5493 -0.8285 0.1084
vn 0.5981 -0.8011 0.0238
vn 0.0211 -0.9344 -0.3557
vn -0.1763 -0.9416 -0.2868
vn -0.3600 -0.5442 -0.7578
vn -0.2809 -0.5826 -0.7627
vn -0.1162 -0.7922 -0.5991
vn -0.2614 -0.6612 -0.7032
vn -0.6437 -0.6428 -0.4153
vn -0.5123 -0.6883 -0.5137
vn -0.3161 -0.8215 -0.4746
vn -0.5429 -0.7222 -0.4285
vn -0.5035 -0.5958 -0.6257
vn -0.4107 -0.5778 -0.7053
vn -0.4482 -0.5537 -0.7018
vn -0.5458 -0.5577 -0.6253
vn -0.4839 -0.6160 -0.6216
vn -0.3489 -0.5975 -0.7220
vn -0.4288 -0.4985 -0.7534
vn -0.2883 -0.5137 -0.8081
vn -0.3872 -0.4076 -0.8270
vn -0.5382 -0.4129 -0.7347
vn -0.6532 -0.5437 -0.5270
vn -0.7167 -0.5545 -0.4229
vn -0.7138 -0.5131 -0.4767
vn -0.6999 -0.4777 -0.5310
vn -0.6375 -0.5402 -0.5494
vn -0.6488 -0.6022 -0.4652
vn -0.6190 -0.6195 -0.4828
vn -0.5852 -0.5398 -0.6051
vn -0.5461 -0.5488 -0.6330
vn -0.6228 -0.5626 -0.5437
vn -0.6610 -0.5305 -0.5308
vn -0.5059 -0.5103 -0.6955
vn -0.3768 -0.4542 -0.8073
vn -0.4019 -0.4383 -0.8040
vn -0.5510 -0.4992 -0.6687
vn -0.6287 -0.5464 -0.5533
vn -0.6547 -0.5800 -0.4848
vn -0.6706 -0.5390 -0.5097
vn -0.6446 -0.5335 -0.5476
vn -0.6740 -0.5367 -0.5076
vn -0.6341 -0.5820 -0.5090
vn -0.5781 -0.4239 -0.6972
vn -0.4624 -0.3882 -0.7971
vn -0.4483 -0.4070 -0.7959
vn -0.5564 -0.4614 -0.6910
vn -0.3788 -0.3486 -0.8573
vn -0.3826 -0.3747 -0.8445
vn -0.6544 -0.5038 -0.5638
vn -0.6783 -0.5193 -0.5198
vn -0.6972 -0.4677 -0.5433
vn -0.6734 -0.4455 -0.5900
vn -0.3888 -0.5293 -0.7541
vn -0.4812 -0.4866 -0.7292
vn -0.4558 -0.5064 -0.7320
vn -0.6219 -0.4514 -0.6399
vn -0.6195 -0.4683 -0.6300
vn -0.4262 -0.4622 -0.7777
vn -0.4114 -0.5032 -0.7600
vn -0.4903 -0.4933 -0.7185
vn -0.5290 -0.4757 -0.7027
vn -0.5014 -0.5084 -0.7001
vn -0.4996 -0.4383 -0.7472
vn -0.5478 -0.4438 -0.7092
vn -0.5874 -0.4336 -0.6834
vn -0.5565 -0.5537 -0.6194
vn -0.4944 -0.4568 -0.7395
vn -0.2340 -0.5366 -0.8107
vn -0.9003 -0.2164 -0.3777
vn -0.9547 -0.1398 -0.2627
vn -0.9019 -0.3164 -0.2940
vn -0.8196 -0.3336 -0.4658
vn -0.7748 -0.3387 -0.5338
vn -0.6993 -0.4881 -0.5222
vn -0.1106 -0.1659 -0.9799
vn 0.1092 -0.7214 -0.6838
vn 0.1854 -0.5633 -0.8052
vn -0.2890 -0.0176 -0.9572
vn -0.0599 0.0188 -0.9980
vn -0.2460 0.0948 -0.9646
vn 0.1866 -0.9611 -0.2036
vn -0.0310 -0.9124 -0.4081
vn 0.2342 -0.9075 -0.3486
vn 0.3923 -0.8877 -0.2411
vn 0.2943 0.7524 0.5893
vn 0.3439 0.6679 0.6600
vn 0.3454 0.6402 0.6862
vn 0.3219 0.8421 0.4327
vn 0.0087 -0.0544 -0.9985
vn -0.1678 -0.0531 -0.9844
vn -0.2066 -0.1710 -0.9634
vn -0.0186 -0.2311 -0.9727
vn -0.2595 -0.2450 -0.9341
vn -0.1406 -0.4222 -0.8955
vn -0.3542 -0.6101 -0.7088
vn -0.3350 -0.7557 -0.5628
vn -0.2486 -0.7446 -0.6195
vn -0.3086 -0.7587 -0.5737
vn 0.3534 0.9135 0.2017
vn 0.4503 0.7184 0.5302
vn 0.5416 0.6684 0.5097
vn 0.5033 0.8289 0.2440
vn 0.5431 0.6468 0.5354
vn 0.4840 0.6800 0.5508
vn 0.4961 0.0268 0.8678
vn 0.4558 -0.2605 0.8511
vn 0.3779 -0.2463 0.8925
vn 0.4896 0.0922 0.8671
vn 0.2953 -0.3687 0.8814
vn 0.4200 -0.3807 0.8238
vn -0.4989 -0.6178 -0.6078
vn -0.5798 -0.4884 -0.6521
vn -0.4389 -0.3706 -0.8186
vn -0.3710 -0.4128 -0.8318
vn -0.6503 0.0064 0.7596
vn -0.8417 -0.2098 0.4975
vn -0.3250 0.2281 0.9178
vn -0.2193 0.0287 0.9752
vn -0.5440 -0.2383 0.8045
vn -0.7667 -0.4446 0.4632
vn 0.2905 0.4413 0.8490
vn 0.3753 0.2712 0.8863
vn 0.7816 0.4288 0.4531
vn 0.8163 0.2485 0.5215
vn 0.9387 0.3074 0.1558
vn 0.9178 0.3182 0.2373
vn 0.9610 0.2099 0.1799
vn 0.9725 0.2303 0.0335
vn 0.8900 0.3878 0.2398
vn 0.9254 0.3408 0.1656
vn 0.8084 0.4496 0.3799
vn 0.8149 0.4233 0.3958
vn 0.7946 0.5961 0.1155
vn 0.7777 0.5980 0.1940
vn 0.7188 0.5785 0.3857
vn 0.7274 0.5870 0.3553
vn 0.6834 0.5493 0.4808
vn 0.6799 0.5785 0.4506
vn 0.4182 -0.1754 0.8913
vn 0.4823 0.0316 0.8754
vn 0.3836 0.0547 0.9219
vn 0.3490 -0.1119 0.9304
vn 0.4276 0.1399 0.8931
vn 0.5195 0.1589 0.8395
vn 0.4189 -0.1105 0.9013
vn 0.4242 0.0094 0.9055
vn 0.6227 0.4351 0.6503
vn 0.5940 0.4068 0.6940
vn 0.5893 0.4253 0.6869
vn 0.6338 0.4192 0.6501
vn 0.5525 0.4221 0.7188
vn 0.5464 0.3724 0.7502
vn 0.4314 0.3532 0.8301
vn 0.5088 0.4204 0.7512
vn 0.6124 0.3393 0.7140
vn 0.6273 0.4833 0.6107
vn 0.6288 0.4801 0.6117
vn 0.5861 0.3594 0.7261
vn 0.5809 0.2406 0.7776
vn 0.5066 0.2449 0.8267
vn 0.3706 0.4935 0.7869
vn 0.4738 0.4815 0.7373
vn 0.5094 0.4836 0.7118
vn 0.4225 0.5336 0.7326
vn -0.3997 -0.3366 -0.8526
vn -0.3615 -0.3961 -0.8441
vn -0.3360 -0.6597 -0.6722
vn -0.3479 -0.6484 -0.6771
vn -0.5235 -0.5197 -0.6752
vn -0.4297 -0.6327 -0.6442
vn -0.4954 -0.6030 -0.6253
vn -0.5684 -0.5020 -0.6518
vn -0.4645 -0.5490 -0.6949
vn -0.3736 -0.6533 -0.6585
vn -0.3718 -0.6486 -0.6641
vn -0.4116 -0.6389 -0.6499
vn -0.4007 0.1938 -0.8955
vn -0.4460 -0.3459 -0.8255
vn -0.4331 -0.3168 -0.8438
vn -0.2903 0.1743 -0.9409
vn -0.4305 -0.3686 -0.8239
vn -0.4469 -0.6023 -0.6614
vn -0.4522 0.1536 -0.8786
vn -0.4374 -0.5711 -0.6946
vn -0.3660 -0.6732 -0.6425
vn -0.5793 -0.4990 -0.6445
vn -0.5300 -0.5790 -0.6196
vn 0.5963 0.4604 0.6576
vn 0.6523 0.5029 0.5671
vn 0.6590 0.4815 0.5778
vn 0.6662 0.4334 0.6069
vn 0.6357 0.5468 0.5449
vn 0.6203 0.5295 0.5787
vn 0.4406 0.5608 0.7010
vn 0.4788 0.5348 0.6962
vn 0.6096 0.5281 0.5912
vn 0.5138 0.5144 0.6866
vn 0.5657 0.4986 0.6569
vn 0.4569 0.4771 0.7508
vn 0.3638 0.5104 0.7792
vn 0.3801 0.4791 0.7912
vn 0.4162 0.5665 0.7112
vn 0.4282 0.5364 0.7273
vn 0.4826 0.5471 0.6839
vn 0.4246 0.6096 0.6694
vn 0.4122 0.6278 0.6603
vn 0.3906 0.6839 0.6163
vn 0.5289 0.5910 0.6091
vn 0.3759 0.5433 0.7507
vn 0.3383 0.6704 0.6604
vn 0.3109 0.8618 0.4008
vn 0.4360 0.7634 0.4766
vn 0.1719 0.9039 0.3918
vn 0.1613 0.8791 0.4485
vn 0.3848 0.7185 0.5794
vn 0.0618 0.9278 0.3680
vn -0.1325 0.9689 0.2089
vn 0.5669 0.6258 0.5357
vn -0.3391 -0.7461 -0.5730
vn -0.3257 -0.7499 -0.5759
vn -0.3217 -0.7074 -0.6294
vn -0.3249 -0.7013 -0.6345
vn 0.2455 0.7910 0.5604
vn 0.3729 0.6753 0.6363
vn -0.3468 -0.6343 -0.6909
vn -0.3503 -0.6174 -0.7043
vn -0.4166 -0.5049 -0.7560
vn -0.3826 -0.5335 -0.7544
vn -0.4582 -0.6534 -0.6026
vn -0.4468 -0.5785 -0.6824
vn -0.4459 -0.5881 -0.6748
vn -0.4721 -0.6531 -0.5921
vn -0.4052 -0.4921 -0.7705
vn -0.4545 -0.4701 -0.7566
vn 0.5102 0.6683 0.5414
vn 0.5512 0.6201 0.5582
vn 0.5571 0.6137 0.5595
vn 0.5703 0.5625 0.5986
vn -0.4046 -0.5044 -0.7628
vn -0.4421 -0.5999 -0.6668
vn -0.4628 -0.6641 -0.5872
vn 0.5870 0.5607 0.5840
vn 0.5883 0.5429 0.5993
vn 0.6042 0.4949 0.6246
vn 0.5854 0.5108 0.6296
vn 0.5583 0.6383 0.5300
vn 0.5715 0.5674 0.5929
vn 0.5558 0.5675 0.6075
vn 0.5505 0.6440 0.5312
vn 0.5139 0.5162 0.6851
vn 0.5497 0.5169 0.6563
vn 0.4873 0.5083 0.7101
vn 0.5139 0.5792 0.6328
vn 0.4931 0.6677 0.5577
vn -0.4975 -0.3931 -0.7733
vn -0.4171 -0.4077 -0.8123
vn -0.4635 -0.3709 -0.8047
vn -0.3702 -0.3669 -0.8534
vn -0.3579 -0.4499 -0.8182
vn -0.4520 -0.4174 -0.7883
vn -0.3072 -0.4320 -0.8480
vn -0.3609 -0.4086 -0.8383
vn -0.3897 -0.4464 -0.8055
vn -0.3744 -0.4360 -0.8184
vn 0.5898 0.4730 0.6545
vn 0.5898 0.4601 0.6637
vn 0.5448 0.4911 0.6797
vn 0.5607 0.5193 0.6449
vn 0.5148 0.4430 0.7340
vn 0.5232 0.4564 0.7197
vn 0.5392 0.4693 0.6993
vn 0.4925 0.4814 0.7251
vn -0.2945 -0.7531 -0.5883
vn -0.2782 -0.4733 -0.8358
vn -0.0767 -0.5840 -0.8081
vn -0.0936 -0.8403 -0.5340
vn 0.4596 0.4596 0.7599
vn 0.4611 0.4814 0.7455
vn -0.3615 -0.4644 -0.8085
vn -0.3021 -0.7344 -0.6078
vn -0.4186 -0.6384 -0.6459
vn -0.2035 -0.8410 -0.5013
vn -0.6142 -0.7346 -0.2884
vn -0.3564 -0.8314 -0.4264
vn -0.4339 -0.8779 -0.2025
vn -0.6007 -0.7884 -0.1327
vn -0.5614 -0.7360 -0.3784
vn -0.5677 -0.7176 -0.4034
vn 0.4801 -0.0427 0.8762
vn 0.3819 -0.0262 0.9238
vn 0.3968 0.4831 0.7805
vn 0.4801 0.3977 0.7819
vn -0.6132 -0.7521 -0.2416
vn -0.6071 -0.7706 -0.1938
vn -0.5746 -0.6031 -0.5533
vn -0.3318 0.2399 -0.9123
vn -0.4686 0.2560 -0.8455
vn -0.5045 -0.2508 -0.8262
vn -0.2358 -0.3106 -0.9208
vn -0.5412 0.2005 -0.8167
vn -0.6002 -0.3006 -0.7412
vn 0.2826 0.8222 0.4941
vn 0.3710 0.8298 0.4169
vn -0.1517 0.1586 -0.9756
vn 0.0491 -0.4153 -0.9083
vn -0.4750 -0.5437 -0.6919
vn -0.3177 -0.9122 -0.2587
vn -0.4432 -0.8551 -0.2691
vn -0.2530 -0.8968 -0.3629
vn 0.1486 -0.8893 -0.4325
vn 0.0033 -0.9998 -0.0217
vn 0.3348 -0.9402 -0.0621
vn -0.4918 0.0357 -0.8700
vn -0.1896 -0.5827 -0.7902
vn -0.2163 -0.5131 -0.8306
vn -0.3011 -0.3763 -0.8762
vn -0.3067 -0.3915 -0.8676
vn -0.3507 -0.3514 -0.8680
vn -0.3510 -0.4488 -0.8218
vn 0.4128 -0.8402 -0.3517
vn 0.4211 -0.8816 -0.2134
vn -0.2845 -0.5964 -0.7506
vn -0.3430 -0.3905 -0.8543
vn -0.3950 -0.4164 -0.8189
vn -0.2942 -0.5682 -0.7685
vn -0.1029 -0.6793 -0.7266
vn 0.1108 -0.7989 -0.5912
vn 0.1348 -0.8994 -0.4159
vn -0.2861 -0.3519 -0.8912
vn -0.0868 -0.9320 -0.3518
vn 0.5077 0.1437 0.8494
vn 0.5210 0.3468 0.7800
vn 0.4980 0.2782 0.8213
vn 0.4816 0.1288 0.8669
vn 0.5168 0.4280 0.7414
vn 0.5414 0.4560 0.7064
vn -0.5966 -0.5995 -0.5336
vn -0.4315 -0.7562 -0.4920
vn -0.5662 -0.7851 -0.2509
vn -0.7461 -0.6183 -0.2472
vn -0.5754 -0.7371 -0.3544
vn -0.5069 -0.6975 -0.5065
vn -0.5985 -0.7064 -0.3780
vn -0.7832 -0.5694 -0.2498
vn 0.0280 -0.1080 -0.9938
vn -0.2499 -0.3746 -0.8929
vn -0.3876 -0.1797 -0.9041
vn -0.0659 -0.0788 -0.9947
vn -0.7528 -0.3670 -0.5464
vn -0.5969 -0.5216 -0.6097
vn -0.3438 -0.2864 -0.8943
vn -0.3024 -0.4678 -0.8305
vn -0.0820 -0.2114 -0.9740
vn -0.1184 -0.0731 -0.9903
vn -0.1610 -0.5394 -0.8265
vn 0.0403 -0.2363 -0.9708
vn -0.6665 -0.5861 -0.4607
vn -0.8590 -0.4356 -0.2690
vn -0.8379 -0.4850 -0.2506
vn 0.2370 0.2345 0.9428
vn 0.3022 0.0205 0.9530
vn 0.6306 0.4747 0.6140
vn 0.6769 0.3168 0.6644
vn 0.1696 0.0231 0.9852
vn 0.0557 0.1212 0.9911
vn 0.7966 0.5675 0.2084
vn 0.8415 0.5094 0.1799
vn 0.4543 0.3768 0.8072
vn 0.4699 0.3840 0.7948
vn 0.4890 0.4754 0.7314
vn 0.5055 0.4059 0.7614
vn 0.5250 0.5098 0.6815
vn 0.5668 0.3801 0.7309
vn 0.4638 0.3274 0.8232
vn 0.4296 0.2334 0.8723
vn 0.4617 0.4130 0.7850
vn 0.3926 0.2825 0.8753
vn 0.1749 -0.0222 0.9843
vn 0.3672 0.1423 0.9192
vn 0.3860 -0.0011 0.9225
vn 0.3308 -0.1632 0.9295
vn 0.5093 0.2127 0.8339
vn 0.4766 0.2655 0.8380
vn 0.4838 0.2969 0.8233
vn 0.5513 0.3080 0.7754
vn 0.5233 0.2958 0.7992
vn 0.6014 0.3211 0.7316
vn 0.5654 0.3428 0.7502
vn 0.4375 0.2890 0.8515
vn 0.2875 0.1530 0.9455
vn 0.4326 0.8111 0.3936
vn 0.4188 0.7458 0.5180
vn 0.3717 0.7303 0.5731
vn 0.3932 0.7704 0.5019
vn 0.5539 0.2691 0.7879
vn 0.5850 0.3360 0.7382
vn 0.4586 0.7657 0.4510
vn 0.5417 0.6831 0.4898
vn 0.5430 0.7056 0.4552
vn 0.4621 0.8113 0.3580
vn 0.4608 0.7727 0.4366
vn 0.4805 0.8481 0.2230
vn 0.4559 0.8254 0.3329
vn 0.4452 0.8865 0.1258
vn 0.3773 0.9079 0.1825
vn 0.3066 0.9511 -0.0370
vn 0.4375 0.8970 -0.0629
vn 0.4823 0.7435 0.4632
vn -0.4384 -0.7109 -0.5500
vn -0.4345 -0.6842 -0.5857
vn -0.4610 -0.6605 -0.5927
vn -0.4566 -0.7035 -0.5447
vn 0.2381 0.9669 0.0918
vn 0.3712 0.8465 0.3817
vn -0.4370 -0.6663 -0.6042
vn -0.4561 -0.6929 -0.5585
vn -0.4866 -0.6795 -0.5490
vn -0.5177 -0.6079 -0.6020
vn -0.4321 -0.6465 -0.6288
vn -0.4591 -0.6126 -0.6433
vn -0.4147 -0.2179 -0.8835
vn -0.4572 -0.4234 -0.7821
vn -0.5397 -0.4726 -0.6967
vn -0.5266 -0.1662 -0.8337
vn -0.5092 -0.6512 -0.5628
vn -0.5154 -0.4246 -0.7443
vn -0.4401 -0.1425 -0.8866
vn -0.4788 -0.6966 -0.5344
vn -0.4717 -0.4276 -0.7711
vn -0.5311 -0.3313 -0.7798
vn -0.5866 -0.3514 -0.7297
vn -0.5180 -0.4286 -0.7402
vn -0.6121 -0.3129 -0.7263
vn -0.5595 -0.2648 -0.7854
vn -0.6435 -0.4235 -0.6377
vn -0.6433 -0.4068 -0.6486
vn -0.5755 -0.4855 -0.6581
vn -0.3557 -0.5936 -0.7219
vn -0.1837 -0.2954 -0.9375
vn -0.5235 -0.4229 -0.7397
vn -0.5266 -0.4220 -0.7380
vn -0.5657 -0.5023 -0.6540
vn -0.4908 -0.2497 -0.8347
vn -0.4298 -0.2753 -0.8599
vn -0.5248 -0.3686 -0.7673
vn -0.5549 -0.4726 -0.6846
vn -0.4942 -0.5437 -0.6784
vn -0.5718 -0.3172 -0.7566
vn -0.6429 -0.4337 -0.6313
vn 0.2781 0.0741 0.9577
vn 0.3411 0.0202 0.9398
vn 0.4791 0.3761 0.7931
vn 0.3450 0.4424 0.8278
vn -0.5291 -0.4846 -0.6966
vn 0.5243 0.7864 0.3266
vn 0.4191 0.8414 0.3412
vn 0.3721 0.3944 0.8402
vn 0.4681 0.3928 0.7916
vn 0.4847 0.8569 0.1753
vn 0.3016 0.9274 0.2214
vn 0.3273 0.3825 0.8640
vn 0.2930 0.9129 0.2843
vn 0.1980 0.1271 0.9719
vn 0.1911 0.0825 0.9781
vn -0.5322 -0.4429 -0.7215
vn -0.4117 -0.0004 -0.9113
vn -0.3998 -0.0741 -0.9136
vn -0.5425 -0.5982 -0.5898
vn 0.3780 0.0293 0.9253
vn -0.2967 -0.5296 -0.7947
vn -0.5763 -0.4190 -0.7016
vn -0.4766 -0.0544 -0.8774
vn -0.1901 -0.1555 -0.9694
vn -0.4278 -0.0696 -0.9012
vn -0.2850 0.1475 -0.9471
vn -0.4283 -0.0554 -0.9019
vn -0.4480 0.0556 -0.8923
vn -0.4202 0.0344 -0.9068
vn -0.5667 -0.5076 -0.6490
vn -0.2463 -0.3321 -0.9105
vn -0.2181 -0.4090 -0.8861
vn -0.5177 -0.5838 -0.6254
vn -0.5548 -0.4631 -0.6911
vn -0.5291 -0.6086 -0.5913
vn -0.2672 -0.4024 -0.8756
vn -0.1033 -0.0022 -0.9946
vn -0.5294 -0.4199 -0.7372
vn -0.2619 -0.2652 -0.9279
vn -0.6132 -0.6013 -0.5123
vn -0.6637 -0.5366 -0.5212
vn -0.6132 -0.5469 -0.5700
vn -0.6410 -0.4645 -0.6111
vn -0.6289 -0.4574 -0.6287
vn -0.3717 -0.3757 -0.8489
vn 0.6868 0.5298 0.4977
vn 0.6432 0.5645 0.5174
vn 0.6693 0.5957 0.4440
vn 0.7019 0.5824 0.4100
vn 0.5812 0.5190 0.6268
vn 0.6266 0.4139 0.6604
vn -0.5922 -0.5098 -0.6240
vn 0.6152 0.4777 0.6271
vn 0.6076 0.4630 0.6453
vn 0.6528 0.6100 0.4492
vn 0.6645 0.5946 0.4527
vn 0.6897 0.5621 0.4565
vn 0.6922 0.6587 0.2949
vn 0.6820 0.6840 0.2590
vn 0.6692 0.7425 0.0280
vn 0.6886 0.7251 -0.0080
vn 0.6458 0.4163 0.6401
vn 0.5478 0.4177 0.7249
vn 0.4529 0.3492 0.8203
vn 0.4692 0.2336 0.8516
vn 0.5825 0.3173 0.7484
vn 0.3708 0.1195 0.9210
vn 0.3715 0.2363 0.8979
vn 0.3372 0.0325 0.9409
vn 0.4701 0.1473 0.8702
vn 0.5880 0.2622 0.7652
vn 0.7072 0.6416 0.2970
vn 0.7473 0.6636 0.0341
vn 0.4280 0.2144 0.8780
vn 0.5754 0.2849 0.7667
vn 0.3176 0.1695 0.9329
vn 0.2649 0.1429 0.9536
vn 0.1474 0.2582 0.9548
vn 0.3003 0.3805 0.8747
vn 0.4309 0.4657 0.7730
vn 0.5070 0.5150 0.6912
vn -0.5857 -0.4730 -0.6582
vn -0.6263 -0.5191 -0.5817
vn -0.5263 -0.4461 -0.7239
vn -0.4515 -0.4278 -0.7831
vn -0.5732 -0.3969 -0.7169
vn -0.4775 -0.3339 -0.8127
vn -0.4738 -0.3561 -0.8055
vn -0.5784 -0.4220 -0.6981
vn -0.4361 -0.3253 -0.8390
vn -0.4635 -0.3544 -0.8121
vn -0.6724 -0.4876 -0.5569
vn -0.6840 -0.4770 -0.5519
vn -0.4697 -0.3864 -0.7938
vn -0.4852 -0.4011 -0.7770
vn -0.5374 -0.4066 -0.7388
vn -0.4593 -0.4052 -0.7905
vn -0.5476 -0.4124 -0.7280
vn -0.4726 -0.3510 -0.8083
vn -0.5703 -0.3763 -0.7301
vn -0.5380 -0.5017 -0.6774
vn -0.3907 -0.7693 -0.5055
vn -0.3292 -0.7183 -0.6129
vn -0.5172 -0.6129 -0.5974
vn -0.4367 -0.6102 -0.6610
vn -0.6422 -0.5709 -0.5116
vn -0.5428 -0.5931 -0.5946
vn -0.4862 -0.4700 -0.7367
vn -0.2170 -0.4121 -0.8849
vn -0.2212 -0.6096 -0.7612
vn -0.4412 -0.7056 -0.5546
vn -0.4607 -0.4898 -0.7401
vn -0.4636 -0.4390 -0.7697
vn -0.6675 -0.4950 -0.5563
vn -0.6772 -0.5357 -0.5045
vn 0.7982 0.4120 0.4394
vn 0.8646 0.3569 0.3537
vn 0.9530 0.2822 0.1105
vn 0.9182 0.3350 0.2113
vn 0.9111 0.3451 0.2254
vn 0.9420 0.3181 0.1071
vn -0.2620 -0.3589 -0.8959
vn -0.5343 -0.4646 -0.7062
vn -0.4526 -0.3413 -0.8238
vn 0.7907 0.4223 0.4432
vn 0.7725 0.4503 0.4476
vn 0.8819 0.4003 0.2489
vn 0.8994 0.3863 0.2047
vn 0.9259 0.3680 0.0854
vn 0.9285 0.3711 0.0093
vn 0.6785 0.4413 0.5873
vn 0.7082 0.4071 0.5768
vn 0.5335 0.5818 0.6139
vn 0.2721 0.5590 0.7832
vn -0.0995 0.5574 0.8243
vn 0.0206 0.6032 0.7973
vn 0.6581 0.4796 0.5804
vn 0.8400 0.4456 0.3096
vn 0.9337 0.3406 0.1105
vn 0.8070 0.3981 0.4361
vn 0.9543 0.2886 -0.0777
vn -0.9196 -0.3457 0.1867
vn -0.9015 -0.4100 -0.1383
vn -0.8230 -0.5675 0.0239
vn -0.7763 -0.5367 0.3306
vn -0.8381 -0.5357 -0.1026
vn -0.8992 -0.3766 -0.2229
vn -0.8506 -0.5241 -0.0428
vn -0.8474 -0.5059 0.1614
vn -0.9473 -0.2412 -0.2110
vn -0.9213 -0.2889 -0.2601
vn -0.9934 -0.0932 0.0667
vn -0.6439 -0.5264 -0.5552
vn -0.9130 -0.3886 -0.1241
vn -0.6864 -0.6560 -0.3137
vn -0.7564 -0.6045 -0.2499
vn -0.8361 -0.4133 -0.3606
vn -0.9310 -0.2885 0.2235
vn 0.7444 0.3551 0.5655
vn 0.7864 0.3790 0.4878
vn 0.7760 0.4286 0.4628
vn 0.7060 0.4463 0.5499
vn 0.7419 0.3371 0.5797
vn 0.7472 0.3941 0.5352
vn -0.8251 -0.3257 -0.4616
vn 0.6962 0.4448 0.5635
vn 0.6816 0.4020 0.6114
vn 0.6361 0.4384 0.6349
vn 0.5872 0.5328 0.6094
vn 0.6559 0.5322 0.5354
vn 0.6892 0.3107 0.6546
vn 0.6673 0.3541 0.6552
vn 0.7365 0.4936 0.4625
vn -0.6598 -0.4420 -0.6077
vn -0.6836 -0.4895 -0.5415
vn -0.6654 -0.4510 -0.5949
vn -0.6525 -0.4273 -0.6258
vn -0.6596 -0.5148 -0.5476
vn -0.6622 -0.5075 -0.5513
vn 0.6629 0.3433 0.6653
vn -0.6637 -0.4600 -0.5898
vn -0.6931 -0.4662 -0.5499
vn -0.6141 -0.4194 -0.6686
vn -0.5913 -0.4133 -0.6925
vn -0.6177 -0.4178 -0.6662
vn -0.6304 -0.4681 -0.6193
vn -0.6318 -0.4129 -0.6560
vn -0.6248 -0.4313 -0.6508
vn -0.6589 -0.4579 -0.5968
vn 0.0447 0.6133 0.7886
vn 0.1264 0.1516 0.9803
vn 0.2024 0.1387 0.9694
vn 0.0639 0.6341 0.7706
vn 0.2847 -0.3363 0.8977
vn 0.1715 -0.2735 0.9465
vn 0.1890 0.1099 0.9758
vn 0.1427 -0.3143 0.9385
vn 0.1714 0.5853 0.7925
vn -0.0385 0.8762 0.4803
vn -0.0677 0.8880 0.4548
vn 0.1140 0.8251 0.5534
vn 0.1353 -0.5419 0.8295
vn 0.3530 -0.1638 0.9212
vn 0.2239 -0.3980 0.8897
vn 0.1243 -0.5742 0.8092
vn 0.3964 0.3718 0.8394
vn 0.4406 0.3229 0.8376
vn 0.4383 0.4329 0.7877
vn 0.4732 0.3839 0.7929
vn 0.3548 -0.4947 0.7933
vn 0.4630 0.0193 0.8861
vn 0.4180 0.0634 0.9062
vn 0.4604 0.3469 0.8171
vn 0.3037 -0.5822 0.7542
vn 0.4769 0.1428 0.8673
vn 0.4919 0.3640 0.7909
vn 0.2896 0.0246 0.9568
vn 0.1745 -0.1342 0.9755
vn 0.2011 -0.0864 0.9758
vn 0.1003 -0.1947 0.9757
vn 0.6809 0.7245 0.1069
vn 0.7889 0.6013 0.1270
vn 0.6503 0.4964 0.5750
vn 0.6938 0.3399 0.6349
vn -0.0569 0.0074 0.9984
vn 0.2352 0.3144 0.9197
vn 0.3628 0.0496 0.9306
vn 0.5356 0.6805 0.5000
vn 0.0998 0.0731 0.9923
vn 0.3650 -0.0677 0.9286
vn 0.6017 0.7902 0.1165
vn -0.5217 -0.3209 0.7905
vn -0.1232 -0.0088 0.9923
vn -0.1902 0.2850 0.9395
vn -0.6971 -0.0662 0.7139
vn -0.8182 0.2294 0.5271
vn -0.3456 0.5038 0.7917
vn 0.1503 0.6113 0.7770
vn 0.2738 0.4964 0.8238
vn 0.6741 0.5679 0.4723
vn 0.6080 0.6121 0.5056
vn 0.7848 0.3321 0.5232
vn 0.3771 0.2639 0.8878
vn 0.9341 0.3327 0.1299
vn 0.8611 0.4784 0.1722
vn 0.8553 0.4589 0.2406
vn -0.4552 -0.7914 -0.4080
vn -0.1736 -0.9521 -0.2518
vn -0.0356 -0.8271 -0.5609
vn -0.4076 -0.6842 -0.6047
vn -0.3983 -0.5650 -0.7226
vn -0.3833 -0.5757 -0.7223
vn -0.2823 -0.5904 -0.7562
vn -0.2021 -0.5942 -0.7785
vn -0.9214 -0.3802 -0.0804
vn -0.9013 -0.4296 -0.0558
vn -0.7220 -0.5378 -0.4354
vn -0.7288 -0.5289 -0.4348
vn -0.9434 -0.2043 0.2612
vn -0.9269 -0.2346 0.2929
vn -0.7545 0.0517 0.6542
vn -0.7679 0.0552 0.6382
vn -0.4497 0.2625 0.8537
vn -0.4703 0.2900 0.8335
vn -0.1704 0.4117 0.8952
vn -0.0997 0.3421 0.9344
vn 0.7407 0.4905 0.4590
vn 0.7115 0.5645 0.4184
vn 0.2831 0.5350 0.7960
vn 0.3157 0.4417 0.8398
vn 0.9134 0.3976 0.0869
vn 0.8851 0.4618 0.0576
vn 0.8730 0.4814 0.0781
vn 0.8906 0.4367 0.1268
vn 0.7077 0.5753 0.4101
vn 0.6681 0.5636 0.4858
vn 0.8370 -0.1624 0.5225
vn 0.9105 0.0021 0.4134
vn 0.8582 0.3913 0.3321
vn 0.7749 0.5555 0.3015
vn 0.2591 -0.9625 0.0802
vn 0.5727 -0.8181 -0.0525
vn -0.4022 -0.6325 -0.6620
vn -0.4071 -0.6053 -0.6840
vn -0.0583 -0.6162 -0.7854
vn -0.0021 -0.6163 -0.7875
vn 0.2798 -0.6857 -0.6720
vn 0.4133 -0.5508 -0.7252
vn -0.7200 -0.5672 -0.3998
vn -0.7383 -0.5404 -0.4036
vn -0.9136 -0.4005 -0.0698
vn -0.8903 -0.4504 -0.0670
vn -0.8974 -0.2834 0.3383
vn -0.9235 -0.2284 0.3082
vn -0.7344 -0.0100 0.6787
vn -0.7024 -0.0952 0.7054
vn -0.3596 0.0640 0.9309
vn -0.3869 0.1882 0.9027
vn 0.0703 0.1843 0.9804
vn -0.0241 0.2675 0.9633
vn 0.7716 0.1905 0.6069
vn 0.7515 0.3053 0.5848
vn 0.3451 0.2816 0.8953
vn 0.4663 0.2234 0.8559
vn -0.2779 -0.7281 -0.6266
vn -0.6037 -0.6856 -0.4068
vn -0.3828 -0.8976 -0.2187
vn -0.0393 -0.9225 -0.3839
vn -0.6242 -0.7809 -0.0245
vn -0.8118 -0.5790 -0.0755
vn -0.5745 -0.7669 0.2860
vn -0.8247 -0.4607 0.3280
vn -0.5016 -0.6054 0.6179
vn -0.6332 -0.3186 0.7053
vn 0.9899 0.0097 -0.1416
vn 0.9850 0.1415 0.0988
vn 0.9534 0.2437 0.1778
vn 0.9723 0.1216 0.1996
vn -0.1401 -0.6647 0.7338
vn -0.2746 -0.2350 0.9324
vn 0.2643 -0.6444 0.7176
vn 0.1749 -0.1564 0.9721
vn 0.2115 -0.9635 0.1641
vn -0.2110 -0.9484 0.2367
vn 0.6923 -0.5532 -0.4633
vn 0.7801 -0.6200 -0.0845
vn 0.5555 -0.8305 0.0412
vn 0.3511 -0.8200 -0.4520
vn 0.6187 -0.5425 0.5682
vn 0.8751 -0.3676 0.3147
vn 0.5858 -0.0194 0.8102
vn 0.8448 0.0448 0.5332
vn 0.9202 -0.3046 -0.2458
vn 0.7856 -0.4078 -0.4653
vn 0.7002 -0.6599 -0.2726
vn 0.9460 -0.3172 0.0674
vn 0.5171 -0.5191 -0.6806
vn 0.1480 -0.6677 -0.7296
vn 0.9683 -0.1563 -0.1949
vn 0.9592 -0.1620 -0.2316
vn 0.8839 -0.3038 -0.3555
vn 0.9141 -0.1271 -0.3851
vn 0.9810 -0.0225 -0.1927
vn 0.8531 -0.2512 -0.4572
vn 0.7561 -0.4049 -0.5141
vn 0.8624 -0.4487 -0.2345
vn 0.9812 -0.1921 0.0207
vn 0.9836 0.0398 0.1757
vn -0.6337 -0.5764 -0.5160
vn -0.4206 -0.7534 -0.5055
vn -0.1704 -0.7946 -0.5827
vn -0.4609 -0.6684 -0.5838
vn -0.2883 -0.8220 -0.4911
vn -0.7213 -0.6121 -0.3241
vn -0.6999 -0.4589 -0.5473
vn -0.4881 -0.6132 -0.6211
vn -0.4673 -0.5226 -0.7131
vn -0.6629 -0.3696 -0.6511
vn -0.2011 -0.8213 -0.5338
vn -0.2409 -0.8005 -0.5487
vn -0.3559 -0.6907 -0.6295
vn -0.3093 -0.7455 -0.5904
vn -0.2598 -0.6410 -0.7222
vn -0.0358 -0.7477 -0.6631
vn -0.0990 -0.9160 -0.3888
vn -0.0404 -0.9131 -0.4058
vn 0.2548 -0.7936 -0.5525
vn 0.1901 -0.4772 -0.8580
vn -0.0717 -0.5249 -0.8481
vn 0.0212 -0.5219 -0.8527
vn 0.1952 -0.4842 -0.8529
vn 0.1551 -0.5341 -0.8311
vn 0.1727 -0.4885 -0.8553
vn 0.3086 -0.5406 -0.7827
vn 0.1484 -0.5099 -0.8473
vn 0.4516 -0.5279 -0.7193
vn 0.1300 -0.5322 -0.8366
vn 0.4755 -0.8239 -0.3085
vn 0.1332 -0.8170 -0.5611
vn -0.2213 -0.5261 -0.8211
vn -0.3422 -0.5227 -0.7808
vn -0.2693 -0.5175 -0.8122
vn -0.3196 -0.5177 -0.7936
vn -0.3096 -0.4965 -0.8110
vn -0.3098 -0.4921 -0.8136
vn -0.3279 -0.4642 -0.8228
vn -0.3107 -0.4491 -0.8377
vn -0.3204 -0.4299 -0.8441
vn -0.2128 -0.4629 -0.8605
vn -0.3213 -0.4107 -0.8533
vn -0.3346 -0.3771 -0.8636
vn -0.4540 -0.4877 -0.7457
vn -0.5445 -0.4476 -0.7094
vn -0.3997 -0.4725 -0.7855
vn -0.5011 -0.4272 -0.7526
vn -0.3715 -0.4607 -0.8061
vn -0.4823 -0.4316 -0.7623
vn -0.3755 -0.4393 -0.8161
vn -0.4808 -0.4308 -0.7637
vn -0.3998 -0.4180 -0.8157
vn -0.4288 -0.3783 -0.8204
vn -0.4923 -0.4242 -0.7601
vn -0.5154 -0.3888 -0.7637
vn -0.3951 -0.4212 -0.8164
vn -0.3622 -0.4204 -0.8319
vn -0.3823 -0.3574 -0.8521
vn -0.4193 -0.3644 -0.8315
vn -0.3862 -0.4570 -0.8012
vn -0.3540 -0.4637 -0.8122
vn -0.3231 -0.4238 -0.8461
vn -0.3189 -0.4714 -0.8222
vn -0.3346 -0.3568 -0.8722
vn -0.4596 -0.3515 -0.8156
vn -0.4050 -0.3316 -0.8520
vn -0.3832 -0.4191 -0.8231
vn -0.4553 -0.4350 -0.7768
vn -0.3373 -0.3133 -0.8877
vn -0.2977 -0.3925 -0.8702
vn -0.4011 -0.3208 -0.8580
vn -0.4423 -0.3335 -0.8326
vn -0.3448 -0.3106 -0.8858
vn -0.5018 -0.4363 -0.7469
vn -0.5011 -0.3727 -0.7811
vn -0.5295 -0.4291 -0.7318
vn -0.5329 -0.3872 -0.7524
vn -0.0918 -0.2728 -0.9577
vn 0.0724 -0.2937 -0.9531
vn -0.1669 -0.3568 -0.9192
vn -0.2466 -0.2956 -0.9229
vn 0.4835 -0.1281 -0.8659
vn 0.5800 -0.1060 -0.8077
vn 0.3756 -0.1961 -0.9058
vn 0.1920 -0.2180 -0.9569
vn -0.2729 -0.3064 -0.9120
vn -0.1565 -0.3019 -0.9404
vn -0.2766 -0.3616 -0.8904
vn -0.1793 -0.3637 -0.9141
vn -0.2752 -0.4321 -0.8588
vn -0.2773 -0.4761 -0.8345
vn -0.2178 -0.4800 -0.8498
vn -0.1956 -0.4407 -0.8761
vn 0.8422 0.0769 -0.5336
vn 0.6951 -0.0352 -0.7180
vn 0.6368 -0.0667 -0.7681
vn 0.8353 0.0748 -0.5447
vn 0.0871 -0.2628 -0.9609
vn 0.4019 -0.1627 -0.9011
vn 0.0437 -0.3209 -0.9461
vn 0.3645 -0.1753 -0.9146
vn 0.0335 -0.3867 -0.9216
vn -0.0225 -0.5036 -0.8636
vn 0.4457 -0.4992 -0.7431
vn 0.3893 -0.1849 -0.9024
vn 0.5923 -0.0621 -0.8033
vn 0.8042 0.1258 -0.5809
vn 0.5778 -0.0144 -0.8161
vn 0.7664 0.1754 -0.6179
vn 0.5997 0.0241 -0.7999
vn 0.7328 0.0114 -0.6803
vn 0.7546 0.1915 -0.6276
vn 0.7452 0.1371 -0.6526
vn 0.8828 0.4235 0.2034
vn 0.2034 0.4657 0.8612
vn 0.8787 0.3839 0.2839
vn 0.2651 0.3601 0.8944
vn 0.8884 0.4146 0.1971
vn 0.3929 0.3615 0.8456
vn 0.9044 0.4256 0.0296
vn 0.5548 0.3977 0.7308
vn 0.9182 0.3718 -0.1368
vn 0.9180 0.2903 -0.2703
vn 0.7054 0.4113 0.5773
vn 0.7878 0.4537 0.4166
vn 0.5356 0.3306 0.7771
vn 0.3675 0.3345 0.8678
vn 0.3690 0.2520 0.8946
vn 0.5264 0.2663 0.8075
vn 0.1771 0.3478 0.9207
vn 0.2223 0.2467 0.9433
vn 0.0048 0.3657 0.9307
vn 0.1017 0.2686 0.9579
vn 0.1833 0.2485 0.9511
vn 0.2385 0.2348 0.9423
vn 0.2519 0.2857 0.9246
vn 0.2346 0.2795 0.9310
vn 0.3085 0.3546 0.8827
vn 0.3537 0.4723 0.8074
vn 0.2177 0.3674 0.9042
vn 0.2026 0.4660 0.8613
vn 0.6678 0.3302 0.6671
vn 0.6932 0.3754 0.6153
vn 0.6518 0.3461 0.6748
vn 0.6359 0.2855 0.7170
vn 0.3602 0.2657 0.8942
vn 0.5154 0.3001 0.8027
vn 0.3464 0.3415 0.8737
vn 0.5014 0.3800 0.7773
vn 0.3315 0.4399 0.8346
vn 0.3430 0.4931 0.7995
vn 0.5167 0.4164 0.7481
vn 0.5639 0.3893 0.7283
vn 0.6133 0.3195 0.7223
vn 0.6428 0.3474 0.6827
vn 0.6090 0.3601 0.7067
vn 0.6395 0.3422 0.6884
vn 0.6510 0.3297 0.6837
vn 0.6979 0.2913 0.6543
vn 0.6833 0.1533 0.7139
vn 0.6592 0.2379 0.7133
vn 0.6535 0.4206 0.6293
vn 0.5482 0.4608 0.6980
vn 0.6187 0.3792 0.6881
vn 0.5292 0.4054 0.7454
vn 0.6209 0.3507 0.7011
vn 0.5744 0.3254 0.7511
vn 0.6530 0.3296 0.6819
vn 0.6297 0.2636 0.7308
vn 0.3790 0.4228 0.8232
vn 0.3838 0.5202 0.7630
vn 0.4244 0.4888 0.7622
vn 0.4222 0.4093 0.8089
vn 0.6996 0.2638 0.6641
vn 0.7258 0.1832 0.6630
vn 0.7354 0.1375 0.6635
vn 0.7066 0.1722 0.6864
vn 0.5550 0.4777 0.6810
vn 0.1218 0.5821 0.8039
vn 0.6870 0.4015 0.6056
vn 0.6847 0.4260 0.5913
vn 0.4721 0.5349 0.7007
vn 0.0329 0.5824 0.8122
vn 0.2546 0.5575 0.7902
vn 0.2918 0.5438 0.7868
vn 0.4862 0.4324 0.7594
vn 0.3962 0.4705 0.7885
vn 0.0727 0.4797 0.8744
vn -0.0248 0.5755 0.8174
vn 0.3650 0.5670 0.7384
vn -0.0139 0.6033 0.7974
vn 0.5731 0.4198 0.7038
vn -0.0010 0.5513 0.8343
vn 0.4275 0.5524 0.7156
vn 0.6416 0.4200 0.6419
vn -0.4524 0.4992 0.7390
vn -0.4396 0.5110 0.7387
vn -0.4398 0.4890 0.7533
vn -0.3667 0.3351 0.8679
vn -0.3543 0.2967 0.8868
vn -0.3646 0.5033 0.7834
vn -0.3438 0.4820 0.8059
vn -0.3310 0.3948 0.8571
vn -0.3097 0.4871 0.8166
vn -0.2298 0.3532 0.9069
vn -0.3110 0.3789 0.8716
vn -0.3223 0.4251 0.8458
vn -0.1453 0.5617 0.8145
vn -0.6673 0.4053 0.6248
vn -0.1713 0.4995 0.8492
vn -0.7326 0.2971 0.6124
vn -0.2275 0.4324 0.8725
vn -0.7120 0.2678 0.6492
vn -0.2643 0.4479 0.8541
vn -0.6588 0.2637 0.7046
vn -0.8280 -0.3993 -0.3936
vn -0.8314 -0.3530 -0.4292
vn -0.9926 -0.1009 -0.0678
vn -0.9868 -0.1612 -0.0136
vn -0.2542 0.4595 0.8510
vn -0.2309 0.4904 0.8404
vn -0.5174 0.3276 0.7905
vn -0.6022 0.2676 0.7521
vn 0.0275 -0.8401 -0.5418
vn -0.0173 -0.8741 -0.4854
vn -0.3014 -0.7971 -0.5233
vn -0.2266 -0.7962 -0.5611
vn -0.0117 -0.8107 -0.5853
vn -0.1970 -0.8051 -0.5594
vn -0.9137 -0.3468 -0.2121
vn -0.9718 -0.0803 0.2216
vn -0.9365 -0.0825 0.3409
vn -0.9225 -0.3742 -0.0944
vn -0.7854 -0.0636 0.6157
vn -0.7941 -0.5558 0.2462
vn -0.9879 -0.1449 -0.0549
vn -0.9979 -0.0632 -0.0133
vn -0.9286 -0.2311 -0.2902
vn -0.8736 -0.3539 -0.3341
vn -0.8607 -0.4007 -0.3140
vn -0.9865 -0.1298 0.0994
vn -0.8422 -0.4245 -0.3324
vn -0.9594 -0.2649 -0.0967
vn -0.8424 -0.4358 -0.3169
vn -0.9419 -0.3182 -0.1071
vn -0.8243 -0.5092 -0.2474
vn -0.5898 -0.7892 -0.1714
vn -0.9273 -0.3585 -0.1079
vn -0.8065 -0.4665 -0.3632
vn -0.8135 -0.4523 -0.3655
vn -0.9323 -0.2832 -0.2248
vn -0.9638 -0.2306 -0.1340
vn -0.9937 -0.0319 0.1076
vn -0.9982 -0.0002 0.0592
vn -0.9893 -0.1252 0.0749
vn -0.9948 -0.0547 0.0855
vn -0.9800 -0.1867 0.0695
vn -0.9871 -0.1414 0.0747
vn -0.9716 -0.2272 0.0662
vn -0.9806 -0.1879 0.0560
vn -0.9964 -0.0849 0.0027
vn -0.8487 -0.5065 -0.1523
vn -0.8050 -0.4849 -0.3417
vn -0.9912 -0.1194 -0.0571
vn -0.9875 -0.1577 -0.0022
vn -0.9949 -0.0664 0.0757
vn -0.9731 -0.2232 -0.0571
vn -0.5760 -0.4266 -0.6973
vn -0.5772 -0.4211 -0.6997
vn -0.5611 -0.4065 -0.7211
vn -0.5766 -0.3987 -0.7131
vn -0.5473 -0.4113 -0.7289
vn -0.5570 -0.3973 -0.7293
vn -0.5314 -0.4172 -0.7373
vn -0.5395 -0.4075 -0.7368
vn -0.5615 -0.3940 -0.7277
vn -0.5567 -0.4230 -0.7149
vn -0.5247 -0.4241 -0.7382
vn -0.5413 -0.3968 -0.7414
vn -0.5268 -0.4237 -0.7369
vn -0.5436 -0.4075 -0.7338
vn -0.4774 -0.4371 -0.7623
vn -0.4278 -0.4489 -0.7846
vn -0.4286 -0.4251 -0.7973
vn -0.4688 -0.4277 -0.7728
vn -0.4530 -0.3776 -0.8076
vn -0.4888 -0.3914 -0.7797
vn -0.5209 -0.4001 -0.7540
vn -0.5065 -0.4262 -0.7495
vn -0.5234 -0.4224 -0.7400
vn 0.5752 0.4825 0.6605
vn 0.6290 0.4410 0.6402
vn 0.4700 0.5349 0.7021
vn 0.5041 0.4816 0.7169
vn -0.4770 -0.3529 -0.8049
vn -0.5105 -0.3724 -0.7751
vn -0.5401 -0.3861 -0.7478
vn 0.4316 0.5408 0.7220
vn 0.4318 0.4606 0.7755
vn 0.6269 0.3018 0.7183
vn 0.6422 0.3550 0.6794
vn 0.5150 0.3789 0.7689
vn 0.4939 0.3167 0.8098
vn 0.4471 0.2335 0.8635
vn 0.5960 0.2819 0.7519
vn 0.5189 0.2509 0.8172
vn 0.3962 0.0490 0.9169
vn 0.4606 0.3463 0.8173
vn 0.4568 -0.0146 0.8895
vn 0.5108 0.1884 0.8388
vn 0.2663 0.1605 0.9504
vn 0.3376 0.2372 0.9109
vn 0.4261 0.1973 0.8829
vn 0.5469 0.2178 0.8084
vn 0.4985 0.2238 0.8375
vn 0.4345 0.1197 0.8927
vn 0.3966 0.3195 0.8606
vn 0.4016 0.2819 0.8713
vn 0.4876 0.2969 0.8210
vn 0.9976 -0.0188 0.0666
# 3464 vertex normals

vt 0.0000 0.0000 0.0000
# 1 texture coords

o Ala_izquierda
g Ala_izquierda
usemtl 13___Default
s 1
f 1/1/1 2/1/2 3/1/3 4/1/4 
f 5/1/5 3/1/3 2/1/2 6/1/6 
f 7/1/7 8/1/8 3/1/3 5/1/5 
f 4/1/4 3/1/3 8/1/8 9/1/9 
f 10/1/10 11/1/11 12/1/12 13/1/13 
f 5/1/5 12/1/12 11/1/11 7/1/7 
f 6/1/6 14/1/14 12/1/12 5/1/5 
f 13/1/13 12/1/12 14/1/14 15/1/15 
f 16/1/16 17/1/17 18/1/18 19/1/19 
f 18/1/18 17/1/17 20/1/20 
f 15/1/15 14/1/14 18/1/18 21/1/21 
f 19/1/19 18/1/18 14/1/14 6/1/6 
f 22/1/22 23/1/23 24/1/24 25/1/25 
f 16/1/16 19/1/19 23/1/23 22/1/22 
f 6/1/6 2/1/2 23/1/23 19/1/19 
f 24/1/24 23/1/23 2/1/2 1/1/1 
f 26/1/26 27/1/27 28/1/28 29/1/29 
f 30/1/30 28/1/28 27/1/27 31/1/31 
f 32/1/32 33/1/33 28/1/28 30/1/30 
f 29/1/29 28/1/28 33/1/33 34/1/34 
f 25/1/25 35/1/35 36/1/36 22/1/22 
f 30/1/30 36/1/36 35/1/35 32/1/32 
f 31/1/31 37/1/37 36/1/36 30/1/30 
f 22/1/22 36/1/36 37/1/37 16/1/16 
f 38/1/38 39/1/39 40/1/40 41/1/41 
f 42/1/42 40/1/40 39/1/39 43/1/43 
f 44/1/44 45/1/45 40/1/40 42/1/42 
f 41/1/41 40/1/40 45/1/45 46/1/46 
f 47/1/47 48/1/48 49/1/49 50/1/50 
f 51/1/51 49/1/49 48/1/48 52/1/52 
f 46/1/46 53/1/53 49/1/49 51/1/51 
f 54/1/54 50/1/50 49/1/49 53/1/53 
f 55/1/55 56/1/56 57/1/57 58/1/58 
f 53/1/53 57/1/57 56/1/56 54/1/54 
f 46/1/46 45/1/45 57/1/57 53/1/53 
f 58/1/58 57/1/57 45/1/45 44/1/44 
f 59/1/59 60/1/60 61/1/61 62/1/62 
f 42/1/42 61/1/61 60/1/60 44/1/44 
f 43/1/43 63/1/63 61/1/61 42/1/42 
f 62/1/62 61/1/61 63/1/63 64/1/64 
f 65/1/65 66/1/66 67/1/67 68/1/68 
f 69/1/69 67/1/67 66/1/66 70/1/70 
f 71/1/71 72/1/72 67/1/67 69/1/69 
f 68/1/68 67/1/67 72/1/72 73/1/73 
f 20/1/20 74/1/74 75/1/75 21/1/21 
f 76/1/76 75/1/75 74/1/74 77/1/77 
f 78/1/78 79/1/79 75/1/75 76/1/76 
f 21/1/21 75/1/75 79/1/79 15/1/15 
f 80/1/80 81/1/81 82/1/82 83/1/83 
f 81/1/81 84/1/84 85/1/85 
f 78/1/78 76/1/76 82/1/82 85/1/85 
f 83/1/83 82/1/82 76/1/76 77/1/77 
f 78/1/78 86/1/86 87/1/87 79/1/79 
f 88/1/88 87/1/87 86/1/86 89/1/89 
f 10/1/10 13/1/13 87/1/87 88/1/88 
f 79/1/79 87/1/87 13/1/13 15/1/15 
f 90/1/90 85/1/85 84/1/84 
f 91/1/91 90/1/90 92/1/92 93/1/93 
f 89/1/89 86/1/86 90/1/90 91/1/91 
f 78/1/78 85/1/85 90/1/90 86/1/86 
f 16/1/16 37/1/37 94/1/94 17/1/17 
f 95/1/95 94/1/94 37/1/37 31/1/31 
f 96/1/96 97/1/97 94/1/94 95/1/95 
f 97/1/97 20/1/20 17/1/17 
f 20/1/20 97/1/97 98/1/98 74/1/74 
f 99/1/99 98/1/98 97/1/97 96/1/96 
f 100/1/100 101/1/101 98/1/98 99/1/99 
f 74/1/74 98/1/98 101/1/101 77/1/77 
f 102/1/102 83/1/83 77/1/77 
f 103/1/103 102/1/102 101/1/101 100/1/100 
f 104/1/104 105/1/105 102/1/102 103/1/103 
f 105/1/105 80/1/80 83/1/83 
f 31/1/31 27/1/27 106/1/106 95/1/95 
f 107/1/107 106/1/106 27/1/27 26/1/26 
f 108/1/108 109/1/109 106/1/106 107/1/107 
f 95/1/95 106/1/106 109/1/109 96/1/96 
f 110/1/110 111/1/111 112/1/112 113/1/113 
f 114/1/114 112/1/112 111/1/111 115/1/115 
f 116/1/116 117/1/117 112/1/112 114/1/114 
f 113/1/113 112/1/112 117/1/117 118/1/118 
f 119/1/119 120/1/120 121/1/121 
f 114/1/114 122/1/122 121/1/121 116/1/116 
f 115/1/115 123/1/123 122/1/122 114/1/114 
f 124/1/124 119/1/119 122/1/122 123/1/123 
f 125/1/125 126/1/126 127/1/127 
f 128/1/128 125/1/125 129/1/129 130/1/130 
f 131/1/131 132/1/132 125/1/125 128/1/128 
f 126/1/126 125/1/125 132/1/132 110/1/110 
f 133/1/133 134/1/134 56/1/56 55/1/55 
f 133/1/133 135/1/135 136/1/136 
f 134/1/134 136/1/136 137/1/137 
f 56/1/56 134/1/134 138/1/138 54/1/54 
f 139/1/139 140/1/140 141/1/141 142/1/142 
f 143/1/143 141/1/141 140/1/140 144/1/144 
f 145/1/145 141/1/141 143/1/143 146/1/146 
f 147/1/147 142/1/142 141/1/141 145/1/145 
f 144/1/144 148/1/148 149/1/149 143/1/143 
f 150/1/150 149/1/149 148/1/148 151/1/151 
f 152/1/152 153/1/153 149/1/149 150/1/150 
f 143/1/143 149/1/149 153/1/153 146/1/146 
f 154/1/154 155/1/155 156/1/156 157/1/157 
f 158/1/158 156/1/156 155/1/155 159/1/159 
f 160/1/160 161/1/161 156/1/156 158/1/158 
f 157/1/157 156/1/156 161/1/161 162/1/162 
f 163/1/163 164/1/164 165/1/165 166/1/166 
f 157/1/157 165/1/165 164/1/164 154/1/154 
f 162/1/162 167/1/167 165/1/165 157/1/157 
f 166/1/166 165/1/165 167/1/167 168/1/168 
f 169/1/169 170/1/170 171/1/171 172/1/172 
f 173/1/173 174/1/174 171/1/171 170/1/170 
f 166/1/166 171/1/171 174/1/174 163/1/163 
f 168/1/168 172/1/172 171/1/171 166/1/166 
f 135/1/135 175/1/175 176/1/176 136/1/136 
f 177/1/177 176/1/176 175/1/175 178/1/178 
f 179/1/179 180/1/180 176/1/176 177/1/177 
f 180/1/180 137/1/137 136/1/136 
f 181/1/181 182/1/182 183/1/183 184/1/184 
f 177/1/177 183/1/183 182/1/182 179/1/179 
f 178/1/178 185/1/185 183/1/183 177/1/177 
f 184/1/184 183/1/183 185/1/185 186/1/186 
f 187/1/187 188/1/188 189/1/189 190/1/190 
f 191/1/191 189/1/189 188/1/188 192/1/192 
f 70/1/70 66/1/66 189/1/189 191/1/191 
f 190/1/190 189/1/189 66/1/66 65/1/65 
f 192/1/192 193/1/193 194/1/194 191/1/191 
f 195/1/195 194/1/194 193/1/193 196/1/196 
f 197/1/197 198/1/198 194/1/194 195/1/195 
f 191/1/191 194/1/194 198/1/198 70/1/70 
f 196/1/196 199/1/199 200/1/200 195/1/195 
f 201/1/201 200/1/200 199/1/199 202/1/202 
f 203/1/203 204/1/204 200/1/200 201/1/201 
f 195/1/195 200/1/200 204/1/204 197/1/197 
f 202/1/202 205/1/205 206/1/206 201/1/201 
f 207/1/207 206/1/206 205/1/205 208/1/208 
f 209/1/209 210/1/210 206/1/206 207/1/207 
f 201/1/201 206/1/206 210/1/210 203/1/203 
f 211/1/211 212/1/212 213/1/213 
f 214/1/214 215/1/215 211/1/211 
f 216/1/216 211/1/211 215/1/215 217/1/217 
f 216/1/216 218/1/218 212/1/212 
f 219/1/219 220/1/220 221/1/221 222/1/222 
f 223/1/223 221/1/221 220/1/220 224/1/224 
f 225/1/225 226/1/226 221/1/221 223/1/223 
f 222/1/222 221/1/221 226/1/226 227/1/227 
f 228/1/228 229/1/229 230/1/230 231/1/231 
f 232/1/232 230/1/230 229/1/229 233/1/233 
f 234/1/234 235/1/235 230/1/230 232/1/232 
f 231/1/231 230/1/230 235/1/235 236/1/236 
f 237/1/237 238/1/238 239/1/239 240/1/240 
f 241/1/241 239/1/239 238/1/238 242/1/242 
f 243/1/243 244/1/244 239/1/239 241/1/241 
f 240/1/240 239/1/239 244/1/244 245/1/245 
f 246/1/246 247/1/247 248/1/248 249/1/249 
f 250/1/250 248/1/248 247/1/247 251/1/251 
f 233/1/233 229/1/229 248/1/248 250/1/250 
f 249/1/249 248/1/248 229/1/229 228/1/228 
f 252/1/252 253/1/253 254/1/254 255/1/255 
f 256/1/256 254/1/254 253/1/253 257/1/257 
f 258/1/258 254/1/254 256/1/256 259/1/259 
f 255/1/255 254/1/254 258/1/258 124/1/124 
f 151/1/151 260/1/260 261/1/261 150/1/150 
f 262/1/262 261/1/261 260/1/260 263/1/263 
f 264/1/264 261/1/261 262/1/262 265/1/265 
f 150/1/150 261/1/261 264/1/264 152/1/152 
f 266/1/266 267/1/267 268/1/268 269/1/269 
f 270/1/270 268/1/268 267/1/267 271/1/271 
f 268/1/268 270/1/270 181/1/181 
f 184/1/184 186/1/186 269/1/269 
f 272/1/272 273/1/273 274/1/274 275/1/275 
f 231/1/231 274/1/274 273/1/273 228/1/228 
f 236/1/236 276/1/276 274/1/274 231/1/231 
f 275/1/275 274/1/274 276/1/276 277/1/277 
f 278/1/278 279/1/279 280/1/280 281/1/281 
f 282/1/282 280/1/280 279/1/279 283/1/283 
f 93/1/93 92/1/92 280/1/280 282/1/282 
f 281/1/281 280/1/280 92/1/92 84/1/84 
f 192/1/192 188/1/188 284/1/284 285/1/285 
f 286/1/286 284/1/284 188/1/188 187/1/187 
f 283/1/283 279/1/279 284/1/284 286/1/286 
f 285/1/285 284/1/284 279/1/279 278/1/278 
f 287/1/287 288/1/288 289/1/289 290/1/290 
f 281/1/281 289/1/289 288/1/288 278/1/278 
f 84/1/84 81/1/81 289/1/289 281/1/281 
f 290/1/290 289/1/289 81/1/81 80/1/80 
f 196/1/196 193/1/193 291/1/291 292/1/292 
f 285/1/285 291/1/291 193/1/193 192/1/192 
f 278/1/278 288/1/288 291/1/291 285/1/285 
f 292/1/292 291/1/291 288/1/288 287/1/287 
f 293/1/293 294/1/294 295/1/295 
f 290/1/290 293/1/293 296/1/296 287/1/287 
f 80/1/80 105/1/105 293/1/293 290/1/290 
f 294/1/294 293/1/293 105/1/105 104/1/104 
f 202/1/202 199/1/199 297/1/297 298/1/298 
f 292/1/292 297/1/297 199/1/199 196/1/196 
f 287/1/287 296/1/296 297/1/297 292/1/292 
f 298/1/298 297/1/297 296/1/296 295/1/295 
f 299/1/299 300/1/300 301/1/301 302/1/302 
f 294/1/294 301/1/301 300/1/300 295/1/295 
f 104/1/104 303/1/303 301/1/301 294/1/294 
f 302/1/302 301/1/301 303/1/303 304/1/304 
f 208/1/208 205/1/205 305/1/305 306/1/306 
f 298/1/298 305/1/305 205/1/205 202/1/202 
f 295/1/295 300/1/300 305/1/305 298/1/298 
f 306/1/306 305/1/305 300/1/300 299/1/299 
f 307/1/307 308/1/308 309/1/309 310/1/310 
f 311/1/311 309/1/309 308/1/308 312/1/312 
f 259/1/259 256/1/256 309/1/309 311/1/311 
f 310/1/310 309/1/309 256/1/256 257/1/257 
f 217/1/217 215/1/215 313/1/313 314/1/314 
f 215/1/215 214/1/214 315/1/315 
f 312/1/312 308/1/308 313/1/313 315/1/315 
f 314/1/314 313/1/313 308/1/308 307/1/307 
f 169/1/169 316/1/316 317/1/317 170/1/170 
f 318/1/318 317/1/317 316/1/316 319/1/319 
f 320/1/320 321/1/321 317/1/317 318/1/318 
f 170/1/170 317/1/317 321/1/321 173/1/173 
f 322/1/322 323/1/323 220/1/220 219/1/219 
f 318/1/318 323/1/323 322/1/322 320/1/320 
f 319/1/319 324/1/324 323/1/323 318/1/318 
f 220/1/220 323/1/323 324/1/324 224/1/224 
f 325/1/325 267/1/267 266/1/266 
f 275/1/275 325/1/325 326/1/326 272/1/272 
f 277/1/277 327/1/327 325/1/325 275/1/275 
f 267/1/267 325/1/325 327/1/327 271/1/271 
f 228/1/228 273/1/273 328/1/328 249/1/249 
f 329/1/329 328/1/328 273/1/273 272/1/272 
f 330/1/330 331/1/331 328/1/328 329/1/329 
f 249/1/249 328/1/328 331/1/331 246/1/246 
f 332/1/332 333/1/333 334/1/334 335/1/335 
f 336/1/336 334/1/334 333/1/333 337/1/337 
f 338/1/338 339/1/339 334/1/334 336/1/336 
f 335/1/335 334/1/334 339/1/339 340/1/340 
f 341/1/341 342/1/342 343/1/343 344/1/344 
f 345/1/345 343/1/343 342/1/342 346/1/346 
f 347/1/347 348/1/348 343/1/343 345/1/345 
f 344/1/344 343/1/343 348/1/348 349/1/349 
f 350/1/350 351/1/351 352/1/352 353/1/353 
f 354/1/354 352/1/352 351/1/351 355/1/355 
f 346/1/346 342/1/342 352/1/352 354/1/354 
f 353/1/353 352/1/352 342/1/342 341/1/341 
f 340/1/340 356/1/356 357/1/357 335/1/335 
f 358/1/358 357/1/357 356/1/356 359/1/359 
f 360/1/360 361/1/361 357/1/357 358/1/358 
f 335/1/335 357/1/357 361/1/361 332/1/332 
f 340/1/340 339/1/339 362/1/362 363/1/363 
f 364/1/364 362/1/362 339/1/339 338/1/338 
f 365/1/365 366/1/366 362/1/362 364/1/364 
f 366/1/366 367/1/367 363/1/363 
f 368/1/368 369/1/369 347/1/347 
f 370/1/370 368/1/368 371/1/371 372/1/372 
f 365/1/365 364/1/364 368/1/368 370/1/370 
f 369/1/369 368/1/368 364/1/364 338/1/338 
f 346/1/346 373/1/373 374/1/374 345/1/345 
f 375/1/375 374/1/374 373/1/373 376/1/376 
f 372/1/372 371/1/371 374/1/374 375/1/375 
f 345/1/345 374/1/374 371/1/371 347/1/347 
f 355/1/355 377/1/377 378/1/378 354/1/354 
f 379/1/379 378/1/378 377/1/377 380/1/380 
f 376/1/376 373/1/373 378/1/378 379/1/379 
f 354/1/354 378/1/378 373/1/373 346/1/346 
f 355/1/355 381/1/381 382/1/382 377/1/377 
f 383/1/383 382/1/382 381/1/381 359/1/359 
f 384/1/384 385/1/385 382/1/382 383/1/383 
f 377/1/377 382/1/382 385/1/385 380/1/380 
f 367/1/367 386/1/386 387/1/387 363/1/363 
f 386/1/386 384/1/384 383/1/383 
f 359/1/359 356/1/356 387/1/387 383/1/383 
f 363/1/363 387/1/387 356/1/356 340/1/340 
f 367/1/367 366/1/366 388/1/388 389/1/389 
f 390/1/390 388/1/388 366/1/366 365/1/365 
f 391/1/391 392/1/392 388/1/388 390/1/390 
f 389/1/389 388/1/388 392/1/392 393/1/393 
f 365/1/365 370/1/370 394/1/394 390/1/390 
f 372/1/372 395/1/395 394/1/394 370/1/370 
f 396/1/396 397/1/397 394/1/394 395/1/395 
f 390/1/390 394/1/394 397/1/397 391/1/391 
f 376/1/376 398/1/398 399/1/399 375/1/375 
f 400/1/400 399/1/399 398/1/398 401/1/401 
f 396/1/396 395/1/395 399/1/399 400/1/400 
f 375/1/375 399/1/399 395/1/395 372/1/372 
f 380/1/380 402/1/402 403/1/403 379/1/379 
f 404/1/404 403/1/403 402/1/402 405/1/405 
f 403/1/403 404/1/404 401/1/401 
f 379/1/379 403/1/403 398/1/398 376/1/376 
f 406/1/406 407/1/407 385/1/385 384/1/384 
f 408/1/408 409/1/409 407/1/407 406/1/406 
f 405/1/405 402/1/402 407/1/407 409/1/409 
f 385/1/385 407/1/407 402/1/402 380/1/380 
f 393/1/393 410/1/410 411/1/411 389/1/389 
f 406/1/406 411/1/411 410/1/410 408/1/408 
f 384/1/384 386/1/386 411/1/411 406/1/406 
f 386/1/386 367/1/367 389/1/389 
f 412/1/412 413/1/413 414/1/414 415/1/415 
f 416/1/416 417/1/417 414/1/414 413/1/413 
f 418/1/418 419/1/419 414/1/414 417/1/417 
f 415/1/415 414/1/414 419/1/419 420/1/420 
f 421/1/421 422/1/422 423/1/423 
f 424/1/424 421/1/421 425/1/425 426/1/426 
f 412/1/412 427/1/427 421/1/421 424/1/424 
f 422/1/422 421/1/421 427/1/427 428/1/428 
f 429/1/429 430/1/430 431/1/431 432/1/432 
f 433/1/433 434/1/434 431/1/431 430/1/430 
f 426/1/426 425/1/425 431/1/431 434/1/434 
f 432/1/432 431/1/431 425/1/425 423/1/423 
f 429/1/429 435/1/435 436/1/436 430/1/430 
f 437/1/437 436/1/436 435/1/435 438/1/438 
f 439/1/439 440/1/440 436/1/436 437/1/437 
f 430/1/430 436/1/436 440/1/440 433/1/433 
f 438/1/438 441/1/441 442/1/442 437/1/437 
f 443/1/443 442/1/442 441/1/441 444/1/444 
f 445/1/445 446/1/446 442/1/442 443/1/443 
f 437/1/437 442/1/442 446/1/446 439/1/439 
f 447/1/447 448/1/448 449/1/449 
f 450/1/450 447/1/447 451/1/451 420/1/420 
f 443/1/443 447/1/447 450/1/450 445/1/445 
f 443/1/443 444/1/444 448/1/448 447/1/447 
f 420/1/420 451/1/451 452/1/452 415/1/415 
f 449/1/449 453/1/453 452/1/452 451/1/451 
f 452/1/452 453/1/453 428/1/428 
f 415/1/415 452/1/452 427/1/427 412/1/412 
f 391/1/391 397/1/397 454/1/454 455/1/455 
f 456/1/456 454/1/454 397/1/397 396/1/396 
f 457/1/457 454/1/454 456/1/456 458/1/458 
f 455/1/455 454/1/454 457/1/457 459/1/459 
f 458/1/458 456/1/456 460/1/460 461/1/461 
f 400/1/400 460/1/460 456/1/456 396/1/396 
f 401/1/401 462/1/462 460/1/460 400/1/400 
f 461/1/461 460/1/460 462/1/462 463/1/463 
f 405/1/405 464/1/464 465/1/465 404/1/404 
f 466/1/466 465/1/465 464/1/464 467/1/467 
f 463/1/463 462/1/462 465/1/465 466/1/466 
f 404/1/404 465/1/465 462/1/462 401/1/401 
f 408/1/408 468/1/468 469/1/469 409/1/409 
f 470/1/470 469/1/469 468/1/468 471/1/471 
f 467/1/467 464/1/464 469/1/469 470/1/470 
f 409/1/409 469/1/469 464/1/464 405/1/405 
f 408/1/408 410/1/410 472/1/472 468/1/468 
f 473/1/473 472/1/472 410/1/410 393/1/393 
f 474/1/474 475/1/475 472/1/472 473/1/473 
f 471/1/471 468/1/468 472/1/472 475/1/475 
f 459/1/459 476/1/476 477/1/477 455/1/455 
f 476/1/476 474/1/474 473/1/473 
f 393/1/393 392/1/392 477/1/477 473/1/473 
f 455/1/455 477/1/477 392/1/392 391/1/391 
f 458/1/458 478/1/478 479/1/479 457/1/457 
f 480/1/480 479/1/479 478/1/478 481/1/481 
f 479/1/479 480/1/480 482/1/482 
f 459/1/459 457/1/457 479/1/479 483/1/483 
f 423/1/423 484/1/484 485/1/485 432/1/432 
f 486/1/486 485/1/485 484/1/484 487/1/487 
f 488/1/488 489/1/489 485/1/485 486/1/486 
f 432/1/432 485/1/485 489/1/489 429/1/429 
f 490/1/490 491/1/491 492/1/492 493/1/493 
f 494/1/494 492/1/492 491/1/491 495/1/495 
f 492/1/492 494/1/494 488/1/488 
f 493/1/493 492/1/492 496/1/496 481/1/481 
f 463/1/463 497/1/497 498/1/498 461/1/461 
f 493/1/493 498/1/498 497/1/497 490/1/490 
f 481/1/481 478/1/478 498/1/498 493/1/493 
f 461/1/461 498/1/498 478/1/478 458/1/458 
f 494/1/494 499/1/499 489/1/489 488/1/488 
f 500/1/500 499/1/499 494/1/494 495/1/495 
f 435/1/435 499/1/499 500/1/500 438/1/438 
f 429/1/429 489/1/489 499/1/499 435/1/435 
f 467/1/467 501/1/501 502/1/502 466/1/466 
f 503/1/503 502/1/502 501/1/501 504/1/504 
f 490/1/490 497/1/497 502/1/502 503/1/503 
f 466/1/466 502/1/502 497/1/497 463/1/463 
f 471/1/471 505/1/505 506/1/506 470/1/470 
f 507/1/507 506/1/506 505/1/505 508/1/508 
f 504/1/504 501/1/501 506/1/506 507/1/507 
f 470/1/470 506/1/506 501/1/501 467/1/467 
f 486/1/486 487/1/487 509/1/509 
f 509/1/509 482/1/482 480/1/480 
f 510/1/510 480/1/480 481/1/481 
f 496/1/496 488/1/488 486/1/486 
f 511/1/511 512/1/512 513/1/513 514/1/514 
f 441/1/441 513/1/513 512/1/512 444/1/444 
f 438/1/438 500/1/500 513/1/513 441/1/441 
f 514/1/514 513/1/513 500/1/500 495/1/495 
f 515/1/515 516/1/516 517/1/517 
f 518/1/518 519/1/519 520/1/520 
f 511/1/511 521/1/521 515/1/515 520/1/520 
f 516/1/516 515/1/515 521/1/521 522/1/522 
f 523/1/523 520/1/520 519/1/519 
f 448/1/448 523/1/523 524/1/524 449/1/449 
f 444/1/444 512/1/512 523/1/523 448/1/448 
f 520/1/520 523/1/523 512/1/512 511/1/511 
f 525/1/525 526/1/526 524/1/524 519/1/519 
f 527/1/527 526/1/526 525/1/525 528/1/528 
f 428/1/428 453/1/453 526/1/526 527/1/527 
f 453/1/453 449/1/449 524/1/524 
f 428/1/428 527/1/527 529/1/529 422/1/422 
f 530/1/530 529/1/529 527/1/527 528/1/528 
f 487/1/487 484/1/484 529/1/529 530/1/530 
f 484/1/484 423/1/423 422/1/422 
f 528/1/528 531/1/531 532/1/532 530/1/530 
f 533/1/533 532/1/532 531/1/531 534/1/534 
f 535/1/535 536/1/536 532/1/532 533/1/533 
f 530/1/530 532/1/532 536/1/536 487/1/487 
f 537/1/537 533/1/533 534/1/534 
f 538/1/538 537/1/537 539/1/539 540/1/540 
f 541/1/541 542/1/542 537/1/537 538/1/538 
f 533/1/533 537/1/537 542/1/542 535/1/535 
f 543/1/543 544/1/544 545/1/545 546/1/546 
f 547/1/547 548/1/548 545/1/545 544/1/544 
f 545/1/545 548/1/548 549/1/549 
f 547/1/547 544/1/544 550/1/550 551/1/551 
f 552/1/552 550/1/550 544/1/544 543/1/543 
f 540/1/540 539/1/539 550/1/550 552/1/552 
f 551/1/551 550/1/550 539/1/539 534/1/534 
f 553/1/553 554/1/554 555/1/555 556/1/556 
f 557/1/557 555/1/555 554/1/554 558/1/558 
f 555/1/555 557/1/557 559/1/559 
f 560/1/560 561/1/561 556/1/556 
f 562/1/562 563/1/563 564/1/564 565/1/565 
f 558/1/558 554/1/554 563/1/563 562/1/562 
f 566/1/566 563/1/563 554/1/554 553/1/553 
f 564/1/564 563/1/563 566/1/566 549/1/549 
f 565/1/565 567/1/567 568/1/568 562/1/562 
f 569/1/569 568/1/568 567/1/567 570/1/570 
f 571/1/571 572/1/572 568/1/568 569/1/569 
f 562/1/562 568/1/568 572/1/572 558/1/558 
f 573/1/573 574/1/574 575/1/575 576/1/576 
f 574/1/574 519/1/519 518/1/518 
f 517/1/517 577/1/577 575/1/575 518/1/518 
f 576/1/576 575/1/575 577/1/577 578/1/578 
f 579/1/579 580/1/580 581/1/581 
f 582/1/582 528/1/528 525/1/525 
f 519/1/519 574/1/574 579/1/579 525/1/525 
f 574/1/574 573/1/573 580/1/580 
f 583/1/583 581/1/581 580/1/580 
f 573/1/573 584/1/584 585/1/585 580/1/580 
f 586/1/586 583/1/583 585/1/585 584/1/584 
f 587/1/587 582/1/582 581/1/581 
f 551/1/551 587/1/587 588/1/588 547/1/547 
f 534/1/534 531/1/531 587/1/587 551/1/551 
f 531/1/531 528/1/528 582/1/582 
f 589/1/589 548/1/548 547/1/547 
f 590/1/590 589/1/589 588/1/588 581/1/581 
f 590/1/590 591/1/591 592/1/592 
f 592/1/592 549/1/549 548/1/548 
f 590/1/590 593/1/593 594/1/594 591/1/591 
f 583/1/583 593/1/593 590/1/590 581/1/581 
f 586/1/586 595/1/595 593/1/593 583/1/583 
f 594/1/594 593/1/593 595/1/595 596/1/596 
f 591/1/591 597/1/597 598/1/598 592/1/592 
f 597/1/597 599/1/599 600/1/600 
f 565/1/565 564/1/564 598/1/598 600/1/600 
f 592/1/592 598/1/598 564/1/564 549/1/549 
f 601/1/601 602/1/602 603/1/603 604/1/604 
f 605/1/605 603/1/603 602/1/602 606/1/606 
f 599/1/599 597/1/597 603/1/603 605/1/605 
f 604/1/604 603/1/603 597/1/597 591/1/591 
f 607/1/607 608/1/608 609/1/609 610/1/610 
f 611/1/611 612/1/612 609/1/609 608/1/608 
f 613/1/613 609/1/609 612/1/612 614/1/614 
f 613/1/613 570/1/570 610/1/610 
f 615/1/615 600/1/600 599/1/599 
f 607/1/607 610/1/610 615/1/615 616/1/616 
f 615/1/615 610/1/610 570/1/570 
f 600/1/600 615/1/615 567/1/567 565/1/565 
f 611/1/611 617/1/617 618/1/618 612/1/612 
f 619/1/619 620/1/620 618/1/618 617/1/617 
f 621/1/621 618/1/618 620/1/620 596/1/596 
f 614/1/614 612/1/612 618/1/618 621/1/621 
f 622/1/622 623/1/623 624/1/624 625/1/625 
f 616/1/616 624/1/624 623/1/623 607/1/607 
f 616/1/616 599/1/599 605/1/605 
f 606/1/606 625/1/625 624/1/624 605/1/605 
f 596/1/596 620/1/620 626/1/626 594/1/594 
f 627/1/627 626/1/626 620/1/620 619/1/619 
f 601/1/601 604/1/604 626/1/626 627/1/627 
f 594/1/594 626/1/626 604/1/604 591/1/591 
f 628/1/628 627/1/627 619/1/619 
f 622/1/622 625/1/625 628/1/628 629/1/629 
f 606/1/606 602/1/602 628/1/628 625/1/625 
f 602/1/602 601/1/601 627/1/627 
f 630/1/630 623/1/623 622/1/622 
f 629/1/629 619/1/619 617/1/617 
f 630/1/630 617/1/617 611/1/611 
f 608/1/608 607/1/607 623/1/623 
f 631/1/631 632/1/632 633/1/633 634/1/634 
f 58/1/58 633/1/633 632/1/632 55/1/55 
f 44/1/44 60/1/60 633/1/633 58/1/58 
f 634/1/634 633/1/633 60/1/60 59/1/59 
f 55/1/55 632/1/632 635/1/635 133/1/133 
f 636/1/636 635/1/635 632/1/632 631/1/631 
f 637/1/637 638/1/638 635/1/635 636/1/636 
f 133/1/133 635/1/635 638/1/638 135/1/135 
f 631/1/631 639/1/639 640/1/640 636/1/636 
f 641/1/641 640/1/640 639/1/639 642/1/642 
f 643/1/643 644/1/644 640/1/640 641/1/641 
f 636/1/636 640/1/640 644/1/644 637/1/637 
f 645/1/645 646/1/646 638/1/638 637/1/637 
f 647/1/647 648/1/648 646/1/646 645/1/645 
f 178/1/178 175/1/175 646/1/646 648/1/648 
f 638/1/638 646/1/646 175/1/175 135/1/135 
f 643/1/643 649/1/649 650/1/650 644/1/644 
f 651/1/651 650/1/650 649/1/649 652/1/652 
f 647/1/647 645/1/645 650/1/650 651/1/651 
f 637/1/637 644/1/644 650/1/650 645/1/645 
f 653/1/653 654/1/654 648/1/648 647/1/647 
f 654/1/654 653/1/653 655/1/655 
f 656/1/656 186/1/186 185/1/185 
f 648/1/648 654/1/654 185/1/185 178/1/178 
f 647/1/647 651/1/651 657/1/657 653/1/653 
f 652/1/652 658/1/658 657/1/657 651/1/651 
f 659/1/659 657/1/657 658/1/658 660/1/660 
f 653/1/653 657/1/657 659/1/659 655/1/655 
f 661/1/661 662/1/662 663/1/663 664/1/664 
f 329/1/329 663/1/663 662/1/662 330/1/330 
f 272/1/272 326/1/326 663/1/663 329/1/329 
f 663/1/663 326/1/326 266/1/266 
f 665/1/665 666/1/666 661/1/661 
f 664/1/664 266/1/266 269/1/269 
f 665/1/665 269/1/269 186/1/186 
f 656/1/656 655/1/655 666/1/666 
f 655/1/655 659/1/659 667/1/667 666/1/666 
f 660/1/660 668/1/668 667/1/667 659/1/659 
f 669/1/669 667/1/667 668/1/668 670/1/670 
f 661/1/661 666/1/666 667/1/667 669/1/669 
f 59/1/59 671/1/671 672/1/672 634/1/634 
f 673/1/673 672/1/672 671/1/671 674/1/674 
f 642/1/642 639/1/639 672/1/672 673/1/673 
f 634/1/634 672/1/672 639/1/639 631/1/631 
f 674/1/674 671/1/671 675/1/675 676/1/676 
f 62/1/62 675/1/675 671/1/671 59/1/59 
f 64/1/64 677/1/677 675/1/675 62/1/62 
f 676/1/676 675/1/675 677/1/677 678/1/678 
f 679/1/679 680/1/680 681/1/681 682/1/682 
f 676/1/676 680/1/680 679/1/679 674/1/674 
f 678/1/678 683/1/683 680/1/680 676/1/676 
f 684/1/684 681/1/681 680/1/680 683/1/683 
f 673/1/673 685/1/685 686/1/686 642/1/642 
f 687/1/687 685/1/685 673/1/673 674/1/674 
f 688/1/688 686/1/686 685/1/685 687/1/687 
f 682/1/682 689/1/689 690/1/690 679/1/679 
f 691/1/691 690/1/690 689/1/689 692/1/692 
f 687/1/687 690/1/690 691/1/691 688/1/688 
f 690/1/690 687/1/687 674/1/674 
f 693/1/693 694/1/694 695/1/695 696/1/696 
f 641/1/641 694/1/694 693/1/693 643/1/643 
f 642/1/642 686/1/686 694/1/694 641/1/641 
f 695/1/695 694/1/694 686/1/686 688/1/688 
f 697/1/697 698/1/698 699/1/699 700/1/700 
f 701/1/701 699/1/699 698/1/698 702/1/702 
f 692/1/692 689/1/689 699/1/699 701/1/701 
f 700/1/700 699/1/699 689/1/689 682/1/682 
f 702/1/702 698/1/698 703/1/703 704/1/704 
f 705/1/705 703/1/703 698/1/698 697/1/697 
f 7/1/7 11/1/11 703/1/703 705/1/705 
f 704/1/704 703/1/703 11/1/11 10/1/10 
f 706/1/706 707/1/707 708/1/708 709/1/709 
f 696/1/696 695/1/695 707/1/707 706/1/706 
f 688/1/688 691/1/691 707/1/707 695/1/695 
f 692/1/692 708/1/708 707/1/707 691/1/691 
f 701/1/701 710/1/710 708/1/708 692/1/692 
f 702/1/702 711/1/711 710/1/710 701/1/701 
f 709/1/709 708/1/708 710/1/710 711/1/711 
f 10/1/10 88/1/88 712/1/712 704/1/704 
f 89/1/89 713/1/713 712/1/712 88/1/88 
f 714/1/714 715/1/715 712/1/712 713/1/713 
f 704/1/704 712/1/712 715/1/715 702/1/702 
f 696/1/696 716/1/716 717/1/717 693/1/693 
f 718/1/718 717/1/717 716/1/716 719/1/719 
f 652/1/652 649/1/649 717/1/717 718/1/718 
f 693/1/693 717/1/717 649/1/649 643/1/643 
f 720/1/720 721/1/721 715/1/715 714/1/714 
f 722/1/722 721/1/721 720/1/720 723/1/723 
f 709/1/709 711/1/711 721/1/721 722/1/722 
f 715/1/715 721/1/721 711/1/711 702/1/702 
f 723/1/723 724/1/724 725/1/725 722/1/722 
f 716/1/716 725/1/725 724/1/724 719/1/719 
f 706/1/706 725/1/725 716/1/716 696/1/696 
f 722/1/722 725/1/725 706/1/706 709/1/709 
f 719/1/719 726/1/726 727/1/727 718/1/718 
f 728/1/728 727/1/727 726/1/726 729/1/729 
f 660/1/660 658/1/658 727/1/727 728/1/728 
f 718/1/718 727/1/727 658/1/658 652/1/652 
f 719/1/719 724/1/724 730/1/730 726/1/726 
f 731/1/731 730/1/730 724/1/724 723/1/723 
f 732/1/732 733/1/733 730/1/730 731/1/731 
f 726/1/726 730/1/730 733/1/733 729/1/729 
f 714/1/714 734/1/734 735/1/735 720/1/720 
f 736/1/736 737/1/737 735/1/735 734/1/734 
f 731/1/731 735/1/735 737/1/737 732/1/732 
f 720/1/720 735/1/735 731/1/731 723/1/723 
f 93/1/93 738/1/738 739/1/739 91/1/91 
f 734/1/734 739/1/739 738/1/738 736/1/736 
f 714/1/714 713/1/713 739/1/739 734/1/734 
f 91/1/91 739/1/739 713/1/713 89/1/89 
f 740/1/740 741/1/741 742/1/742 743/1/743 
f 744/1/744 742/1/742 741/1/741 745/1/745 
f 729/1/729 733/1/733 742/1/742 744/1/744 
f 743/1/743 742/1/742 733/1/733 732/1/732 
f 729/1/729 744/1/744 746/1/746 728/1/728 
f 747/1/747 746/1/746 744/1/744 745/1/745 
f 670/1/670 668/1/668 746/1/746 747/1/747 
f 728/1/728 746/1/746 668/1/668 660/1/660 
f 732/1/732 737/1/737 748/1/748 743/1/743 
f 749/1/749 748/1/748 737/1/737 736/1/736 
f 743/1/743 748/1/748 749/1/749 740/1/740 
f 670/1/670 750/1/750 751/1/751 669/1/669 
f 752/1/752 751/1/751 750/1/750 753/1/753 
f 330/1/330 662/1/662 751/1/751 752/1/752 
f 669/1/669 751/1/751 662/1/662 661/1/661 
f 283/1/283 754/1/754 755/1/755 282/1/282 
f 756/1/756 755/1/755 754/1/754 757/1/757 
f 736/1/736 738/1/738 755/1/755 756/1/756 
f 282/1/282 755/1/755 738/1/738 93/1/93 
f 747/1/747 758/1/758 750/1/750 670/1/670 
f 745/1/745 759/1/759 758/1/758 747/1/747 
f 758/1/758 759/1/759 753/1/753 
f 757/1/757 760/1/760 761/1/761 756/1/756 
f 762/1/762 761/1/761 760/1/760 763/1/763 
f 740/1/740 749/1/749 761/1/761 762/1/762 
f 756/1/756 761/1/761 749/1/749 736/1/736 
f 763/1/763 764/1/764 765/1/765 762/1/762 
f 759/1/759 765/1/765 764/1/764 753/1/753 
f 745/1/745 741/1/741 765/1/765 759/1/759 
f 762/1/762 765/1/765 741/1/741 740/1/740 
f 753/1/753 766/1/766 767/1/767 752/1/752 
f 768/1/768 767/1/767 766/1/766 769/1/769 
f 246/1/246 331/1/331 767/1/767 768/1/768 
f 752/1/752 767/1/767 331/1/331 330/1/330 
f 187/1/187 770/1/770 771/1/771 286/1/286 
f 772/1/772 771/1/771 770/1/770 773/1/773 
f 757/1/757 754/1/754 771/1/771 772/1/772 
f 286/1/286 771/1/771 754/1/754 283/1/283 
f 773/1/773 774/1/774 775/1/775 772/1/772 
f 776/1/776 775/1/775 774/1/774 777/1/777 
f 763/1/763 760/1/760 775/1/775 776/1/776 
f 772/1/772 775/1/775 760/1/760 757/1/757 
f 777/1/777 778/1/778 779/1/779 776/1/776 
f 766/1/766 779/1/779 778/1/778 769/1/769 
f 753/1/753 764/1/764 779/1/779 766/1/766 
f 776/1/776 779/1/779 764/1/764 763/1/763 
f 769/1/769 780/1/780 781/1/781 768/1/768 
f 782/1/782 783/1/783 781/1/781 780/1/780 
f 251/1/251 247/1/247 781/1/781 783/1/783 
f 768/1/768 781/1/781 247/1/247 246/1/246 
f 65/1/65 784/1/784 785/1/785 190/1/190 
f 786/1/786 785/1/785 784/1/784 787/1/787 
f 773/1/773 770/1/770 785/1/785 786/1/786 
f 190/1/190 785/1/785 770/1/770 187/1/187 
f 787/1/787 788/1/788 789/1/789 786/1/786 
f 790/1/790 789/1/789 788/1/788 791/1/791 
f 777/1/777 774/1/774 789/1/789 790/1/790 
f 786/1/786 789/1/789 774/1/774 773/1/773 
f 791/1/791 792/1/792 793/1/793 790/1/790 
f 780/1/780 793/1/793 792/1/792 782/1/782 
f 769/1/769 778/1/778 793/1/793 780/1/780 
f 790/1/790 793/1/793 778/1/778 777/1/777 
f 794/1/794 795/1/795 68/1/68 73/1/73 
f 796/1/796 795/1/795 794/1/794 797/1/797 
f 787/1/787 784/1/784 795/1/795 796/1/796 
f 68/1/68 795/1/795 784/1/784 65/1/65 
f 483/1/483 482/1/482 798/1/798 
f 799/1/799 800/1/800 798/1/798 801/1/801 
f 800/1/800 799/1/799 474/1/474 
f 476/1/476 459/1/459 483/1/483 
f 802/1/802 803/1/803 804/1/804 805/1/805 
f 806/1/806 804/1/804 803/1/803 801/1/801 
f 535/1/535 542/1/542 804/1/804 806/1/806 
f 805/1/805 804/1/804 542/1/542 541/1/541 
f 807/1/807 475/1/475 474/1/474 
f 808/1/808 807/1/807 799/1/799 801/1/801 
f 508/1/508 505/1/505 807/1/807 808/1/808 
f 475/1/475 807/1/807 505/1/505 471/1/471 
f 806/1/806 809/1/809 536/1/536 535/1/535 
f 798/1/798 809/1/809 806/1/806 801/1/801 
f 482/1/482 509/1/509 809/1/809 798/1/798 
f 536/1/536 809/1/809 509/1/509 487/1/487 
f 810/1/810 811/1/811 812/1/812 
f 813/1/813 814/1/814 815/1/815 
f 810/1/810 815/1/815 816/1/816 
f 817/1/817 801/1/801 811/1/811 
f 814/1/814 818/1/818 819/1/819 815/1/815 
f 818/1/818 820/1/820 821/1/821 
f 822/1/822 823/1/823 819/1/819 821/1/821 
f 815/1/815 819/1/819 823/1/823 816/1/816 
f 824/1/824 825/1/825 826/1/826 827/1/827 
f 828/1/828 829/1/829 826/1/826 825/1/825 
f 830/1/830 831/1/831 826/1/826 829/1/829 
f 827/1/827 826/1/826 831/1/831 832/1/832 
f 833/1/833 834/1/834 835/1/835 836/1/836 
f 837/1/837 835/1/835 834/1/834 838/1/838 
f 839/1/839 840/1/840 835/1/835 837/1/837 
f 836/1/836 835/1/835 840/1/840 841/1/841 
f 838/1/838 842/1/842 843/1/843 837/1/837 
f 844/1/844 843/1/843 842/1/842 845/1/845 
f 846/1/846 847/1/847 843/1/843 844/1/844 
f 837/1/837 843/1/843 847/1/847 839/1/839 
f 848/1/848 849/1/849 850/1/850 851/1/851 
f 852/1/852 850/1/850 849/1/849 853/1/853 
f 838/1/838 834/1/834 850/1/850 852/1/852 
f 851/1/851 850/1/850 834/1/834 833/1/833 
f 854/1/854 855/1/855 856/1/856 857/1/857 
f 858/1/858 856/1/856 855/1/855 859/1/859 
f 853/1/853 849/1/849 856/1/856 858/1/858 
f 857/1/857 856/1/856 849/1/849 848/1/848 
f 853/1/853 860/1/860 861/1/861 852/1/852 
f 862/1/862 861/1/861 860/1/860 863/1/863 
f 845/1/845 842/1/842 861/1/861 862/1/862 
f 852/1/852 861/1/861 842/1/842 838/1/838 
f 863/1/863 864/1/864 865/1/865 862/1/862 
f 794/1/794 865/1/865 864/1/864 797/1/797 
f 73/1/73 866/1/866 865/1/865 794/1/794 
f 862/1/862 865/1/865 866/1/866 845/1/845 
f 867/1/867 868/1/868 869/1/869 870/1/870 
f 871/1/871 869/1/869 868/1/868 872/1/872 
f 854/1/854 873/1/873 869/1/869 871/1/871 
f 870/1/870 869/1/869 873/1/873 874/1/874 
f 797/1/797 875/1/875 876/1/876 796/1/796 
f 877/1/877 876/1/876 875/1/875 878/1/878 
f 791/1/791 788/1/788 876/1/876 877/1/877 
f 796/1/796 876/1/876 788/1/788 787/1/787 
f 879/1/879 880/1/880 881/1/881 882/1/882 
f 883/1/883 880/1/880 879/1/879 884/1/884 
f 783/1/783 880/1/880 883/1/883 251/1/251 
f 783/1/783 782/1/782 881/1/881 
f 878/1/878 885/1/885 886/1/886 877/1/877 
f 881/1/881 886/1/886 885/1/885 882/1/882 
f 782/1/782 792/1/792 886/1/886 881/1/881 
f 877/1/877 886/1/886 792/1/792 791/1/791 
f 887/1/887 888/1/888 884/1/884 
f 887/1/887 879/1/879 882/1/882 
f 560/1/560 887/1/887 889/1/889 561/1/561 
f 888/1/888 887/1/887 560/1/560 559/1/559 
f 863/1/863 890/1/890 891/1/891 864/1/864 
f 892/1/892 891/1/891 890/1/890 893/1/893 
f 878/1/878 875/1/875 891/1/891 892/1/892 
f 864/1/864 891/1/891 875/1/875 797/1/797 
f 894/1/894 858/1/858 859/1/859 
f 895/1/895 893/1/893 890/1/890 
f 894/1/894 890/1/890 863/1/863 
f 858/1/858 894/1/894 860/1/860 853/1/853 
f 872/1/872 896/1/896 897/1/897 871/1/871 
f 896/1/896 893/1/893 895/1/895 
f 859/1/859 855/1/855 897/1/897 895/1/895 
f 871/1/871 897/1/897 855/1/855 854/1/854 
f 898/1/898 899/1/899 900/1/900 901/1/901 
f 898/1/898 893/1/893 896/1/896 
f 902/1/902 899/1/899 896/1/896 872/1/872 
f 899/1/899 902/1/902 903/1/903 
f 901/1/901 904/1/904 905/1/905 898/1/898 
f 906/1/906 905/1/905 904/1/904 907/1/907 
f 905/1/905 906/1/906 908/1/908 
f 909/1/909 893/1/893 898/1/898 
f 908/1/908 906/1/906 910/1/910 911/1/911 
f 912/1/912 910/1/910 906/1/906 907/1/907 
f 561/1/561 889/1/889 910/1/910 912/1/912 
f 911/1/911 910/1/910 889/1/889 882/1/882 
f 892/1/892 913/1/913 885/1/885 878/1/878 
f 909/1/909 913/1/913 892/1/892 893/1/893 
f 908/1/908 911/1/911 913/1/913 909/1/909 
f 882/1/882 885/1/885 913/1/913 911/1/911 
f 416/1/416 413/1/413 914/1/914 915/1/915 
f 424/1/424 914/1/914 413/1/413 412/1/412 
f 426/1/426 916/1/916 914/1/914 424/1/424 
f 917/1/917 915/1/915 914/1/914 916/1/916 
f 918/1/918 919/1/919 920/1/920 921/1/921 
f 445/1/445 450/1/450 920/1/920 919/1/919 
f 420/1/420 419/1/419 920/1/920 450/1/450 
f 418/1/418 921/1/921 920/1/920 419/1/419 
f 922/1/922 923/1/923 924/1/924 925/1/925 
f 926/1/926 924/1/924 923/1/923 927/1/927 
f 433/1/433 440/1/440 924/1/924 926/1/926 
f 925/1/925 924/1/924 440/1/440 439/1/439 
f 926/1/926 928/1/928 434/1/434 433/1/433 
f 929/1/929 928/1/928 926/1/926 927/1/927 
f 917/1/917 916/1/916 928/1/928 929/1/929 
f 434/1/434 928/1/928 916/1/916 426/1/426 
f 918/1/918 930/1/930 931/1/931 919/1/919 
f 925/1/925 931/1/931 930/1/930 922/1/922 
f 439/1/439 446/1/446 931/1/931 925/1/925 
f 919/1/919 931/1/931 446/1/446 445/1/445 
f 932/1/932 933/1/933 934/1/934 935/1/935 
f 934/1/934 933/1/933 927/1/927 
f 922/1/922 930/1/930 934/1/934 923/1/923 
f 935/1/935 934/1/934 930/1/930 918/1/918 
f 917/1/917 929/1/929 936/1/936 915/1/915 
f 929/1/929 927/1/927 933/1/933 
f 932/1/932 937/1/937 936/1/936 933/1/933 
f 416/1/416 915/1/915 936/1/936 
f 932/1/932 935/1/935 938/1/938 937/1/937 
f 921/1/921 938/1/938 935/1/935 918/1/918 
f 418/1/418 417/1/417 938/1/938 921/1/921 
f 938/1/938 417/1/417 416/1/416 
f 939/1/939 940/1/940 361/1/361 360/1/360 
f 941/1/941 940/1/940 939/1/939 349/1/349 
f 337/1/337 333/1/333 940/1/940 941/1/941 
f 361/1/361 940/1/940 333/1/333 332/1/332 
f 349/1/349 348/1/348 942/1/942 941/1/941 
f 369/1/369 942/1/942 348/1/348 347/1/347 
f 338/1/338 336/1/336 942/1/942 369/1/369 
f 337/1/337 941/1/941 942/1/942 336/1/336 
f 341/1/341 344/1/344 943/1/943 353/1/353 
f 939/1/939 943/1/943 344/1/344 349/1/349 
f 943/1/943 939/1/939 360/1/360 
f 353/1/353 943/1/943 944/1/944 350/1/350 
f 350/1/350 944/1/944 945/1/945 351/1/351 
f 358/1/358 945/1/945 944/1/944 360/1/360 
f 359/1/359 381/1/381 945/1/945 358/1/358 
f 351/1/351 945/1/945 381/1/381 355/1/355 
f 946/1/946 902/1/902 872/1/872 
f 947/1/947 946/1/946 868/1/868 867/1/867 
f 948/1/948 949/1/949 946/1/946 947/1/947 
f 902/1/902 946/1/946 949/1/949 903/1/903 
f 541/1/541 950/1/950 951/1/951 805/1/805 
f 952/1/952 951/1/951 950/1/950 953/1/953 
f 954/1/954 955/1/955 951/1/951 952/1/952 
f 805/1/805 951/1/951 955/1/955 802/1/802 
f 956/1/956 957/1/957 958/1/958 959/1/959 
f 900/1/900 958/1/958 957/1/957 901/1/901 
f 903/1/903 949/1/949 958/1/958 900/1/900 
f 959/1/959 958/1/958 949/1/949 948/1/948 
f 953/1/953 960/1/960 961/1/961 952/1/952 
f 959/1/959 961/1/961 960/1/960 956/1/956 
f 948/1/948 962/1/962 961/1/961 959/1/959 
f 952/1/952 961/1/961 962/1/962 954/1/954 
f 553/1/553 963/1/963 964/1/964 566/1/566 
f 965/1/965 964/1/964 963/1/963 966/1/966 
f 543/1/543 546/1/546 964/1/964 965/1/965 
f 566/1/566 964/1/964 546/1/546 549/1/549 
f 967/1/967 966/1/966 968/1/968 
f 904/1/904 969/1/969 968/1/968 907/1/907 
f 969/1/969 904/1/904 901/1/901 
f 957/1/957 956/1/956 967/1/967 
f 970/1/970 971/1/971 972/1/972 973/1/973 
f 966/1/966 967/1/967 972/1/972 971/1/971 
f 956/1/956 960/1/960 972/1/972 967/1/967 
f 973/1/973 972/1/972 960/1/960 953/1/953 
f 907/1/907 968/1/968 974/1/974 912/1/912 
f 963/1/963 974/1/974 968/1/968 966/1/966 
f 553/1/553 556/1/556 974/1/974 
f 912/1/912 974/1/974 556/1/556 561/1/561 
f 975/1/975 552/1/552 543/1/543 
f 965/1/965 966/1/966 971/1/971 
f 970/1/970 976/1/976 975/1/975 971/1/971 
f 552/1/552 975/1/975 976/1/976 540/1/540 
f 540/1/540 976/1/976 977/1/977 538/1/538 
f 973/1/973 977/1/977 976/1/976 970/1/970 
f 953/1/953 950/1/950 977/1/977 973/1/973 
f 538/1/538 977/1/977 950/1/950 541/1/541 
f 828/1/828 978/1/978 979/1/979 980/1/980 
f 981/1/981 979/1/979 978/1/978 982/1/982 
f 983/1/983 984/1/984 979/1/979 981/1/981 
f 980/1/980 979/1/979 984/1/984 985/1/985 
f 802/1/802 986/1/986 987/1/987 803/1/803 
f 988/1/988 987/1/987 986/1/986 989/1/989 
f 812/1/812 811/1/811 987/1/987 988/1/988 
f 803/1/803 987/1/987 811/1/811 801/1/801 
f 990/1/990 955/1/955 954/1/954 
f 991/1/991 992/1/992 993/1/993 
f 989/1/989 986/1/986 990/1/990 993/1/993 
f 955/1/955 990/1/990 986/1/986 802/1/802 
f 994/1/994 995/1/995 992/1/992 
f 991/1/991 954/1/954 962/1/962 
f 994/1/994 962/1/962 948/1/948 
f 947/1/947 867/1/867 995/1/995 
f 992/1/992 996/1/996 997/1/997 993/1/993 
f 998/1/998 997/1/997 996/1/996 999/1/999 
f 1000/1/1000 1001/1/1001 997/1/997 998/1/998 
f 1001/1/1001 989/1/989 993/1/993 
f 996/1/996 1002/1/1002 1003/1/1003 999/1/999 
f 995/1/995 1002/1/1002 996/1/996 992/1/992 
f 870/1/870 1002/1/1002 995/1/995 867/1/867 
f 874/1/874 1003/1/1003 1002/1/1002 870/1/870 
f 1004/1/1004 1005/1/1005 1006/1/1006 1007/1/1007 
f 1008/1/1008 1006/1/1006 1005/1/1005 1009/1/1009 
f 1010/1/1010 1006/1/1006 1008/1/1008 1011/1/1011 
f 1007/1/1007 1006/1/1006 1010/1/1010 982/1/982 
f 1012/1/1012 1013/1/1013 1014/1/1014 1015/1/1015 
f 1016/1/1016 1014/1/1014 1013/1/1013 1017/1/1017 
f 999/1/999 1003/1/1003 1014/1/1014 1016/1/1016 
f 1015/1/1015 1014/1/1014 1003/1/1003 874/1/874 
f 1018/1/1018 1019/1/1019 825/1/825 824/1/824 
f 1007/1/1007 1019/1/1019 1018/1/1018 1004/1/1004 
f 982/1/982 978/1/978 1019/1/1019 1007/1/1007 
f 825/1/825 1019/1/1019 978/1/978 828/1/828 
f 1000/1/1000 998/1/998 1020/1/1020 1021/1/1021 
f 1016/1/1016 1020/1/1020 998/1/998 999/1/999 
f 1017/1/1017 1022/1/1022 1020/1/1020 1016/1/1016 
f 1023/1/1023 1021/1/1021 1020/1/1020 1022/1/1022 
f 1012/1/1012 1024/1/1024 1025/1/1025 1026/1/1026 
f 851/1/851 1025/1/1025 1024/1/1024 848/1/848 
f 833/1/833 1027/1/1027 1025/1/1025 851/1/851 
f 1026/1/1026 1025/1/1025 1027/1/1027 1009/1/1009 
f 1004/1/1004 1028/1/1028 1029/1/1029 1005/1/1005 
f 1017/1/1017 1013/1/1013 1029/1/1029 1028/1/1028 
f 1026/1/1026 1029/1/1029 1013/1/1013 1012/1/1012 
f 1009/1/1009 1005/1/1005 1029/1/1029 1026/1/1026 
f 848/1/848 1024/1/1024 1030/1/1030 857/1/857 
f 1015/1/1015 1030/1/1030 1024/1/1024 1012/1/1012 
f 874/1/874 873/1/873 1030/1/1030 1015/1/1015 
f 857/1/857 1030/1/1030 873/1/873 854/1/854 
f 1017/1/1017 1028/1/1028 1031/1/1031 1022/1/1022 
f 1018/1/1018 1031/1/1031 1028/1/1028 1004/1/1004 
f 824/1/824 1032/1/1032 1031/1/1031 1018/1/1018 
f 1022/1/1022 1031/1/1031 1032/1/1032 1023/1/1023 
f 1033/1/1033 1034/1/1034 1035/1/1035 1036/1/1036 
f 250/1/250 1035/1/1035 1034/1/1034 233/1/233 
f 251/1/251 883/1/883 1035/1/1035 250/1/250 
f 1036/1/1036 1035/1/1035 883/1/883 884/1/884 
f 233/1/233 1034/1/1034 1037/1/1037 232/1/232 
f 1038/1/1038 1037/1/1037 1034/1/1034 1033/1/1033 
f 1039/1/1039 1040/1/1040 1037/1/1037 1038/1/1038 
f 232/1/232 1037/1/1037 1040/1/1040 234/1/234 
f 1033/1/1033 1041/1/1041 1042/1/1042 1038/1/1038 
f 1043/1/1043 1042/1/1042 1041/1/1041 1044/1/1044 
f 1045/1/1045 1046/1/1046 1042/1/1042 1043/1/1043 
f 1038/1/1038 1042/1/1042 1046/1/1046 1039/1/1039 
f 1047/1/1047 1048/1/1048 226/1/226 225/1/225 
f 1049/1/1049 1050/1/1050 1048/1/1048 1047/1/1047 
f 1051/1/1051 1048/1/1048 1050/1/1050 1052/1/1052 
f 227/1/227 226/1/226 1048/1/1048 1051/1/1051 
f 1053/1/1053 212/1/212 218/1/218 
f 1054/1/1054 1055/1/1055 1056/1/1056 
f 1057/1/1057 1058/1/1058 1053/1/1053 1056/1/1056 
f 1058/1/1058 213/1/213 212/1/212 
f 1059/1/1059 1060/1/1060 1061/1/1061 1062/1/1062 
f 240/1/240 1061/1/1061 1060/1/1060 237/1/237 
f 245/1/245 1063/1/1063 1061/1/1061 240/1/240 
f 1062/1/1062 1061/1/1061 1063/1/1063 1064/1/1064 
f 1065/1/1065 1066/1/1066 1067/1/1067 1068/1/1068 
f 1069/1/1069 1067/1/1067 1066/1/1066 1070/1/1070 
f 203/1/203 210/1/210 1067/1/1067 1069/1/1069 
f 1068/1/1068 1067/1/1067 210/1/210 209/1/209 
f 1071/1/1071 1072/1/1072 1073/1/1073 1074/1/1074 
f 69/1/69 1073/1/1073 1072/1/1072 71/1/71 
f 70/1/70 198/1/198 1073/1/1073 69/1/69 
f 1074/1/1074 1073/1/1073 198/1/198 197/1/197 
f 1070/1/1070 1075/1/1075 1076/1/1076 1069/1/1069 
f 1074/1/1074 1076/1/1076 1075/1/1075 1071/1/1071 
f 197/1/197 204/1/204 1076/1/1076 1074/1/1074 
f 1069/1/1069 1076/1/1076 204/1/204 203/1/203 
f 1077/1/1077 1078/1/1078 1079/1/1079 1080/1/1080 
f 1081/1/1081 1079/1/1079 1078/1/1078 1082/1/1082 
f 1071/1/1071 1075/1/1075 1079/1/1079 1081/1/1081 
f 1080/1/1080 1079/1/1079 1075/1/1075 1070/1/1070 
f 1083/1/1083 1084/1/1084 72/1/72 71/1/71 
f 1083/1/1083 1085/1/1085 1086/1/1086 
f 866/1/866 1084/1/1084 1086/1/1086 845/1/845 
f 72/1/72 1084/1/1084 866/1/866 73/1/73 
f 1082/1/1082 1087/1/1087 1088/1/1088 1081/1/1081 
f 1083/1/1083 1088/1/1088 1087/1/1087 1085/1/1085 
f 71/1/71 1072/1/1072 1088/1/1088 1083/1/1083 
f 1081/1/1081 1088/1/1088 1072/1/1072 1071/1/1071 
f 1089/1/1089 1090/1/1090 1091/1/1091 1092/1/1092 
f 1090/1/1090 1093/1/1093 1094/1/1094 
f 1091/1/1091 1094/1/1094 1095/1/1095 
f 1096/1/1096 1097/1/1097 1092/1/1092 
f 1098/1/1098 1099/1/1099 1100/1/1100 1101/1/1101 
f 1092/1/1092 1100/1/1100 1099/1/1099 1089/1/1089 
f 1097/1/1097 1102/1/1102 1100/1/1100 1092/1/1092 
f 1101/1/1101 1100/1/1100 1102/1/1102 1103/1/1103 
f 1104/1/1104 1105/1/1105 1106/1/1106 1107/1/1107 
f 1108/1/1108 1109/1/1109 1105/1/1105 1104/1/1104 
f 1110/1/1110 1105/1/1105 1109/1/1109 1111/1/1111 
f 1112/1/1112 1106/1/1106 1105/1/1105 1110/1/1110 
f 1113/1/1113 1114/1/1114 1115/1/1115 1116/1/1116 
f 1117/1/1117 1115/1/1115 1114/1/1114 1118/1/1118 
f 1119/1/1119 1120/1/1120 1115/1/1115 1117/1/1117 
f 1116/1/1116 1115/1/1115 1120/1/1120 1121/1/1121 
f 1044/1/1044 1122/1/1122 1123/1/1123 1043/1/1043 
f 1124/1/1124 1123/1/1123 1122/1/1122 1125/1/1125 
f 1123/1/1123 1124/1/1124 1126/1/1126 
f 1043/1/1043 1123/1/1123 1127/1/1127 1045/1/1045 
f 1128/1/1128 1129/1/1129 1130/1/1130 
f 1131/1/1131 1132/1/1132 1130/1/1130 1133/1/1133 
f 1132/1/1132 1131/1/1131 1134/1/1134 
f 1128/1/1128 1132/1/1132 1135/1/1135 1136/1/1136 
f 1137/1/1137 1124/1/1124 1125/1/1125 
f 1138/1/1138 1139/1/1139 1137/1/1137 1140/1/1140 
f 1137/1/1137 1139/1/1139 1141/1/1141 
f 1126/1/1126 1124/1/1124 1137/1/1137 1142/1/1142 
f 1143/1/1143 1139/1/1139 1138/1/1138 
f 1143/1/1143 1144/1/1144 1133/1/1133 
f 1129/1/1129 1145/1/1145 1143/1/1143 1130/1/1130 
f 1145/1/1145 1141/1/1141 1139/1/1139 
f 1146/1/1146 1036/1/1036 884/1/884 
f 1147/1/1147 1146/1/1146 1148/1/1148 1149/1/1149 
f 1044/1/1044 1041/1/1041 1146/1/1146 1147/1/1147 
f 1036/1/1036 1146/1/1146 1041/1/1041 1033/1/1033 
f 1147/1/1147 1149/1/1149 1150/1/1150 
f 1125/1/1125 1122/1/1122 1151/1/1151 1150/1/1150 
f 1044/1/1044 1147/1/1147 1151/1/1151 1122/1/1122 
f 1152/1/1152 1153/1/1153 1154/1/1154 
f 1155/1/1155 1138/1/1138 1140/1/1140 
f 1140/1/1140 1125/1/1125 1150/1/1150 
f 1152/1/1152 1150/1/1150 1149/1/1149 
f 1138/1/1138 1155/1/1155 1156/1/1156 1144/1/1144 
f 1155/1/1155 1154/1/1154 1157/1/1157 
f 1158/1/1158 1159/1/1159 1156/1/1156 1157/1/1157 
f 1159/1/1159 1133/1/1133 1144/1/1144 
f 558/1/558 572/1/572 1160/1/1160 557/1/557 
f 1161/1/1161 1160/1/1160 572/1/572 571/1/571 
f 1162/1/1162 1163/1/1163 1160/1/1160 1161/1/1161 
f 557/1/557 1160/1/1160 1163/1/1163 559/1/559 
f 559/1/559 1163/1/1163 1164/1/1164 888/1/888 
f 1163/1/1163 1162/1/1162 1165/1/1165 
f 1149/1/1149 1148/1/1148 1164/1/1164 1165/1/1165 
f 888/1/888 1164/1/1164 1148/1/1148 884/1/884 
f 578/1/578 1166/1/1166 1167/1/1167 576/1/576 
f 1168/1/1168 1167/1/1167 1166/1/1166 1169/1/1169 
f 586/1/586 584/1/584 1167/1/1167 1168/1/1168 
f 584/1/584 573/1/573 576/1/576 
f 1165/1/1165 1170/1/1170 1153/1/1153 1149/1/1149 
f 1162/1/1162 1171/1/1171 1170/1/1170 1165/1/1165 
f 1172/1/1172 1170/1/1170 1171/1/1171 1173/1/1173 
f 1153/1/1153 1170/1/1170 1172/1/1172 1154/1/1154 
f 1174/1/1174 1169/1/1169 1175/1/1175 
f 1176/1/1176 1177/1/1177 1178/1/1178 1175/1/1175 
f 1174/1/1174 1178/1/1178 1177/1/1177 1173/1/1173 
f 571/1/571 1179/1/1179 1180/1/1180 1161/1/1161 
f 1174/1/1174 1180/1/1180 1179/1/1179 1169/1/1169 
f 1173/1/1173 1171/1/1171 1180/1/1180 1174/1/1174 
f 1161/1/1161 1180/1/1180 1171/1/1171 1162/1/1162 
f 614/1/614 1181/1/1181 1182/1/1182 613/1/613 
f 1181/1/1181 1169/1/1169 1179/1/1179 
f 569/1/569 1182/1/1182 1179/1/1179 571/1/571 
f 613/1/613 1182/1/1182 569/1/569 570/1/570 
f 1168/1/1168 1183/1/1183 595/1/595 586/1/586 
f 1168/1/1168 1169/1/1169 1181/1/1181 
f 1181/1/1181 614/1/614 621/1/621 
f 596/1/596 595/1/595 1183/1/1183 621/1/621 
f 1184/1/1184 1157/1/1157 1154/1/1154 
f 1173/1/1173 1177/1/1177 1184/1/1184 1172/1/1172 
f 1184/1/1184 1177/1/1177 1176/1/1176 
f 1185/1/1185 1158/1/1158 1157/1/1157 
f 1186/1/1186 1187/1/1187 1188/1/1188 1189/1/1189 
f 1190/1/1190 1188/1/1188 1187/1/1187 1191/1/1191 
f 1192/1/1192 1193/1/1193 1188/1/1188 1190/1/1190 
f 1189/1/1189 1188/1/1188 1193/1/1193 1194/1/1194 
f 1192/1/1192 1195/1/1195 1196/1/1196 1193/1/1193 
f 1197/1/1197 1196/1/1196 1195/1/1195 1198/1/1198 
f 1199/1/1199 1200/1/1200 1196/1/1196 1197/1/1197 
f 1200/1/1200 1194/1/1194 1193/1/1193 
f 1190/1/1190 1201/1/1201 1195/1/1195 1192/1/1192 
f 1202/1/1202 1201/1/1201 1190/1/1190 1191/1/1191 
f 1203/1/1203 1204/1/1204 1201/1/1201 1202/1/1202 
f 1195/1/1195 1201/1/1201 1204/1/1204 1198/1/1198 
f 1205/1/1205 1206/1/1206 1207/1/1207 1208/1/1208 
f 1209/1/1209 1210/1/1210 1206/1/1206 1205/1/1205 
f 1202/1/1202 1206/1/1206 1210/1/1210 1203/1/1203 
f 1191/1/1191 1207/1/1207 1206/1/1206 1202/1/1202 
f 1198/1/1198 1204/1/1204 1211/1/1211 1212/1/1212 
f 1213/1/1213 1211/1/1211 1204/1/1204 1203/1/1203 
f 1214/1/1214 1215/1/1215 1211/1/1211 1213/1/1213 
f 1212/1/1212 1211/1/1211 1215/1/1215 1216/1/1216 
f 1209/1/1209 1217/1/1217 1218/1/1218 1210/1/1210 
f 1219/1/1219 1218/1/1218 1217/1/1217 1220/1/1220 
f 1214/1/1214 1213/1/1213 1218/1/1218 1219/1/1219 
f 1203/1/1203 1210/1/1210 1218/1/1218 1213/1/1213 
f 1221/1/1221 1222/1/1222 1219/1/1219 1220/1/1220 
f 1223/1/1223 1224/1/1224 1222/1/1222 1221/1/1221 
f 1225/1/1225 1222/1/1222 1224/1/1224 1226/1/1226 
f 1214/1/1214 1219/1/1219 1222/1/1222 1225/1/1225 
f 1227/1/1227 1228/1/1228 1229/1/1229 1230/1/1230 
f 1231/1/1231 1232/1/1232 1229/1/1229 1228/1/1228 
f 1102/1/1102 1229/1/1229 1232/1/1232 1103/1/1103 
f 1230/1/1230 1229/1/1229 1102/1/1102 1097/1/1097 
f 1233/1/1233 1234/1/1234 1235/1/1235 1236/1/1236 
f 1237/1/1237 1235/1/1235 1234/1/1234 1238/1/1238 
f 1082/1/1082 1078/1/1078 1235/1/1235 1237/1/1237 
f 1236/1/1236 1235/1/1235 1078/1/1078 1077/1/1077 
f 1239/1/1239 1237/1/1237 1238/1/1238 
f 1087/1/1087 1239/1/1239 1240/1/1240 1085/1/1085 
f 1237/1/1237 1239/1/1239 1087/1/1087 1082/1/1082 
f 1095/1/1095 1241/1/1241 1242/1/1242 1096/1/1096 
f 1241/1/1241 1243/1/1243 1244/1/1244 
f 1227/1/1227 1230/1/1230 1242/1/1242 
f 1097/1/1097 1096/1/1096 1242/1/1242 1230/1/1230 
f 1245/1/1245 1246/1/1246 1247/1/1247 
f 1248/1/1248 1245/1/1245 1249/1/1249 1250/1/1250 
f 1245/1/1245 1248/1/1248 1243/1/1243 
f 1241/1/1241 1095/1/1095 1246/1/1246 
f 1251/1/1251 1244/1/1244 1243/1/1243 
f 1252/1/1252 1251/1/1251 1253/1/1253 1254/1/1254 
f 1255/1/1255 1256/1/1256 1251/1/1251 1252/1/1252 
f 1244/1/1244 1251/1/1251 1256/1/1256 1227/1/1227 
f 1254/1/1254 1257/1/1257 1258/1/1258 
f 1257/1/1257 1250/1/1250 1259/1/1259 
f 1259/1/1259 1085/1/1085 1240/1/1240 
f 1240/1/1240 1238/1/1238 1260/1/1260 
f 1085/1/1085 1259/1/1259 1261/1/1261 1086/1/1086 
f 1259/1/1259 1250/1/1250 1262/1/1262 
f 846/1/846 844/1/844 1261/1/1261 1262/1/1262 
f 844/1/844 845/1/845 1086/1/1086 
f 1254/1/1254 1253/1/1253 1263/1/1263 1257/1/1257 
f 1243/1/1243 1248/1/1248 1263/1/1263 1253/1/1253 
f 1257/1/1257 1263/1/1263 1248/1/1248 1250/1/1250 
f 839/1/839 847/1/847 1264/1/1264 1265/1/1265 
f 1262/1/1262 1264/1/1264 847/1/847 846/1/846 
f 1250/1/1250 1249/1/1249 1264/1/1264 1262/1/1262 
f 1265/1/1265 1264/1/1264 1249/1/1249 1247/1/1247 
f 1266/1/1266 1267/1/1267 1255/1/1255 
f 1254/1/1254 1260/1/1260 1266/1/1266 1252/1/1252 
f 1238/1/1238 1234/1/1234 1266/1/1266 1260/1/1260 
f 1234/1/1234 1233/1/1233 1267/1/1267 
f 841/1/841 1268/1/1268 1269/1/1269 836/1/836 
f 1008/1/1008 1269/1/1269 1268/1/1268 1011/1/1011 
f 1009/1/1009 1027/1/1027 1269/1/1269 1008/1/1008 
f 836/1/836 1269/1/1269 1027/1/1027 833/1/833 
f 982/1/982 1010/1/1010 1270/1/1270 981/1/981 
f 1011/1/1011 1271/1/1271 1270/1/1270 1010/1/1010 
f 1272/1/1272 1270/1/1270 1271/1/1271 1273/1/1273 
f 981/1/981 1270/1/1270 1272/1/1272 983/1/983 
f 1274/1/1274 1265/1/1265 1247/1/1247 
f 1275/1/1275 1274/1/1274 1276/1/1276 1277/1/1277 
f 841/1/841 840/1/840 1274/1/1274 1275/1/1275 
f 1265/1/1265 1274/1/1274 840/1/840 839/1/839 
f 1095/1/1095 1094/1/1094 1278/1/1278 1246/1/1246 
f 1279/1/1279 1278/1/1278 1094/1/1094 1093/1/1093 
f 1277/1/1277 1276/1/1276 1278/1/1278 1279/1/1279 
f 1276/1/1276 1247/1/1247 1246/1/1246 
f 1280/1/1280 1281/1/1281 1282/1/1282 1283/1/1283 
f 1011/1/1011 1268/1/1268 1281/1/1281 1280/1/1280 
f 1275/1/1275 1281/1/1281 1268/1/1268 841/1/841 
f 1277/1/1277 1282/1/1282 1281/1/1281 
f 1273/1/1273 1271/1/1271 1284/1/1284 1285/1/1285 
f 1280/1/1280 1284/1/1284 1271/1/1271 1011/1/1011 
f 1283/1/1283 1285/1/1285 1284/1/1284 1280/1/1280 
f 1279/1/1279 1286/1/1286 1287/1/1287 1277/1/1277 
f 1093/1/1093 1288/1/1288 1286/1/1286 1279/1/1279 
f 1289/1/1289 1287/1/1287 1286/1/1286 1288/1/1288 
f 1273/1/1273 1290/1/1290 1291/1/1291 1272/1/1272 
f 1292/1/1292 1293/1/1293 1291/1/1291 1290/1/1290 
f 1294/1/1294 1291/1/1291 1293/1/1293 1295/1/1295 
f 983/1/983 1272/1/1272 1291/1/1291 1294/1/1294 
f 1296/1/1296 1297/1/1297 1285/1/1285 1283/1/1283 
f 1297/1/1297 1296/1/1296 1298/1/1298 
f 1290/1/1290 1297/1/1297 1299/1/1299 1292/1/1292 
f 1285/1/1285 1297/1/1297 1290/1/1290 1273/1/1273 
f 1289/1/1289 1300/1/1300 1301/1/1301 1287/1/1287 
f 1296/1/1296 1301/1/1301 1300/1/1300 1298/1/1298 
f 1283/1/1283 1282/1/1282 1301/1/1301 1296/1/1296 
f 1287/1/1287 1301/1/1301 1282/1/1282 1277/1/1277 
f 1293/1/1293 1292/1/1292 1302/1/1302 
f 1303/1/1303 1304/1/1304 1305/1/1305 1302/1/1302 
f 1306/1/1306 1305/1/1305 1304/1/1304 1307/1/1307 
f 1295/1/1295 1293/1/1293 1305/1/1305 1306/1/1306 
f 1308/1/1308 1309/1/1309 1090/1/1090 1089/1/1089 
f 1310/1/1310 1311/1/1311 1309/1/1309 1308/1/1308 
f 1289/1/1289 1288/1/1288 1309/1/1309 1311/1/1311 
f 1090/1/1090 1309/1/1309 1288/1/1288 1093/1/1093 
f 1310/1/1310 1312/1/1312 1313/1/1313 1311/1/1311 
f 1314/1/1314 1313/1/1313 1312/1/1312 1315/1/1315 
f 1313/1/1313 1314/1/1314 1298/1/1298 
f 1311/1/1311 1313/1/1313 1300/1/1300 1289/1/1289 
f 1315/1/1315 1316/1/1316 1317/1/1317 1314/1/1314 
f 1302/1/1302 1317/1/1317 1316/1/1316 1303/1/1303 
f 1292/1/1292 1299/1/1299 1317/1/1317 1302/1/1302 
f 1299/1/1299 1298/1/1298 1314/1/1314 
f 1318/1/1318 1319/1/1319 1320/1/1320 1321/1/1321 
f 1322/1/1322 1320/1/1320 1319/1/1319 1323/1/1323 
f 1307/1/1307 1304/1/1304 1320/1/1320 1322/1/1322 
f 1304/1/1304 1303/1/1303 1321/1/1321 
f 1089/1/1089 1099/1/1099 1324/1/1324 1308/1/1308 
f 1325/1/1325 1324/1/1324 1099/1/1099 1098/1/1098 
f 1326/1/1326 1324/1/1324 1325/1/1325 1327/1/1327 
f 1308/1/1308 1324/1/1324 1326/1/1326 1310/1/1310 
f 1327/1/1327 1328/1/1328 1329/1/1329 1326/1/1326 
f 1330/1/1330 1329/1/1329 1328/1/1328 1331/1/1331 
f 1315/1/1315 1312/1/1312 1329/1/1329 1330/1/1330 
f 1326/1/1326 1329/1/1329 1312/1/1312 1310/1/1310 
f 1331/1/1331 1332/1/1332 1333/1/1333 1330/1/1330 
f 1321/1/1321 1333/1/1333 1332/1/1332 1318/1/1318 
f 1303/1/1303 1316/1/1316 1333/1/1333 1321/1/1321 
f 1330/1/1330 1333/1/1333 1316/1/1316 1315/1/1315 
f 1334/1/1334 1335/1/1335 1336/1/1336 1337/1/1337 
f 1338/1/1338 1336/1/1336 1335/1/1335 1339/1/1339 
f 1340/1/1340 1341/1/1341 1336/1/1336 1338/1/1338 
f 1337/1/1337 1336/1/1336 1341/1/1341 1342/1/1342 
f 1343/1/1343 1335/1/1335 1334/1/1334 
f 1344/1/1344 1343/1/1343 1345/1/1345 1346/1/1346 
f 1347/1/1347 1348/1/1348 1343/1/1343 1344/1/1344 
f 1335/1/1335 1343/1/1343 1348/1/1348 1339/1/1339 
f 1349/1/1349 1350/1/1350 1351/1/1351 1352/1/1352 
f 1350/1/1350 1353/1/1353 1354/1/1354 
f 1355/1/1355 1356/1/1356 1351/1/1351 1354/1/1354 
f 1357/1/1357 1352/1/1352 1351/1/1351 1356/1/1356 
f 1353/1/1353 1358/1/1358 1359/1/1359 1354/1/1354 
f 1360/1/1360 1359/1/1359 1358/1/1358 1361/1/1361 
f 1362/1/1362 1363/1/1363 1359/1/1359 1360/1/1360 
f 1354/1/1354 1359/1/1359 1363/1/1363 1355/1/1355 
f 1136/1/1136 1135/1/1135 1364/1/1364 1365/1/1365 
f 1366/1/1366 1364/1/1364 1135/1/1135 1134/1/1134 
f 1367/1/1367 1368/1/1368 1364/1/1364 1366/1/1366 
f 1365/1/1365 1364/1/1364 1368/1/1368 1369/1/1369 
f 1370/1/1370 1371/1/1371 1372/1/1372 1373/1/1373 
f 1371/1/1371 1374/1/1374 1375/1/1375 
f 1361/1/1361 1358/1/1358 1372/1/1372 1375/1/1375 
f 1358/1/1358 1353/1/1353 1373/1/1373 
f 1374/1/1374 1371/1/1371 1376/1/1376 1377/1/1377 
f 1378/1/1378 1376/1/1376 1371/1/1371 1370/1/1370 
f 1369/1/1369 1368/1/1368 1376/1/1376 1378/1/1378 
f 1377/1/1377 1376/1/1376 1368/1/1368 1367/1/1367 
f 1379/1/1379 1380/1/1380 1381/1/1381 1382/1/1382 
f 1383/1/1383 1381/1/1381 1380/1/1380 1384/1/1384 
f 1385/1/1385 1386/1/1386 1381/1/1381 1383/1/1383 
f 1382/1/1382 1381/1/1381 1386/1/1386 1387/1/1387 
f 1388/1/1388 1389/1/1389 1390/1/1390 1391/1/1391 
f 1131/1/1131 1390/1/1390 1389/1/1389 1134/1/1134 
f 1390/1/1390 1131/1/1131 1133/1/1133 
f 1391/1/1391 1390/1/1390 1159/1/1159 1158/1/1158 
f 1392/1/1392 1393/1/1393 1389/1/1389 1388/1/1388 
f 1366/1/1366 1393/1/1393 1392/1/1392 1367/1/1367 
f 1393/1/1393 1366/1/1366 1134/1/1134 
f 1361/1/1361 1394/1/1394 1395/1/1395 1360/1/1360 
f 1382/1/1382 1395/1/1395 1394/1/1394 1379/1/1379 
f 1387/1/1387 1396/1/1396 1395/1/1395 1382/1/1382 
f 1360/1/1360 1395/1/1395 1396/1/1396 1362/1/1362 
f 1158/1/1158 1185/1/1185 1397/1/1397 1391/1/1391 
f 1185/1/1185 1176/1/1176 1398/1/1398 
f 1399/1/1399 1400/1/1400 1397/1/1397 1398/1/1398 
f 1400/1/1400 1388/1/1388 1391/1/1391 
f 1401/1/1401 1402/1/1402 1403/1/1403 
f 1401/1/1401 1404/1/1404 1388/1/1388 
f 1402/1/1402 1401/1/1401 1400/1/1400 1399/1/1399 
f 1384/1/1384 1405/1/1405 1406/1/1406 
f 1399/1/1399 1407/1/1407 1406/1/1406 
f 577/1/577 1406/1/1406 1407/1/1407 578/1/578 
f 577/1/577 517/1/517 1408/1/1408 
f 1409/1/1409 1403/1/1403 1402/1/1402 
f 1405/1/1405 1410/1/1410 1402/1/1402 1399/1/1399 
f 1410/1/1410 1405/1/1405 1384/1/1384 
f 1409/1/1409 1410/1/1410 1380/1/1380 1379/1/1379 
f 578/1/578 1407/1/1407 1411/1/1411 1166/1/1166 
f 1398/1/1398 1411/1/1411 1407/1/1407 1399/1/1399 
f 1176/1/1176 1175/1/1175 1411/1/1411 1398/1/1398 
f 1166/1/1166 1411/1/1411 1175/1/1175 1169/1/1169 
f 1374/1/1374 1412/1/1412 1413/1/1413 1375/1/1375 
f 1409/1/1409 1413/1/1413 1412/1/1412 1403/1/1403 
f 1413/1/1413 1409/1/1409 1379/1/1379 
f 1375/1/1375 1413/1/1413 1394/1/1394 1361/1/1361 
f 1392/1/1392 1388/1/1388 1404/1/1404 
f 1412/1/1412 1414/1/1414 1404/1/1404 1403/1/1403 
f 1412/1/1412 1374/1/1374 1377/1/1377 
f 1414/1/1414 1377/1/1377 1367/1/1367 
f 1415/1/1415 1416/1/1416 1417/1/1417 1418/1/1418 
f 1396/1/1396 1417/1/1417 1416/1/1416 1362/1/1362 
f 1387/1/1387 1386/1/1386 1417/1/1417 1396/1/1396 
f 1386/1/1386 1385/1/1385 1418/1/1418 
f 1419/1/1419 1420/1/1420 1416/1/1416 1415/1/1415 
f 1421/1/1421 1420/1/1420 1419/1/1419 1422/1/1422 
f 1420/1/1420 1421/1/1421 1355/1/1355 
f 1416/1/1416 1420/1/1420 1363/1/1363 1362/1/1362 
f 1423/1/1423 1424/1/1424 1425/1/1425 1426/1/1426 
f 1427/1/1427 1425/1/1425 1424/1/1424 1428/1/1428 
f 1425/1/1425 1427/1/1427 1422/1/1422 
f 1426/1/1426 1425/1/1425 1419/1/1419 1415/1/1415 
f 1421/1/1421 1429/1/1429 1356/1/1356 1355/1/1355 
f 1422/1/1422 1430/1/1430 1429/1/1429 1421/1/1421 
f 1431/1/1431 1432/1/1432 1429/1/1429 1430/1/1430 
f 1357/1/1357 1356/1/1356 1429/1/1429 
f 1427/1/1427 1433/1/1433 1430/1/1430 1422/1/1422 
f 1428/1/1428 1434/1/1434 1433/1/1433 1427/1/1427 
f 1435/1/1435 1436/1/1436 1433/1/1433 1434/1/1434 
f 1430/1/1430 1433/1/1433 1436/1/1436 1431/1/1431 
f 1437/1/1437 1438/1/1438 1439/1/1439 1440/1/1440 
f 1441/1/1441 1439/1/1439 1438/1/1438 1442/1/1442 
f 1443/1/1443 1444/1/1444 1439/1/1439 1441/1/1441 
f 1440/1/1440 1439/1/1439 1444/1/1444 1445/1/1445 
f 1446/1/1446 1447/1/1447 1448/1/1448 1449/1/1449 
f 1450/1/1450 1448/1/1448 1447/1/1447 1451/1/1451 
f 1342/1/1342 1341/1/1341 1448/1/1448 1450/1/1450 
f 1449/1/1449 1448/1/1448 1341/1/1341 1340/1/1340 
f 1452/1/1452 1453/1/1453 1454/1/1454 1455/1/1455 
f 1322/1/1322 1454/1/1454 1453/1/1453 1307/1/1307 
f 1323/1/1323 1456/1/1456 1454/1/1454 1322/1/1322 
f 1455/1/1455 1454/1/1454 1456/1/1456 1457/1/1457 
f 1295/1/1295 1458/1/1458 1459/1/1459 1294/1/1294 
f 1460/1/1460 1459/1/1459 1458/1/1458 1461/1/1461 
f 985/1/985 984/1/984 1459/1/1459 1460/1/1460 
f 1294/1/1294 1459/1/1459 984/1/984 983/1/983 
f 1461/1/1461 1458/1/1458 1462/1/1462 1463/1/1463 
f 1306/1/1306 1462/1/1462 1458/1/1458 1295/1/1295 
f 1307/1/1307 1453/1/1453 1462/1/1462 1306/1/1306 
f 1463/1/1463 1462/1/1462 1453/1/1453 1452/1/1452 
f 1461/1/1461 1464/1/1464 1465/1/1465 1460/1/1460 
f 1464/1/1464 1466/1/1466 1467/1/1467 
f 1465/1/1465 1467/1/1467 1468/1/1468 
f 1460/1/1460 1465/1/1465 1469/1/1469 985/1/985 
f 985/1/985 1469/1/1469 1470/1/1470 980/1/980 
f 1471/1/1471 1470/1/1470 1469/1/1469 1468/1/1468 
f 830/1/830 829/1/829 1470/1/1470 1471/1/1471 
f 980/1/980 1470/1/1470 829/1/829 828/1/828 
f 1472/1/1472 1473/1/1473 1466/1/1466 
f 1463/1/1463 1472/1/1472 1464/1/1464 1461/1/1461 
f 1452/1/1452 1474/1/1474 1472/1/1472 1463/1/1463 
f 1475/1/1475 1473/1/1473 1472/1/1472 
f 1467/1/1467 1476/1/1476 1477/1/1477 1468/1/1468 
f 1466/1/1466 1478/1/1478 1476/1/1476 1467/1/1467 
f 1479/1/1479 1477/1/1477 1476/1/1476 1478/1/1478 
f 1415/1/1415 1480/1/1480 1481/1/1481 1426/1/1426 
f 1482/1/1482 1481/1/1481 1480/1/1480 1483/1/1483 
f 1484/1/1484 1485/1/1485 1481/1/1481 1482/1/1482 
f 1426/1/1426 1481/1/1481 1485/1/1485 1423/1/1423 
f 1486/1/1486 1487/1/1487 1488/1/1488 1489/1/1489 
f 1490/1/1490 1488/1/1488 1487/1/1487 1483/1/1483 
f 1489/1/1489 1488/1/1488 1490/1/1490 1491/1/1491 
f 1492/1/1492 1418/1/1418 1385/1/1385 
f 1493/1/1493 1491/1/1491 1490/1/1490 
f 1483/1/1483 1480/1/1480 1492/1/1492 1490/1/1490 
f 1480/1/1480 1415/1/1415 1418/1/1418 
f 1494/1/1494 1495/1/1495 1496/1/1496 1497/1/1497 
f 1498/1/1498 1499/1/1499 1495/1/1495 1494/1/1494 
f 1500/1/1500 1501/1/1501 1495/1/1495 1499/1/1499 
f 1496/1/1496 1495/1/1495 1501/1/1501 1502/1/1502 
f 1503/1/1503 1504/1/1504 1505/1/1505 
f 1506/1/1506 1507/1/1507 1503/1/1503 1508/1/1508 
f 1509/1/1509 1503/1/1503 1507/1/1507 1510/1/1510 
f 1504/1/1504 1503/1/1503 1509/1/1509 1511/1/1511 
f 1512/1/1512 1513/1/1513 1514/1/1514 1515/1/1515 
f 1516/1/1516 1517/1/1517 1514/1/1514 1513/1/1513 
f 1505/1/1505 1504/1/1504 1514/1/1514 1517/1/1517 
f 1511/1/1511 1515/1/1515 1514/1/1514 1504/1/1504 
f 1518/1/1518 1519/1/1519 1517/1/1517 1516/1/1516 
f 1520/1/1520 1521/1/1521 1519/1/1519 1518/1/1518 
f 1506/1/1506 1508/1/1508 1519/1/1519 1521/1/1521 
f 1505/1/1505 1517/1/1517 1519/1/1519 1508/1/1508 
f 1522/1/1522 1523/1/1523 1501/1/1501 1500/1/1500 
f 1516/1/1516 1513/1/1513 1523/1/1523 1522/1/1522 
f 1524/1/1524 1523/1/1523 1513/1/1513 1512/1/1512 
f 1502/1/1502 1501/1/1501 1523/1/1523 1524/1/1524 
f 1525/1/1525 1499/1/1499 1498/1/1498 
f 1526/1/1526 1520/1/1520 1518/1/1518 
f 1516/1/1516 1522/1/1522 1525/1/1525 1518/1/1518 
f 1499/1/1499 1525/1/1525 1522/1/1522 1500/1/1500 
f 1497/1/1497 1527/1/1527 1528/1/1528 1494/1/1494 
f 1529/1/1529 1528/1/1528 1527/1/1527 1530/1/1530 
f 1520/1/1520 1526/1/1526 1528/1/1528 1529/1/1529 
f 1494/1/1494 1528/1/1528 1526/1/1526 1498/1/1498 
f 1510/1/1510 1507/1/1507 1531/1/1531 1532/1/1532 
f 1521/1/1521 1531/1/1531 1507/1/1507 1506/1/1506 
f 1520/1/1520 1529/1/1529 1531/1/1531 1521/1/1521 
f 1532/1/1532 1531/1/1531 1529/1/1529 1530/1/1530 
f 1533/1/1533 1534/1/1534 1535/1/1535 1536/1/1536 
f 1537/1/1537 1535/1/1535 1534/1/1534 1538/1/1538 
f 1539/1/1539 1540/1/1540 1535/1/1535 1537/1/1537 
f 1536/1/1536 1535/1/1535 1540/1/1540 1541/1/1541 
f 1533/1/1533 1542/1/1542 1543/1/1543 1534/1/1534 
f 1544/1/1544 1543/1/1543 1542/1/1542 1545/1/1545 
f 1546/1/1546 1547/1/1547 1543/1/1543 1544/1/1544 
f 1534/1/1534 1543/1/1543 1547/1/1547 1538/1/1538 
f 1548/1/1548 1549/1/1549 1550/1/1550 1551/1/1551 
f 1536/1/1536 1550/1/1550 1549/1/1549 1533/1/1533 
f 1541/1/1541 1552/1/1552 1550/1/1550 1536/1/1536 
f 1551/1/1551 1550/1/1550 1552/1/1552 1553/1/1553 
f 1548/1/1548 1554/1/1554 1555/1/1555 1549/1/1549 
f 1556/1/1556 1555/1/1555 1554/1/1554 1557/1/1557 
f 1545/1/1545 1542/1/1542 1555/1/1555 1556/1/1556 
f 1549/1/1549 1555/1/1555 1542/1/1542 1533/1/1533 
f 1491/1/1491 1558/1/1558 1559/1/1559 1489/1/1489 
f 1560/1/1560 1559/1/1559 1558/1/1558 1561/1/1561 
f 1553/1/1553 1562/1/1562 1559/1/1559 1560/1/1560 
f 1489/1/1489 1559/1/1559 1562/1/1562 1486/1/1486 
f 1563/1/1563 1557/1/1557 1564/1/1564 
f 1565/1/1565 1566/1/1566 1564/1/1564 1567/1/1567 
f 1565/1/1565 816/1/816 823/1/823 
f 1563/1/1563 1566/1/1566 823/1/823 822/1/822 
f 1568/1/1568 817/1/817 816/1/816 
f 1565/1/1565 1567/1/1567 1569/1/1569 
f 508/1/508 808/1/808 1568/1/1568 1569/1/1569 
f 817/1/817 1568/1/1568 808/1/808 801/1/801 
f 1570/1/1570 1571/1/1571 1561/1/1561 
f 1572/1/1572 1384/1/1384 1408/1/1408 
f 1570/1/1570 1408/1/1408 517/1/517 
f 516/1/516 522/1/522 1571/1/1571 
f 1558/1/1558 1573/1/1573 1572/1/1572 1561/1/1561 
f 1493/1/1493 1573/1/1573 1558/1/1558 1491/1/1491 
f 1383/1/1383 1573/1/1573 1493/1/1493 1385/1/1385 
f 1383/1/1383 1384/1/1384 1572/1/1572 
f 508/1/508 1569/1/1569 1574/1/1574 507/1/507 
f 1575/1/1575 1574/1/1574 1569/1/1569 1567/1/1567 
f 1575/1/1575 1576/1/1576 1577/1/1577 
f 1577/1/1577 504/1/504 507/1/507 
f 1578/1/1578 1551/1/1551 1553/1/1553 
f 1560/1/1560 1561/1/1561 1579/1/1579 
f 1580/1/1580 1581/1/1581 1578/1/1578 1579/1/1579 
f 1581/1/1581 1548/1/1548 1551/1/1551 
f 495/1/495 1582/1/1582 1583/1/1583 514/1/514 
f 1584/1/1584 1583/1/1583 1582/1/1582 1576/1/1576 
f 521/1/521 1583/1/1583 1584/1/1584 522/1/522 
f 514/1/514 1583/1/1583 521/1/521 511/1/511 
f 1585/1/1585 491/1/491 490/1/490 
f 503/1/503 504/1/504 1577/1/1577 
f 1582/1/1582 1585/1/1585 1577/1/1577 1576/1/1576 
f 1582/1/1582 495/1/495 491/1/491 
f 1575/1/1575 1586/1/1586 1587/1/1587 1576/1/1576 
f 1586/1/1586 1575/1/1575 1567/1/1567 
f 1580/1/1580 1587/1/1587 1586/1/1586 1588/1/1588 
f 522/1/522 1584/1/1584 1589/1/1589 1571/1/1571 
f 1587/1/1587 1589/1/1589 1584/1/1584 1576/1/1576 
f 1587/1/1587 1580/1/1580 1579/1/1579 
f 1571/1/1571 1589/1/1589 1579/1/1579 1561/1/1561 
f 1548/1/1548 1581/1/1581 1590/1/1590 1554/1/1554 
f 1588/1/1588 1590/1/1590 1581/1/1581 1580/1/1580 
f 1567/1/1567 1564/1/1564 1590/1/1590 1588/1/1588 
f 1554/1/1554 1590/1/1590 1564/1/1564 1557/1/1557 
f 822/1/822 821/1/821 1591/1/1591 1563/1/1563 
f 1591/1/1591 821/1/821 820/1/820 
f 1592/1/1592 1591/1/1591 1593/1/1593 1594/1/1594 
f 1592/1/1592 1557/1/1557 1563/1/1563 
f 1595/1/1595 1596/1/1596 1597/1/1597 1598/1/1598 
f 1595/1/1595 1599/1/1599 1600/1/1600 
f 1596/1/1596 1600/1/1600 830/1/830 
f 1597/1/1597 1596/1/1596 1471/1/1471 1468/1/1468 
f 1595/1/1595 1601/1/1601 1602/1/1602 1599/1/1599 
f 1598/1/1598 1603/1/1603 1601/1/1601 1595/1/1595 
f 1601/1/1601 1603/1/1603 1604/1/1604 
f 1605/1/1605 1606/1/1606 1599/1/1599 
f 1607/1/1607 1605/1/1605 1602/1/1602 1604/1/1604 
f 1605/1/1605 1607/1/1607 1594/1/1594 
f 1606/1/1606 1605/1/1605 1593/1/1593 820/1/820 
f 1608/1/1608 1609/1/1609 1610/1/1610 
f 1598/1/1598 1597/1/1597 1610/1/1610 
f 1610/1/1610 1597/1/1597 1468/1/1468 
f 1611/1/1611 1610/1/1610 1477/1/1477 1479/1/1479 
f 1594/1/1594 1612/1/1612 1613/1/1613 1592/1/1592 
f 1614/1/1614 1613/1/1613 1612/1/1612 1615/1/1615 
f 1545/1/1545 1556/1/1556 1613/1/1613 1614/1/1614 
f 1592/1/1592 1613/1/1613 1556/1/1556 1557/1/1557 
f 1604/1/1604 1616/1/1616 1617/1/1617 1607/1/1607 
f 1618/1/1618 1617/1/1617 1616/1/1616 1619/1/1619 
f 1615/1/1615 1612/1/1612 1617/1/1617 1618/1/1618 
f 1607/1/1607 1617/1/1617 1612/1/1612 1594/1/1594 
f 1608/1/1608 1620/1/1620 1621/1/1621 1609/1/1609 
f 1616/1/1616 1621/1/1621 1620/1/1620 1619/1/1619 
f 1603/1/1603 1621/1/1621 1616/1/1616 1604/1/1604 
f 1598/1/1598 1609/1/1609 1621/1/1621 1603/1/1603 
f 1615/1/1615 1622/1/1622 1623/1/1623 1614/1/1614 
f 1624/1/1624 1623/1/1623 1622/1/1622 1625/1/1625 
f 1546/1/1546 1544/1/1544 1623/1/1623 1624/1/1624 
f 1614/1/1614 1623/1/1623 1544/1/1544 1545/1/1545 
f 1626/1/1626 1627/1/1627 1628/1/1628 1629/1/1629 
f 1630/1/1630 1628/1/1628 1627/1/1627 1631/1/1631 
f 1619/1/1619 1620/1/1620 1628/1/1628 1630/1/1630 
f 1629/1/1629 1628/1/1628 1620/1/1620 1608/1/1608 
f 1630/1/1630 1632/1/1632 1618/1/1618 1619/1/1619 
f 1631/1/1631 1633/1/1633 1632/1/1632 1630/1/1630 
f 1625/1/1625 1622/1/1622 1632/1/1632 1633/1/1633 
f 1618/1/1618 1632/1/1632 1622/1/1622 1615/1/1615 
f 1625/1/1625 1634/1/1634 1635/1/1635 1624/1/1624 
f 1636/1/1636 1637/1/1637 1635/1/1635 1634/1/1634 
f 1638/1/1638 1639/1/1639 1635/1/1635 1637/1/1637 
f 1624/1/1624 1635/1/1635 1639/1/1639 1546/1/1546 
f 1640/1/1640 1641/1/1641 1642/1/1642 1643/1/1643 
f 1644/1/1644 1642/1/1642 1641/1/1641 1645/1/1645 
f 1631/1/1631 1627/1/1627 1642/1/1642 1644/1/1644 
f 1643/1/1643 1642/1/1642 1627/1/1627 1626/1/1626 
f 1645/1/1645 1646/1/1646 1647/1/1647 1644/1/1644 
f 1634/1/1634 1647/1/1647 1646/1/1646 1636/1/1636 
f 1625/1/1625 1633/1/1633 1647/1/1647 1634/1/1634 
f 1644/1/1644 1647/1/1647 1633/1/1633 1631/1/1631 
f 1648/1/1648 1649/1/1649 1650/1/1650 1651/1/1651 
f 1652/1/1652 1650/1/1650 1649/1/1649 1653/1/1653 
f 1654/1/1654 1655/1/1655 1650/1/1650 1652/1/1652 
f 1651/1/1651 1650/1/1650 1655/1/1655 1656/1/1656 
f 1657/1/1657 1658/1/1658 1659/1/1659 1660/1/1660 
f 1661/1/1661 1662/1/1662 1658/1/1658 1657/1/1657 
f 1651/1/1651 1658/1/1658 1662/1/1662 1648/1/1648 
f 1656/1/1656 1659/1/1659 1658/1/1658 1651/1/1651 
f 1663/1/1663 1664/1/1664 1665/1/1665 1666/1/1666 
f 1657/1/1657 1665/1/1665 1664/1/1664 1661/1/1661 
f 1660/1/1660 1667/1/1667 1665/1/1665 1657/1/1657 
f 1666/1/1666 1665/1/1665 1667/1/1667 1668/1/1668 
f 1669/1/1669 1670/1/1670 1671/1/1671 1672/1/1672 
f 155/1/155 1671/1/1671 1670/1/1670 159/1/159 
f 154/1/154 1673/1/1673 1671/1/1671 155/1/155 
f 1672/1/1672 1671/1/1671 1673/1/1673 1674/1/1674 
f 1675/1/1675 1676/1/1676 164/1/164 163/1/163 
f 1677/1/1677 1678/1/1678 1676/1/1676 1675/1/1675 
f 1676/1/1676 1678/1/1678 1674/1/1674 
f 164/1/164 1676/1/1676 1673/1/1673 154/1/154 
f 163/1/163 174/1/174 1679/1/1679 1675/1/1675 
f 1680/1/1680 1679/1/1679 174/1/174 173/1/173 
f 1679/1/1679 1680/1/1680 1681/1/1681 
f 1675/1/1675 1679/1/1679 1682/1/1682 1677/1/1677 
f 1683/1/1683 1684/1/1684 1685/1/1685 1686/1/1686 
f 1687/1/1687 1688/1/1688 1684/1/1684 1683/1/1683 
f 1689/1/1689 1684/1/1684 1688/1/1688 1690/1/1690 
f 1113/1/1113 1685/1/1685 1684/1/1684 1689/1/1689 
f 259/1/259 1691/1/1691 1692/1/1692 258/1/258 
f 1691/1/1691 1693/1/1693 1694/1/1694 
f 120/1/120 119/1/119 1692/1/1692 1694/1/1694 
f 258/1/258 1692/1/1692 119/1/119 124/1/124 
f 118/1/118 1695/1/1695 1696/1/1696 113/1/113 
f 1697/1/1697 1698/1/1698 1696/1/1696 1695/1/1695 
f 126/1/126 1696/1/1696 1698/1/1698 127/1/127 
f 113/1/113 1696/1/1696 126/1/126 110/1/110 
f 1699/1/1699 1700/1/1700 1701/1/1701 1702/1/1702 
f 1691/1/1691 1701/1/1701 1700/1/1700 1693/1/1693 
f 259/1/259 311/1/311 1701/1/1701 1691/1/1691 
f 1702/1/1702 1701/1/1701 311/1/311 312/1/312 
f 1216/1/1216 1703/1/1703 1704/1/1704 1212/1/1212 
f 1703/1/1703 1705/1/1705 1706/1/1706 
f 1199/1/1199 1197/1/1197 1704/1/1704 1706/1/1706 
f 1198/1/1198 1212/1/1212 1704/1/1704 1197/1/1197 
f 1707/1/1707 1708/1/1708 1709/1/1709 1710/1/1710 
f 1706/1/1706 1709/1/1709 1708/1/1708 1199/1/1199 
f 1709/1/1709 1706/1/1706 1705/1/1705 
f 1710/1/1710 1709/1/1709 1711/1/1711 1712/1/1712 
f 1226/1/1226 1713/1/1713 1714/1/1714 1225/1/1225 
f 1703/1/1703 1714/1/1714 1713/1/1713 1705/1/1705 
f 1216/1/1216 1215/1/1215 1714/1/1714 1703/1/1703 
f 1225/1/1225 1714/1/1714 1215/1/1215 1214/1/1214 
f 1220/1/1220 1217/1/1217 1715/1/1715 1221/1/1221 
f 1716/1/1716 1715/1/1715 1217/1/1217 1209/1/1209 
f 1716/1/1716 1717/1/1717 1718/1/1718 
f 1718/1/1718 1223/1/1223 1221/1/1221 
f 1719/1/1719 1720/1/1720 1721/1/1721 1722/1/1722 
f 1511/1/1511 1509/1/1509 1720/1/1720 1719/1/1719 
f 1510/1/1510 1723/1/1723 1720/1/1720 1509/1/1509 
f 1721/1/1721 1720/1/1720 1723/1/1723 1724/1/1724 
f 1725/1/1725 1726/1/1726 1512/1/1512 
f 1719/1/1719 1725/1/1725 1515/1/1515 1511/1/1511 
f 1725/1/1725 1719/1/1719 1722/1/1722 
f 1726/1/1726 1725/1/1725 1727/1/1727 1728/1/1728 
f 1729/1/1729 1730/1/1730 1731/1/1731 1732/1/1732 
f 1733/1/1733 1731/1/1731 1730/1/1730 1734/1/1734 
f 1530/1/1530 1527/1/1527 1731/1/1731 1733/1/1733 
f 1732/1/1732 1731/1/1731 1527/1/1527 1497/1/1497 
f 1530/1/1530 1733/1/1733 1735/1/1735 1532/1/1532 
f 1736/1/1736 1735/1/1735 1733/1/1733 1734/1/1734 
f 1723/1/1723 1735/1/1735 1736/1/1736 1724/1/1724 
f 1532/1/1532 1735/1/1735 1723/1/1723 1510/1/1510 
f 1737/1/1737 1738/1/1738 1187/1/1187 1186/1/1186 
f 1739/1/1739 1738/1/1738 1737/1/1737 1740/1/1740 
f 1208/1/1208 1207/1/1207 1738/1/1738 1739/1/1739 
f 1187/1/1187 1738/1/1738 1207/1/1207 1191/1/1191 
f 1208/1/1208 1739/1/1739 1741/1/1741 1205/1/1205 
f 1742/1/1742 1741/1/1741 1739/1/1739 1740/1/1740 
f 1741/1/1741 1742/1/1742 1717/1/1717 
f 1205/1/1205 1741/1/1741 1716/1/1716 1209/1/1209 
f 1111/1/1111 1109/1/1109 1743/1/1743 1744/1/1744 
f 1745/1/1745 1743/1/1743 1109/1/1109 1108/1/1108 
f 1746/1/1746 1747/1/1747 1743/1/1743 1745/1/1745 
f 1744/1/1744 1743/1/1743 1747/1/1747 1748/1/1748 
f 1748/1/1748 1747/1/1747 1749/1/1749 1750/1/1750 
f 1751/1/1751 1749/1/1749 1747/1/1747 1746/1/1746 
f 1347/1/1347 1344/1/1344 1749/1/1749 1751/1/1751 
f 1346/1/1346 1750/1/1750 1749/1/1749 1344/1/1344 
f 1752/1/1752 1753/1/1753 1754/1/1754 1755/1/1755 
f 1756/1/1756 1754/1/1754 1753/1/1753 1757/1/1757 
f 1758/1/1758 1759/1/1759 1754/1/1754 1756/1/1756 
f 1755/1/1755 1754/1/1754 1759/1/1759 1760/1/1760 
f 1761/1/1761 1762/1/1762 1763/1/1763 1764/1/1764 
f 1765/1/1765 1763/1/1763 1762/1/1762 1766/1/1766 
f 139/1/139 142/1/142 1763/1/1763 1765/1/1765 
f 1764/1/1764 1763/1/1763 142/1/142 147/1/147 
f 1767/1/1767 1768/1/1768 1769/1/1769 1770/1/1770 
f 1771/1/1771 1772/1/1772 1768/1/1768 1767/1/1767 
f 1773/1/1773 1774/1/1774 1768/1/1768 1772/1/1772 
f 1775/1/1775 1769/1/1769 1768/1/1768 1774/1/1774 
f 1773/1/1773 1772/1/1772 1776/1/1776 1777/1/1777 
f 1778/1/1778 1776/1/1776 1772/1/1772 1771/1/1771 
f 127/1/127 1698/1/1698 1776/1/1776 1778/1/1778 
f 1777/1/1777 1776/1/1776 1698/1/1698 1697/1/1697 
f 1779/1/1779 1778/1/1778 1771/1/1771 
f 1780/1/1780 1779/1/1779 1781/1/1781 1782/1/1782 
f 1779/1/1779 1780/1/1780 130/1/130 
f 1778/1/1778 1779/1/1779 129/1/129 127/1/127 
f 1783/1/1783 1767/1/1767 1770/1/1770 
f 1784/1/1784 1785/1/1785 1786/1/1786 
f 1782/1/1782 1781/1/1781 1783/1/1783 1786/1/1786 
f 1767/1/1767 1783/1/1783 1781/1/1781 1771/1/1771 
f 1787/1/1787 1788/1/1788 1789/1/1789 1790/1/1790 
f 1791/1/1791 1789/1/1789 1788/1/1788 1792/1/1792 
f 159/1/159 1670/1/1670 1789/1/1789 1791/1/1791 
f 1790/1/1790 1789/1/1789 1670/1/1670 1669/1/1669 
f 1792/1/1792 1788/1/1788 1793/1/1793 1794/1/1794 
f 1795/1/1795 1793/1/1793 1788/1/1788 1787/1/1787 
f 1757/1/1757 1753/1/1753 1793/1/1793 1795/1/1795 
f 1794/1/1794 1793/1/1793 1753/1/1753 1752/1/1752 
f 1712/1/1712 1796/1/1796 1797/1/1797 1710/1/1710 
f 1796/1/1796 1798/1/1798 1799/1/1799 
f 1057/1/1057 1800/1/1800 1797/1/1797 1799/1/1799 
f 1710/1/1710 1797/1/1797 1800/1/1800 1707/1/1707 
f 1052/1/1052 1801/1/1801 1802/1/1802 1051/1/1051 
f 1803/1/1803 1802/1/1802 1801/1/1801 1804/1/1804 
f 1805/1/1805 1806/1/1806 1802/1/1802 1803/1/1803 
f 1051/1/1051 1802/1/1802 1806/1/1806 227/1/227 
f 1690/1/1690 1688/1/1688 1807/1/1807 1808/1/1808 
f 1809/1/1809 1807/1/1807 1688/1/1688 1687/1/1687 
f 1804/1/1804 1801/1/1801 1807/1/1807 1809/1/1809 
f 1808/1/1808 1807/1/1807 1801/1/1801 1052/1/1052 
f 1810/1/1810 1799/1/1799 1798/1/1798 
f 1811/1/1811 1810/1/1810 1812/1/1812 1813/1/1813 
f 213/1/213 1058/1/1058 1810/1/1810 1811/1/1811 
f 1058/1/1058 1057/1/1057 1799/1/1799 
f 1814/1/1814 1815/1/1815 1816/1/1816 
f 1702/1/1702 1814/1/1814 1817/1/1817 1699/1/1699 
f 312/1/312 315/1/315 1814/1/1814 1702/1/1702 
f 1815/1/1815 1814/1/1814 315/1/315 214/1/214 
f 1818/1/1818 1811/1/1811 1813/1/1813 
f 1815/1/1815 1818/1/1818 1819/1/1819 1816/1/1816 
f 214/1/214 1820/1/1820 1818/1/1818 1815/1/1815 
f 1811/1/1811 1818/1/1818 1820/1/1820 213/1/213 
f 1821/1/1821 1822/1/1822 1823/1/1823 1824/1/1824 
f 222/1/222 1823/1/1823 1822/1/1822 219/1/219 
f 227/1/227 1806/1/1806 1823/1/1823 222/1/222 
f 1824/1/1824 1823/1/1823 1806/1/1806 1805/1/1805 
f 1825/1/1825 1826/1/1826 1827/1/1827 1828/1/1828 
f 1829/1/1829 1827/1/1827 1826/1/1826 1830/1/1830 
f 1107/1/1107 1106/1/1106 1827/1/1827 1829/1/1829 
f 1106/1/1106 1112/1/1112 1828/1/1828 
f 115/1/115 1831/1/1831 1832/1/1832 123/1/123 
f 1833/1/1833 1832/1/1832 1831/1/1831 1834/1/1834 
f 255/1/255 1832/1/1832 1833/1/1833 252/1/252 
f 124/1/124 123/1/123 1832/1/1832 255/1/255 
f 110/1/110 132/1/132 1835/1/1835 111/1/111 
f 1836/1/1836 1835/1/1835 132/1/132 131/1/131 
f 1834/1/1834 1831/1/1831 1835/1/1835 1836/1/1836 
f 111/1/111 1835/1/1835 1831/1/1831 115/1/115 
f 1693/1/1693 1837/1/1837 1838/1/1838 1694/1/1694 
f 1839/1/1839 1838/1/1838 1837/1/1837 1840/1/1840 
f 116/1/116 121/1/121 1838/1/1838 1839/1/1839 
f 1694/1/1694 1838/1/1838 121/1/121 120/1/120 
f 1840/1/1840 1841/1/1841 1842/1/1842 1839/1/1839 
f 1695/1/1695 1842/1/1842 1841/1/1841 1697/1/1697 
f 117/1/117 1842/1/1842 1695/1/1695 118/1/118 
f 1839/1/1839 1842/1/1842 117/1/117 116/1/116 
f 1843/1/1843 1844/1/1844 1845/1/1845 1846/1/1846 
f 322/1/322 1845/1/1845 1844/1/1844 320/1/320 
f 219/1/219 1822/1/1822 1845/1/1845 322/1/322 
f 1846/1/1846 1845/1/1845 1822/1/1822 1821/1/1821 
f 320/1/320 1844/1/1844 1847/1/1847 321/1/321 
f 1848/1/1848 1847/1/1847 1844/1/1844 1843/1/1843 
f 1681/1/1681 1680/1/1680 1847/1/1847 1848/1/1848 
f 173/1/173 321/1/321 1847/1/1847 1680/1/1680 
f 242/1/242 1849/1/1849 1850/1/1850 241/1/241 
f 1851/1/1851 1852/1/1852 1850/1/1850 1849/1/1849 
f 1853/1/1853 1854/1/1854 1850/1/1850 1852/1/1852 
f 241/1/241 1850/1/1850 1854/1/1854 243/1/243 
f 265/1/265 262/1/262 1855/1/1855 1856/1/1856 
f 263/1/263 1857/1/1857 1855/1/1855 262/1/262 
f 1853/1/1853 1852/1/1852 1855/1/1855 1857/1/1857 
f 1856/1/1856 1855/1/1855 1852/1/1852 1851/1/1851 
f 1502/1/1502 1858/1/1858 1859/1/1859 1496/1/1496 
f 1860/1/1860 1859/1/1859 1858/1/1858 1861/1/1861 
f 1860/1/1860 1729/1/1729 1732/1/1732 
f 1497/1/1497 1496/1/1496 1859/1/1859 1732/1/1732 
f 1862/1/1862 1863/1/1863 1861/1/1861 
f 1524/1/1524 1862/1/1862 1858/1/1858 1502/1/1502 
f 1512/1/1512 1726/1/1726 1862/1/1862 1524/1/1524 
f 1726/1/1726 1728/1/1728 1863/1/1863 
f 1864/1/1864 1865/1/1865 1866/1/1866 1867/1/1867 
f 1868/1/1868 1866/1/1866 1865/1/1865 1869/1/1869 
f 1870/1/1870 1871/1/1871 1866/1/1866 1868/1/1868 
f 1867/1/1867 1866/1/1866 1871/1/1871 1872/1/1872 
f 1437/1/1437 1440/1/1440 1873/1/1873 1874/1/1874 
f 1875/1/1875 1873/1/1873 1440/1/1440 1445/1/1445 
f 1869/1/1869 1865/1/1865 1873/1/1873 1875/1/1875 
f 1874/1/1874 1873/1/1873 1865/1/1865 1864/1/1864 
f 1876/1/1876 1877/1/1877 1878/1/1878 1879/1/1879 
f 1880/1/1880 1878/1/1878 1877/1/1877 1881/1/1881 
f 1882/1/1882 1883/1/1883 1878/1/1878 1880/1/1880 
f 1879/1/1879 1878/1/1878 1883/1/1883 1884/1/1884 
f 1885/1/1885 1886/1/1886 1887/1/1887 1888/1/1888 
f 1880/1/1880 1887/1/1887 1886/1/1886 1882/1/1882 
f 1881/1/1881 1889/1/1889 1887/1/1887 1880/1/1880 
f 1888/1/1888 1887/1/1887 1889/1/1889 1890/1/1890 
f 1707/1/1707 1891/1/1891 1892/1/1892 1708/1/1708 
f 1893/1/1893 1892/1/1892 1891/1/1891 1894/1/1894 
f 1194/1/1194 1200/1/1200 1892/1/1892 1893/1/1893 
f 1708/1/1708 1892/1/1892 1200/1/1200 1199/1/1199 
f 1055/1/1055 1895/1/1895 1896/1/1896 1056/1/1056 
f 1894/1/1894 1891/1/1891 1896/1/1896 1895/1/1895 
f 1707/1/1707 1800/1/1800 1896/1/1896 1891/1/1891 
f 1056/1/1056 1896/1/1896 1800/1/1800 1057/1/1057 
f 1064/1/1064 1897/1/1897 1898/1/1898 1062/1/1062 
f 1899/1/1899 1898/1/1898 1897/1/1897 1900/1/1900 
f 1901/1/1901 1902/1/1902 1898/1/1898 1899/1/1899 
f 1062/1/1062 1898/1/1898 1902/1/1902 1059/1/1059 
f 1903/1/1903 1904/1/1904 1905/1/1905 1906/1/1906 
f 1899/1/1899 1905/1/1905 1904/1/1904 1901/1/1901 
f 1900/1/1900 1907/1/1907 1905/1/1905 1899/1/1899 
f 1908/1/1908 1906/1/1906 1905/1/1905 1907/1/1907 
f 1909/1/1909 1910/1/1910 1911/1/1911 
f 1912/1/1912 1909/1/1909 1913/1/1913 1914/1/1914 
f 1915/1/1915 1916/1/1916 1909/1/1909 1912/1/1912 
f 1916/1/1916 1917/1/1917 1910/1/1910 
f 1914/1/1914 1913/1/1913 1918/1/1918 1919/1/1919 
f 1913/1/1913 1911/1/1911 1920/1/1920 
f 1742/1/1742 1918/1/1918 1920/1/1920 1717/1/1717 
f 1742/1/1742 1740/1/1740 1919/1/1919 
f 1884/1/1884 1921/1/1921 1922/1/1922 1879/1/1879 
f 1923/1/1923 1922/1/1922 1921/1/1921 1924/1/1924 
f 1121/1/1121 1925/1/1925 1922/1/1922 1923/1/1923 
f 1879/1/1879 1922/1/1922 1925/1/1925 1876/1/1876 
f 1926/1/1926 1116/1/1116 1121/1/1121 
f 1927/1/1927 1926/1/1926 1923/1/1923 1924/1/1924 
f 1926/1/1926 1927/1/1927 1686/1/1686 
f 1116/1/1116 1926/1/1926 1685/1/1685 1113/1/1113 
f 1928/1/1928 1929/1/1929 1930/1/1930 1931/1/1931 
f 1932/1/1932 1930/1/1930 1929/1/1929 1933/1/1933 
f 1830/1/1830 1826/1/1826 1930/1/1930 1932/1/1932 
f 1931/1/1931 1930/1/1930 1826/1/1826 1825/1/1825 
f 1933/1/1933 1929/1/1929 1934/1/1934 1935/1/1935 
f 1929/1/1929 1928/1/1928 1936/1/1936 
f 1903/1/1903 1906/1/1906 1934/1/1934 1936/1/1936 
f 1935/1/1935 1934/1/1934 1906/1/1906 1908/1/1908 
f 1916/1/1916 1915/1/1915 1937/1/1937 
f 1938/1/1938 1939/1/1939 1937/1/1937 1940/1/1940 
f 1941/1/1941 1942/1/1942 1939/1/1939 1938/1/1938 
f 1939/1/1939 1942/1/1942 1917/1/1917 
f 1943/1/1943 1941/1/1941 1938/1/1938 
f 1940/1/1940 1944/1/1944 1945/1/1945 1938/1/1938 
f 1730/1/1730 1945/1/1945 1944/1/1944 1734/1/1734 
f 1943/1/1943 1945/1/1945 1730/1/1730 1729/1/1729 
f 1890/1/1890 1946/1/1946 1947/1/1947 1888/1/1888 
f 1948/1/1948 1949/1/1949 1947/1/1947 1946/1/1946 
f 1950/1/1950 1947/1/1947 1949/1/1949 1951/1/1951 
f 1888/1/1888 1947/1/1947 1950/1/1950 1885/1/1885 
f 1951/1/1951 1949/1/1949 1952/1/1952 1953/1/1953 
f 1954/1/1954 1952/1/1952 1949/1/1949 1948/1/1948 
f 1872/1/1872 1871/1/1871 1952/1/1952 1954/1/1954 
f 1871/1/1871 1870/1/1870 1953/1/1953 
f 1955/1/1955 1956/1/1956 1957/1/1957 
f 1958/1/1958 1959/1/1959 1960/1/1960 
f 1728/1/1728 1727/1/1727 1955/1/1955 1960/1/1960 
f 1956/1/1956 1955/1/1955 1727/1/1727 1722/1/1722 
f 1961/1/1961 1962/1/1962 1963/1/1963 1964/1/1964 
f 1965/1/1965 1963/1/1963 1962/1/1962 1966/1/1966 
f 1451/1/1451 1447/1/1447 1963/1/1963 1965/1/1965 
f 1964/1/1964 1963/1/1963 1447/1/1447 1446/1/1446 
f 1967/1/1967 1968/1/1968 1969/1/1969 1970/1/1970 
f 1971/1/1971 1969/1/1969 1968/1/1968 1972/1/1972 
f 1973/1/1973 1974/1/1974 1969/1/1969 1971/1/1971 
f 1970/1/1970 1969/1/1969 1974/1/1974 1975/1/1975 
f 1972/1/1972 1968/1/1968 1976/1/1976 1977/1/1977 
f 1978/1/1978 1976/1/1976 1968/1/1968 1967/1/1967 
f 1654/1/1654 1652/1/1652 1976/1/1976 1978/1/1978 
f 1977/1/1977 1976/1/1976 1652/1/1652 1653/1/1653 
f 1979/1/1979 1980/1/1980 1981/1/1981 1982/1/1982 
f 1672/1/1672 1981/1/1981 1980/1/1980 1669/1/1669 
f 1674/1/1674 1983/1/1983 1981/1/1981 1672/1/1672 
f 1982/1/1982 1981/1/1981 1983/1/1983 1984/1/1984 
f 1985/1/1985 1986/1/1986 1987/1/1987 
f 1988/1/1988 1989/1/1989 1990/1/1990 
f 1985/1/1985 1990/1/1990 1677/1/1677 
f 1986/1/1986 1985/1/1985 1682/1/1682 1681/1/1681 
f 1991/1/1991 1992/1/1992 1993/1/1993 1994/1/1994 
f 1803/1/1803 1993/1/1993 1992/1/1992 1805/1/1805 
f 1804/1/1804 1995/1/1995 1993/1/1993 1803/1/1803 
f 1994/1/1994 1993/1/1993 1995/1/1995 1996/1/1996 
f 1997/1/1997 1998/1/1998 1999/1/1999 2000/1/2000 
f 1927/1/1927 1999/1/1999 1998/1/1998 1686/1/1686 
f 1924/1/1924 2001/1/2001 1999/1/1999 1927/1/1927 
f 2000/1/2000 1999/1/1999 2001/1/2001 2002/1/2002 
f 2003/1/2003 2004/1/2004 2005/1/2005 2006/1/2006 
f 2007/1/2007 2005/1/2005 2004/1/2004 2008/1/2008 
f 1693/1/1693 1700/1/1700 2005/1/2005 2007/1/2007 
f 2006/1/2006 2005/1/2005 1700/1/1700 1699/1/1699 
f 2009/1/2009 2010/1/2010 2011/1/2011 2012/1/2012 
f 2013/1/2013 2011/1/2011 2010/1/2010 2014/1/2014 
f 1705/1/1705 1713/1/1713 2011/1/2011 2013/1/2013 
f 2012/1/2012 2011/1/2011 1713/1/1713 1226/1/1226 
f 2015/1/2015 2016/1/2016 2017/1/2017 2018/1/2018 
f 2019/1/2019 2017/1/2017 2016/1/2016 2020/1/2020 
f 1813/1/1813 1812/1/1812 2017/1/2017 2019/1/2019 
f 2018/1/2018 2017/1/2017 1812/1/1812 1798/1/1798 
f 2021/1/2021 2022/1/2022 2023/1/2023 2024/1/2024 
f 1721/1/1721 2022/1/2022 2021/1/2021 1722/1/1722 
f 1724/1/1724 2025/1/2025 2022/1/2022 1721/1/1721 
f 2023/1/2023 2022/1/2022 2025/1/2025 2026/1/2026 
f 2027/1/2027 2028/1/2028 2029/1/2029 
f 1737/1/1737 2027/1/2027 2030/1/2030 1740/1/1740 
f 1186/1/1186 2031/1/2031 2027/1/2027 1737/1/1737 
f 2028/1/2028 2027/1/2027 2031/1/2031 2002/1/2002 
f 2032/1/2032 2033/1/2033 2034/1/2034 2035/1/2035 
f 2033/1/2033 1885/1/1885 1950/1/1950 
f 1951/1/1951 2036/1/2036 2034/1/2034 1950/1/1950 
f 2035/1/2035 2034/1/2034 2036/1/2036 2037/1/2037 
f 2038/1/2038 2039/1/2039 2040/1/2040 2041/1/2041 
f 1756/1/1756 2040/1/2040 2039/1/2039 1758/1/1758 
f 1757/1/1757 2042/1/2042 2040/1/2040 1756/1/1756 
f 2041/1/2041 2040/1/2040 2042/1/2042 2043/1/2043 
f 130/1/130 2044/1/2044 2045/1/2045 128/1/128 
f 2046/1/2046 2045/1/2045 2044/1/2044 2047/1/2047 
f 1979/1/1979 2048/1/2048 2045/1/2045 2046/1/2046 
f 128/1/128 2045/1/2045 2048/1/2048 131/1/131 
f 1982/1/1982 2049/1/2049 2048/1/2048 1979/1/1979 
f 1984/1/1984 2050/1/2050 2049/1/2049 1982/1/1982 
f 1834/1/1834 1836/1/1836 2049/1/2049 2050/1/2050 
f 131/1/131 2048/1/2048 2049/1/2049 1836/1/1836 
f 1669/1/1669 1980/1/1980 2051/1/2051 1790/1/1790 
f 2046/1/2046 2051/1/2051 1980/1/1980 1979/1/1979 
f 2047/1/2047 2052/1/2052 2051/1/2051 2046/1/2046 
f 1790/1/1790 2051/1/2051 2052/1/2052 1787/1/1787 
f 1834/1/1834 2050/1/2050 2053/1/2053 1833/1/1833 
f 2054/1/2054 2053/1/2053 2050/1/2050 1984/1/1984 
f 2055/1/2055 2053/1/2053 2054/1/2054 1989/1/1989 
f 252/1/252 1833/1/1833 2053/1/2053 2055/1/2055 
f 1989/1/1989 1988/1/1988 2056/1/2056 2055/1/2055 
f 2057/1/2057 2056/1/2056 1988/1/1988 1987/1/1987 
f 257/1/257 253/1/253 2056/1/2056 2057/1/2057 
f 2055/1/2055 2056/1/2056 253/1/253 252/1/252 
f 1678/1/1678 1677/1/1677 1990/1/1990 
f 1989/1/1989 2054/1/2054 2058/1/2058 1990/1/1990 
f 2058/1/2058 2054/1/2054 1984/1/1984 
f 1678/1/1678 2058/1/2058 1983/1/1983 1674/1/1674 
f 257/1/257 2057/1/2057 2059/1/2059 310/1/310 
f 1987/1/1987 2060/1/2060 2059/1/2059 2057/1/2057 
f 2061/1/2061 2062/1/2062 2059/1/2059 2060/1/2060 
f 310/1/310 2059/1/2059 2062/1/2062 307/1/307 
f 1986/1/1986 2063/1/2063 2060/1/2060 1987/1/1987 
f 1681/1/1681 1848/1/1848 2063/1/2063 1986/1/1986 
f 2063/1/2063 1848/1/1848 1843/1/1843 
f 2060/1/2060 2063/1/2063 2064/1/2064 2061/1/2061 
f 217/1/217 2065/1/2065 2066/1/2066 216/1/216 
f 2067/1/2067 2066/1/2066 2065/1/2065 2068/1/2068 
f 1991/1/1991 2069/1/2069 2066/1/2066 2067/1/2067 
f 216/1/216 2066/1/2066 2069/1/2069 218/1/218 
f 218/1/218 2069/1/2069 2070/1/2070 1054/1/1054 
f 1994/1/1994 2070/1/2070 2069/1/2069 1991/1/1991 
f 1996/1/1996 2071/1/2071 2070/1/2070 1994/1/1994 
f 1054/1/1054 2070/1/2070 2071/1/2071 1055/1/1055 
f 1805/1/1805 1992/1/1992 2072/1/2072 1824/1/1824 
f 2067/1/2067 2072/1/2072 1992/1/1992 1991/1/1991 
f 2068/1/2068 2073/1/2073 2072/1/2072 2067/1/2067 
f 1824/1/1824 2072/1/2072 2073/1/2073 1821/1/1821 
f 1894/1/1894 2074/1/2074 2075/1/2075 1893/1/1893 
f 2076/1/2076 2075/1/2075 2074/1/2074 2077/1/2077 
f 1997/1/1997 2078/1/2078 2075/1/2075 2076/1/2076 
f 1893/1/1893 2075/1/2075 2078/1/2078 1194/1/1194 
f 1194/1/1194 2078/1/2078 2079/1/2079 1189/1/1189 
f 2000/1/2000 2079/1/2079 2078/1/2078 1997/1/1997 
f 2002/1/2002 2031/1/2031 2079/1/2079 2000/1/2000 
f 1189/1/1189 2079/1/2079 2031/1/2031 1186/1/1186 
f 1686/1/1686 1998/1/1998 2080/1/2080 1683/1/1683 
f 2076/1/2076 2080/1/2080 1998/1/1998 1997/1/1997 
f 2077/1/2077 2081/1/2081 2080/1/2080 2076/1/2076 
f 1683/1/1683 2080/1/2080 2081/1/2081 1687/1/1687 
f 2082/1/2082 2083/1/2083 2084/1/2084 2085/1/2085 
f 2086/1/2086 2084/1/2084 2083/1/2083 2087/1/2087 
f 144/1/144 140/1/140 2084/1/2084 2086/1/2086 
f 2085/1/2085 2084/1/2084 140/1/140 139/1/139 
f 2087/1/2087 2088/1/2088 2089/1/2089 2086/1/2086 
f 2090/1/2090 2089/1/2089 2088/1/2088 2091/1/2091 
f 151/1/151 148/1/148 2089/1/2089 2090/1/2090 
f 2086/1/2086 2089/1/2089 148/1/148 144/1/144 
f 2087/1/2087 2092/1/2092 2093/1/2093 2088/1/2088 
f 1841/1/1841 2093/1/2093 2092/1/2092 1697/1/1697 
f 2094/1/2094 2093/1/2093 1841/1/1841 1840/1/1840 
f 2091/1/2091 2088/1/2088 2093/1/2093 2094/1/2094 
f 1773/1/1773 1777/1/1777 2095/1/2095 2096/1/2096 
f 2092/1/2092 2095/1/2095 1777/1/1777 1697/1/1697 
f 2087/1/2087 2083/1/2083 2095/1/2095 2092/1/2092 
f 2096/1/2096 2095/1/2095 2083/1/2083 2082/1/2082 
f 2091/1/2091 2097/1/2097 2098/1/2098 2090/1/2090 
f 2099/1/2099 2098/1/2098 2097/1/2097 2008/1/2008 
f 263/1/263 260/1/260 2098/1/2098 2099/1/2099 
f 2090/1/2090 2098/1/2098 260/1/260 151/1/151 
f 2008/1/2008 2004/1/2004 2100/1/2100 2099/1/2099 
f 2101/1/2101 2100/1/2100 2004/1/2004 2003/1/2003 
f 1853/1/1853 1857/1/1857 2100/1/2100 2101/1/2101 
f 2099/1/2099 2100/1/2100 1857/1/1857 263/1/263 
f 1840/1/1840 1837/1/1837 2102/1/2102 2094/1/2094 
f 2007/1/2007 2102/1/2102 1837/1/1837 1693/1/1693 
f 2008/1/2008 2097/1/2097 2102/1/2102 2007/1/2007 
f 2094/1/2094 2102/1/2102 2097/1/2097 2091/1/2091 
f 2103/1/2103 2104/1/2104 2105/1/2105 2106/1/2106 
f 2107/1/2107 2105/1/2105 2104/1/2104 2014/1/2014 
f 1908/1/1908 1907/1/1907 2105/1/2105 2107/1/2107 
f 2106/1/2106 2105/1/2105 1907/1/1907 1900/1/1900 
f 2108/1/2108 1935/1/1935 1908/1/1908 
f 2014/1/2014 2010/1/2010 2108/1/2108 2107/1/2107 
f 2010/1/2010 2009/1/2009 2109/1/2109 
f 1935/1/1935 2108/1/2108 2109/1/2109 1933/1/1933 
f 1712/1/1712 1711/1/1711 2110/1/2110 2111/1/2111 
f 2013/1/2013 2110/1/2110 1711/1/1711 1705/1/1705 
f 2014/1/2014 2104/1/2104 2110/1/2110 2013/1/2013 
f 2104/1/2104 2103/1/2103 2111/1/2111 
f 2112/1/2112 2113/1/2113 2114/1/2114 2115/1/2115 
f 2116/1/2116 2114/1/2114 2113/1/2113 2020/1/2020 
f 245/1/245 244/1/244 2114/1/2114 2116/1/2116 
f 2115/1/2115 2114/1/2114 244/1/244 243/1/243 
f 2020/1/2020 2016/1/2016 2117/1/2117 2116/1/2116 
f 2118/1/2118 2117/1/2117 2016/1/2016 2015/1/2015 
f 1064/1/1064 1063/1/1063 2117/1/2117 2118/1/2118 
f 2116/1/2116 2117/1/2117 1063/1/1063 245/1/245 
f 1816/1/1816 1819/1/1819 2119/1/2119 2120/1/2120 
f 2019/1/2019 2119/1/2119 1819/1/1819 1813/1/1813 
f 2020/1/2020 2113/1/2113 2119/1/2119 2019/1/2019 
f 2120/1/2120 2119/1/2119 2113/1/2113 2112/1/2112 
f 2121/1/2121 2122/1/2122 2123/1/2123 2124/1/2124 
f 2122/1/2122 2125/1/2125 2126/1/2126 
f 2123/1/2123 2126/1/2126 1107/1/1107 
f 2124/1/2124 2123/1/2123 1829/1/1829 1830/1/1830 
f 2126/1/2126 2127/1/2127 1104/1/1104 1107/1/1107 
f 2127/1/2127 2126/1/2126 2125/1/2125 
f 2128/1/2128 2129/1/2129 2127/1/2127 2130/1/2130 
f 1104/1/1104 2127/1/2127 2129/1/2129 1108/1/1108 
f 2131/1/2131 2132/1/2132 2130/1/2130 2125/1/2125 
f 1717/1/1717 1920/1/1920 2132/1/2132 2131/1/2131 
f 1911/1/1911 2133/1/2133 2132/1/2132 1920/1/1920 
f 2130/1/2130 2132/1/2132 2133/1/2133 2128/1/2128 
f 1223/1/1223 1718/1/1718 2134/1/2134 2135/1/2135 
f 2131/1/2131 2134/1/2134 1718/1/1718 1717/1/1717 
f 2125/1/2125 2122/1/2122 2134/1/2134 2131/1/2131 
f 2122/1/2122 2121/1/2121 2135/1/2135 
f 2136/1/2136 2137/1/2137 2138/1/2138 2139/1/2139 
f 2137/1/2137 2140/1/2140 2141/1/2141 
f 2138/1/2138 2141/1/2141 1339/1/1339 
f 2139/1/2139 2138/1/2138 1348/1/1348 1347/1/1347 
f 1339/1/1339 2141/1/2141 2142/1/2142 1338/1/1338 
f 2141/1/2141 2140/1/2140 2143/1/2143 
f 2144/1/2144 2145/1/2145 2142/1/2142 2143/1/2143 
f 1338/1/1338 2142/1/2142 2145/1/2145 1340/1/1340 
f 2140/1/2140 2146/1/2146 2147/1/2147 2143/1/2143 
f 1860/1/1860 2147/1/2147 2146/1/2146 1729/1/1729 
f 1861/1/1861 2148/1/2148 2147/1/2147 1860/1/1860 
f 2143/1/2143 2147/1/2147 2148/1/2148 2144/1/2144 
f 1941/1/1941 1943/1/1943 2149/1/2149 2150/1/2150 
f 2146/1/2146 2149/1/2149 1943/1/1943 1729/1/1729 
f 2140/1/2140 2137/1/2137 2149/1/2149 2146/1/2146 
f 2150/1/2150 2149/1/2149 2137/1/2137 2136/1/2136 
f 1340/1/1340 2145/1/2145 2151/1/2151 1449/1/1449 
f 2152/1/2152 2151/1/2151 2145/1/2145 2144/1/2144 
f 2153/1/2153 2154/1/2154 2151/1/2151 2152/1/2152 
f 2154/1/2154 1446/1/1446 1449/1/1449 
f 1446/1/1446 2154/1/2154 2155/1/2155 1964/1/1964 
f 2156/1/2156 2155/1/2155 2154/1/2154 2153/1/2153 
f 2157/1/2157 2158/1/2158 2155/1/2155 2156/1/2156 
f 1964/1/1964 2155/1/2155 2158/1/2158 1961/1/1961 
f 2153/1/2153 2159/1/2159 2160/1/2160 2156/1/2156 
f 1960/1/1960 2160/1/2160 2159/1/2159 1728/1/1728 
f 2160/1/2160 1960/1/1960 1959/1/1959 
f 2156/1/2156 2160/1/2160 2161/1/2161 2157/1/2157 
f 1728/1/1728 2159/1/2159 2162/1/2162 1863/1/1863 
f 2152/1/2152 2162/1/2162 2159/1/2159 2153/1/2153 
f 2144/1/2144 2148/1/2148 2162/1/2162 2152/1/2152 
f 1863/1/1863 2162/1/2162 2148/1/2148 1861/1/1861 
f 1663/1/1663 2163/1/2163 2164/1/2164 1664/1/1664 
f 2165/1/2165 2164/1/2164 2163/1/2163 2166/1/2166 
f 2167/1/2167 2168/1/2168 2164/1/2164 2165/1/2165 
f 1664/1/1664 2164/1/2164 2168/1/2168 1661/1/1661 
f 2167/1/2167 2169/1/2169 2170/1/2170 2168/1/2168 
f 2171/1/2171 2170/1/2170 2169/1/2169 2172/1/2172 
f 1648/1/1648 1662/1/1662 2170/1/2170 2171/1/2171 
f 2168/1/2168 2170/1/2170 1662/1/1662 1661/1/1661 
f 2172/1/2172 2173/1/2173 2174/1/2174 2171/1/2171 
f 2175/1/2175 2174/1/2174 2173/1/2173 2176/1/2176 
f 1653/1/1653 1649/1/1649 2174/1/2174 2175/1/2175 
f 2171/1/2171 2174/1/2174 1649/1/1649 1648/1/1648 
f 1653/1/1653 2175/1/2175 2177/1/2177 1977/1/1977 
f 2178/1/2178 2177/1/2177 2175/1/2175 2176/1/2176 
f 2179/1/2179 2180/1/2180 2177/1/2177 2178/1/2178 
f 1977/1/1977 2177/1/2177 2180/1/2180 1972/1/1972 
f 1972/1/1972 2180/1/2180 2181/1/2181 1971/1/1971 
f 2182/1/2182 2181/1/2181 2180/1/2180 2179/1/2179 
f 2183/1/2183 2184/1/2184 2181/1/2181 2182/1/2182 
f 2184/1/2184 1973/1/1973 1971/1/1971 
f 2185/1/2185 2186/1/2186 2187/1/2187 2188/1/2188 
f 2189/1/2189 2187/1/2187 2186/1/2186 2024/1/2024 
f 1445/1/1445 1444/1/1444 2187/1/2187 2189/1/2189 
f 2188/1/2188 2187/1/2187 1444/1/1444 1443/1/1443 
f 1445/1/1445 2189/1/2189 2190/1/2190 1875/1/1875 
f 2023/1/2023 2190/1/2190 2189/1/2189 2024/1/2024 
f 2026/1/2026 2191/1/2191 2190/1/2190 2023/1/2023 
f 2191/1/2191 1869/1/1869 1875/1/1875 
f 1957/1/1957 1956/1/1956 2192/1/2192 2193/1/2193 
f 2021/1/2021 2192/1/2192 1956/1/1956 1722/1/1722 
f 2024/1/2024 2186/1/2186 2192/1/2192 2021/1/2021 
f 2193/1/2193 2192/1/2192 2186/1/2186 2185/1/2185 
f 1869/1/1869 2191/1/2191 2194/1/2194 1868/1/1868 
f 2195/1/2195 2194/1/2194 2191/1/2191 2026/1/2026 
f 2196/1/2196 2197/1/2197 2194/1/2194 2195/1/2195 
f 1868/1/1868 2194/1/2194 2197/1/2197 1870/1/1870 
f 1870/1/1870 2197/1/2197 2198/1/2198 1953/1/1953 
f 2199/1/2199 2198/1/2198 2197/1/2197 2196/1/2196 
f 2037/1/2037 2036/1/2036 2198/1/2198 2199/1/2199 
f 2036/1/2036 1951/1/1951 1953/1/1953 
f 2199/1/2199 2200/1/2200 2201/1/2201 2037/1/2037 
f 2196/1/2196 2202/1/2202 2200/1/2200 2199/1/2199 
f 1734/1/1734 1944/1/1944 2200/1/2200 2202/1/2202 
f 1940/1/1940 2201/1/2201 2200/1/2200 1944/1/1944 
f 1724/1/1724 1736/1/1736 2203/1/2203 2025/1/2025 
f 2202/1/2202 2203/1/2203 1736/1/1736 1734/1/1734 
f 2196/1/2196 2195/1/2195 2203/1/2203 2202/1/2202 
f 2026/1/2026 2025/1/2025 2203/1/2203 2195/1/2195 
f 2204/1/2204 2205/1/2205 2206/1/2206 2207/1/2207 
f 2208/1/2208 2206/1/2206 2205/1/2205 2029/1/2029 
f 1884/1/1884 1883/1/1883 2206/1/2206 2208/1/2208 
f 1883/1/1883 1882/1/1882 2207/1/2207 
f 1921/1/1921 1884/1/1884 2208/1/2208 
f 2028/1/2028 2209/1/2209 2208/1/2208 2029/1/2029 
f 2002/1/2002 2001/1/2001 2209/1/2209 2028/1/2028 
f 2001/1/2001 1924/1/1924 1921/1/1921 
f 1914/1/1914 1919/1/1919 2210/1/2210 2211/1/2211 
f 2030/1/2030 2210/1/2210 1919/1/1919 1740/1/1740 
f 2029/1/2029 2205/1/2205 2210/1/2210 2030/1/2030 
f 2205/1/2205 2204/1/2204 2211/1/2211 
f 1914/1/1914 2211/1/2211 2212/1/2212 1912/1/1912 
f 2213/1/2213 2212/1/2212 2211/1/2211 2204/1/2204 
f 2032/1/2032 2214/1/2214 2212/1/2212 2213/1/2213 
f 1912/1/1912 2212/1/2212 2214/1/2214 1915/1/1915 
f 1915/1/1915 2214/1/2214 2215/1/2215 1937/1/1937 
f 2035/1/2035 2215/1/2215 2214/1/2214 2032/1/2032 
f 2215/1/2215 2035/1/2035 2037/1/2037 
f 1940/1/1940 1937/1/1937 2215/1/2215 2201/1/2201 
f 1885/1/1885 2033/1/2033 2216/1/2216 1886/1/1886 
f 2213/1/2213 2216/1/2216 2033/1/2033 2032/1/2032 
f 2204/1/2204 2207/1/2207 2216/1/2216 2213/1/2213 
f 2216/1/2216 2207/1/2207 1882/1/1882 
f 2217/1/2217 1942/1/1942 1941/1/1941 
f 2136/1/2136 2218/1/2218 2217/1/2217 2150/1/2150 
f 2219/1/2219 2220/1/2220 2217/1/2217 2218/1/2218 
f 1942/1/1942 2217/1/2217 2220/1/2220 1917/1/1917 
f 2221/1/2221 1910/1/1910 1917/1/1917 
f 2220/1/2220 2219/1/2219 2222/1/2222 
f 2128/1/2128 2133/1/2133 2221/1/2221 2222/1/2222 
f 1910/1/1910 2221/1/2221 2133/1/2133 1911/1/1911 
f 2219/1/2219 2223/1/2223 2224/1/2224 2222/1/2222 
f 1745/1/1745 2224/1/2224 2223/1/2223 1746/1/1746 
f 1108/1/1108 2129/1/2129 2224/1/2224 1745/1/1745 
f 2129/1/2129 2128/1/2128 2222/1/2222 
f 1746/1/1746 2223/1/2223 2225/1/2225 1751/1/1751 
f 2218/1/2218 2225/1/2225 2223/1/2223 2219/1/2219 
f 2136/1/2136 2139/1/2139 2225/1/2225 2218/1/2218 
f 1751/1/1751 2225/1/2225 2139/1/2139 1347/1/1347 
f 2226/1/2226 1786/1/1786 1785/1/1785 
f 2041/1/2041 2226/1/2226 2227/1/2227 2038/1/2038 
f 2226/1/2226 2041/1/2041 2043/1/2043 
f 1786/1/1786 2226/1/2226 2228/1/2228 1782/1/1782 
f 2082/1/2082 2229/1/2229 2230/1/2230 2096/1/2096 
f 2231/1/2231 2230/1/2230 2229/1/2229 2232/1/2232 
f 1775/1/1775 1774/1/1774 2230/1/2230 2231/1/2231 
f 2096/1/2096 2230/1/2230 1774/1/1774 1773/1/1773 
f 2233/1/2233 2234/1/2234 1765/1/1765 1766/1/1766 
f 2232/1/2232 2229/1/2229 2234/1/2234 2233/1/2233 
f 2085/1/2085 2234/1/2234 2229/1/2229 2082/1/2082 
f 139/1/139 1765/1/1765 2234/1/2234 2085/1/2085 
f 1787/1/1787 2052/1/2052 2235/1/2235 1795/1/1795 
f 2236/1/2236 2235/1/2235 2052/1/2052 2047/1/2047 
f 2043/1/2043 2042/1/2042 2235/1/2235 2236/1/2236 
f 1795/1/1795 2235/1/2235 2042/1/2042 1757/1/1757 
f 1782/1/1782 2228/1/2228 2237/1/2237 1780/1/1780 
f 2236/1/2236 2237/1/2237 2228/1/2228 2043/1/2043 
f 2047/1/2047 2044/1/2044 2237/1/2237 2236/1/2236 
f 1780/1/1780 2237/1/2237 2044/1/2044 130/1/130 
f 1055/1/1055 2071/1/2071 2238/1/2238 1895/1/1895 
f 2239/1/2239 2238/1/2238 2071/1/2071 1996/1/1996 
f 2077/1/2077 2074/1/2074 2238/1/2238 2239/1/2239 
f 1895/1/1895 2238/1/2238 2074/1/2074 1894/1/1894 
f 1996/1/1996 1995/1/1995 2240/1/2240 2239/1/2239 
f 1809/1/1809 2240/1/2240 1995/1/1995 1804/1/1804 
f 1687/1/1687 2081/1/2081 2240/1/2240 1809/1/1809 
f 2239/1/2239 2240/1/2240 2081/1/2081 2077/1/2077 
f 2015/1/2015 2241/1/2241 2242/1/2242 2118/1/2118 
f 2106/1/2106 2242/1/2242 2241/1/2241 2103/1/2103 
f 1900/1/1900 1897/1/1897 2242/1/2242 2106/1/2106 
f 2118/1/2118 2242/1/2242 1897/1/1897 1064/1/1064 
f 2103/1/2103 2241/1/2241 2243/1/2243 2111/1/2111 
f 2018/1/2018 2243/1/2243 2241/1/2241 2015/1/2015 
f 1798/1/1798 1796/1/1796 2243/1/2243 2018/1/2018 
f 1796/1/1796 1712/1/1712 2111/1/2111 
f 2003/1/2003 2244/1/2244 2245/1/2245 2101/1/2101 
f 2115/1/2115 2245/1/2245 2244/1/2244 2112/1/2112 
f 243/1/243 1854/1/1854 2245/1/2245 2115/1/2115 
f 2101/1/2101 2245/1/2245 1854/1/1854 1853/1/1853 
f 2246/1/2246 2006/1/2006 1699/1/1699 
f 2120/1/2120 2246/1/2246 1817/1/1817 1816/1/1816 
f 2112/1/2112 2244/1/2244 2246/1/2246 2120/1/2120 
f 2006/1/2006 2246/1/2246 2244/1/2244 2003/1/2003 
f 2247/1/2247 314/1/314 307/1/307 
f 2248/1/2248 2247/1/2247 2062/1/2062 2061/1/2061 
f 2247/1/2247 2248/1/2248 2068/1/2068 
f 2065/1/2065 217/1/217 314/1/314 
f 1821/1/1821 2073/1/2073 2249/1/2249 1846/1/1846 
f 2248/1/2248 2249/1/2249 2073/1/2073 2068/1/2068 
f 2061/1/2061 2064/1/2064 2249/1/2249 2248/1/2248 
f 2064/1/2064 1843/1/1843 1846/1/1846 
f 2135/1/2135 2250/1/2250 1224/1/1224 1223/1/1223 
f 2250/1/2250 2135/1/2135 2121/1/2121 
f 2012/1/2012 2250/1/2250 2251/1/2251 2009/1/2009 
f 1226/1/1226 1224/1/1224 2250/1/2250 2012/1/2012 
f 2124/1/2124 2252/1/2252 2251/1/2251 2121/1/2121 
f 1830/1/1830 1932/1/1932 2252/1/2252 2124/1/2124 
f 1933/1/1933 2109/1/2109 2252/1/2252 1932/1/1932 
f 2251/1/2251 2252/1/2252 2109/1/2109 2009/1/2009 
f 1599/1/1599 2253/1/2253 2254/1/2254 1600/1/1600 
f 2253/1/2253 2255/1/2255 2256/1/2256 
f 2254/1/2254 2256/1/2256 832/1/832 
f 1600/1/1600 2254/1/2254 831/1/831 830/1/830 
f 1000/1/1000 2257/1/2257 2258/1/2258 1001/1/1001 
f 2259/1/2259 2258/1/2258 2257/1/2257 2260/1/2260 
f 812/1/812 988/1/988 2258/1/2258 2259/1/2259 
f 989/1/989 1001/1/1001 2258/1/2258 988/1/988 
f 2261/1/2261 2262/1/2262 2263/1/2263 2264/1/2264 
f 2257/1/2257 2263/1/2263 2262/1/2262 2260/1/2260 
f 1000/1/1000 1021/1/1021 2263/1/2263 2257/1/2257 
f 2264/1/2264 2263/1/2263 1021/1/1021 1023/1/1023 
f 2260/1/2260 2265/1/2265 2266/1/2266 2259/1/2259 
f 2267/1/2267 2268/1/2268 2266/1/2266 2265/1/2265 
f 814/1/814 813/1/813 2266/1/2266 2268/1/2268 
f 2259/1/2259 2266/1/2266 813/1/813 812/1/812 
f 2260/1/2260 2262/1/2262 2269/1/2269 2265/1/2265 
f 2270/1/2270 2269/1/2269 2262/1/2262 2261/1/2261 
f 2271/1/2271 2272/1/2272 2269/1/2269 2270/1/2270 
f 2265/1/2265 2269/1/2269 2272/1/2272 2267/1/2267 
f 2272/1/2272 2271/1/2271 2273/1/2273 
f 2273/1/2273 820/1/820 818/1/818 
f 2268/1/2268 2274/1/2274 818/1/818 814/1/814 
f 2274/1/2274 2268/1/2268 2267/1/2267 
f 1606/1/1606 820/1/820 2273/1/2273 
f 2271/1/2271 2275/1/2275 2276/1/2276 2273/1/2273 
f 2255/1/2255 2253/1/2253 2276/1/2276 2275/1/2275 
f 2253/1/2253 1599/1/1599 1606/1/1606 
f 2275/1/2275 2277/1/2277 2256/1/2256 2255/1/2255 
f 2270/1/2270 2277/1/2277 2275/1/2275 2271/1/2271 
f 2261/1/2261 2278/1/2278 2277/1/2277 2270/1/2270 
f 2256/1/2256 2277/1/2277 2278/1/2278 832/1/832 
f 832/1/832 2278/1/2278 2279/1/2279 827/1/827 
f 2264/1/2264 2279/1/2279 2278/1/2278 2261/1/2261 
f 1023/1/1023 1032/1/1032 2279/1/2279 2264/1/2264 
f 827/1/827 2279/1/2279 1032/1/1032 824/1/824 
f 1483/1/1483 1487/1/1487 2280/1/2280 1482/1/1482 
f 2281/1/2281 2280/1/2280 1487/1/1487 1486/1/1486 
f 2282/1/2282 2283/1/2283 2280/1/2280 2281/1/2281 
f 1482/1/1482 2280/1/2280 2283/1/2283 1484/1/1484 
f 2284/1/2284 2285/1/2285 1552/1/1552 1541/1/1541 
f 2281/1/2281 2285/1/2285 2284/1/2284 2282/1/2282 
f 2285/1/2285 2281/1/2281 1486/1/1486 
f 1562/1/1562 1553/1/1553 1552/1/1552 
f 1540/1/1540 1539/1/1539 2286/1/2286 
f 2286/1/2286 2287/1/2287 2288/1/2288 
f 2282/1/2282 2284/1/2284 2289/1/2289 2288/1/2288 
f 1541/1/1541 1540/1/1540 2289/1/2289 2284/1/2284 
f 1484/1/1484 2290/1/2290 2291/1/2291 1485/1/1485 
f 2292/1/2292 2291/1/2291 2290/1/2290 2293/1/2293 
f 1428/1/1428 1424/1/1424 2291/1/2291 2292/1/2292 
f 1423/1/1423 1485/1/1485 2291/1/2291 1424/1/1424 
f 1484/1/1484 2283/1/2283 2294/1/2294 2290/1/2290 
f 2282/1/2282 2295/1/2295 2294/1/2294 2283/1/2283 
f 2296/1/2296 2297/1/2297 2294/1/2294 2295/1/2295 
f 2290/1/2290 2294/1/2294 2297/1/2297 2293/1/2293 
f 2296/1/2296 2295/1/2295 2298/1/2298 2299/1/2299 
f 2288/1/2288 2298/1/2298 2295/1/2295 2282/1/2282 
f 2287/1/2287 2299/1/2299 2298/1/2298 2288/1/2288 
f 2300/1/2300 2301/1/2301 2302/1/2302 2303/1/2303 
f 1441/1/1441 2302/1/2302 2301/1/2301 1443/1/1443 
f 1442/1/1442 2304/1/2304 2302/1/2302 1441/1/1441 
f 2303/1/2303 2302/1/2302 2304/1/2304 2305/1/2305 
f 2306/1/2306 2307/1/2307 2308/1/2308 2309/1/2309 
f 2310/1/2310 2308/1/2308 2307/1/2307 2311/1/2311 
f 1975/1/1975 1974/1/1974 2308/1/2308 2310/1/2310 
f 2309/1/2309 2308/1/2308 1974/1/1974 1973/1/1973 
f 2305/1/2305 2312/1/2312 2313/1/2313 2303/1/2303 
f 2314/1/2314 2313/1/2313 2312/1/2312 2315/1/2315 
f 2316/1/2316 2317/1/2317 2313/1/2313 2314/1/2314 
f 2303/1/2303 2313/1/2313 2317/1/2317 2300/1/2300 
f 2318/1/2318 2319/1/2319 2307/1/2307 2306/1/2306 
f 2316/1/2316 2314/1/2314 2319/1/2319 2318/1/2318 
f 2315/1/2315 2320/1/2320 2319/1/2319 2314/1/2314 
f 2311/1/2311 2307/1/2307 2319/1/2319 2320/1/2320 
f 1443/1/1443 2301/1/2301 2321/1/2321 2188/1/2188 
f 2322/1/2322 2321/1/2321 2301/1/2301 2300/1/2300 
f 2323/1/2323 2324/1/2324 2321/1/2321 2322/1/2322 
f 2188/1/2188 2321/1/2321 2324/1/2324 2185/1/2185 
f 2325/1/2325 2326/1/2326 2327/1/2327 2328/1/2328 
f 2309/1/2309 2327/1/2327 2326/1/2326 2306/1/2306 
f 1973/1/1973 2184/1/2184 2327/1/2327 2309/1/2309 
f 2328/1/2328 2327/1/2327 2184/1/2184 2183/1/2183 
f 2329/1/2329 2330/1/2330 2331/1/2331 2332/1/2332 
f 2318/1/2318 2331/1/2331 2330/1/2330 2316/1/2316 
f 2306/1/2306 2326/1/2326 2331/1/2331 2318/1/2318 
f 2332/1/2332 2331/1/2331 2326/1/2326 2325/1/2325 
f 2316/1/2316 2330/1/2330 2333/1/2333 2317/1/2317 
f 2334/1/2334 2333/1/2333 2330/1/2330 2329/1/2329 
f 2322/1/2322 2333/1/2333 2334/1/2334 2323/1/2323 
f 2300/1/2300 2317/1/2317 2333/1/2333 2322/1/2322 
f 2335/1/2335 2336/1/2336 2337/1/2337 2338/1/2338 
f 2193/1/2193 2336/1/2336 2335/1/2335 1957/1/1957 
f 2185/1/2185 2324/1/2324 2336/1/2336 2193/1/2193 
f 2337/1/2337 2336/1/2336 2324/1/2324 2323/1/2323 
f 2329/1/2329 2339/1/2339 2340/1/2340 2334/1/2334 
f 2341/1/2341 2340/1/2340 2339/1/2339 2342/1/2342 
f 2338/1/2338 2337/1/2337 2340/1/2340 2341/1/2341 
f 2334/1/2334 2340/1/2340 2337/1/2337 2323/1/2323 
f 2338/1/2338 2343/1/2343 2344/1/2344 2335/1/2335 
f 2345/1/2345 2344/1/2344 2343/1/2343 2346/1/2346 
f 1959/1/1959 1958/1/1958 2344/1/2344 2345/1/2345 
f 2335/1/2335 2344/1/2344 1958/1/1958 1957/1/1957 
f 2342/1/2342 2347/1/2347 2348/1/2348 2341/1/2341 
f 2349/1/2349 2348/1/2348 2347/1/2347 2350/1/2350 
f 2346/1/2346 2343/1/2343 2348/1/2348 2349/1/2349 
f 2343/1/2343 2338/1/2338 2341/1/2341 
f 2351/1/2351 2345/1/2345 2346/1/2346 
f 2352/1/2352 2351/1/2351 2353/1/2353 2354/1/2354 
f 2157/1/2157 2161/1/2161 2351/1/2351 2352/1/2352 
f 2345/1/2345 2351/1/2351 2161/1/2161 1959/1/1959 
f 2355/1/2355 2356/1/2356 2357/1/2357 2358/1/2358 
f 2354/1/2354 2353/1/2353 2357/1/2357 2356/1/2356 
f 2349/1/2349 2357/1/2357 2353/1/2353 2346/1/2346 
f 2349/1/2349 2350/1/2350 2358/1/2358 
f 2359/1/2359 2360/1/2360 2361/1/2361 2362/1/2362 
f 2363/1/2363 2364/1/2364 2360/1/2360 2359/1/2359 
f 2166/1/2166 2163/1/2163 2360/1/2360 2364/1/2364 
f 2361/1/2361 2360/1/2360 2163/1/2163 1663/1/1663 
f 2354/1/2354 2365/1/2365 2366/1/2366 2352/1/2352 
f 2367/1/2367 2366/1/2366 2365/1/2365 2368/1/2368 
f 1961/1/1961 2158/1/2158 2366/1/2366 2367/1/2367 
f 2352/1/2352 2366/1/2366 2158/1/2158 2157/1/2157 
f 2356/1/2356 2369/1/2369 2365/1/2365 2354/1/2354 
f 2370/1/2370 2369/1/2369 2356/1/2356 2355/1/2355 
f 2371/1/2371 2372/1/2372 2369/1/2369 2370/1/2370 
f 2368/1/2368 2365/1/2365 2369/1/2369 2372/1/2372 
f 2362/1/2362 2373/1/2373 2374/1/2374 2359/1/2359 
f 2370/1/2370 2374/1/2374 2373/1/2373 2371/1/2371 
f 2355/1/2355 2375/1/2375 2374/1/2374 2370/1/2370 
f 2359/1/2359 2374/1/2374 2375/1/2375 2363/1/2363 
f 1668/1/1668 2376/1/2376 2377/1/2377 1666/1/1666 
f 2378/1/2378 2377/1/2377 2376/1/2376 2379/1/2379 
f 2362/1/2362 2361/1/2361 2377/1/2377 2378/1/2378 
f 1666/1/1666 2377/1/2377 2361/1/2361 1663/1/1663 
f 2368/1/2368 2380/1/2380 2381/1/2381 2367/1/2367 
f 2382/1/2382 2381/1/2381 2380/1/2380 2383/1/2383 
f 1966/1/1966 1962/1/1962 2381/1/2381 2382/1/2382 
f 2367/1/2367 2381/1/2381 1962/1/1962 1961/1/1961 
f 2372/1/2372 2384/1/2384 2380/1/2380 2368/1/2368 
f 2385/1/2385 2384/1/2384 2372/1/2372 2371/1/2371 
f 2386/1/2386 2387/1/2387 2384/1/2384 2385/1/2385 
f 2383/1/2383 2380/1/2380 2384/1/2384 2387/1/2387 
f 2379/1/2379 2388/1/2388 2389/1/2389 2378/1/2378 
f 2385/1/2385 2389/1/2389 2388/1/2388 2386/1/2386 
f 2371/1/2371 2373/1/2373 2389/1/2389 2385/1/2385 
f 2378/1/2378 2389/1/2389 2373/1/2373 2362/1/2362 
f 2390/1/2390 2391/1/2391 2392/1/2392 2393/1/2393 
f 2394/1/2394 2395/1/2395 2392/1/2392 2391/1/2391 
f 2382/1/2382 2392/1/2392 2395/1/2395 1966/1/1966 
f 2383/1/2383 2393/1/2393 2392/1/2392 2382/1/2382 
f 2383/1/2383 2387/1/2387 2396/1/2396 2393/1/2393 
f 2397/1/2397 2396/1/2396 2387/1/2387 2386/1/2386 
f 2398/1/2398 2399/1/2399 2396/1/2396 2397/1/2397 
f 2393/1/2393 2396/1/2396 2399/1/2399 2390/1/2390 
f 1626/1/1626 2400/1/2400 2401/1/2401 1643/1/1643 
f 2402/1/2402 2403/1/2403 2401/1/2401 2400/1/2400 
f 2404/1/2404 2405/1/2405 2401/1/2401 2403/1/2403 
f 1643/1/1643 2401/1/2401 2405/1/2405 1640/1/1640 
f 2402/1/2402 2406/1/2406 2407/1/2407 2408/1/2408 
f 2409/1/2409 2407/1/2407 2406/1/2406 1479/1/1479 
f 2410/1/2410 2411/1/2411 2407/1/2407 2409/1/2409 
f 2408/1/2408 2407/1/2407 2411/1/2411 2412/1/2412 
f 1466/1/1466 1473/1/1473 2413/1/2413 
f 1475/1/1475 2414/1/2414 2413/1/2413 1473/1/1473 
f 2409/1/2409 2413/1/2413 2414/1/2414 2410/1/2410 
f 1479/1/1479 1478/1/1478 2413/1/2413 2409/1/2409 
f 2400/1/2400 2415/1/2415 2406/1/2406 2402/1/2402 
f 1629/1/1629 2415/1/2415 2400/1/2400 1626/1/1626 
f 2415/1/2415 1629/1/1629 1608/1/1608 
f 2415/1/2415 1611/1/1611 1479/1/1479 
f 682/1/682 681/1/681 2416/1/2416 700/1/700 
f 2417/1/2417 2416/1/2416 681/1/681 684/1/684 
f 2416/1/2416 2417/1/2417 2418/1/2418 
f 700/1/700 2416/1/2416 2419/1/2419 697/1/697 
f 697/1/697 2419/1/2419 2420/1/2420 705/1/705 
f 2421/1/2421 2420/1/2420 2419/1/2419 2418/1/2418 
f 9/1/9 8/1/8 2420/1/2420 2421/1/2421 
f 705/1/705 2420/1/2420 8/1/8 7/1/7 
f 2422/1/2422 2423/1/2423 2424/1/2424 
f 2425/1/2425 2422/1/2422 2426/1/2426 2427/1/2427 
f 146/1/146 153/1/153 2422/1/2422 2425/1/2425 
f 2423/1/2423 2422/1/2422 153/1/153 152/1/152 
f 152/1/152 264/1/264 2428/1/2428 2423/1/2423 
f 2429/1/2429 2428/1/2428 264/1/264 265/1/265 
f 2430/1/2430 2431/1/2431 2428/1/2428 2429/1/2429 
f 2423/1/2423 2428/1/2428 2431/1/2431 2424/1/2424 
f 2432/1/2432 2433/1/2433 2434/1/2434 2435/1/2435 
f 50/1/50 2434/1/2434 2433/1/2433 47/1/47 
f 54/1/54 138/1/138 2434/1/2434 50/1/50 
f 138/1/138 137/1/137 2435/1/2435 
f 2436/1/2436 2437/1/2437 2438/1/2438 2439/1/2439 
f 2440/1/2440 2437/1/2437 2436/1/2436 2441/1/2441 
f 1903/1/1903 1936/1/1936 2437/1/2437 2440/1/2440 
f 1928/1/1928 2438/1/2438 2437/1/2437 1936/1/1936 
f 2442/1/2442 2440/1/2440 2441/1/2441 
f 2443/1/2443 2442/1/2442 2444/1/2444 2445/1/2445 
f 1901/1/1901 1904/1/1904 2442/1/2442 2443/1/2443 
f 2440/1/2440 2442/1/2442 1904/1/1904 1903/1/1903 
f 2446/1/2446 2447/1/2447 2448/1/2448 2449/1/2449 
f 2450/1/2450 2448/1/2448 2447/1/2447 2451/1/2451 
f 1045/1/1045 1127/1/1127 2448/1/2448 2450/1/2450 
f 2449/1/2449 2448/1/2448 1127/1/1127 1126/1/1126 
f 271/1/271 2452/1/2452 2453/1/2453 270/1/270 
f 2454/1/2454 2453/1/2453 2452/1/2452 2455/1/2455 
f 2456/1/2456 2457/1/2457 2453/1/2453 2454/1/2454 
f 270/1/270 2453/1/2453 2457/1/2457 181/1/181 
f 2458/1/2458 2459/1/2459 2460/1/2460 2461/1/2461 
f 1965/1/1965 2460/1/2460 2459/1/2459 1451/1/1451 
f 1966/1/1966 2395/1/2395 2460/1/2460 1965/1/1965 
f 2461/1/2461 2460/1/2460 2395/1/2395 2394/1/2394 
f 1656/1/1656 1655/1/1655 2462/1/2462 2463/1/2463 
f 2464/1/2464 2462/1/2462 1655/1/1655 1654/1/1654 
f 2465/1/2465 2466/1/2466 2462/1/2462 2464/1/2464 
f 2463/1/2463 2462/1/2462 2466/1/2466 2467/1/2467 
f 2465/1/2465 2464/1/2464 2468/1/2468 2469/1/2469 
f 1978/1/1978 2468/1/2468 2464/1/2464 1654/1/1654 
f 1967/1/1967 2470/1/2470 2468/1/2468 1978/1/1978 
f 2469/1/2469 2468/1/2468 2470/1/2470 2471/1/2471 
f 1975/1/1975 2472/1/2472 2473/1/2473 1970/1/1970 
f 2474/1/2474 2473/1/2473 2472/1/2472 2475/1/2475 
f 2471/1/2471 2470/1/2470 2473/1/2473 2474/1/2474 
f 1970/1/1970 2473/1/2473 2470/1/2470 1967/1/1967 
f 2475/1/2475 2472/1/2472 2476/1/2476 2477/1/2477 
f 2310/1/2310 2476/1/2476 2472/1/2472 1975/1/1975 
f 2311/1/2311 2478/1/2478 2476/1/2476 2310/1/2310 
f 2477/1/2477 2476/1/2476 2478/1/2478 2479/1/2479 
f 2480/1/2480 2481/1/2481 2482/1/2482 2483/1/2483 
f 1954/1/1954 2482/1/2482 2481/1/2481 1872/1/1872 
f 1948/1/1948 2484/1/2484 2482/1/2482 1954/1/1954 
f 2483/1/2483 2482/1/2482 2484/1/2484 2485/1/2485 
f 2486/1/2486 2487/1/2487 2488/1/2488 2489/1/2489 
f 2490/1/2490 2488/1/2488 2487/1/2487 2491/1/2491 
f 1881/1/1881 1877/1/1877 2488/1/2488 2490/1/2490 
f 2489/1/2489 2488/1/2488 1877/1/1877 1876/1/1876 
f 1119/1/1119 2492/1/2492 2493/1/2493 1120/1/1120 
f 2489/1/2489 2493/1/2493 2492/1/2492 2486/1/2486 
f 1876/1/1876 1925/1/1925 2493/1/2493 2489/1/2489 
f 1120/1/1120 2493/1/2493 1925/1/1925 1121/1/1121 
f 2494/1/2494 2495/1/2495 2496/1/2496 2497/1/2497 
f 2498/1/2498 2496/1/2496 2495/1/2495 2499/1/2499 
f 2293/1/2293 2297/1/2297 2496/1/2496 2498/1/2498 
f 2497/1/2497 2496/1/2496 2297/1/2297 2296/1/2296 
f 2499/1/2499 2500/1/2500 2501/1/2501 2498/1/2498 
f 1434/1/1434 2501/1/2501 2500/1/2500 1435/1/1435 
f 1428/1/1428 2292/1/2292 2501/1/2501 1434/1/1434 
f 2498/1/2498 2501/1/2501 2292/1/2292 2293/1/2293 
f 2502/1/2502 2503/1/2503 2504/1/2504 2505/1/2505 
f 2485/1/2485 2484/1/2484 2504/1/2504 2503/1/2503 
f 1946/1/1946 2504/1/2504 2484/1/2484 1948/1/1948 
f 2505/1/2505 2504/1/2504 1946/1/1946 1890/1/1890 
f 2491/1/2491 2506/1/2506 2507/1/2507 2490/1/2490 
f 2505/1/2505 2507/1/2507 2506/1/2506 2502/1/2502 
f 1890/1/1890 1889/1/1889 2507/1/2507 2505/1/2505 
f 2490/1/2490 2507/1/2507 1889/1/1889 1881/1/1881 
f 52/1/52 2508/1/2508 2509/1/2509 51/1/51 
f 2510/1/2510 2509/1/2509 2508/1/2508 2511/1/2511 
f 38/1/38 41/1/41 2509/1/2509 2510/1/2510 
f 51/1/51 2509/1/2509 41/1/41 46/1/46 
f 2427/1/2427 2512/1/2512 2513/1/2513 2425/1/2425 
f 2514/1/2514 2513/1/2513 2512/1/2512 2515/1/2515 
f 145/1/145 2513/1/2513 2514/1/2514 147/1/147 
f 146/1/146 2425/1/2425 2513/1/2513 145/1/145 
f 2516/1/2516 2517/1/2517 2518/1/2518 2519/1/2519 
f 2520/1/2520 2521/1/2521 2517/1/2517 2516/1/2516 
f 2522/1/2522 2517/1/2517 2521/1/2521 2515/1/2515 
f 2523/1/2523 2518/1/2518 2517/1/2517 2522/1/2522 
f 2524/1/2524 2525/1/2525 2526/1/2526 2527/1/2527 
f 2522/1/2522 2526/1/2526 2525/1/2525 2523/1/2523 
f 2515/1/2515 2512/1/2512 2526/1/2526 2522/1/2522 
f 2527/1/2527 2526/1/2526 2512/1/2512 2427/1/2427 
f 2523/1/2523 2525/1/2525 2528/1/2528 2529/1/2529 
f 2530/1/2530 2528/1/2528 2525/1/2525 2524/1/2524 
f 108/1/108 107/1/107 2528/1/2528 2530/1/2530 
f 2529/1/2529 2528/1/2528 107/1/107 26/1/26 
f 2520/1/2520 2531/1/2531 2532/1/2532 2521/1/2521 
f 1761/1/1761 1764/1/1764 2532/1/2532 2531/1/2531 
f 147/1/147 2514/1/2514 2532/1/2532 1764/1/1764 
f 2515/1/2515 2521/1/2521 2532/1/2532 2514/1/2514 
f 34/1/34 2533/1/2533 2534/1/2534 29/1/29 
f 2519/1/2519 2518/1/2518 2534/1/2534 2533/1/2533 
f 2529/1/2529 2534/1/2534 2518/1/2518 2523/1/2523 
f 29/1/29 2534/1/2534 2529/1/2529 26/1/26 
f 2535/1/2535 2536/1/2536 2537/1/2537 2538/1/2538 
f 2539/1/2539 2537/1/2537 2536/1/2536 2540/1/2540 
f 1752/1/1752 1755/1/1755 2537/1/2537 2539/1/2539 
f 2538/1/2538 2537/1/2537 1755/1/1755 1760/1/1760 
f 2541/1/2541 2542/1/2542 2543/1/2543 2544/1/2544 
f 2545/1/2545 2543/1/2543 2542/1/2542 2546/1/2546 
f 2540/1/2540 2536/1/2536 2543/1/2543 2545/1/2545 
f 2544/1/2544 2543/1/2543 2536/1/2536 2535/1/2535 
f 2546/1/2546 2542/1/2542 2547/1/2547 2548/1/2548 
f 2549/1/2549 2547/1/2547 2542/1/2542 2541/1/2541 
f 2511/1/2511 2508/1/2508 2547/1/2547 2549/1/2549 
f 2548/1/2548 2547/1/2547 2508/1/2508 52/1/52 
f 2546/1/2546 2550/1/2550 2551/1/2551 2545/1/2545 
f 2552/1/2552 2551/1/2551 2550/1/2550 2553/1/2553 
f 2554/1/2554 2555/1/2555 2551/1/2551 2552/1/2552 
f 2545/1/2545 2551/1/2551 2555/1/2555 2540/1/2540 
f 2553/1/2553 2550/1/2550 2556/1/2556 2557/1/2557 
f 2548/1/2548 2556/1/2556 2550/1/2550 2546/1/2546 
f 52/1/52 48/1/48 2556/1/2556 2548/1/2548 
f 2557/1/2557 2556/1/2556 48/1/48 47/1/47 
f 1791/1/1791 2558/1/2558 158/1/158 159/1/159 
f 1792/1/1792 2559/1/2559 2558/1/2558 1791/1/1791 
f 2554/1/2554 2560/1/2560 2558/1/2558 2559/1/2559 
f 2560/1/2560 160/1/160 158/1/158 
f 2554/1/2554 2552/1/2552 2561/1/2561 2560/1/2560 
f 2562/1/2562 2561/1/2561 2552/1/2552 2553/1/2553 
f 2561/1/2561 2562/1/2562 2563/1/2563 
f 2560/1/2560 2561/1/2561 2564/1/2564 160/1/160 
f 2540/1/2540 2555/1/2555 2565/1/2565 2539/1/2539 
f 2559/1/2559 2565/1/2565 2555/1/2555 2554/1/2554 
f 1794/1/1794 2565/1/2565 2559/1/2559 1792/1/1792 
f 1752/1/1752 2539/1/2539 2565/1/2565 1794/1/1794 
f 2445/1/2445 2566/1/2566 2567/1/2567 2443/1/2443 
f 2568/1/2568 2567/1/2567 2566/1/2566 2569/1/2569 
f 1059/1/1059 1902/1/1902 2567/1/2567 2568/1/2568 
f 2443/1/2443 2567/1/2567 1902/1/1902 1901/1/1901 
f 2570/1/2570 2571/1/2571 2433/1/2433 2432/1/2432 
f 2570/1/2570 2563/1/2563 2562/1/2562 
f 2553/1/2553 2557/1/2557 2571/1/2571 2562/1/2562 
f 47/1/47 2433/1/2433 2571/1/2571 2557/1/2557 
f 2568/1/2568 2572/1/2572 1060/1/1060 1059/1/1059 
f 2573/1/2573 2572/1/2572 2568/1/2568 2569/1/2569 
f 2574/1/2574 2575/1/2575 2572/1/2572 2573/1/2573 
f 237/1/237 1060/1/1060 2572/1/2572 2575/1/2575 
f 2569/1/2569 2576/1/2576 2577/1/2577 2573/1/2573 
f 2578/1/2578 2577/1/2577 2576/1/2576 2579/1/2579 
f 2580/1/2580 2581/1/2581 2577/1/2577 2578/1/2578 
f 2573/1/2573 2577/1/2577 2581/1/2581 2574/1/2574 
f 2582/1/2582 2583/1/2583 2450/1/2450 2451/1/2451 
f 2584/1/2584 2585/1/2585 2583/1/2583 2582/1/2582 
f 1039/1/1039 1046/1/1046 2583/1/2583 2585/1/2585 
f 2450/1/2450 2583/1/2583 1046/1/1046 1045/1/1045 
f 209/1/209 2586/1/2586 2587/1/2587 1068/1/1068 
f 2578/1/2578 2587/1/2587 2586/1/2586 2580/1/2580 
f 2579/1/2579 2588/1/2588 2587/1/2587 2578/1/2578 
f 1068/1/1068 2587/1/2587 2588/1/2588 1065/1/1065 
f 2584/1/2584 2589/1/2589 2590/1/2590 2585/1/2585 
f 2591/1/2591 2590/1/2590 2589/1/2589 2592/1/2592 
f 234/1/234 1040/1/1040 2590/1/2590 2591/1/2591 
f 2585/1/2585 2590/1/2590 1040/1/1040 1039/1/1039 
f 2584/1/2584 2593/1/2593 2594/1/2594 2589/1/2589 
f 2595/1/2595 2594/1/2594 2593/1/2593 2596/1/2596 
f 2597/1/2597 2598/1/2598 2594/1/2594 2595/1/2595 
f 2589/1/2589 2594/1/2594 2598/1/2598 2592/1/2592 
f 225/1/225 2599/1/2599 2600/1/2600 1047/1/1047 
f 2595/1/2595 2600/1/2600 2599/1/2599 2597/1/2597 
f 2596/1/2596 2601/1/2601 2600/1/2600 2595/1/2595 
f 1047/1/1047 2600/1/2600 2601/1/2601 1049/1/1049 
f 2574/1/2574 2602/1/2602 2603/1/2603 2575/1/2575 
f 2604/1/2604 2605/1/2605 2603/1/2603 2602/1/2602 
f 242/1/242 238/1/238 2603/1/2603 2605/1/2605 
f 2575/1/2575 2603/1/2603 238/1/238 237/1/237 
f 2580/1/2580 2606/1/2606 2607/1/2607 2581/1/2581 
f 2608/1/2608 2609/1/2609 2607/1/2607 2606/1/2606 
f 2602/1/2602 2607/1/2607 2609/1/2609 2604/1/2604 
f 2574/1/2574 2581/1/2581 2607/1/2607 2602/1/2602 
f 2606/1/2606 2610/1/2610 2611/1/2611 2608/1/2608 
f 2580/1/2580 2586/1/2586 2610/1/2610 2606/1/2606 
f 207/1/207 2610/1/2610 2586/1/2586 209/1/209 
f 208/1/208 2611/1/2611 2610/1/2610 207/1/207 
f 2591/1/2591 2612/1/2612 235/1/235 234/1/234 
f 2613/1/2613 2612/1/2612 2591/1/2591 2592/1/2592 
f 2614/1/2614 2615/1/2615 2612/1/2612 2613/1/2613 
f 235/1/235 2612/1/2612 2615/1/2615 236/1/236 
f 2616/1/2616 2617/1/2617 2618/1/2618 2619/1/2619 
f 2613/1/2613 2618/1/2618 2617/1/2617 2614/1/2614 
f 2592/1/2592 2598/1/2598 2618/1/2618 2613/1/2613 
f 2619/1/2619 2618/1/2618 2598/1/2598 2597/1/2597 
f 1825/1/1825 2620/1/2620 2621/1/2621 1931/1/1931 
f 2622/1/2622 2621/1/2621 2620/1/2620 2623/1/2623 
f 2439/1/2439 2438/1/2438 2621/1/2621 2622/1/2622 
f 1931/1/1931 2621/1/2621 2438/1/2438 1928/1/1928 
f 224/1/224 2624/1/2624 2625/1/2625 223/1/223 
f 2619/1/2619 2625/1/2625 2624/1/2624 2616/1/2616 
f 2597/1/2597 2599/1/2599 2625/1/2625 2619/1/2619 
f 223/1/223 2625/1/2625 2599/1/2599 225/1/225 
f 1112/1/1112 2626/1/2626 2627/1/2627 1828/1/1828 
f 2626/1/2626 2628/1/2628 2629/1/2629 
f 2623/1/2623 2620/1/2620 2627/1/2627 2629/1/2629 
f 1828/1/1828 2627/1/2627 2620/1/2620 1825/1/1825 
f 2630/1/2630 2631/1/2631 2632/1/2632 2633/1/2633 
f 2629/1/2629 2632/1/2632 2631/1/2631 2623/1/2623 
f 2632/1/2632 2629/1/2629 2628/1/2628 
f 2633/1/2633 2632/1/2632 2634/1/2634 2635/1/2635 
f 181/1/181 2457/1/2457 2636/1/2636 182/1/182 
f 2637/1/2637 2636/1/2636 2457/1/2457 2456/1/2456 
f 2638/1/2638 2639/1/2639 2636/1/2636 2637/1/2637 
f 179/1/179 182/1/182 2636/1/2636 2639/1/2639 
f 2633/1/2633 2640/1/2640 2641/1/2641 2630/1/2630 
f 2640/1/2640 2633/1/2633 2635/1/2635 
f 1103/1/1103 1232/1/1232 2640/1/2640 2642/1/2642 
f 2641/1/2641 2640/1/2640 1232/1/1232 1231/1/1231 
f 2524/1/2524 2643/1/2643 2644/1/2644 2530/1/2530 
f 2645/1/2645 2644/1/2644 2643/1/2643 2646/1/2646 
f 2647/1/2647 2644/1/2644 2645/1/2645 2648/1/2648 
f 108/1/108 2530/1/2530 2644/1/2644 2647/1/2647 
f 2638/1/2638 2649/1/2649 2650/1/2650 2639/1/2639 
f 2435/1/2435 2650/1/2650 2649/1/2649 2432/1/2432 
f 2650/1/2650 2435/1/2435 137/1/137 
f 2639/1/2639 2650/1/2650 180/1/180 179/1/179 
f 2646/1/2646 2643/1/2643 2651/1/2651 2652/1/2652 
f 2527/1/2527 2651/1/2651 2643/1/2643 2524/1/2524 
f 2427/1/2427 2426/1/2426 2651/1/2651 2527/1/2527 
f 2652/1/2652 2651/1/2651 2426/1/2426 2424/1/2424 
f 100/1/100 2653/1/2653 2654/1/2654 103/1/103 
f 2655/1/2655 2654/1/2654 2653/1/2653 2648/1/2648 
f 304/1/304 303/1/303 2654/1/2654 2655/1/2655 
f 103/1/103 2654/1/2654 303/1/303 104/1/104 
f 2648/1/2648 2645/1/2645 2656/1/2656 2655/1/2655 
f 2646/1/2646 2657/1/2657 2656/1/2656 2645/1/2645 
f 2658/1/2658 2656/1/2656 2657/1/2657 2659/1/2659 
f 2655/1/2655 2656/1/2656 2658/1/2658 304/1/304 
f 96/1/96 109/1/109 2660/1/2660 99/1/99 
f 2647/1/2647 2660/1/2660 109/1/109 108/1/108 
f 2660/1/2660 2647/1/2647 2648/1/2648 
f 99/1/99 2660/1/2660 2653/1/2653 100/1/100 
f 2661/1/2661 2662/1/2662 2663/1/2663 2664/1/2664 
f 2665/1/2665 2663/1/2663 2662/1/2662 2666/1/2666 
f 2604/1/2604 2609/1/2609 2663/1/2663 2665/1/2665 
f 2664/1/2664 2663/1/2663 2609/1/2609 2608/1/2608 
f 2659/1/2659 2657/1/2657 2667/1/2667 2668/1/2668 
f 2657/1/2657 2646/1/2646 2652/1/2652 
f 2667/1/2667 2652/1/2652 2424/1/2424 
f 2668/1/2668 2667/1/2667 2431/1/2431 2430/1/2430 
f 299/1/299 2669/1/2669 2670/1/2670 306/1/306 
f 2664/1/2664 2670/1/2670 2669/1/2669 2661/1/2661 
f 2608/1/2608 2611/1/2611 2670/1/2670 2664/1/2664 
f 306/1/306 2670/1/2670 2611/1/2611 208/1/208 
f 1851/1/1851 2671/1/2671 2672/1/2672 1856/1/1856 
f 2673/1/2673 2672/1/2672 2671/1/2671 2666/1/2666 
f 2430/1/2430 2429/1/2429 2672/1/2672 2673/1/2673 
f 1856/1/1856 2672/1/2672 2429/1/2429 265/1/265 
f 2666/1/2666 2662/1/2662 2674/1/2674 2673/1/2673 
f 2675/1/2675 2674/1/2674 2662/1/2662 2661/1/2661 
f 2674/1/2674 2675/1/2675 2659/1/2659 
f 2668/1/2668 2430/1/2430 2673/1/2673 
f 242/1/242 2605/1/2605 2676/1/2676 1849/1/1849 
f 2665/1/2665 2676/1/2676 2605/1/2605 2604/1/2604 
f 2666/1/2666 2671/1/2671 2676/1/2676 2665/1/2665 
f 2671/1/2671 1851/1/1851 1849/1/1849 
f 304/1/304 2658/1/2658 2677/1/2677 302/1/302 
f 2675/1/2675 2677/1/2677 2658/1/2658 2659/1/2659 
f 2661/1/2661 2669/1/2669 2677/1/2677 2675/1/2675 
f 302/1/302 2677/1/2677 2669/1/2669 299/1/299 
f 271/1/271 327/1/327 2678/1/2678 2452/1/2452 
f 2679/1/2679 2678/1/2678 327/1/327 277/1/277 
f 2680/1/2680 2681/1/2681 2678/1/2678 2679/1/2679 
f 2455/1/2455 2452/1/2452 2678/1/2678 2681/1/2681 
f 2682/1/2682 2683/1/2683 2615/1/2615 2614/1/2614 
f 2680/1/2680 2679/1/2679 2683/1/2683 2682/1/2682 
f 277/1/277 276/1/276 2683/1/2683 2679/1/2679 
f 2615/1/2615 2683/1/2683 276/1/276 236/1/236 
f 2684/1/2684 2685/1/2685 2686/1/2686 2687/1/2687 
f 2688/1/2688 2686/1/2686 2685/1/2685 2689/1/2689 
f 2458/1/2458 2690/1/2690 2686/1/2686 2688/1/2688 
f 2687/1/2687 2686/1/2686 2690/1/2690 2691/1/2691 
f 2692/1/2692 2693/1/2693 2694/1/2694 2695/1/2695 
f 2696/1/2696 2694/1/2694 2693/1/2693 2684/1/2684 
f 1323/1/1323 1319/1/1319 2694/1/2694 2696/1/2696 
f 1319/1/1319 1318/1/1318 2695/1/2695 
f 1342/1/1342 2697/1/2697 2698/1/2698 1337/1/1337 
f 2699/1/2699 2698/1/2698 2697/1/2697 2689/1/2689 
f 2700/1/2700 2701/1/2701 2698/1/2698 2699/1/2699 
f 1337/1/1337 2698/1/2698 2701/1/2701 1334/1/1334 
f 2699/1/2699 2702/1/2702 2703/1/2703 2700/1/2700 
f 2689/1/2689 2685/1/2685 2702/1/2702 2699/1/2699 
f 2684/1/2684 2693/1/2693 2702/1/2702 2685/1/2685 
f 2703/1/2703 2702/1/2702 2693/1/2693 2692/1/2692 
f 1451/1/1451 2459/1/2459 2704/1/2704 1450/1/1450 
f 2688/1/2688 2704/1/2704 2459/1/2459 2458/1/2458 
f 2689/1/2689 2697/1/2697 2704/1/2704 2688/1/2688 
f 1450/1/1450 2704/1/2704 2697/1/2697 1342/1/1342 
f 2696/1/2696 2705/1/2705 1456/1/1456 1323/1/1323 
f 2687/1/2687 2705/1/2705 2696/1/2696 2684/1/2684 
f 2691/1/2691 2706/1/2706 2705/1/2705 2687/1/2687 
f 1457/1/1457 1456/1/1456 2705/1/2705 
f 2707/1/2707 1874/1/1874 1864/1/1864 
f 2708/1/2708 2707/1/2707 2709/1/2709 2710/1/2710 
f 2711/1/2711 2712/1/2712 2707/1/2707 2708/1/2708 
f 1437/1/1437 1874/1/1874 2707/1/2707 2712/1/2712 
f 1872/1/1872 2481/1/2481 2713/1/2713 1867/1/1867 
f 2714/1/2714 2713/1/2713 2481/1/2481 2480/1/2480 
f 2710/1/2710 2709/1/2709 2713/1/2713 2714/1/2714 
f 1867/1/1867 2713/1/2713 2709/1/2709 1864/1/1864 
f 2715/1/2715 2716/1/2716 2717/1/2717 2718/1/2718 
f 1365/1/1365 2717/1/2717 2716/1/2716 1136/1/1136 
f 1369/1/1369 2719/1/2719 2717/1/2717 1365/1/1365 
f 2718/1/2718 2717/1/2717 2719/1/2719 2720/1/2720 
f 1129/1/1129 1128/1/1128 2721/1/2721 2722/1/2722 
f 2716/1/2716 2721/1/2721 1128/1/1128 1136/1/1136 
f 2715/1/2715 2723/1/2723 2721/1/2721 2716/1/2716 
f 2722/1/2722 2721/1/2721 2723/1/2723 2724/1/2724 
f 2725/1/2725 2726/1/2726 2727/1/2727 2728/1/2728 
f 2729/1/2729 2727/1/2727 2726/1/2726 2730/1/2730 
f 2491/1/2491 2487/1/2487 2727/1/2727 2729/1/2729 
f 2487/1/2487 2486/1/2486 2728/1/2728 
f 2730/1/2730 2731/1/2731 2732/1/2732 2733/1/2733 
f 2718/1/2718 2732/1/2732 2731/1/2731 2715/1/2715 
f 2720/1/2720 2734/1/2734 2732/1/2732 2718/1/2718 
f 2733/1/2733 2732/1/2732 2734/1/2734 2735/1/2735 
f 2724/1/2724 2723/1/2723 2736/1/2736 2737/1/2737 
f 2731/1/2731 2736/1/2736 2723/1/2723 2715/1/2715 
f 2730/1/2730 2726/1/2726 2736/1/2736 2731/1/2731 
f 2726/1/2726 2725/1/2725 2737/1/2737 
f 2738/1/2738 2739/1/2739 2740/1/2740 2741/1/2741 
f 1808/1/1808 2740/1/2740 2739/1/2739 1690/1/1690 
f 1052/1/1052 1050/1/1050 2740/1/2740 1808/1/1808 
f 2741/1/2741 2740/1/2740 1050/1/1050 1049/1/1049 
f 2729/1/2729 2742/1/2742 2506/1/2506 2491/1/2491 
f 2733/1/2733 2742/1/2742 2729/1/2729 2730/1/2730 
f 2735/1/2735 2743/1/2743 2742/1/2742 2733/1/2733 
f 2502/1/2502 2506/1/2506 2742/1/2742 2743/1/2743 
f 2451/1/2451 2744/1/2744 2745/1/2745 2582/1/2582 
f 2746/1/2746 2745/1/2745 2744/1/2744 2747/1/2747 
f 2596/1/2596 2593/1/2593 2745/1/2745 2746/1/2746 
f 2582/1/2582 2745/1/2745 2593/1/2593 2584/1/2584 
f 1690/1/1690 2739/1/2739 2748/1/2748 1689/1/1689 
f 2749/1/2749 2748/1/2748 2739/1/2739 2738/1/2738 
f 2748/1/2748 2749/1/2749 1118/1/1118 
f 1689/1/1689 2748/1/2748 1114/1/1114 1113/1/1113 
f 2738/1/2738 2750/1/2750 2751/1/2751 2749/1/2749 
f 2752/1/2752 2751/1/2751 2750/1/2750 2747/1/2747 
f 2753/1/2753 2754/1/2754 2751/1/2751 2752/1/2752 
f 2749/1/2749 2751/1/2751 2754/1/2754 1118/1/1118 
f 2747/1/2747 2750/1/2750 2755/1/2755 2746/1/2746 
f 2741/1/2741 2755/1/2755 2750/1/2750 2738/1/2738 
f 1049/1/1049 2601/1/2601 2755/1/2755 2741/1/2741 
f 2746/1/2746 2755/1/2755 2601/1/2601 2596/1/2596 
f 2756/1/2756 2757/1/2757 2758/1/2758 2759/1/2759 
f 1080/1/1080 2758/1/2758 2757/1/2757 1077/1/1077 
f 1070/1/1070 1066/1/1066 2758/1/2758 1080/1/1080 
f 2759/1/2759 2758/1/2758 1066/1/1066 1065/1/1065 
f 2446/1/2446 2760/1/2760 2761/1/2761 2447/1/2447 
f 2760/1/2760 2753/1/2753 2752/1/2752 
f 2747/1/2747 2744/1/2744 2761/1/2761 2752/1/2752 
f 2447/1/2447 2761/1/2761 2744/1/2744 2451/1/2451 
f 2445/1/2445 2762/1/2762 2763/1/2763 2566/1/2566 
f 2764/1/2764 2763/1/2763 2762/1/2762 2765/1/2765 
f 2579/1/2579 2576/1/2576 2763/1/2763 2764/1/2764 
f 2566/1/2566 2763/1/2763 2576/1/2576 2569/1/2569 
f 1077/1/1077 2757/1/2757 2766/1/2766 1236/1/1236 
f 2767/1/2767 2766/1/2766 2757/1/2757 2756/1/2756 
f 2768/1/2768 2769/1/2769 2766/1/2766 2767/1/2767 
f 1236/1/1236 2766/1/2766 2769/1/2769 1233/1/1233 
f 2767/1/2767 2770/1/2770 2771/1/2771 2768/1/2768 
f 2756/1/2756 2772/1/2772 2770/1/2770 2767/1/2767 
f 2773/1/2773 2770/1/2770 2772/1/2772 2765/1/2765 
f 2771/1/2771 2770/1/2770 2773/1/2773 2774/1/2774 
f 2765/1/2765 2772/1/2772 2775/1/2775 2764/1/2764 
f 2759/1/2759 2775/1/2775 2772/1/2772 2756/1/2756 
f 1065/1/1065 2588/1/2588 2775/1/2775 2759/1/2759 
f 2764/1/2764 2775/1/2775 2588/1/2588 2579/1/2579 
f 2776/1/2776 2777/1/2777 2778/1/2778 2779/1/2779 
f 2780/1/2780 2778/1/2778 2777/1/2777 2781/1/2781 
f 2782/1/2782 2783/1/2783 2778/1/2778 2780/1/2780 
f 2784/1/2784 2779/1/2779 2778/1/2778 2783/1/2783 
f 2774/1/2774 2773/1/2773 2785/1/2785 2786/1/2786 
f 2762/1/2762 2785/1/2785 2773/1/2773 2765/1/2765 
f 2445/1/2445 2444/1/2444 2785/1/2785 2762/1/2762 
f 2444/1/2444 2441/1/2441 2786/1/2786 
f 1098/1/1098 2787/1/2787 2788/1/2788 1325/1/1325 
f 2779/1/2779 2788/1/2788 2787/1/2787 2776/1/2776 
f 2789/1/2789 2788/1/2788 2779/1/2779 2784/1/2784 
f 1327/1/1327 1325/1/1325 2788/1/2788 2789/1/2789 
f 1111/1/1111 2790/1/2790 2791/1/2791 1110/1/1110 
f 2792/1/2792 2791/1/2791 2790/1/2790 2781/1/2781 
f 2628/1/2628 2626/1/2626 2791/1/2791 2792/1/2792 
f 1110/1/1110 2791/1/2791 2626/1/2626 1112/1/1112 
f 2781/1/2781 2777/1/2777 2793/1/2793 2792/1/2792 
f 2794/1/2794 2793/1/2793 2777/1/2777 2776/1/2776 
f 2635/1/2635 2634/1/2634 2793/1/2793 2794/1/2794 
f 2634/1/2634 2628/1/2628 2792/1/2792 
f 2781/1/2781 2790/1/2790 2795/1/2795 2780/1/2780 
f 1744/1/1744 2795/1/2795 2790/1/2790 1111/1/1111 
f 1748/1/1748 2796/1/2796 2795/1/2795 1744/1/1744 
f 2780/1/2780 2795/1/2795 2796/1/2796 2782/1/2782 
f 2724/1/2724 2797/1/2797 2798/1/2798 2722/1/2722 
f 2799/1/2799 2798/1/2798 2797/1/2797 2800/1/2800 
f 1141/1/1141 1145/1/1145 2798/1/2798 2799/1/2799 
f 2722/1/2722 2798/1/2798 1145/1/1145 1129/1/1129 
f 2642/1/2642 2801/1/2801 1101/1/1101 1103/1/1103 
f 2794/1/2794 2801/1/2801 2642/1/2642 2635/1/2635 
f 2776/1/2776 2787/1/2787 2801/1/2801 2794/1/2794 
f 1101/1/1101 2801/1/2801 2787/1/2787 1098/1/1098 
f 1118/1/1118 2754/1/2754 2802/1/2802 1117/1/1117 
f 2803/1/2803 2802/1/2802 2754/1/2754 2753/1/2753 
f 2804/1/2804 2805/1/2805 2802/1/2802 2803/1/2803 
f 1117/1/1117 2802/1/2802 2805/1/2805 1119/1/1119 
f 2799/1/2799 2806/1/2806 1142/1/1142 1141/1/1141 
f 2800/1/2800 2807/1/2807 2806/1/2806 2799/1/2799 
f 2446/1/2446 2449/1/2449 2806/1/2806 2807/1/2807 
f 1126/1/1126 1142/1/1142 2806/1/2806 2449/1/2449 
f 2800/1/2800 2808/1/2808 2809/1/2809 2807/1/2807 
f 2803/1/2803 2809/1/2809 2808/1/2808 2804/1/2804 
f 2753/1/2753 2760/1/2760 2809/1/2809 2803/1/2803 
f 2807/1/2807 2809/1/2809 2760/1/2760 2446/1/2446 
f 2725/1/2725 2810/1/2810 2811/1/2811 2737/1/2737 
f 2811/1/2811 2810/1/2810 2804/1/2804 
f 2800/1/2800 2797/1/2797 2811/1/2811 2808/1/2808 
f 2737/1/2737 2811/1/2811 2797/1/2797 2724/1/2724 
f 2812/1/2812 1228/1/1228 1227/1/1227 
f 2813/1/2813 2812/1/2812 1256/1/1256 1255/1/1255 
f 2813/1/2813 2814/1/2814 2815/1/2815 
f 1228/1/1228 2812/1/2812 2815/1/2815 1231/1/1231 
f 2810/1/2810 2816/1/2816 2805/1/2805 2804/1/2804 
f 2728/1/2728 2816/1/2816 2810/1/2810 2725/1/2725 
f 2816/1/2816 2728/1/2728 2486/1/2486 
f 1119/1/1119 2805/1/2805 2816/1/2816 2492/1/2492 
f 2623/1/2623 2631/1/2631 2817/1/2817 2622/1/2622 
f 2818/1/2818 2817/1/2817 2631/1/2631 2630/1/2630 
f 2819/1/2819 2820/1/2820 2817/1/2817 2818/1/2818 
f 2622/1/2622 2817/1/2817 2820/1/2820 2439/1/2439 
f 2814/1/2814 2813/1/2813 2821/1/2821 2822/1/2822 
f 1267/1/1267 2821/1/2821 2813/1/2813 1255/1/1255 
f 2821/1/2821 1267/1/1267 1233/1/1233 
f 2769/1/2769 2768/1/2768 2822/1/2822 
f 2819/1/2819 2823/1/2823 2824/1/2824 2825/1/2825 
f 2822/1/2822 2824/1/2824 2823/1/2823 2814/1/2814 
f 2824/1/2824 2822/1/2822 2768/1/2768 
f 2825/1/2825 2824/1/2824 2771/1/2771 2774/1/2774 
f 2814/1/2814 2823/1/2823 2826/1/2826 2815/1/2815 
f 2818/1/2818 2826/1/2826 2823/1/2823 2819/1/2819 
f 2630/1/2630 2641/1/2641 2826/1/2826 2818/1/2818 
f 2815/1/2815 2826/1/2826 2641/1/2641 1231/1/1231 
f 2692/1/2692 2827/1/2827 2828/1/2828 2703/1/2703 
f 2829/1/2829 2828/1/2828 2827/1/2827 2830/1/2830 
f 2831/1/2831 2832/1/2832 2828/1/2828 2829/1/2829 
f 2700/1/2700 2703/1/2703 2828/1/2828 2832/1/2832 
f 2439/1/2439 2820/1/2820 2833/1/2833 2436/1/2436 
f 2825/1/2825 2833/1/2833 2820/1/2820 2819/1/2819 
f 2774/1/2774 2786/1/2786 2833/1/2833 2825/1/2825 
f 2436/1/2436 2833/1/2833 2786/1/2786 2441/1/2441 
f 2834/1/2834 2835/1/2835 1332/1/1332 1331/1/1331 
f 2830/1/2830 2827/1/2827 2835/1/2835 2834/1/2834 
f 2695/1/2695 2835/1/2835 2827/1/2827 2692/1/2692 
f 1318/1/1318 1332/1/1332 2835/1/2835 2695/1/2695 
f 1346/1/1346 2836/1/2836 2837/1/2837 1750/1/1750 
f 2831/1/2831 2838/1/2838 2837/1/2837 2836/1/2836 
f 2782/1/2782 2796/1/2796 2837/1/2837 2838/1/2838 
f 1750/1/1750 2837/1/2837 2796/1/2796 1748/1/1748 
f 2782/1/2782 2838/1/2838 2839/1/2839 2783/1/2783 
f 2829/1/2829 2839/1/2839 2838/1/2838 2831/1/2831 
f 2830/1/2830 2840/1/2840 2839/1/2839 2829/1/2829 
f 2783/1/2783 2839/1/2839 2840/1/2840 2784/1/2784 
f 2832/1/2832 2841/1/2841 2701/1/2701 2700/1/2700 
f 2836/1/2836 2841/1/2841 2832/1/2832 2831/1/2831 
f 1346/1/1346 1345/1/1345 2841/1/2841 2836/1/2836 
f 2701/1/2701 2841/1/2841 1345/1/1345 1334/1/1334 
f 2842/1/2842 2843/1/2843 2844/1/2844 2845/1/2845 
f 1373/1/1373 2844/1/2844 2843/1/2843 1370/1/1370 
f 1353/1/1353 1350/1/1350 2844/1/2844 1373/1/1373 
f 2845/1/2845 2844/1/2844 1350/1/1350 1349/1/1349 
f 1370/1/1370 2843/1/2843 2846/1/2846 1378/1/1378 
f 2847/1/2847 2846/1/2846 2843/1/2843 2842/1/2842 
f 2720/1/2720 2719/1/2719 2846/1/2846 2847/1/2847 
f 1378/1/1378 2846/1/2846 2719/1/2719 1369/1/1369 
f 2784/1/2784 2840/1/2840 2848/1/2848 2789/1/2789 
f 2834/1/2834 2848/1/2848 2840/1/2840 2830/1/2830 
f 1331/1/1331 1328/1/1328 2848/1/2848 2834/1/2834 
f 2789/1/2789 2848/1/2848 1328/1/1328 1327/1/1327 
f 2502/1/2502 2743/1/2743 2849/1/2849 2503/1/2503 
f 2850/1/2850 2849/1/2849 2743/1/2743 2735/1/2735 
f 2851/1/2851 2852/1/2852 2849/1/2849 2850/1/2850 
f 2503/1/2503 2849/1/2849 2852/1/2852 2485/1/2485 
f 2851/1/2851 2853/1/2853 2854/1/2854 2855/1/2855 
f 2845/1/2845 2854/1/2854 2853/1/2853 2842/1/2842 
f 1349/1/1349 2856/1/2856 2854/1/2854 2845/1/2845 
f 2855/1/2855 2854/1/2854 2856/1/2856 2857/1/2857 
f 2842/1/2842 2853/1/2853 2858/1/2858 2847/1/2847 
f 2850/1/2850 2858/1/2858 2853/1/2853 2851/1/2851 
f 2735/1/2735 2734/1/2734 2858/1/2858 2850/1/2850 
f 2847/1/2847 2858/1/2858 2734/1/2734 2720/1/2720 
f 2859/1/2859 2860/1/2860 2861/1/2861 2862/1/2862 
f 2863/1/2863 2861/1/2861 2860/1/2860 2864/1/2864 
f 2865/1/2865 2866/1/2866 2861/1/2861 2863/1/2863 
f 2862/1/2862 2861/1/2861 2866/1/2866 2867/1/2867 
f 2485/1/2485 2852/1/2852 2868/1/2868 2483/1/2483 
f 2855/1/2855 2868/1/2868 2852/1/2852 2851/1/2851 
f 2857/1/2857 2869/1/2869 2868/1/2868 2855/1/2855 
f 2483/1/2483 2868/1/2868 2869/1/2869 2480/1/2480 
f 2867/1/2867 2866/1/2866 2870/1/2870 2871/1/2871 
f 2872/1/2872 2870/1/2870 2866/1/2866 2865/1/2865 
f 1435/1/1435 2500/1/2500 2870/1/2870 2872/1/2872 
f 2871/1/2871 2870/1/2870 2500/1/2500 2499/1/2499 
f 2711/1/2711 2873/1/2873 2874/1/2874 2712/1/2712 
f 2875/1/2875 2874/1/2874 2873/1/2873 2864/1/2864 
f 1442/1/1442 1438/1/1438 2874/1/2874 2875/1/2875 
f 2712/1/2712 2874/1/2874 1438/1/1438 1437/1/1437 
f 2305/1/2305 2304/1/2304 2876/1/2876 2877/1/2877 
f 2875/1/2875 2876/1/2876 2304/1/2304 1442/1/1442 
f 2864/1/2864 2860/1/2860 2876/1/2876 2875/1/2875 
f 2877/1/2877 2876/1/2876 2860/1/2860 2859/1/2859 
f 1457/1/1457 2878/1/2878 2879/1/2879 1455/1/1455 
f 2880/1/2880 2879/1/2879 2878/1/2878 2881/1/2881 
f 1475/1/1475 1474/1/1474 2879/1/2879 2880/1/2880 
f 1474/1/1474 1452/1/1452 1455/1/1455 
f 2882/1/2882 2883/1/2883 2884/1/2884 2885/1/2885 
f 2886/1/2886 2884/1/2884 2883/1/2883 2887/1/2887 
f 2394/1/2394 2391/1/2391 2884/1/2884 2886/1/2886 
f 2885/1/2885 2884/1/2884 2391/1/2391 2390/1/2390 
f 2691/1/2691 2888/1/2888 2889/1/2889 2706/1/2706 
f 2890/1/2890 2889/1/2889 2888/1/2888 2887/1/2887 
f 2881/1/2881 2878/1/2878 2889/1/2889 2890/1/2890 
f 2878/1/2878 1457/1/1457 2706/1/2706 
f 2410/1/2410 2414/1/2414 2891/1/2891 2892/1/2892 
f 2880/1/2880 2891/1/2891 2414/1/2414 1475/1/1475 
f 2881/1/2881 2893/1/2893 2891/1/2891 2880/1/2880 
f 2892/1/2892 2891/1/2891 2893/1/2893 2894/1/2894 
f 2894/1/2894 2893/1/2893 2895/1/2895 2896/1/2896 
f 2890/1/2890 2895/1/2895 2893/1/2893 2881/1/2881 
f 2887/1/2887 2883/1/2883 2895/1/2895 2890/1/2890 
f 2896/1/2896 2895/1/2895 2883/1/2883 2882/1/2882 
f 2394/1/2394 2886/1/2886 2897/1/2897 2461/1/2461 
f 2887/1/2887 2888/1/2888 2897/1/2897 2886/1/2886 
f 2897/1/2897 2888/1/2888 2691/1/2691 
f 2690/1/2690 2458/1/2458 2461/1/2461 
f 2898/1/2898 2899/1/2899 2900/1/2900 2901/1/2901 
f 2902/1/2902 2900/1/2900 2899/1/2899 2903/1/2903 
f 2379/1/2379 2376/1/2376 2900/1/2900 2902/1/2902 
f 2901/1/2901 2900/1/2900 2376/1/2376 1668/1/1668 
f 2904/1/2904 2905/1/2905 2906/1/2906 2907/1/2907 
f 2908/1/2908 2906/1/2906 2905/1/2905 2909/1/2909 
f 2906/1/2906 2908/1/2908 2903/1/2903 
f 2907/1/2907 2906/1/2906 2899/1/2899 2898/1/2898 
f 2903/1/2903 2910/1/2910 2911/1/2911 2902/1/2902 
f 2397/1/2397 2911/1/2911 2910/1/2910 2398/1/2398 
f 2386/1/2386 2388/1/2388 2911/1/2911 2397/1/2397 
f 2902/1/2902 2911/1/2911 2388/1/2388 2379/1/2379 
f 2912/1/2912 2913/1/2913 2914/1/2914 2915/1/2915 
f 2287/1/2287 2286/1/2286 2914/1/2914 2913/1/2913 
f 2914/1/2914 2286/1/2286 1539/1/1539 
f 2915/1/2915 2914/1/2914 2916/1/2916 2917/1/2917 
f 2909/1/2909 2905/1/2905 2918/1/2918 2919/1/2919 
f 2920/1/2920 2918/1/2918 2905/1/2905 2904/1/2904 
f 1640/1/1640 2405/1/2405 2918/1/2918 2920/1/2920 
f 2405/1/2405 2404/1/2404 2919/1/2919 
f 2921/1/2921 2922/1/2922 2923/1/2923 2924/1/2924 
f 2915/1/2915 2923/1/2923 2922/1/2922 2912/1/2912 
f 2917/1/2917 2925/1/2925 2923/1/2923 2915/1/2915 
f 2924/1/2924 2923/1/2923 2925/1/2925 2926/1/2926 
f 2927/1/2927 2928/1/2928 2913/1/2913 2912/1/2912 
f 2497/1/2497 2928/1/2928 2927/1/2927 2494/1/2494 
f 2299/1/2299 2928/1/2928 2497/1/2497 2296/1/2296 
f 2913/1/2913 2928/1/2928 2299/1/2299 2287/1/2287 
f 2929/1/2929 2930/1/2930 2931/1/2931 2932/1/2932 
f 1547/1/1547 2931/1/2931 2930/1/2930 1538/1/1538 
f 1639/1/1639 2931/1/2931 1547/1/1547 1546/1/1546 
f 2932/1/2932 2931/1/2931 1639/1/1639 1638/1/1638 
f 1538/1/1538 2930/1/2930 2933/1/2933 1537/1/1537 
f 2930/1/2930 2929/1/2929 2934/1/2934 
f 2933/1/2933 2934/1/2934 2917/1/2917 
f 2916/1/2916 1539/1/1539 1537/1/1537 
f 2924/1/2924 2935/1/2935 2936/1/2936 2921/1/2921 
f 2926/1/2926 2937/1/2937 2935/1/2935 2924/1/2924 
f 2937/1/2937 2475/1/2475 2477/1/2477 
f 2479/1/2479 2936/1/2936 2935/1/2935 2477/1/2477 
f 2938/1/2938 2939/1/2939 2940/1/2940 2941/1/2941 
f 2942/1/2942 2940/1/2940 2939/1/2939 2943/1/2943 
f 2944/1/2944 2945/1/2945 2940/1/2940 2942/1/2942 
f 2941/1/2941 2940/1/2940 2945/1/2945 2467/1/2467 
f 2943/1/2943 2939/1/2939 2946/1/2946 2947/1/2947 
f 2948/1/2948 2946/1/2946 2939/1/2939 2938/1/2938 
f 1636/1/1636 1646/1/1646 2946/1/2946 2948/1/2948 
f 2947/1/2947 2946/1/2946 1646/1/1646 1645/1/1645 
f 1668/1/1668 1667/1/1667 2949/1/2949 2901/1/2901 
f 2950/1/2950 2949/1/2949 1667/1/1667 1660/1/1660 
f 2944/1/2944 2951/1/2951 2949/1/2949 2950/1/2950 
f 2951/1/2951 2898/1/2898 2901/1/2901 
f 2898/1/2898 2951/1/2951 2952/1/2952 2907/1/2907 
f 2942/1/2942 2952/1/2952 2951/1/2951 2944/1/2944 
f 2943/1/2943 2953/1/2953 2952/1/2952 2942/1/2942 
f 2907/1/2907 2952/1/2952 2953/1/2953 2904/1/2904 
f 2944/1/2944 2950/1/2950 2954/1/2954 2945/1/2945 
f 1659/1/1659 2954/1/2954 2950/1/2950 1660/1/1660 
f 1656/1/1656 2463/1/2463 2954/1/2954 1659/1/1659 
f 2467/1/2467 2945/1/2945 2954/1/2954 2463/1/2463 
f 2955/1/2955 2956/1/2956 2957/1/2957 2958/1/2958 
f 2959/1/2959 2960/1/2960 2956/1/2956 2955/1/2955 
f 2921/1/2921 2936/1/2936 2956/1/2956 2960/1/2960 
f 2957/1/2957 2956/1/2956 2936/1/2936 2479/1/2479 
f 2904/1/2904 2953/1/2953 2961/1/2961 2920/1/2920 
f 2947/1/2947 2961/1/2961 2953/1/2953 2943/1/2943 
f 1645/1/1645 1641/1/1641 2961/1/2961 2947/1/2947 
f 2920/1/2920 2961/1/2961 1641/1/1641 1640/1/1640 
f 2960/1/2960 2962/1/2962 2922/1/2922 2921/1/2921 
f 2963/1/2963 2962/1/2962 2960/1/2960 2959/1/2959 
f 2494/1/2494 2927/1/2927 2962/1/2962 2963/1/2963 
f 2912/1/2912 2922/1/2922 2962/1/2962 2927/1/2927 
f 2859/1/2859 2964/1/2964 2965/1/2965 2877/1/2877 
f 2966/1/2966 2965/1/2965 2964/1/2964 2958/1/2958 
f 2315/1/2315 2312/1/2312 2965/1/2965 2966/1/2966 
f 2877/1/2877 2965/1/2965 2312/1/2312 2305/1/2305 
f 2867/1/2867 2967/1/2967 2968/1/2968 2862/1/2862 
f 2955/1/2955 2968/1/2968 2967/1/2967 2959/1/2959 
f 2958/1/2958 2964/1/2964 2968/1/2968 2955/1/2955 
f 2862/1/2862 2968/1/2968 2964/1/2964 2859/1/2859 
f 2311/1/2311 2320/1/2320 2969/1/2969 2478/1/2478 
f 2966/1/2966 2969/1/2969 2320/1/2320 2315/1/2315 
f 2958/1/2958 2957/1/2957 2969/1/2969 2966/1/2966 
f 2957/1/2957 2479/1/2479 2478/1/2478 2969/1/2969 
f 2404/1/2404 2970/1/2970 2971/1/2971 2919/1/2919 
f 2972/1/2972 2971/1/2971 2970/1/2970 2973/1/2973 
f 2974/1/2974 2975/1/2975 2971/1/2971 2972/1/2972 
f 2919/1/2919 2971/1/2971 2975/1/2975 2909/1/2909 
f 2959/1/2959 2967/1/2967 2976/1/2976 2963/1/2963 
f 2871/1/2871 2976/1/2976 2967/1/2967 2867/1/2867 
f 2499/1/2499 2495/1/2495 2976/1/2976 2871/1/2871 
f 2963/1/2963 2976/1/2976 2495/1/2495 2494/1/2494 
f 2909/1/2909 2975/1/2975 2977/1/2977 2908/1/2908 
f 2978/1/2978 2977/1/2977 2975/1/2975 2974/1/2974 
f 2398/1/2398 2910/1/2910 2977/1/2977 2978/1/2978 
f 2908/1/2908 2977/1/2977 2910/1/2910 2903/1/2903 
f 2894/1/2894 2979/1/2979 2980/1/2980 2892/1/2892 
f 2981/1/2981 2980/1/2980 2979/1/2979 2973/1/2973 
f 2412/1/2412 2411/1/2411 2980/1/2980 2981/1/2981 
f 2892/1/2892 2980/1/2980 2411/1/2411 2410/1/2410 
f 2882/1/2882 2982/1/2982 2983/1/2983 2896/1/2896 
f 2972/1/2972 2983/1/2983 2982/1/2982 2974/1/2974 
f 2973/1/2973 2979/1/2979 2983/1/2983 2972/1/2972 
f 2896/1/2896 2983/1/2983 2979/1/2979 2894/1/2894 
f 2412/1/2412 2981/1/2981 2984/1/2984 2408/1/2408 
f 2973/1/2973 2970/1/2970 2984/1/2984 2981/1/2981 
f 2403/1/2403 2984/1/2984 2970/1/2970 2404/1/2404 
f 2408/1/2408 2984/1/2984 2403/1/2403 2402/1/2402 
f 2974/1/2974 2982/1/2982 2985/1/2985 2978/1/2978 
f 2885/1/2885 2985/1/2985 2982/1/2982 2882/1/2882 
f 2390/1/2390 2399/1/2399 2985/1/2985 2885/1/2885 
f 2978/1/2978 2985/1/2985 2399/1/2399 2398/1/2398 
f 2986/1/2986 2987/1/2987 2988/1/2988 2989/1/2989 
f 2990/1/2990 2988/1/2988 2987/1/2987 2991/1/2991 
f 168/1/168 167/1/167 2988/1/2988 2990/1/2990 
f 2989/1/2989 2988/1/2988 167/1/167 162/1/162 
f 2991/1/2991 2987/1/2987 2992/1/2992 2993/1/2993 
f 2994/1/2994 2992/1/2992 2987/1/2987 2986/1/2986 
f 2637/1/2637 2992/1/2992 2994/1/2994 2638/1/2638 
f 2456/1/2456 2993/1/2993 2992/1/2992 2637/1/2637 
f 2563/1/2563 2995/1/2995 2996/1/2996 2564/1/2564 
f 2989/1/2989 2996/1/2996 2995/1/2995 2986/1/2986 
f 162/1/162 161/1/161 2996/1/2996 2989/1/2989 
f 2564/1/2564 2996/1/2996 161/1/161 160/1/160 
f 2638/1/2638 2994/1/2994 2997/1/2997 2649/1/2649 
f 2986/1/2986 2995/1/2995 2997/1/2997 2994/1/2994 
f 2995/1/2995 2563/1/2563 2570/1/2570 
f 2432/1/2432 2649/1/2649 2997/1/2997 2570/1/2570 
f 2456/1/2456 2454/1/2454 2998/1/2998 2993/1/2993 
f 2454/1/2454 2455/1/2455 2999/1/2999 
f 3000/1/3000 3001/1/3001 2998/1/2998 2999/1/2999 
f 2993/1/2993 2998/1/2998 3001/1/3001 2991/1/2991 
f 3002/1/3002 3003/1/3003 3004/1/3004 3005/1/3005 
f 2682/1/2682 3004/1/3004 3003/1/3003 2680/1/2680 
f 2614/1/2614 2617/1/2617 3004/1/3004 2682/1/2682 
f 3005/1/3005 3004/1/3004 2617/1/2617 2616/1/2616 
f 3006/1/3006 3007/1/3007 316/1/316 169/1/169 
f 3008/1/3008 3007/1/3007 3006/1/3006 3000/1/3000 
f 3002/1/3002 3009/1/3009 3007/1/3007 3008/1/3008 
f 319/1/319 316/1/316 3007/1/3007 3009/1/3009 
f 2991/1/2991 3001/1/3001 3010/1/3010 2990/1/2990 
f 3006/1/3006 3010/1/3010 3001/1/3001 3000/1/3000 
f 169/1/169 172/1/172 3010/1/3010 3006/1/3006 
f 2990/1/2990 3010/1/3010 172/1/172 168/1/168 
f 2680/1/2680 3003/1/3003 3011/1/3011 2681/1/2681 
f 3008/1/3008 3011/1/3011 3003/1/3003 3002/1/3002 
f 3011/1/3011 3008/1/3008 3000/1/3000 
f 2681/1/2681 3011/1/3011 2999/1/2999 2455/1/2455 
f 3009/1/3009 3012/1/3012 324/1/324 319/1/319 
f 3005/1/3005 3012/1/3012 3009/1/3009 3002/1/3002 
f 2616/1/2616 2624/1/2624 3012/1/3012 3005/1/3005 
f 224/1/224 324/1/324 3012/1/3012 2624/1/2624 
f 2864/1/2864 2873/1/2873 3013/1/3013 2863/1/2863 
f 2711/1/2711 3014/1/3014 3013/1/3013 2873/1/2873 
f 3015/1/3015 3013/1/3013 3014/1/3014 3016/1/3016 
f 2863/1/2863 3013/1/3013 3015/1/3015 2865/1/2865 
f 2857/1/2857 3017/1/3017 3018/1/3018 2869/1/2869 
f 3019/1/3019 3020/1/3020 3018/1/3018 3017/1/3017 
f 2714/1/2714 3018/1/3018 3020/1/3020 2710/1/2710 
f 2480/1/2480 2869/1/2869 3018/1/3018 2714/1/2714 
f 3021/1/3021 3022/1/3022 1432/1/1432 1431/1/1431 
f 3023/1/3023 3022/1/3022 3021/1/3021 3016/1/3016 
f 3019/1/3019 3024/1/3024 3022/1/3022 3023/1/3023 
f 1432/1/1432 3022/1/3022 3024/1/3024 1357/1/1357 
f 2865/1/2865 3015/1/3015 3025/1/3025 2872/1/2872 
f 3016/1/3016 3021/1/3021 3025/1/3025 3015/1/3015 
f 3025/1/3025 3021/1/3021 1431/1/1431 
f 1436/1/1436 1435/1/1435 2872/1/2872 
f 2710/1/2710 3020/1/3020 3026/1/3026 2708/1/2708 
f 3023/1/3023 3026/1/3026 3020/1/3020 3019/1/3019 
f 3016/1/3016 3014/1/3014 3026/1/3026 3023/1/3023 
f 2708/1/2708 3026/1/3026 3014/1/3014 2711/1/2711 
f 3019/1/3019 3017/1/3017 3027/1/3027 3024/1/3024 
f 2856/1/2856 3027/1/3027 3017/1/3017 2857/1/2857 
f 3027/1/3027 2856/1/2856 1349/1/1349 
f 1357/1/1357 3024/1/3024 3027/1/3027 1352/1/1352 
f 2467/1/2467 2466/1/2466 3028/1/3028 2941/1/2941 
f 3029/1/3029 3028/1/3028 2466/1/2466 2465/1/2465 
f 3030/1/3030 3031/1/3031 3028/1/3028 3029/1/3029 
f 2941/1/2941 3028/1/3028 3031/1/3031 2938/1/2938 
f 2938/1/2938 3031/1/3031 3032/1/3032 2948/1/2948 
f 3033/1/3033 3032/1/3032 3031/1/3031 3030/1/3030 
f 1637/1/1637 3032/1/3032 3033/1/3033 1638/1/1638 
f 2948/1/2948 3032/1/3032 1637/1/1637 1636/1/1636 
f 1638/1/1638 3033/1/3033 3034/1/3034 2932/1/2932 
f 3035/1/3035 3034/1/3034 3033/1/3033 3030/1/3030 
f 3036/1/3036 3037/1/3037 3034/1/3034 3035/1/3035 
f 2932/1/2932 3034/1/3034 3037/1/3037 2929/1/2929 
f 2471/1/2471 3038/1/3038 3039/1/3039 2469/1/2469 
f 3035/1/3035 3039/1/3039 3038/1/3038 3036/1/3036 
f 3030/1/3030 3029/1/3029 3039/1/3039 3035/1/3035 
f 2469/1/2469 3039/1/3039 3029/1/3029 2465/1/2465 
f 2475/1/2475 2937/1/2937 3040/1/3040 2474/1/2474 
f 3041/1/3041 3040/1/3040 2937/1/2937 2926/1/2926 
f 3036/1/3036 3038/1/3038 3040/1/3040 3041/1/3041 
f 2474/1/2474 3040/1/3040 3038/1/3038 2471/1/2471 
f 2929/1/2929 3037/1/3037 3042/1/3042 2934/1/2934 
f 3041/1/3041 3042/1/3042 3037/1/3037 3036/1/3036 
f 2926/1/2926 2925/1/2925 3042/1/3042 3041/1/3041 
f 2934/1/2934 3042/1/3042 2925/1/2925 2917/1/2917 
f 3043/1/3043 2358/1/2358 2350/1/2350 
f 3044/1/3044 3045/1/3045 3046/1/3046 
f 2363/1/2363 2375/1/2375 3043/1/3043 3046/1/3046 
f 2358/1/2358 3043/1/3043 2375/1/2375 2355/1/2355 
f 3047/1/3047 3048/1/3048 3049/1/3049 3050/1/3050 
f 2364/1/2364 3049/1/3049 3048/1/3048 2166/1/2166 
f 3046/1/3046 3049/1/3049 2364/1/2364 2363/1/2363 
f 3045/1/3045 3050/1/3050 3049/1/3049 3046/1/3046 
f 3051/1/3051 3052/1/3052 3053/1/3053 3054/1/3054 
f 2165/1/2165 3053/1/3053 3052/1/3052 2167/1/2167 
f 2166/1/2166 3048/1/3048 3053/1/3053 2165/1/2165 
f 3054/1/3054 3053/1/3053 3048/1/3048 3047/1/3047 
f 3051/1/3051 3055/1/3055 3056/1/3056 3052/1/3052 
f 3057/1/3057 3056/1/3056 3055/1/3055 3058/1/3058 
f 2172/1/2172 2169/1/2169 3056/1/3056 3057/1/3057 
f 2167/1/2167 3052/1/3052 3056/1/3056 2169/1/2169 
f 3058/1/3058 3059/1/3059 3060/1/3060 3057/1/3057 
f 3061/1/3061 3060/1/3060 3059/1/3059 3062/1/3062 
f 2176/1/2176 2173/1/2173 3060/1/3060 3061/1/3061 
f 3057/1/3057 3060/1/3060 2173/1/2173 2172/1/2172 
f 3063/1/3063 3064/1/3064 3065/1/3065 3066/1/3066 
f 2178/1/2178 3065/1/3065 3064/1/3064 2179/1/2179 
f 2176/1/2176 3061/1/3061 3065/1/3065 2178/1/2178 
f 3066/1/3066 3065/1/3065 3061/1/3061 3062/1/3062 
f 3067/1/3067 3068/1/3068 3064/1/3064 3063/1/3063 
f 3069/1/3069 3068/1/3068 3067/1/3067 3070/1/3070 
f 2183/1/2183 2182/1/2182 3068/1/3068 3069/1/3069 
f 2179/1/2179 3064/1/3064 3068/1/3068 2182/1/2182 
f 2325/1/2325 3071/1/3071 3072/1/3072 2332/1/2332 
f 3073/1/3073 3072/1/3072 3071/1/3071 3074/1/3074 
f 2342/1/2342 2339/1/2339 3072/1/3072 3073/1/3073 
f 2332/1/2332 3072/1/3072 2339/1/2339 2329/1/2329 
f 3070/1/3070 3075/1/3075 3076/1/3076 3069/1/3069 
f 3074/1/3074 3071/1/3071 3076/1/3076 3075/1/3075 
f 2328/1/2328 3076/1/3076 3071/1/3071 2325/1/2325 
f 3069/1/3069 3076/1/3076 2328/1/2328 2183/1/2183 
f 2350/1/2350 2347/1/2347 3077/1/3077 3044/1/3044 
f 2347/1/2347 2342/1/2342 3073/1/3073 
f 3077/1/3077 3073/1/3073 3074/1/3074 
f 3078/1/3078 3045/1/3045 3044/1/3044 
f 3079/1/3079 3080/1/3080 3081/1/3081 3082/1/3082 
f 3050/1/3050 3081/1/3081 3080/1/3080 3047/1/3047 
f 3050/1/3050 3045/1/3045 3083/1/3083 
f 3084/1/3084 3082/1/3082 3081/1/3081 3083/1/3083 
f 3079/1/3079 3085/1/3085 3086/1/3086 3080/1/3080 
f 3087/1/3087 3086/1/3086 3085/1/3085 3088/1/3088 
f 3051/1/3051 3054/1/3054 3086/1/3086 3087/1/3087 
f 3047/1/3047 3080/1/3080 3086/1/3086 3054/1/3054 
f 3088/1/3088 3089/1/3089 3090/1/3090 3087/1/3087 
f 3091/1/3091 3090/1/3090 3089/1/3089 3092/1/3092 
f 3058/1/3058 3055/1/3055 3090/1/3090 3091/1/3091 
f 3087/1/3087 3090/1/3090 3055/1/3055 3051/1/3051 
f 3092/1/3092 3093/1/3093 3094/1/3094 3091/1/3091 
f 3095/1/3095 3096/1/3096 3094/1/3094 3093/1/3093 
f 3059/1/3059 3094/1/3094 3096/1/3096 3062/1/3062 
f 3091/1/3091 3094/1/3094 3059/1/3059 3058/1/3058 
f 3097/1/3097 3098/1/3098 3099/1/3099 3100/1/3100 
f 3066/1/3066 3099/1/3099 3098/1/3098 3063/1/3063 
f 3062/1/3062 3096/1/3096 3099/1/3099 3066/1/3066 
f 3100/1/3100 3099/1/3099 3096/1/3096 3095/1/3095 
f 3079/1/3079 3101/1/3101 3102/1/3102 3085/1/3085 
f 3103/1/3103 3102/1/3102 3101/1/3101 3104/1/3104 
f 3105/1/3105 3106/1/3106 3102/1/3102 3103/1/3103 
f 3088/1/3088 3085/1/3085 3102/1/3102 3106/1/3106 
f 3105/1/3105 3107/1/3107 3108/1/3108 3106/1/3106 
f 3109/1/3109 3110/1/3110 3108/1/3108 3107/1/3107 
f 3092/1/3092 3089/1/3089 3108/1/3108 3110/1/3110 
f 3106/1/3106 3108/1/3108 3089/1/3089 3088/1/3088 
f 3111/1/3111 3112/1/3112 3113/1/3113 3114/1/3114 
f 3067/1/3067 3113/1/3113 3112/1/3112 3070/1/3070 
f 3063/1/3063 3098/1/3098 3113/1/3113 3067/1/3067 
f 3114/1/3114 3113/1/3113 3098/1/3098 3097/1/3097 
f 3109/1/3109 3115/1/3115 3116/1/3116 3110/1/3110 
f 3117/1/3117 3118/1/3118 3116/1/3116 3115/1/3115 
f 3095/1/3095 3093/1/3093 3116/1/3116 3118/1/3118 
f 3110/1/3110 3116/1/3116 3093/1/3093 3092/1/3092 
f 3104/1/3104 3119/1/3119 3120/1/3120 3103/1/3103 
f 3115/1/3115 3120/1/3120 3119/1/3119 3117/1/3117 
f 3109/1/3109 3107/1/3107 3120/1/3120 3115/1/3115 
f 3103/1/3103 3120/1/3120 3107/1/3107 3105/1/3105 
f 3121/1/3121 3122/1/3122 3123/1/3123 3124/1/3124 
f 3125/1/3125 3123/1/3123 3122/1/3122 3126/1/3126 
f 3117/1/3117 3119/1/3119 3123/1/3123 3125/1/3125 
f 3124/1/3124 3123/1/3123 3119/1/3119 3104/1/3104 
f 3095/1/3095 3118/1/3118 3127/1/3127 3100/1/3100 
f 3125/1/3125 3127/1/3127 3118/1/3118 3117/1/3117 
f 3126/1/3126 3128/1/3128 3127/1/3127 3125/1/3125 
f 3100/1/3100 3127/1/3127 3128/1/3128 3097/1/3097 
f 3129/1/3129 3130/1/3130 3131/1/3131 3132/1/3132 
f 3130/1/3130 3084/1/3084 3083/1/3083 
f 3131/1/3131 3083/1/3083 3045/1/3045 
f 3132/1/3132 3131/1/3131 3078/1/3078 3074/1/3074 
f 3133/1/3133 3134/1/3134 3082/1/3082 3084/1/3084 
f 3124/1/3124 3134/1/3134 3133/1/3133 3121/1/3121 
f 3104/1/3104 3101/1/3101 3134/1/3134 3124/1/3124 
f 3082/1/3082 3134/1/3134 3101/1/3101 3079/1/3079 
f 3135/1/3135 3129/1/3129 3132/1/3132 
f 3132/1/3132 3074/1/3074 3075/1/3075 
f 3075/1/3075 3070/1/3070 3112/1/3112 
f 3112/1/3112 3111/1/3111 3135/1/3135 
f 3136/1/3136 3137/1/3137 3138/1/3138 3139/1/3139 
f 3140/1/3140 3138/1/3138 3137/1/3137 3121/1/3121 
f 3129/1/3129 3135/1/3135 3138/1/3138 3140/1/3140 
f 3139/1/3139 3138/1/3138 3135/1/3135 3111/1/3111 
f 3140/1/3140 3121/1/3121 3133/1/3133 
f 3084/1/3084 3130/1/3130 3141/1/3141 3133/1/3133 
f 3140/1/3140 3141/1/3141 3130/1/3130 3129/1/3129 
f 3126/1/3126 3122/1/3122 3142/1/3142 3143/1/3143 
f 3137/1/3137 3142/1/3142 3122/1/3122 3121/1/3121 
f 3143/1/3143 3142/1/3142 3137/1/3137 3136/1/3136 
f 3097/1/3097 3128/1/3128 3144/1/3144 3114/1/3114 
f 3143/1/3143 3144/1/3144 3128/1/3128 3126/1/3126 
f 3136/1/3136 3139/1/3139 3144/1/3144 3143/1/3143 
f 3114/1/3114 3144/1/3144 3139/1/3139 3111/1/3111 
f 3145/1/3145 3146/1/3146 3147/1/3147 3148/1/3148 
f 2421/1/2421 3146/1/3146 3145/1/3145 9/1/9 
f 3146/1/3146 2421/1/2421 2418/1/2418 
f 3149/1/3149 3147/1/3147 3146/1/3146 3150/1/3150 
f 3151/1/3151 3152/1/3152 3153/1/3153 
f 3154/1/3154 1/1/1 4/1/4 
f 9/1/9 3145/1/3145 3151/1/3151 4/1/4 
f 3148/1/3148 3152/1/3152 3151/1/3151 3145/1/3145 
f 3155/1/3155 3156/1/3156 3157/1/3157 3158/1/3158 
f 3159/1/3159 3157/1/3157 3156/1/3156 3160/1/3160 
f 3153/1/3153 3152/1/3152 3157/1/3157 3159/1/3159 
f 3158/1/3158 3157/1/3157 3152/1/3152 3148/1/3148 
f 3161/1/3161 3162/1/3162 3156/1/3156 3155/1/3155 
f 3160/1/3160 3156/1/3156 3162/1/3162 3163/1/3163 
f 3164/1/3164 3165/1/3165 3166/1/3166 3167/1/3167 
f 3165/1/3165 3164/1/3164 25/1/25 
f 1/1/1 3154/1/3154 3165/1/3165 24/1/24 
f 3166/1/3166 3165/1/3165 3154/1/3154 3153/1/3153 
f 3167/1/3167 3166/1/3166 3168/1/3168 3169/1/3169 
f 3168/1/3168 3166/1/3166 3153/1/3153 
f 3159/1/3159 3160/1/3160 3170/1/3170 
f 3169/1/3169 3168/1/3168 3170/1/3170 3171/1/3171 
f 3172/1/3172 3170/1/3170 3160/1/3160 
f 3173/1/3173 3172/1/3172 3174/1/3174 3175/1/3175 
f 3171/1/3171 3170/1/3170 3172/1/3172 3173/1/3173 
f 32/1/32 35/1/35 3176/1/3176 3177/1/3177 
f 3164/1/3164 3176/1/3176 35/1/35 25/1/25 
f 3167/1/3167 3178/1/3178 3176/1/3176 3164/1/3164 
f 3177/1/3177 3176/1/3176 3178/1/3178 3179/1/3179 
f 3179/1/3179 3178/1/3178 3180/1/3180 3181/1/3181 
f 3169/1/3169 3180/1/3180 3178/1/3178 3167/1/3167 
f 3171/1/3171 3182/1/3182 3180/1/3180 3169/1/3169 
f 3181/1/3181 3180/1/3180 3182/1/3182 3183/1/3183 
f 3173/1/3173 3184/1/3184 3182/1/3182 3171/1/3171 
f 3175/1/3175 3185/1/3185 3184/1/3184 3173/1/3173 
f 3186/1/3186 3184/1/3184 3185/1/3185 3187/1/3187 
f 3183/1/3183 3182/1/3182 3184/1/3184 3186/1/3186 
f 34/1/34 33/1/33 3188/1/3188 3189/1/3189 
f 3177/1/3177 3188/1/3188 33/1/33 32/1/32 
f 3179/1/3179 3190/1/3190 3188/1/3188 3177/1/3177 
f 3189/1/3189 3188/1/3188 3190/1/3190 3191/1/3191 
f 3191/1/3191 3190/1/3190 3192/1/3192 3193/1/3193 
f 3181/1/3181 3192/1/3192 3190/1/3190 3179/1/3179 
f 3183/1/3183 3194/1/3194 3192/1/3192 3181/1/3181 
f 3193/1/3193 3192/1/3192 3194/1/3194 3195/1/3195 
f 3186/1/3186 3196/1/3196 3194/1/3194 3183/1/3183 
f 3187/1/3187 3197/1/3197 3196/1/3196 3186/1/3186 
f 3198/1/3198 3196/1/3196 3197/1/3197 3199/1/3199 
f 3195/1/3195 3194/1/3194 3196/1/3196 3198/1/3198 
f 3200/1/3200 3201/1/3201 3202/1/3202 3203/1/3203 
f 3204/1/3204 3205/1/3205 3201/1/3201 3200/1/3200 
f 3206/1/3206 3201/1/3201 3205/1/3205 3207/1/3207 
f 3208/1/3208 3202/1/3202 3201/1/3201 3206/1/3206 
f 3209/1/3209 3210/1/3210 3211/1/3211 3212/1/3212 
f 3213/1/3213 3214/1/3214 3211/1/3211 3210/1/3210 
f 1762/1/1762 3211/1/3211 3214/1/3214 1766/1/1766 
f 1761/1/1761 3212/1/3212 3211/1/3211 1762/1/1762 
f 3203/1/3203 3202/1/3202 3215/1/3215 3216/1/3216 
f 3217/1/3217 3215/1/3215 3202/1/3202 3208/1/3208 
f 3213/1/3213 3210/1/3210 3215/1/3215 3217/1/3217 
f 3216/1/3216 3215/1/3215 3210/1/3210 3209/1/3209 
f 3212/1/3212 3218/1/3218 3219/1/3219 3209/1/3209 
f 2531/1/2531 3218/1/3218 3212/1/3212 1761/1/1761 
f 2520/1/2520 3220/1/3220 3218/1/3218 2531/1/2531 
f 3221/1/3221 3219/1/3219 3218/1/3218 3220/1/3220 
f 3222/1/3222 3223/1/3223 3224/1/3224 3225/1/3225 
f 2233/1/2233 3224/1/3224 3223/1/3223 2232/1/2232 
f 1766/1/1766 3214/1/3214 3224/1/3224 2233/1/2233 
f 3225/1/3225 3224/1/3224 3214/1/3214 3213/1/3213 
f 3226/1/3226 3227/1/3227 3228/1/3228 3229/1/3229 
f 1775/1/1775 2231/1/2231 3228/1/3228 3227/1/3227 
f 2232/1/2232 3223/1/3223 3228/1/3228 2231/1/2231 
f 3229/1/3229 3228/1/3228 3223/1/3223 3222/1/3222 
f 3225/1/3225 3230/1/3230 3231/1/3231 3222/1/3222 
f 3213/1/3213 3217/1/3217 3230/1/3230 3225/1/3225 
f 3208/1/3208 3232/1/3232 3230/1/3230 3217/1/3217 
f 3233/1/3233 3231/1/3231 3230/1/3230 3232/1/3232 
f 3206/1/3206 3234/1/3234 3232/1/3232 3208/1/3208 
f 3207/1/3207 3235/1/3235 3234/1/3234 3206/1/3206 
f 3236/1/3236 3237/1/3237 3234/1/3234 3235/1/3235 
f 3232/1/3232 3234/1/3234 3237/1/3237 3233/1/3233 
f 3238/1/3238 3239/1/3239 3240/1/3240 3241/1/3241 
f 1770/1/1770 1769/1/1769 3239/1/3239 3238/1/3238 
f 3227/1/3227 3239/1/3239 1769/1/1769 1775/1/1775 
f 3226/1/3226 3240/1/3240 3239/1/3239 3227/1/3227 
f 3229/1/3229 3242/1/3242 3243/1/3243 3226/1/3226 
f 3222/1/3222 3231/1/3231 3242/1/3242 3229/1/3229 
f 3244/1/3244 3242/1/3242 3231/1/3231 3233/1/3233 
f 3245/1/3245 3243/1/3243 3242/1/3242 3244/1/3244 
f 3233/1/3233 3237/1/3237 3246/1/3246 3244/1/3244 
f 3247/1/3247 3246/1/3246 3237/1/3237 3236/1/3236 
f 3248/1/3248 3249/1/3249 3246/1/3246 3247/1/3247 
f 3244/1/3244 3246/1/3246 3249/1/3249 3245/1/3245 
f 3241/1/3241 3240/1/3240 3250/1/3250 3251/1/3251 
f 3243/1/3243 3250/1/3250 3240/1/3240 3226/1/3226 
f 3252/1/3252 3250/1/3250 3243/1/3243 3245/1/3245 
f 3251/1/3251 3250/1/3250 3252/1/3252 3253/1/3253 
f 3245/1/3245 3249/1/3249 3254/1/3254 3252/1/3252 
f 3255/1/3255 3254/1/3254 3249/1/3249 3248/1/3248 
f 3256/1/3256 3254/1/3254 3255/1/3255 3257/1/3257 
f 3253/1/3253 3252/1/3252 3254/1/3254 3256/1/3256 
f 3258/1/3258 3259/1/3259 1785/1/1785 
f 3238/1/3238 3258/1/3258 1784/1/1784 1770/1/1770 
f 3241/1/3241 3260/1/3260 3258/1/3258 3238/1/3238 
f 3259/1/3259 3258/1/3258 3260/1/3260 3261/1/3261 
f 3261/1/3261 3260/1/3260 3262/1/3262 3263/1/3263 
f 3251/1/3251 3262/1/3262 3260/1/3260 3241/1/3241 
f 3253/1/3253 3264/1/3264 3262/1/3262 3251/1/3251 
f 3264/1/3264 3265/1/3265 3263/1/3263 
f 3256/1/3256 3266/1/3266 3264/1/3264 3253/1/3253 
f 3257/1/3257 3267/1/3267 3266/1/3266 3256/1/3256 
f 3268/1/3268 3266/1/3266 3267/1/3267 3269/1/3269 
f 3266/1/3266 3268/1/3268 3265/1/3265 
f 3270/1/3270 3271/1/3271 3272/1/3272 3273/1/3273 
f 1758/1/1758 2039/1/2039 3271/1/3271 3270/1/3270 
f 3274/1/3274 3271/1/3271 2039/1/2039 2038/1/2038 
f 3275/1/3275 3272/1/3272 3271/1/3271 3274/1/3274 
f 2038/1/2038 2227/1/2227 3276/1/3276 3274/1/3274 
f 3259/1/3259 3276/1/3276 2227/1/2227 1785/1/1785 
f 3261/1/3261 3277/1/3277 3276/1/3276 3259/1/3259 
f 3274/1/3274 3276/1/3276 3277/1/3277 3275/1/3275 
f 3275/1/3275 3277/1/3277 3278/1/3278 3279/1/3279 
f 3263/1/3263 3278/1/3278 3277/1/3277 3261/1/3261 
f 3265/1/3265 3280/1/3280 3278/1/3278 3263/1/3263 
f 3279/1/3279 3278/1/3278 3280/1/3280 3281/1/3281 
f 3268/1/3268 3282/1/3282 3280/1/3280 3265/1/3265 
f 3269/1/3269 3283/1/3283 3282/1/3282 3268/1/3268 
f 3284/1/3284 3282/1/3282 3283/1/3283 3285/1/3285 
f 3281/1/3281 3280/1/3280 3282/1/3282 3284/1/3284 
f 3286/1/3286 3287/1/3287 3288/1/3288 3289/1/3289 
f 1760/1/1760 1759/1/1759 3288/1/3288 3287/1/3287 
f 3270/1/3270 3288/1/3288 1759/1/1759 1758/1/1758 
f 3273/1/3273 3289/1/3289 3288/1/3288 3270/1/3270 
f 3273/1/3273 3272/1/3272 3290/1/3290 3291/1/3291 
f 3279/1/3279 3290/1/3290 3272/1/3272 3275/1/3275 
f 3281/1/3281 3292/1/3292 3290/1/3290 3279/1/3279 
f 3291/1/3291 3290/1/3290 3292/1/3292 3293/1/3293 
f 3284/1/3284 3294/1/3294 3292/1/3292 3281/1/3281 
f 3285/1/3285 3295/1/3295 3294/1/3294 3284/1/3284 
f 3296/1/3296 3294/1/3294 3295/1/3295 3297/1/3297 
f 3293/1/3293 3292/1/3292 3294/1/3294 3296/1/3296 
f 3289/1/3289 3298/1/3298 3299/1/3299 3286/1/3286 
f 3291/1/3291 3298/1/3298 3289/1/3289 3273/1/3273 
f 3293/1/3293 3300/1/3300 3298/1/3298 3291/1/3291 
f 3301/1/3301 3299/1/3299 3298/1/3298 3300/1/3300 
f 3296/1/3296 3302/1/3302 3300/1/3300 3293/1/3293 
f 3297/1/3297 3303/1/3303 3302/1/3302 3296/1/3296 
f 3304/1/3304 3305/1/3305 3302/1/3302 3303/1/3303 
f 3300/1/3300 3302/1/3302 3305/1/3305 3301/1/3301 
f 2538/1/2538 3306/1/3306 3307/1/3307 2535/1/2535 
f 1760/1/1760 3287/1/3287 3306/1/3306 2538/1/2538 
f 3308/1/3308 3306/1/3306 3287/1/3287 3286/1/3286 
f 3309/1/3309 3307/1/3307 3306/1/3306 3308/1/3308 
f 3308/1/3308 3310/1/3310 3311/1/3311 3309/1/3309 
f 3286/1/3286 3299/1/3299 3310/1/3310 3308/1/3308 
f 3312/1/3312 3310/1/3310 3299/1/3299 3301/1/3301 
f 3313/1/3313 3311/1/3311 3310/1/3310 3312/1/3312 
f 3314/1/3314 3315/1/3315 3316/1/3316 3317/1/3317 
f 2544/1/2544 3316/1/3316 3315/1/3315 2541/1/2541 
f 2535/1/2535 3307/1/3307 3316/1/3316 2544/1/2544 
f 3317/1/3317 3316/1/3316 3307/1/3307 3309/1/3309 
f 3301/1/3301 3305/1/3305 3318/1/3318 3312/1/3312 
f 3319/1/3319 3318/1/3318 3305/1/3305 3304/1/3304 
f 3320/1/3320 3321/1/3321 3318/1/3318 3319/1/3319 
f 3312/1/3312 3318/1/3318 3321/1/3321 3313/1/3313 
f 43/1/43 39/1/39 3322/1/3322 3323/1/3323 
f 3324/1/3324 3322/1/3322 39/1/39 38/1/38 
f 3325/1/3325 3326/1/3326 3322/1/3322 3324/1/3324 
f 3323/1/3323 3322/1/3322 3326/1/3326 3327/1/3327 
f 3328/1/3328 3329/1/3329 3330/1/3330 3331/1/3331 
f 3332/1/3332 3333/1/3333 3329/1/3329 3328/1/3328 
f 3334/1/3334 3329/1/3329 3333/1/3333 3335/1/3335 
f 3336/1/3336 3330/1/3330 3329/1/3329 3334/1/3334 
f 3335/1/3335 3337/1/3337 3338/1/3338 3334/1/3334 
f 3326/1/3326 3338/1/3338 3337/1/3337 3327/1/3327 
f 3325/1/3325 3339/1/3339 3338/1/3338 3326/1/3326 
f 3334/1/3334 3338/1/3338 3339/1/3339 3336/1/3336 
f 64/1/64 63/1/63 3340/1/3340 3341/1/3341 
f 3323/1/3323 3340/1/3340 63/1/63 43/1/43 
f 3327/1/3327 3342/1/3342 3340/1/3340 3323/1/3323 
f 3341/1/3341 3340/1/3340 3342/1/3342 3343/1/3343 
f 3344/1/3344 3343/1/3343 3342/1/3342 
f 3327/1/3327 3337/1/3337 3345/1/3345 3342/1/3342 
f 3346/1/3346 3345/1/3345 3337/1/3337 3335/1/3335 
f 3347/1/3347 3344/1/3344 3345/1/3345 3346/1/3346 
f 3335/1/3335 3333/1/3333 3348/1/3348 3346/1/3346 
f 3349/1/3349 3348/1/3348 3333/1/3333 3332/1/3332 
f 3350/1/3350 3351/1/3351 3348/1/3348 3349/1/3349 
f 3346/1/3346 3348/1/3348 3351/1/3351 3347/1/3347 
f 678/1/678 677/1/677 3352/1/3352 3353/1/3353 
f 3341/1/3341 3352/1/3352 677/1/677 64/1/64 
f 3343/1/3343 3354/1/3354 3352/1/3352 3341/1/3341 
f 3355/1/3355 3353/1/3353 3352/1/3352 3354/1/3354 
f 3354/1/3354 3356/1/3356 3357/1/3357 3355/1/3355 
f 3356/1/3356 3354/1/3354 3343/1/3343 
f 3358/1/3358 3356/1/3356 3344/1/3344 3347/1/3347 
f 3359/1/3359 3357/1/3357 3356/1/3356 3358/1/3358 
f 3360/1/3360 3361/1/3361 3362/1/3362 3363/1/3363 
f 684/1/684 683/1/683 3362/1/3362 3361/1/3361 
f 683/1/683 678/1/678 3353/1/3353 
f 3363/1/3363 3362/1/3362 3353/1/3353 3355/1/3355 
f 3347/1/3347 3351/1/3351 3364/1/3364 3358/1/3358 
f 3365/1/3365 3364/1/3364 3351/1/3351 3350/1/3350 
f 3366/1/3366 3367/1/3367 3364/1/3364 3365/1/3365 
f 3358/1/3358 3364/1/3364 3367/1/3367 3359/1/3359 
f 3155/1/3155 3368/1/3368 3369/1/3369 3161/1/3161 
f 3370/1/3370 3369/1/3369 3368/1/3368 3371/1/3371 
f 3158/1/3158 3372/1/3372 3368/1/3368 3155/1/3155 
f 3148/1/3148 3147/1/3147 3372/1/3372 3158/1/3158 
f 3373/1/3373 3372/1/3372 3147/1/3147 3149/1/3149 
f 3371/1/3371 3368/1/3368 3372/1/3372 3373/1/3373 
f 3374/1/3374 3375/1/3375 3376/1/3376 3377/1/3377 
f 3359/1/3359 3367/1/3367 3376/1/3376 3375/1/3375 
f 3378/1/3378 3376/1/3376 3367/1/3367 3366/1/3366 
f 3376/1/3376 3378/1/3378 3379/1/3379 
f 3380/1/3380 3381/1/3381 3382/1/3382 3383/1/3383 
f 2418/1/2418 2417/1/2417 3382/1/3382 3381/1/3381 
f 684/1/684 3361/1/3361 3382/1/3382 2417/1/2417 
f 3383/1/3383 3382/1/3382 3361/1/3361 3360/1/3360 
f 3374/1/3374 3384/1/3384 3385/1/3385 3375/1/3375 
f 3363/1/3363 3385/1/3385 3384/1/3384 3360/1/3360 
f 3355/1/3355 3357/1/3357 3385/1/3385 3363/1/3363 
f 3375/1/3375 3385/1/3385 3357/1/3357 3359/1/3359 
f 3383/1/3383 3386/1/3386 3387/1/3387 3380/1/3380 
f 3360/1/3360 3384/1/3384 3386/1/3386 3383/1/3383 
f 3388/1/3388 3386/1/3386 3384/1/3384 3374/1/3374 
f 3387/1/3387 3386/1/3386 3388/1/3388 3389/1/3389 
f 3377/1/3377 3390/1/3390 3388/1/3388 3374/1/3374 
f 3377/1/3377 3379/1/3379 3391/1/3391 
f 3389/1/3389 3388/1/3388 3390/1/3390 3392/1/3392 
f 3371/1/3371 3393/1/3393 3394/1/3394 3370/1/3370 
f 3395/1/3395 3394/1/3394 3393/1/3393 3396/1/3396 
f 3397/1/3397 3398/1/3398 3399/1/3399 3400/1/3400 
f 3387/1/3387 3399/1/3399 3398/1/3398 3380/1/3380 
f 3389/1/3389 3401/1/3401 3399/1/3399 3387/1/3387 
f 3400/1/3400 3399/1/3399 3401/1/3401 3402/1/3402 
f 3389/1/3389 3392/1/3392 3403/1/3403 3401/1/3401 
f 3401/1/3401 3403/1/3403 3404/1/3404 3402/1/3402 
f 3405/1/3405 3406/1/3406 3149/1/3149 
f 3381/1/3381 3405/1/3405 3150/1/3150 2418/1/2418 
f 3380/1/3380 3398/1/3398 3405/1/3405 3381/1/3381 
f 3406/1/3406 3405/1/3405 3398/1/3398 3397/1/3397 
f 3396/1/3396 3393/1/3393 3407/1/3407 3408/1/3408 
f 3373/1/3373 3407/1/3407 3393/1/3393 3371/1/3371 
f 3149/1/3149 3406/1/3406 3407/1/3407 3373/1/3373 
f 3406/1/3406 3397/1/3397 3408/1/3408 
f 3402/1/3402 3409/1/3409 3410/1/3410 3400/1/3400 
f 3408/1/3408 3410/1/3410 3409/1/3409 3396/1/3396 
f 3400/1/3400 3410/1/3410 3408/1/3408 3397/1/3397 
f 3404/1/3404 3411/1/3411 3409/1/3409 3402/1/3402 
f 3396/1/3396 3409/1/3409 3411/1/3411 3395/1/3395 
f 2533/1/2533 3412/1/3412 3413/1/3413 2519/1/2519 
f 3189/1/3189 3412/1/3412 2533/1/2533 34/1/34 
f 3191/1/3191 3414/1/3414 3412/1/3412 3189/1/3189 
f 3415/1/3415 3413/1/3413 3412/1/3412 3414/1/3414 
f 3415/1/3415 3414/1/3414 3416/1/3416 3417/1/3417 
f 3193/1/3193 3416/1/3416 3414/1/3414 3191/1/3191 
f 3195/1/3195 3418/1/3418 3416/1/3416 3193/1/3193 
f 3417/1/3417 3416/1/3416 3418/1/3418 3419/1/3419 
f 3415/1/3415 3420/1/3420 3421/1/3421 3413/1/3413 
f 3220/1/3220 3421/1/3421 3420/1/3420 3221/1/3221 
f 2516/1/2516 3421/1/3421 3220/1/3220 2520/1/2520 
f 2519/1/2519 3413/1/3413 3421/1/3421 2516/1/2516 
f 3198/1/3198 3422/1/3422 3418/1/3418 3195/1/3195 
f 3199/1/3199 3423/1/3423 3422/1/3422 3198/1/3198 
f 3424/1/3424 3422/1/3422 3423/1/3423 3425/1/3425 
f 3419/1/3419 3418/1/3418 3422/1/3422 3424/1/3424 
f 3426/1/3426 3427/1/3427 3428/1/3428 3429/1/3429 
f 3200/1/3200 3428/1/3428 3427/1/3427 3204/1/3204 
f 3203/1/3203 3430/1/3430 3428/1/3428 3200/1/3200 
f 3429/1/3429 3428/1/3428 3430/1/3430 3431/1/3431 
f 3431/1/3431 3432/1/3432 3433/1/3433 3429/1/3429 
f 3424/1/3424 3433/1/3433 3432/1/3432 3419/1/3419 
f 3425/1/3425 3434/1/3434 3433/1/3433 3424/1/3424 
f 3429/1/3429 3433/1/3433 3434/1/3434 3426/1/3426 
f 3325/1/3325 3324/1/3324 3435/1/3435 3436/1/3436 
f 2510/1/2510 3435/1/3435 3324/1/3324 38/1/38 
f 2511/1/2511 3437/1/3437 3435/1/3435 2510/1/2510 
f 3436/1/3436 3435/1/3435 3437/1/3437 3438/1/3438 
f 3216/1/3216 3439/1/3439 3430/1/3430 3203/1/3203 
f 3209/1/3209 3219/1/3219 3439/1/3439 3216/1/3216 
f 3440/1/3440 3439/1/3439 3219/1/3219 3221/1/3221 
f 3431/1/3431 3430/1/3430 3439/1/3439 3440/1/3440 
f 3440/1/3440 3441/1/3441 3432/1/3432 3431/1/3431 
f 3221/1/3221 3420/1/3420 3441/1/3441 3440/1/3440 
f 3417/1/3417 3441/1/3441 3420/1/3420 3415/1/3415 
f 3419/1/3419 3432/1/3432 3441/1/3441 3417/1/3417 
f 2549/1/2549 3442/1/3442 3437/1/3437 2511/1/2511 
f 2541/1/2541 3315/1/3315 3442/1/3442 2549/1/2549 
f 3443/1/3443 3442/1/3442 3315/1/3315 3314/1/3314 
f 3438/1/3438 3437/1/3437 3442/1/3442 3443/1/3443 
f 3444/1/3444 3445/1/3445 3446/1/3446 3447/1/3447 
f 3336/1/3336 3339/1/3339 3445/1/3445 3444/1/3444 
f 3436/1/3436 3445/1/3445 3339/1/3339 3325/1/3325 
f 3438/1/3438 3446/1/3446 3445/1/3445 3436/1/3436 
f 3447/1/3447 3448/1/3448 3449/1/3449 3444/1/3444 
f 3450/1/3450 3449/1/3449 3448/1/3448 3451/1/3451 
f 3331/1/3331 3330/1/3330 3449/1/3449 3450/1/3450 
f 3444/1/3444 3449/1/3449 3330/1/3330 3336/1/3336 
f 3452/1/3452 3453/1/3453 3454/1/3454 
f 3451/1/3451 3448/1/3448 3455/1/3455 3454/1/3454 
f 3456/1/3456 3455/1/3455 3448/1/3448 3447/1/3447 
f 3457/1/3457 3452/1/3452 3455/1/3455 3456/1/3456 
f 3458/1/3458 3459/1/3459 3452/1/3452 3457/1/3457 
f 3313/1/3313 3321/1/3321 3459/1/3459 3458/1/3458 
f 3460/1/3460 3459/1/3459 3321/1/3321 3320/1/3320 
f 3459/1/3459 3460/1/3460 3453/1/3453 
f 3447/1/3447 3446/1/3446 3461/1/3461 3456/1/3456 
f 3443/1/3443 3461/1/3461 3446/1/3446 3438/1/3438 
f 3314/1/3314 3462/1/3462 3461/1/3461 3443/1/3443 
f 3456/1/3456 3461/1/3461 3462/1/3462 3457/1/3457 
f 3457/1/3457 3462/1/3462 3463/1/3463 3458/1/3458 
f 3317/1/3317 3463/1/3463 3462/1/3462 3314/1/3314 
f 3309/1/3309 3311/1/3311 3463/1/3463 3317/1/3317 
f 3458/1/3458 3463/1/3463 3311/1/3311 3313/1/3313 
f 20/1/20 21/1/21 18/1/18 
f 85/1/85 82/1/82 81/1/81 
f 84/1/84 92/1/92 90/1/90 
f 17/1/17 94/1/94 97/1/97 
f 77/1/77 101/1/101 102/1/102 
f 83/1/83 102/1/102 105/1/105 
f 121/1/121 122/1/122 119/1/119 
f 127/1/127 129/1/129 125/1/125 
f 136/1/136 134/1/134 133/1/133 
f 137/1/137 138/1/138 134/1/134 
f 136/1/136 176/1/176 180/1/180 
f 213/1/213 1820/1/1820 211/1/211 
f 211/1/211 1820/1/1820 214/1/214 
f 212/1/212 211/1/211 216/1/216 
f 181/1/181 184/1/184 268/1/268 
f 269/1/269 268/1/268 184/1/184 
f 295/1/295 296/1/296 293/1/293 
f 315/1/315 313/1/313 215/1/215 
f 266/1/266 326/1/326 325/1/325 
f 363/1/363 362/1/362 366/1/366 
f 347/1/347 371/1/371 368/1/368 
f 383/1/383 387/1/387 386/1/386 
f 401/1/401 398/1/398 403/1/403 
f 389/1/389 411/1/411 386/1/386 
f 423/1/423 425/1/425 421/1/421 
f 449/1/449 451/1/451 447/1/447 
f 428/1/428 427/1/427 452/1/452 
f 473/1/473 477/1/477 476/1/476 
f 482/1/482 483/1/483 479/1/479 
f 488/1/488 496/1/496 492/1/492 
f 509/1/509 510/1/510 486/1/486 
f 480/1/480 510/1/510 509/1/509 
f 481/1/481 496/1/496 510/1/510 
f 486/1/486 510/1/510 496/1/496 
f 517/1/517 518/1/518 515/1/515 
f 520/1/520 515/1/515 518/1/518 
f 519/1/519 524/1/524 523/1/523 
f 524/1/524 526/1/526 453/1/453 
f 422/1/422 529/1/529 484/1/484 
f 534/1/534 539/1/539 537/1/537 
f 549/1/549 546/1/546 545/1/545 
f 559/1/559 560/1/560 555/1/555 
f 556/1/556 555/1/555 560/1/560 
f 518/1/518 575/1/575 574/1/574 
f 581/1/581 582/1/582 579/1/579 
f 525/1/525 579/1/579 582/1/582 
f 580/1/580 579/1/579 574/1/574 
f 580/1/580 585/1/585 583/1/583 
f 581/1/581 588/1/588 587/1/587 
f 582/1/582 587/1/587 531/1/531 
f 547/1/547 588/1/588 589/1/589 
f 592/1/592 589/1/589 590/1/590 
f 548/1/548 589/1/589 592/1/592 
f 600/1/600 598/1/598 597/1/597 
f 610/1/610 609/1/609 613/1/613 
f 599/1/599 616/1/616 615/1/615 
f 570/1/570 567/1/567 615/1/615 
f 605/1/605 624/1/624 616/1/616 
f 619/1/619 629/1/629 628/1/628 
f 627/1/627 628/1/628 602/1/602 
f 622/1/622 629/1/629 630/1/630 
f 617/1/617 630/1/630 629/1/629 
f 611/1/611 608/1/608 630/1/630 
f 623/1/623 630/1/630 608/1/608 
f 655/1/655 656/1/656 654/1/654 
f 185/1/185 654/1/654 656/1/656 
f 266/1/266 664/1/664 663/1/663 
f 661/1/661 664/1/664 665/1/665 
f 269/1/269 665/1/665 664/1/664 
f 186/1/186 656/1/656 665/1/665 
f 666/1/666 665/1/665 656/1/656 
f 674/1/674 679/1/679 690/1/690 
f 753/1/753 750/1/750 758/1/758 
f 798/1/798 800/1/800 483/1/483 
f 474/1/474 476/1/476 800/1/800 
f 483/1/483 800/1/800 476/1/476 
f 474/1/474 799/1/799 807/1/807 
f 812/1/812 813/1/813 810/1/810 
f 815/1/815 810/1/810 813/1/813 
f 816/1/816 817/1/817 810/1/810 
f 811/1/811 810/1/810 817/1/817 
f 821/1/821 819/1/819 818/1/818 
f 881/1/881 880/1/880 783/1/783 
f 884/1/884 879/1/879 887/1/887 
f 882/1/882 889/1/889 887/1/887 
f 859/1/859 895/1/895 894/1/894 
f 890/1/890 894/1/894 895/1/895 
f 863/1/863 860/1/860 894/1/894 
f 895/1/895 897/1/897 896/1/896 
f 896/1/896 899/1/899 898/1/898 
f 903/1/903 900/1/900 899/1/899 
f 908/1/908 909/1/909 905/1/905 
f 898/1/898 905/1/905 909/1/909 
f 927/1/927 923/1/923 934/1/934 
f 933/1/933 936/1/936 929/1/929 
f 936/1/936 937/1/937 416/1/416 
f 416/1/416 937/1/937 938/1/938 
f 360/1/360 944/1/944 943/1/943 
f 872/1/872 868/1/868 946/1/946 
f 968/1/968 969/1/969 967/1/967 
f 901/1/901 957/1/957 969/1/969 
f 967/1/967 969/1/969 957/1/957 
f 974/1/974 963/1/963 553/1/553 
f 543/1/543 965/1/965 975/1/975 
f 971/1/971 975/1/975 965/1/965 
f 954/1/954 991/1/991 990/1/990 
f 993/1/993 990/1/990 991/1/991 
f 992/1/992 991/1/991 994/1/994 
f 962/1/962 994/1/994 991/1/991 
f 948/1/948 947/1/947 994/1/994 
f 995/1/995 994/1/994 947/1/947 
f 993/1/993 997/1/997 1001/1/1001 
f 218/1/218 1054/1/1054 1053/1/1053 
f 1056/1/1056 1053/1/1053 1054/1/1054 
f 212/1/212 1053/1/1053 1058/1/1058 
f 1086/1/1086 1084/1/1084 1083/1/1083 
f 1094/1/1094 1091/1/1091 1090/1/1090 
f 1095/1/1095 1096/1/1096 1091/1/1091 
f 1092/1/1092 1091/1/1091 1096/1/1096 
f 1126/1/1126 1127/1/1127 1123/1/1123 
f 1130/1/1130 1132/1/1132 1128/1/1128 
f 1134/1/1134 1135/1/1135 1132/1/1132 
f 1125/1/1125 1140/1/1140 1137/1/1137 
f 1141/1/1141 1142/1/1142 1137/1/1137 
f 1138/1/1138 1144/1/1144 1143/1/1143 
f 1133/1/1133 1130/1/1130 1143/1/1143 
f 1139/1/1139 1143/1/1143 1145/1/1145 
f 884/1/884 1148/1/1148 1146/1/1146 
f 1150/1/1150 1151/1/1151 1147/1/1147 
f 1154/1/1154 1155/1/1155 1152/1/1152 
f 1140/1/1140 1152/1/1152 1155/1/1155 
f 1150/1/1150 1152/1/1152 1140/1/1140 
f 1149/1/1149 1153/1/1153 1152/1/1152 
f 1157/1/1157 1156/1/1156 1155/1/1155 
f 1144/1/1144 1156/1/1156 1159/1/1159 
f 1165/1/1165 1164/1/1164 1163/1/1163 
f 576/1/576 1167/1/1167 584/1/584 
f 1175/1/1175 1178/1/1178 1174/1/1174 
f 1179/1/1179 1182/1/1182 1181/1/1181 
f 1181/1/1181 1183/1/1183 1168/1/1168 
f 621/1/621 1183/1/1183 1181/1/1181 
f 1154/1/1154 1172/1/1172 1184/1/1184 
f 1176/1/1176 1185/1/1185 1184/1/1184 
f 1157/1/1157 1184/1/1184 1185/1/1185 
f 1193/1/1193 1196/1/1196 1200/1/1200 
f 1238/1/1238 1240/1/1240 1239/1/1239 
f 1244/1/1244 1242/1/1242 1241/1/1241 
f 1242/1/1242 1244/1/1244 1227/1/1227 
f 1247/1/1247 1249/1/1249 1245/1/1245 
f 1243/1/1243 1241/1/1241 1245/1/1245 
f 1246/1/1246 1245/1/1245 1241/1/1241 
f 1243/1/1243 1253/1/1253 1251/1/1251 
f 1258/1/1258 1260/1/1260 1254/1/1254 
f 1259/1/1259 1258/1/1258 1257/1/1257 
f 1240/1/1240 1258/1/1258 1259/1/1259 
f 1260/1/1260 1258/1/1258 1240/1/1240 
f 1262/1/1262 1261/1/1261 1259/1/1259 
f 1086/1/1086 1261/1/1261 844/1/844 
f 1255/1/1255 1252/1/1252 1266/1/1266 
f 1267/1/1267 1266/1/1266 1234/1/1234 
f 1247/1/1247 1276/1/1276 1274/1/1274 
f 1246/1/1246 1278/1/1278 1276/1/1276 
f 1281/1/1281 1275/1/1275 1277/1/1277 
f 1298/1/1298 1299/1/1299 1297/1/1297 
f 1302/1/1302 1305/1/1305 1293/1/1293 
f 1298/1/1298 1300/1/1300 1313/1/1313 
f 1314/1/1314 1317/1/1317 1299/1/1299 
f 1321/1/1321 1320/1/1320 1304/1/1304 
f 1334/1/1334 1345/1/1345 1343/1/1343 
f 1354/1/1354 1351/1/1351 1350/1/1350 
f 1375/1/1375 1372/1/1372 1371/1/1371 
f 1373/1/1373 1372/1/1372 1358/1/1358 
f 1133/1/1133 1159/1/1159 1390/1/1390 
f 1134/1/1134 1389/1/1389 1393/1/1393 
f 1398/1/1398 1397/1/1397 1185/1/1185 
f 1391/1/1391 1397/1/1397 1400/1/1400 
f 1403/1/1403 1404/1/1404 1401/1/1401 
f 1388/1/1388 1400/1/1400 1401/1/1401 
f 1406/1/1406 1408/1/1408 1384/1/1384 
f 1406/1/1406 1405/1/1405 1399/1/1399 
f 1408/1/1408 1406/1/1406 577/1/577 
f 1402/1/1402 1410/1/1410 1409/1/1409 
f 1384/1/1384 1380/1/1380 1410/1/1410 
f 1379/1/1379 1394/1/1394 1413/1/1413 
f 1404/1/1404 1414/1/1414 1392/1/1392 
f 1377/1/1377 1414/1/1414 1412/1/1412 
f 1367/1/1367 1392/1/1392 1414/1/1414 
f 1418/1/1418 1417/1/1417 1386/1/1386 
f 1355/1/1355 1363/1/1363 1420/1/1420 
f 1422/1/1422 1419/1/1419 1425/1/1425 
f 1429/1/1429 1432/1/1432 1357/1/1357 
f 1467/1/1467 1465/1/1465 1464/1/1464 
f 1468/1/1468 1469/1/1469 1465/1/1465 
f 1466/1/1466 1464/1/1464 1472/1/1472 
f 1472/1/1472 1474/1/1474 1475/1/1475 
f 1385/1/1385 1493/1/1493 1492/1/1492 
f 1490/1/1490 1492/1/1492 1493/1/1493 
f 1418/1/1418 1492/1/1492 1480/1/1480 
f 1505/1/1505 1508/1/1508 1503/1/1503 
f 1498/1/1498 1526/1/1526 1525/1/1525 
f 1518/1/1518 1525/1/1525 1526/1/1526 
f 1564/1/1564 1566/1/1566 1563/1/1563 
f 823/1/823 1566/1/1566 1565/1/1565 
f 816/1/816 1565/1/1565 1568/1/1568 
f 1569/1/1569 1568/1/1568 1565/1/1565 
f 1561/1/1561 1572/1/1572 1570/1/1570 
f 1408/1/1408 1570/1/1570 1572/1/1572 
f 517/1/517 516/1/516 1570/1/1570 
f 1571/1/1571 1570/1/1570 516/1/516 
f 1572/1/1572 1573/1/1573 1383/1/1383 
f 1577/1/1577 1574/1/1574 1575/1/1575 
f 507/1/507 1574/1/1574 1577/1/1577 
f 1553/1/1553 1560/1/1560 1578/1/1578 
f 1579/1/1579 1578/1/1578 1560/1/1560 
f 1551/1/1551 1578/1/1578 1581/1/1581 
f 490/1/490 503/1/503 1585/1/1585 
f 1577/1/1577 1585/1/1585 503/1/503 
f 491/1/491 1585/1/1585 1582/1/1582 
f 1567/1/1567 1588/1/1588 1586/1/1586 
f 1579/1/1579 1589/1/1589 1587/1/1587 
f 820/1/820 1593/1/1593 1591/1/1591 
f 1563/1/1563 1591/1/1591 1592/1/1592 
f 1600/1/1600 1596/1/1596 1595/1/1595 
f 830/1/830 1471/1/1471 1596/1/1596 
f 1604/1/1604 1602/1/1602 1601/1/1601 
f 1599/1/1599 1602/1/1602 1605/1/1605 
f 1594/1/1594 1593/1/1593 1605/1/1605 
f 1610/1/1610 1611/1/1611 1608/1/1608 
f 1610/1/1610 1609/1/1609 1598/1/1598 
f 1468/1/1468 1477/1/1477 1610/1/1610 
f 1674/1/1674 1673/1/1673 1676/1/1676 
f 1681/1/1681 1682/1/1682 1679/1/1679 
f 1694/1/1694 1692/1/1692 1691/1/1691 
f 1706/1/1706 1704/1/1704 1703/1/1703 
f 1705/1/1705 1711/1/1711 1709/1/1709 
f 1718/1/1718 1715/1/1715 1716/1/1716 
f 1221/1/1221 1715/1/1715 1718/1/1718 
f 1512/1/1512 1515/1/1515 1725/1/1725 
f 1722/1/1722 1727/1/1727 1725/1/1725 
f 1717/1/1717 1716/1/1716 1741/1/1741 
f 1771/1/1771 1781/1/1781 1779/1/1779 
f 130/1/130 129/1/129 1779/1/1779 
f 1770/1/1770 1784/1/1784 1783/1/1783 
f 1786/1/1786 1783/1/1783 1784/1/1784 
f 1799/1/1799 1797/1/1797 1796/1/1796 
f 1798/1/1798 1812/1/1812 1810/1/1810 
f 1799/1/1799 1810/1/1810 1058/1/1058 
f 1816/1/1816 1817/1/1817 1814/1/1814 
f 1813/1/1813 1819/1/1819 1818/1/1818 
f 1828/1/1828 1827/1/1827 1106/1/1106 
f 1732/1/1732 1859/1/1859 1860/1/1860 
f 1861/1/1861 1858/1/1858 1862/1/1862 
f 1863/1/1863 1862/1/1862 1726/1/1726 
f 1911/1/1911 1913/1/1913 1909/1/1909 
f 1910/1/1910 1909/1/1909 1916/1/1916 
f 1920/1/1920 1918/1/1918 1913/1/1913 
f 1919/1/1919 1918/1/1918 1742/1/1742 
f 1121/1/1121 1923/1/1923 1926/1/1926 
f 1686/1/1686 1685/1/1685 1926/1/1926 
f 1936/1/1936 1934/1/1934 1929/1/1929 
f 1937/1/1937 1939/1/1939 1916/1/1916 
f 1917/1/1917 1916/1/1916 1939/1/1939 
f 1938/1/1938 1945/1/1945 1943/1/1943 
f 1953/1/1953 1952/1/1952 1871/1/1871 
f 1957/1/1957 1958/1/1958 1955/1/1955 
f 1960/1/1960 1955/1/1955 1958/1/1958 
f 1987/1/1987 1988/1/1988 1985/1/1985 
f 1990/1/1990 1985/1/1985 1988/1/1988 
f 1677/1/1677 1682/1/1682 1985/1/1985 
f 2029/1/2029 2030/1/2030 2027/1/2027 
f 1950/1/1950 2034/1/2034 2033/1/2033 
f 1990/1/1990 2058/1/2058 1678/1/1678 
f 1984/1/1984 1983/1/1983 2058/1/2058 
f 1843/1/1843 2064/1/2064 2063/1/2063 
f 1908/1/1908 2107/1/2107 2108/1/2108 
f 2109/1/2109 2108/1/2108 2010/1/2010 
f 2111/1/2111 2110/1/2110 2104/1/2104 
f 2126/1/2126 2123/1/2123 2122/1/2122 
f 1107/1/1107 1829/1/1829 2123/1/2123 
f 2125/1/2125 2130/1/2130 2127/1/2127 
f 2135/1/2135 2134/1/2134 2122/1/2122 
f 2141/1/2141 2138/1/2138 2137/1/2137 
f 1339/1/1339 1348/1/1348 2138/1/2138 
f 2143/1/2143 2142/1/2142 2141/1/2141 
f 1449/1/1449 2151/1/2151 2154/1/2154 
f 1959/1/1959 2161/1/2161 2160/1/2160 
f 1971/1/1971 2181/1/2181 2184/1/2184 
f 1875/1/1875 2190/1/2190 2191/1/2191 
f 1953/1/1953 2198/1/2198 2036/1/2036 
f 2207/1/2207 2206/1/2206 1883/1/1883 
f 2208/1/2208 2209/1/2209 1921/1/1921 
f 1921/1/1921 2209/1/2209 2001/1/2001 
f 2211/1/2211 2210/1/2210 2205/1/2205 
f 2037/1/2037 2201/1/2201 2215/1/2215 
f 1882/1/1882 1886/1/1886 2216/1/2216 
f 1941/1/1941 2150/1/2150 2217/1/2217 
f 1917/1/1917 2220/1/2220 2221/1/2221 
f 2222/1/2222 2221/1/2221 2220/1/2220 
f 2222/1/2222 2224/1/2224 2129/1/2129 
f 1785/1/1785 2227/1/2227 2226/1/2226 
f 2043/1/2043 2228/1/2228 2226/1/2226 
f 2111/1/2111 2243/1/2243 1796/1/1796 
f 1699/1/1699 1817/1/1817 2246/1/2246 
f 307/1/307 2062/1/2062 2247/1/2247 
f 2068/1/2068 2065/1/2065 2247/1/2247 
f 314/1/314 2247/1/2247 2065/1/2065 
f 1846/1/1846 2249/1/2249 2064/1/2064 
f 2121/1/2121 2251/1/2251 2250/1/2250 
f 2256/1/2256 2254/1/2254 2253/1/2253 
f 832/1/832 831/1/831 2254/1/2254 
f 2273/1/2273 2274/1/2274 2272/1/2272 
f 818/1/818 2274/1/2274 2273/1/2273 
f 2267/1/2267 2272/1/2272 2274/1/2274 
f 2273/1/2273 2276/1/2276 1606/1/1606 
f 1606/1/1606 2276/1/2276 2253/1/2253 
f 1486/1/1486 1562/1/1562 2285/1/2285 
f 1552/1/1552 2285/1/2285 1562/1/1562 
f 2286/1/2286 2289/1/2289 1540/1/1540 
f 2288/1/2288 2289/1/2289 2286/1/2286 
f 2341/1/2341 2348/1/2348 2343/1/2343 
f 2346/1/2346 2353/1/2353 2351/1/2351 
f 2358/1/2358 2357/1/2357 2349/1/2349 
f 2413/1/2413 1478/1/1478 1466/1/1466 
f 1608/1/1608 1611/1/1611 2415/1/2415 
f 1479/1/1479 2406/1/2406 2415/1/2415 
f 2418/1/2418 2419/1/2419 2416/1/2416 
f 2424/1/2424 2426/1/2426 2422/1/2422 
f 2435/1/2435 2434/1/2434 138/1/138 
f 2441/1/2441 2444/1/2444 2442/1/2442 
f 158/1/158 2558/1/2558 2560/1/2560 
f 2563/1/2563 2564/1/2564 2561/1/2561 
f 2562/1/2562 2571/1/2571 2570/1/2570 
f 2629/1/2629 2627/1/2627 2626/1/2626 
f 2628/1/2628 2634/1/2634 2632/1/2632 
f 2635/1/2635 2642/1/2642 2640/1/2640 
f 137/1/137 180/1/180 2650/1/2650 
f 2648/1/2648 2653/1/2653 2660/1/2660 
f 2652/1/2652 2667/1/2667 2657/1/2657 
f 2424/1/2424 2431/1/2431 2667/1/2667 
f 2659/1/2659 2668/1/2668 2674/1/2674 
f 2673/1/2673 2674/1/2674 2668/1/2668 
f 1849/1/1849 2676/1/2676 2671/1/2671 
f 2695/1/2695 2694/1/2694 1319/1/1319 
f 2705/1/2705 2706/1/2706 1457/1/1457 
f 1864/1/1864 2709/1/2709 2707/1/2707 
f 2728/1/2728 2727/1/2727 2487/1/2487 
f 2737/1/2737 2736/1/2736 2726/1/2726 
f 1118/1/1118 1114/1/1114 2748/1/2748 
f 2752/1/2752 2761/1/2761 2760/1/2760 
f 2786/1/2786 2785/1/2785 2444/1/2444 
f 2792/1/2792 2793/1/2793 2634/1/2634 
f 2804/1/2804 2808/1/2808 2811/1/2811 
f 1227/1/1227 1256/1/1256 2812/1/2812 
f 2815/1/2815 2812/1/2812 2813/1/2813 
f 2486/1/2486 2492/1/2492 2816/1/2816 
f 1233/1/1233 2769/1/2769 2821/1/2821 
f 2822/1/2822 2821/1/2821 2769/1/2769 
f 2768/1/2768 2771/1/2771 2824/1/2824 
f 1455/1/1455 2879/1/2879 1474/1/1474 
f 2706/1/2706 2889/1/2889 2878/1/2878 
f 2691/1/2691 2690/1/2690 2897/1/2897 
f 2461/1/2461 2897/1/2897 2690/1/2690 
f 2903/1/2903 2899/1/2899 2906/1/2906 
f 1539/1/1539 2916/1/2916 2914/1/2914 
f 2919/1/2919 2918/1/2918 2405/1/2405 
f 2934/1/2934 2933/1/2933 2930/1/2930 
f 2917/1/2917 2916/1/2916 2933/1/2933 
f 1537/1/1537 2933/1/2933 2916/1/2916 
f 2477/1/2477 2935/1/2935 2937/1/2937 
f 2901/1/2901 2949/1/2949 2951/1/2951 
f 2570/1/2570 2997/1/2997 2995/1/2995 
f 2999/1/2999 2998/1/2998 2454/1/2454 
f 3000/1/3000 2999/1/2999 3011/1/3011 
f 1431/1/1431 1436/1/1436 3025/1/3025 
f 2872/1/2872 3025/1/3025 1436/1/1436 
f 1349/1/1349 1352/1/1352 3027/1/3027 
f 2350/1/2350 3044/1/3044 3043/1/3043 
f 3046/1/3046 3043/1/3043 3044/1/3044 
f 3073/1/3073 3077/1/3077 2347/1/2347 
f 3074/1/3074 3078/1/3078 3077/1/3077 
f 3044/1/3044 3077/1/3077 3078/1/3078 
f 3083/1/3083 3081/1/3081 3050/1/3050 
f 3083/1/3083 3131/1/3131 3130/1/3130 
f 3045/1/3045 3078/1/3078 3131/1/3131 
f 3132/1/3132 3464/1/3464 3135/1/3135 
f 3075/1/3075 3464/1/3464 3132/1/3132 
f 3112/1/3112 3464/1/3464 3075/1/3075 
f 3135/1/3135 3464/1/3464 3112/1/3112 
f 3133/1/3133 3141/1/3141 3140/1/3140 
f 2418/1/2418 3150/1/3150 3146/1/3146 
f 3153/1/3153 3154/1/3154 3151/1/3151 
f 4/1/4 3151/1/3151 3154/1/3154 
f 25/1/25 24/1/24 3165/1/3165 
f 3153/1/3153 3159/1/3159 3168/1/3168 
f 3170/1/3170 3168/1/3168 3159/1/3159 
f 3160/1/3160 3163/1/3163 3172/1/3172 
f 3174/1/3174 3172/1/3172 3163/1/3163 
f 1785/1/1785 1784/1/1784 3258/1/3258 
f 3263/1/3263 3262/1/3262 3264/1/3264 
f 3265/1/3265 3264/1/3264 3266/1/3266 
f 3342/1/3342 3345/1/3345 3344/1/3344 
f 3343/1/3343 3344/1/3344 3356/1/3356 
f 3353/1/3353 3362/1/3362 683/1/683 
f 3379/1/3379 3377/1/3377 3376/1/3376 
f 3391/1/3391 3390/1/3390 3377/1/3377 
f 3149/1/3149 3150/1/3150 3405/1/3405 
f 3408/1/3408 3407/1/3407 3406/1/3406 
f 3454/1/3454 3455/1/3455 3452/1/3452 
f 3453/1/3453 3452/1/3452 3459/1/3459 
# 3026 polygons - 817 triangles

