# 3ds Max Wavefront OBJ Exporter v0.99 - (c)2007 guruware
# File Created: 26.04.2025 11:36:05

mtllib Letrero.mtl

#
# object Letrero
#

v  -4.7685 1.5568 -0.0000
v  -4.7677 1.5532 -0.0753
v  -4.8400 1.5033 -0.0729
v  -4.8407 1.5068 -0.0000
v  -4.7657 1.5429 -0.1469
v  -4.8379 1.4934 -0.1421
v  -4.7619 1.5241 -0.2244
v  -4.8342 1.4752 -0.2171
v  -4.7571 1.5003 -0.2925
v  -4.8295 1.4522 -0.2830
v  -4.7502 1.4664 -0.3656
v  -4.8228 1.4195 -0.3537
v  -4.7430 1.4307 -0.4264
v  -4.8157 1.3849 -0.4126
v  -4.7337 1.3844 -0.4902
v  -4.8065 1.3401 -0.4744
v  -4.7240 1.3367 -0.5439
v  -4.7970 1.2940 -0.5263
v  -4.7126 1.2801 -0.5963
v  -4.7858 1.2393 -0.5770
v  -4.7008 1.2215 -0.6407
v  -4.7742 1.1827 -0.6199
v  -4.6881 1.1588 -0.6792
v  -4.7618 1.1220 -0.6572
v  -4.6744 1.0907 -0.7122
v  -4.7483 1.0562 -0.6891
v  -5.0372 1.3661 -0.0000
v  -5.0365 1.3629 -0.0660
v  -5.0346 1.3540 -0.1287
v  -5.0311 1.3375 -0.1966
v  -5.0266 1.3167 -0.2562
v  -5.0203 1.2871 -0.3203
v  -5.0136 1.2559 -0.3735
v  -5.0049 1.2154 -0.4295
v  -4.9960 1.1738 -0.4765
v  -4.9854 1.1243 -0.5224
v  -4.9744 1.0731 -0.5613
v  -4.9627 1.0183 -0.5950
v  -4.9500 0.9588 -0.6239
v  -4.9363 0.8952 -0.6471
v  -4.7338 0.9858 -0.7147
v  -4.7203 0.9197 -0.7315
v  -4.9235 0.8355 -0.6623
v  -4.7059 0.8496 -0.7423
v  -4.9100 0.7722 -0.6721
v  -4.6908 0.7759 -0.7461
v  -4.8957 0.7056 -0.6755
v  -4.6761 0.7045 -0.7425
v  -4.8819 0.6410 -0.6723
v  -4.6622 0.6367 -0.7324
v  -4.8687 0.5797 -0.6631
v  -5.2345 1.2148 -0.0587
v  -5.2351 1.2176 -0.0000
v  -5.2327 1.2069 -0.1145
v  -5.2294 1.1922 -0.1748
v  -5.2253 1.1738 -0.2279
v  -5.2194 1.1475 -0.2848
v  -5.2132 1.1198 -0.3322
v  -5.2051 1.0839 -0.3820
v  -5.1969 1.0469 -0.4238
v  -5.1870 1.0030 -0.4646
v  -5.1769 0.9576 -0.4992
v  -5.1660 0.9089 -0.5292
v  -5.1542 0.8561 -0.5549
v  -5.1415 0.7996 -0.5755
v  -5.1296 0.7466 -0.5891
v  -5.1170 0.6904 -0.5977
v  -5.1038 0.6313 -0.6008
v  -5.0910 0.5740 -0.5979
v  -5.0788 0.5196 -0.5898
v  -5.0656 0.4607 -0.5748
v  -4.8545 0.5133 -0.6463
v  -4.8420 0.4550 -0.6250
v  -5.0540 0.4089 -0.5559
v  -4.8286 0.3924 -0.5948
v  -5.0416 0.3534 -0.5290
v  -4.8174 0.3403 -0.5628
v  -5.0312 0.3071 -0.5006
v  -4.8057 0.2856 -0.5214
v  -5.0203 0.2586 -0.4637
v  -4.7959 0.2396 -0.4788
v  -5.0112 0.2178 -0.4259
v  -4.7863 0.1948 -0.4283
v  -5.0023 0.1779 -0.3809
v  -4.7781 0.1568 -0.3759
v  -4.9947 0.1442 -0.3343
v  -4.7710 0.1238 -0.3198
v  -4.9882 0.1149 -0.2845
v  -4.7650 0.0955 -0.2590
v  -4.9826 0.0898 -0.2304
v  -4.7601 0.0728 -0.1939
v  -4.9781 0.0697 -0.1725
v  -4.7569 0.0579 -0.1329
v  -4.9751 0.0565 -0.1182
v  -4.7549 0.0484 -0.0681
v  -4.9732 0.0480 -0.0606
v  -4.7542 0.0450 -0.0000
v  -4.9725 0.0450 -0.0000
v  -5.4246 1.0658 -0.0513
v  -5.4252 1.0683 -0.0000
v  -5.4230 1.0589 -0.1001
v  -5.4200 1.0461 -0.1529
v  -5.4163 1.0300 -0.1993
v  -5.4109 1.0071 -0.2491
v  -5.4052 0.9829 -0.2905
v  -5.3979 0.9516 -0.3340
v  -5.3903 0.9193 -0.3706
v  -5.3814 0.8810 -0.4063
v  -5.3721 0.8414 -0.4366
v  -5.3622 0.7989 -0.4628
v  -5.3514 0.7528 -0.4853
v  -5.3399 0.7035 -0.5033
v  -5.3291 0.6573 -0.5152
v  -5.3176 0.6082 -0.5228
v  -5.3055 0.5566 -0.5254
v  -5.2938 0.5067 -0.5229
v  -5.2827 0.4592 -0.5158
v  -5.2707 0.4078 -0.5027
v  -5.2601 0.3626 -0.4862
v  -5.2488 0.3141 -0.4626
v  -5.2393 0.2737 -0.4378
v  -5.2294 0.2314 -0.4056
v  -5.2211 0.1958 -0.3724
v  -5.2130 0.1610 -0.3331
v  -5.2061 0.1316 -0.2924
v  -5.2001 0.1060 -0.2488
v  -5.1950 0.0841 -0.2015
v  -5.1909 0.0666 -0.1509
v  -5.1882 0.0550 -0.1033
v  -5.1865 0.0476 -0.0530
v  -5.1858 0.0450 -0.0000
v  -5.5723 0.7166 -0.3691
v  -5.5636 0.6808 -0.3912
v  -5.5541 0.6419 -0.4102
v  -5.5439 0.6004 -0.4255
v  -5.5343 0.5613 -0.4355
v  -5.5242 0.5200 -0.4419
v  -5.5136 0.4765 -0.4442
v  -5.5032 0.4343 -0.4421
v  -5.4934 0.3943 -0.4361
v  -5.4828 0.3509 -0.4250
v  -5.4735 0.3128 -0.4110
v  -5.4635 0.2719 -0.3911
v  -5.4552 0.2379 -0.3701
v  -5.4464 0.2022 -0.3429
v  -5.4391 0.1721 -0.3149
v  -5.4319 0.1428 -0.2816
v  -5.4258 0.1180 -0.2472
v  -5.4205 0.0965 -0.2103
v  -5.4160 0.0780 -0.1703
v  -5.4124 0.0632 -0.1275
v  -5.4100 0.0535 -0.0874
v  -5.4085 0.0472 -0.0448
v  -5.4079 0.0450 -0.0000
v  -4.6417 0.0450 -0.0000
v  -4.6417 0.0486 -0.0724
v  -4.6417 0.0594 -0.1440
v  -4.6417 0.0772 -0.2144
v  -4.6417 0.1019 -0.2826
v  -4.6417 0.1340 -0.3500
v  -4.6417 0.1727 -0.4138
v  -4.6417 0.2174 -0.4736
v  -4.6417 0.2677 -0.5287
v  -4.6417 0.3260 -0.5813
v  -4.6417 0.3892 -0.6278
v  -4.6417 0.4566 -0.6679
v  -4.6417 0.5276 -0.7013
v  -4.6417 0.6040 -0.7286
v  -4.6417 0.6828 -0.7483
v  -4.6417 0.7630 -0.7602
v  -4.6417 0.8439 -0.7642
v  -4.6417 0.9252 -0.7604
v  -4.6417 1.0056 -0.7486
v  -4.6417 1.0845 -0.7290
v  -4.6417 1.1610 -0.7018
v  -4.6417 1.2319 -0.6684
v  -4.6417 1.2992 -0.6283
v  -4.6417 1.3623 -0.5817
v  -4.6417 1.4204 -0.5292
v  -4.6417 1.4706 -0.4739
v  -4.6417 1.5152 -0.4140
v  -4.6417 1.5537 -0.3501
v  -4.6417 1.5857 -0.2826
v  -4.6417 1.6102 -0.2144
v  -4.6417 1.6278 -0.1441
v  -4.6417 1.6385 -0.0724
v  -4.6417 1.6421 -0.0000
v  -5.6210 0.9064 -0.0000
v  -5.6210 0.9041 -0.0418
v  -5.6210 0.8972 -0.0831
v  -5.6210 0.8858 -0.1234
v  -5.6210 0.8700 -0.1623
v  -5.6210 0.8483 -0.2024
v  -5.6210 0.8221 -0.2398
v  -5.6210 0.7918 -0.2739
v  -5.6210 0.7580 -0.3045
v  -5.6210 0.7211 -0.3313
v  -5.6210 0.6817 -0.3540
v  -5.6210 0.6402 -0.3725
v  -5.6210 0.5969 -0.3866
v  -5.6210 0.5160 -0.4010
v  -5.6210 0.4338 -0.4007
v  -5.6210 0.3561 -0.3866
v  -5.6210 0.2819 -0.3593
v  -5.6210 0.2122 -0.3181
v  -5.6210 0.1513 -0.2645
v  -5.6210 0.1044 -0.2036
v  -5.6210 0.0700 -0.1348
v  -5.6210 0.0513 -0.0685
v  -5.6210 0.0450 -0.0000
# 210 vertices

vn -0.5636 0.8249 -0.0445
vn -0.5631 0.8216 -0.0889
vn -0.5743 0.8138 -0.0887
vn -0.5749 0.8170 -0.0448
vn -0.5602 0.8092 -0.1773
vn -0.5706 0.8019 -0.1770
vn -0.5546 0.7885 -0.2661
vn -0.5645 0.7817 -0.2651
vn -0.5465 0.7599 -0.3520
vn -0.5558 0.7535 -0.3511
vn -0.5358 0.7233 -0.4356
vn -0.5448 0.7175 -0.4340
vn -0.5231 0.6801 -0.5136
vn -0.5315 0.6745 -0.5125
vn -0.5081 0.6293 -0.5881
vn -0.5161 0.6243 -0.5864
vn -0.4911 0.5725 -0.6566
vn -0.4985 0.5675 -0.6553
vn -0.4723 0.5087 -0.7198
vn -0.4790 0.5044 -0.7184
vn -0.4516 0.4401 -0.7761
vn -0.4577 0.4359 -0.7749
vn -0.4295 0.3667 -0.8252
vn -0.4349 0.3624 -0.8243
vn -0.4034 0.2846 -0.8697
vn -0.4101 0.2827 -0.8671
vn -0.5906 0.8058 -0.0446
vn -0.5899 0.8026 -0.0883
vn -0.5862 0.7908 -0.1762
vn -0.5798 0.7708 -0.2638
vn -0.5709 0.7429 -0.3495
vn -0.5596 0.7072 -0.4321
vn -0.5460 0.6645 -0.5102
vn -0.5302 0.6148 -0.5839
vn -0.5122 0.5585 -0.6525
vn -0.4922 0.4959 -0.7155
vn -0.4704 0.4279 -0.7718
vn -0.4469 0.3550 -0.8211
vn -0.4214 0.2759 -0.8639
vn -0.3947 0.1932 -0.8983
vn -0.3844 0.2007 -0.9011
vn -0.3597 0.1159 -0.9258
vn -0.3677 0.1098 -0.9234
vn -0.3331 0.0294 -0.9424
vn -0.3397 0.0238 -0.9402
vn -0.3047 -0.0603 -0.9505
vn -0.3105 -0.0657 -0.9483
vn -0.2744 -0.1485 -0.9501
vn -0.2815 -0.1543 -0.9471
vn -0.2383 -0.2312 -0.9433
vn -0.2526 -0.2424 -0.9367
vn -0.6076 0.7894 -0.0877
vn -0.6083 0.7925 -0.0444
vn -0.6038 0.7777 -0.1751
vn -0.5973 0.7579 -0.2623
vn -0.5882 0.7303 -0.3475
vn -0.5765 0.6950 -0.4296
vn -0.5626 0.6528 -0.5074
vn -0.5463 0.6036 -0.5807
vn -0.5278 0.5479 -0.6491
vn -0.5072 0.4859 -0.7118
vn -0.4848 0.4185 -0.7680
vn -0.4607 0.3463 -0.8172
vn -0.4344 0.2680 -0.8599
vn -0.4069 0.1859 -0.8943
vn -0.3791 0.1033 -0.9196
vn -0.3503 0.0179 -0.9365
vn -0.3202 -0.0709 -0.9447
vn -0.2904 -0.1589 -0.9436
vn -0.2605 -0.2463 -0.9335
vn -0.2306 -0.3339 -0.9140
vn -0.2246 -0.3300 -0.9169
vn -0.1969 -0.4168 -0.8874
vn -0.2012 -0.4197 -0.8851
vn -0.1693 -0.5002 -0.8492
vn -0.1728 -0.5024 -0.8472
vn -0.1433 -0.5786 -0.8029
vn -0.1458 -0.5806 -0.8010
vn -0.1185 -0.6528 -0.7482
vn -0.1204 -0.6542 -0.7467
vn -0.0956 -0.7211 -0.6862
vn -0.0968 -0.7223 -0.6847
vn -0.0746 -0.7836 -0.6167
vn -0.0752 -0.7844 -0.6156
vn -0.0557 -0.8389 -0.5414
vn -0.0561 -0.8395 -0.5405
vn -0.0394 -0.8866 -0.4608
vn -0.0395 -0.8871 -0.4600
vn -0.0257 -0.9272 -0.3736
vn -0.0253 -0.9275 -0.3729
vn -0.0146 -0.9592 -0.2822
vn -0.0142 -0.9593 -0.2820
vn -0.0065 -0.9815 -0.1911
vn -0.0064 -0.9816 -0.1910
vn -0.0017 -0.9952 -0.0976
vn -0.0017 -0.9952 -0.0974
vn 0.0000 -0.9988 -0.0494
vn 0.0000 -0.9988 -0.0493
vn -0.6260 0.7749 -0.0872
vn -0.6267 0.7780 -0.0440
vn -0.6220 0.7635 -0.1739
vn -0.6153 0.7440 -0.2607
vn -0.6060 0.7166 -0.3453
vn -0.5942 0.6816 -0.4270
vn -0.5801 0.6398 -0.5041
vn -0.5635 0.5911 -0.5771
vn -0.5446 0.5360 -0.6451
vn -0.5235 0.4748 -0.7075
vn -0.4998 0.4084 -0.7638
vn -0.4750 0.3370 -0.8129
vn -0.4480 0.2594 -0.8556
vn -0.4197 0.1781 -0.8900
vn -0.3911 0.0963 -0.9153
vn -0.3614 0.0116 -0.9323
vn -0.3304 -0.0764 -0.9407
vn -0.2996 -0.1637 -0.9399
vn -0.2689 -0.2506 -0.9300
vn -0.2381 -0.3375 -0.9107
vn -0.2077 -0.4228 -0.8821
vn -0.1784 -0.5050 -0.8445
vn -0.1506 -0.5827 -0.7986
vn -0.1243 -0.6559 -0.7446
vn -0.1000 -0.7237 -0.6829
vn -0.0777 -0.7854 -0.6140
vn -0.0579 -0.8402 -0.5391
vn -0.0408 -0.8876 -0.4589
vn -0.0262 -0.9279 -0.3720
vn -0.0147 -0.9595 -0.2814
vn -0.0067 -0.9817 -0.1905
vn -0.0017 -0.9953 -0.0972
vn 0.0000 -0.9988 -0.0492
vn -0.5152 0.4144 -0.7502
vn -0.4867 0.3282 -0.8095
vn -0.4590 0.2512 -0.8522
vn -0.4324 0.1686 -0.8858
vn -0.4023 0.0894 -0.9111
vn -0.3726 0.0041 -0.9280
vn -0.3400 -0.0823 -0.9368
vn -0.3092 -0.1694 -0.9358
vn -0.2769 -0.2554 -0.9263
vn -0.2461 -0.3416 -0.9071
vn -0.2141 -0.4265 -0.8788
vn -0.1850 -0.5078 -0.8414
vn -0.1554 -0.5852 -0.7958
vn -0.1293 -0.6578 -0.7420
vn -0.1033 -0.7251 -0.6809
vn -0.0808 -0.7867 -0.6120
vn -0.0599 -0.8410 -0.5378
vn -0.0428 -0.8883 -0.4572
vn -0.0273 -0.9281 -0.3714
vn -0.0154 -0.9598 -0.2803
vn -0.0069 -0.9817 -0.1903
vn -0.0020 -0.9953 -0.0968
vn 0.0000 -0.9988 -0.0490
vn 0.0001 -0.9988 -0.0496
vn -0.0011 -0.9950 -0.0999
vn -0.0050 -0.9800 -0.1988
vn -0.0130 -0.9551 -0.2960
vn -0.0243 -0.9209 -0.3891
vn -0.0383 -0.8770 -0.4789
vn -0.0553 -0.8245 -0.5631
vn -0.0753 -0.7643 -0.6405
vn -0.0970 -0.6968 -0.7106
vn -0.1219 -0.6211 -0.7742
vn -0.1482 -0.5398 -0.8286
vn -0.1763 -0.4544 -0.8732
vn -0.2049 -0.3654 -0.9080
vn -0.2279 -0.2825 -0.9318
vn -0.2601 -0.1843 -0.9478
vn -0.2860 -0.0885 -0.9541
vn -0.3144 0.0057 -0.9493
vn -0.3423 0.0981 -0.9345
vn -0.3749 0.1929 -0.9068
vn -0.4035 0.2561 -0.8784
vn -0.4167 0.3508 -0.8386
vn -0.4382 0.4267 -0.7911
vn -0.4585 0.4964 -0.7371
vn -0.4774 0.5602 -0.6770
vn -0.4939 0.6179 -0.6118
vn -0.5088 0.6673 -0.5439
vn -0.5208 0.7111 -0.4724
vn -0.5321 0.7477 -0.3972
vn -0.5407 0.7781 -0.3198
vn -0.5483 0.8009 -0.2408
vn -0.5534 0.8171 -0.1615
vn -0.5570 0.8266 -0.0806
vn -0.5579 0.8289 -0.0410
vn -0.6366 0.7701 -0.0423
vn -0.6359 0.7669 -0.0863
vn -0.6321 0.7556 -0.1719
vn -0.6259 0.7368 -0.2558
vn -0.6169 0.7098 -0.3399
vn -0.6048 0.6742 -0.4240
vn -0.5893 0.6299 -0.5058
vn -0.5717 0.5784 -0.5820
vn -0.5413 0.5139 -0.6656
vn -0.5107 0.4776 -0.7149
vn -0.5153 0.3804 -0.7679
vn -0.4885 0.3046 -0.8176
vn -0.4606 0.2070 -0.8632
vn -0.4103 0.0590 -0.9100
vn -0.3485 -0.1054 -0.9314
vn -0.2864 -0.2707 -0.9191
vn -0.2250 -0.4351 -0.8718
vn -0.1654 -0.5940 -0.7873
vn -0.1111 -0.7362 -0.6676
vn -0.0665 -0.8518 -0.5196
vn -0.0335 -0.9354 -0.3520
vn -0.0141 -0.9839 -0.1780
vn -0.0078 -0.9963 -0.0860
# 210 vertex normals

vt 0.5000 0.8568 0.5080
vt 0.6244 0.8568 0.5070
vt 0.6204 0.8622 0.4931
vt 0.5000 0.8622 0.4940
vt 0.7426 0.8566 0.5041
vt 0.7348 0.8620 0.4903
vt 0.4959 0.8566 0.7426
vt 0.5011 0.8563 0.8706
vt 0.5148 0.8617 0.8586
vt 0.5097 0.8620 0.7348
vt 0.5078 0.8560 0.9830
vt 0.5212 0.8614 0.9674
vt 0.5172 0.8555 1.1038
vt 0.5303 0.8609 1.0842
vt 0.5272 0.8549 1.2043
vt 0.5400 0.8604 1.1814
vt 0.5401 0.8542 1.3097
vt 0.5525 0.8597 1.2834
vt 0.5534 0.8535 1.3984
vt 0.5653 0.8590 1.3692
vt 0.5692 0.8526 1.4849
vt 0.5806 0.8581 1.4530
vt 0.5856 0.8518 1.5582
vt 0.5964 0.8573 1.5239
vt 0.6031 0.8508 1.6218
vt 0.6133 0.8563 1.5854
vt 0.6221 0.8498 1.6762
vt 0.6317 0.8553 1.6381
vt 0.5000 0.8769 0.4548
vt 0.6090 0.8769 0.4539
vt 0.7126 0.8767 0.4514
vt 0.5486 0.8767 0.7126
vt 0.5532 0.8765 0.8247
vt 0.5590 0.8761 0.9232
vt 0.5673 0.8757 1.0290
vt 0.5760 0.8752 1.1170
vt 0.5873 0.8745 1.2093
vt 0.5989 0.8738 1.2870
vt 0.6127 0.8731 1.3628
vt 0.6270 0.8722 1.4270
vt 0.6423 0.8714 1.4827
vt 0.6589 0.8704 1.5304
vt 0.6766 0.8694 1.5687
vt 0.6513 0.8542 1.6804
vt 0.6698 0.8532 1.7082
vt 0.6933 0.8684 1.5939
vt 0.6893 0.8521 1.7260
vt 0.7109 0.8674 1.6100
vt 0.7099 0.8510 1.7323
vt 0.7295 0.8663 1.6157
vt 0.7298 0.8499 1.7264
vt 0.7475 0.8653 1.6104
vt 0.7487 0.8489 1.7097
vt 0.7646 0.8643 1.5953
vt 0.5969 0.8917 0.4126
vt 0.5000 0.8917 0.4133
vt 0.6891 0.8916 0.4103
vt 0.5937 0.8913 0.7888
vt 0.5897 0.8916 0.6891
vt 0.5989 0.8910 0.8764
vt 0.6062 0.8906 0.9704
vt 0.6139 0.8901 1.0487
vt 0.6240 0.8895 1.1309
vt 0.6343 0.8889 1.2000
vt 0.6465 0.8881 1.2674
vt 0.6592 0.8874 1.3245
vt 0.6728 0.8866 1.3740
vt 0.6875 0.8857 1.4165
vt 0.7033 0.8847 1.4505
vt 0.7181 0.8838 1.4729
vt 0.7338 0.8829 1.4872
vt 0.7502 0.8819 1.4923
vt 0.7662 0.8810 1.4875
vt 0.7814 0.8800 1.4741
vt 0.7978 0.8791 1.4493
vt 0.7832 0.8633 1.5674
vt 0.7994 0.8623 1.5323
vt 0.8123 0.8782 1.4181
vt 0.8169 0.8613 1.4823
vt 0.8278 0.8773 1.3737
vt 0.8314 0.8605 1.4296
vt 0.8407 0.8765 1.3268
vt 0.8467 0.8596 1.3612
vt 0.8542 0.8757 1.2659
vt 0.8595 0.8589 1.2908
vt 0.8656 0.8750 1.2034
vt 0.8721 0.8582 1.2074
vt 0.8768 0.8743 1.1291
vt 0.8827 0.8575 1.1209
vt 0.8862 0.8738 1.0522
vt 0.8919 0.8570 1.0283
vt 0.8943 0.8733 0.9698
vt 0.8997 0.8566 0.9278
vt 0.9013 0.8728 0.8805
vt 0.9061 0.8562 0.8203
vt 0.9069 0.8725 0.7849
vt 0.9102 0.8560 0.7194
vt 0.9106 0.8723 0.6952
vt 0.3048 0.8723 0.0894
vt 0.2806 0.8560 0.0898
vt 0.3875 0.8558 0.0871
vt 0.4000 0.8721 0.0870
vt 0.5000 0.8558 0.0862
vt 0.5000 0.8721 0.0862
vt 0.5848 0.9059 0.3710
vt 0.5000 0.9060 0.3717
vt 0.6653 0.9058 0.3691
vt 0.6309 0.9058 0.6653
vt 0.6345 0.9056 0.7525
vt 0.6390 0.9053 0.8291
vt 0.6454 0.9049 0.9114
vt 0.6521 0.9045 0.9799
vt 0.6609 0.9039 1.0517
vt 0.6699 0.9034 1.1121
vt 0.6806 0.9027 1.1711
vt 0.6916 0.9020 1.2210
vt 0.7035 0.9013 1.2644
vt 0.7163 0.9004 1.3015
vt 0.7301 0.8996 1.3313
vt 0.7430 0.8988 1.3508
vt 0.7567 0.8979 1.3634
vt 0.7711 0.8970 1.3678
vt 0.7850 0.8961 1.3636
vt 0.7983 0.8953 1.3519
vt 0.8126 0.8944 1.3302
vt 0.8252 0.8936 1.3030
vt 0.8388 0.8928 1.2641
vt 0.8500 0.8921 1.2230
vt 0.8618 0.8913 1.1698
vt 0.8718 0.8907 1.1151
vt 0.8815 0.8901 1.0502
vt 0.8897 0.8896 0.9829
vt 0.8968 0.8891 0.9109
vt 0.9029 0.8887 0.8327
vt 0.9078 0.8884 0.7492
vt 0.9110 0.8882 0.6707
vt 0.3293 0.8882 0.0890
vt 0.4125 0.8881 0.0869
vt 0.5000 0.8881 0.0862
vt 0.7265 0.9170 1.1095
vt 0.7364 0.9163 1.1462
vt 0.7473 0.9156 1.1776
vt 0.7589 0.9148 1.2027
vt 0.7698 0.9141 1.2193
vt 0.7813 0.9134 1.2299
vt 0.7934 0.9126 1.2336
vt 0.8052 0.9118 1.2301
vt 0.8164 0.9111 1.2202
vt 0.8285 0.9103 1.2019
vt 0.8391 0.9096 1.1788
vt 0.8505 0.9088 1.1459
vt 0.8600 0.9082 1.1113
vt 0.8700 0.9076 1.0663
vt 0.8784 0.9070 1.0200
vt 0.8865 0.9065 0.9651
vt 0.8935 0.9060 0.9083
vt 0.8995 0.9056 0.8474
vt 0.9046 0.9053 0.7813
vt 0.9088 0.9050 0.7106
vt 0.9115 0.9048 0.6443
vt 0.4260 0.9047 0.0868
vt 0.3557 0.9048 0.0885
vt 0.5000 0.9047 0.0862
vt 0.5000 0.8473 0.0862
vt 0.3805 0.8473 0.0872
vt 0.2621 0.8473 0.0902
vt 0.9098 0.8473 0.7379
vt 0.9049 0.8473 0.8541
vt 0.8980 0.8473 0.9668
vt 0.8890 0.8473 1.0780
vt 0.8782 0.8473 1.1834
vt 0.8657 0.8473 1.2821
vt 0.8517 0.8473 1.3733
vt 0.8354 0.8473 1.4600
vt 0.8178 0.8473 1.5368
vt 0.7990 0.8473 1.6031
vt 0.7792 0.8473 1.6583
vt 0.7579 0.8473 1.7034
vt 0.7359 0.8473 1.7359
vt 0.7135 0.8473 1.7555
vt 0.6909 0.8473 1.7622
vt 0.6683 0.8473 1.7558
vt 0.6458 0.8473 1.7364
vt 0.6238 0.8473 1.7041
vt 0.6024 0.8473 1.6591
vt 0.5827 0.8473 1.6039
vt 0.5639 0.8473 1.5376
vt 0.5463 0.8473 1.4608
vt 0.5301 0.8473 1.3740
vt 0.5161 0.8473 1.2827
vt 0.5036 0.8473 1.1838
vt 0.4929 0.8473 1.0782
vt 0.4839 0.8473 0.9667
vt 0.4771 0.8473 0.8541
vt 0.4722 0.8473 0.7380
vt 0.7380 0.8473 0.5278
vt 0.6196 0.8473 0.5308
vt 0.5000 0.8473 0.5318
vt 0.5000 0.9206 0.3265
vt 0.5690 0.9206 0.3259
vt 0.6372 0.9206 0.3239
vt 0.6761 0.9206 0.6372
vt 0.6792 0.9206 0.7039
vt 0.6836 0.9206 0.7681
vt 0.6897 0.9206 0.8343
vt 0.6970 0.9206 0.8960
vt 0.7055 0.9206 0.9524
vt 0.7149 0.9206 1.0030
vt 0.7252 0.9206 1.0472
vt 0.7362 0.9206 1.0846
vt 0.7478 0.9206 1.1152
vt 0.7598 0.9206 1.1386
vt 0.7824 0.9206 1.1623
vt 0.8054 0.9206 1.1618
vt 0.8270 0.9206 1.1386
vt 0.8477 0.9206 1.0935
vt 0.8672 0.9206 1.0254
vt 0.8842 0.9206 0.9369
vt 0.8973 0.9206 0.8363
vt 0.9069 0.9206 0.7226
vt 0.9121 0.9206 0.6132
vt 0.3868 0.9206 0.0879
vt 0.5000 0.9206 0.0862
vt 0.6290 0.9059 0.5848
# 224 texture coords

o Letrero
g Letrero
usemtl blanco
s 1
f 1/1/1 2/2/2 3/3/3 4/4/4 
f 3/3/3 2/2/2 5/5/5 6/6/6 
f 5/7/5 7/8/7 8/9/8 6/10/6 
f 7/8/7 9/11/9 10/12/10 8/9/8 
f 10/12/10 9/11/9 11/13/11 12/14/12 
f 11/13/11 13/15/13 14/16/14 12/14/12 
f 13/15/13 15/17/15 16/18/16 14/16/14 
f 16/18/16 15/17/15 17/19/17 18/20/18 
f 17/19/17 19/21/19 20/22/20 18/20/18 
f 19/21/19 21/23/21 22/24/22 20/22/20 
f 22/24/22 21/23/21 23/25/23 24/26/24 
f 23/25/23 25/27/25 26/28/26 24/26/24 
f 27/29/27 4/4/4 3/3/3 28/30/28 
f 6/6/6 29/31/29 28/30/28 3/3/3 
f 29/32/29 6/10/6 8/9/8 30/33/30 
f 30/33/30 8/9/8 10/12/10 31/34/31 
f 10/12/10 12/14/12 32/35/32 31/34/31 
f 32/35/32 12/14/12 14/16/14 33/36/33 
f 33/36/33 14/16/14 16/18/16 34/37/34 
f 16/18/16 18/20/18 35/38/35 34/37/34 
f 35/38/35 18/20/18 20/22/20 36/39/36 
f 36/39/36 20/22/20 22/24/22 37/40/37 
f 22/24/22 24/26/24 38/41/38 37/40/37 
f 38/41/38 24/26/24 26/28/26 39/42/39 
f 40/43/40 39/42/39 26/28/26 41/44/41 
f 41/44/41 42/45/42 43/46/43 40/43/40 
f 43/46/43 42/45/42 44/47/44 45/48/45 
f 44/47/44 46/49/46 47/50/47 45/48/45 
f 46/49/46 48/51/48 49/52/49 47/50/47 
f 49/52/49 48/51/48 50/53/50 51/54/51 
f 27/29/27 28/30/28 52/55/52 53/56/53 
f 54/57/54 52/55/52 28/30/28 29/31/29 
f 55/58/55 54/59/54 29/32/29 30/33/30 
f 55/58/55 30/33/30 31/34/31 56/60/56 
f 32/35/32 57/61/57 56/60/56 31/34/31 
f 58/62/58 57/61/57 32/35/32 33/36/33 
f 58/62/58 33/36/33 34/37/34 59/63/59 
f 35/38/35 60/64/60 59/63/59 34/37/34 
f 61/65/61 60/64/60 35/38/35 36/39/36 
f 61/65/61 36/39/36 37/40/37 62/66/62 
f 38/41/38 63/67/63 62/66/62 37/40/37 
f 64/68/64 63/67/63 38/41/38 39/42/39 
f 64/68/64 39/42/39 40/43/40 65/69/65 
f 43/46/43 66/70/66 65/69/65 40/43/40 
f 45/48/45 67/71/67 66/70/66 43/46/43 
f 67/71/67 45/48/45 47/50/47 68/72/68 
f 49/52/49 69/73/69 68/72/68 47/50/47 
f 51/54/51 70/74/70 69/73/69 49/52/49 
f 71/75/71 70/74/70 51/54/51 72/76/72 
f 72/76/72 73/77/73 74/78/74 71/75/71 
f 73/77/73 75/79/75 76/80/76 74/78/74 
f 76/80/76 75/79/75 77/81/77 78/82/78 
f 77/81/77 79/83/79 80/84/80 78/82/78 
f 79/83/79 81/85/81 82/86/82 80/84/80 
f 82/86/82 81/85/81 83/87/83 84/88/84 
f 83/87/83 85/89/85 86/90/86 84/88/84 
f 85/89/85 87/91/87 88/92/88 86/90/86 
f 88/92/88 87/91/87 89/93/89 90/94/90 
f 89/93/89 91/95/91 92/96/92 90/94/90 
f 91/95/91 93/97/93 94/98/94 92/96/92 
f 94/99/94 93/100/93 95/101/95 96/102/96 
f 97/103/97 98/104/98 96/102/96 95/101/95 
f 99/105/99 100/106/100 53/56/53 52/55/52 
f 99/105/99 52/55/52 54/57/54 101/107/101 
f 101/108/101 54/59/54 55/58/55 102/109/102 
f 56/60/56 103/110/103 102/109/102 55/58/55 
f 103/110/103 56/60/56 57/61/57 104/111/104 
f 104/111/104 57/61/57 58/62/58 105/112/105 
f 59/63/59 106/113/106 105/112/105 58/62/58 
f 106/113/106 59/63/59 60/64/60 107/114/107 
f 107/114/107 60/64/60 61/65/61 108/115/108 
f 62/66/62 109/116/109 108/115/108 61/65/61 
f 109/116/109 62/66/62 63/67/63 110/117/110 
f 111/118/111 110/117/110 63/67/63 64/68/64 
f 64/68/64 65/69/65 112/119/112 111/118/111 
f 112/119/112 65/69/65 66/70/66 113/120/113 
f 114/121/114 113/120/113 66/70/66 67/71/67 
f 67/71/67 68/72/68 115/122/115 114/121/114 
f 115/122/115 68/72/68 69/73/69 116/123/116 
f 117/124/117 116/123/116 69/73/69 70/74/70 
f 70/74/70 71/75/71 118/125/118 117/124/117 
f 71/75/71 74/78/74 119/126/119 118/125/118 
f 76/80/76 120/127/120 119/126/119 74/78/74 
f 76/80/76 78/82/78 121/128/121 120/127/120 
f 78/82/78 80/84/80 122/129/122 121/128/121 
f 123/130/123 122/129/122 80/84/80 82/86/82 
f 84/88/84 124/131/124 123/130/123 82/86/82 
f 84/88/84 86/90/86 125/132/125 124/131/124 
f 86/90/86 88/92/88 126/133/126 125/132/125 
f 126/133/126 88/92/88 90/94/90 127/134/127 
f 90/94/90 92/96/92 128/135/128 127/134/127 
f 92/96/92 94/98/94 129/136/129 128/135/128 
f 129/137/129 94/99/94 96/102/96 130/138/130 
f 98/104/98 131/139/131 130/138/130 96/102/96 
f 132/140/132 108/115/108 109/116/109 
f 132/140/132 109/116/109 110/117/110 133/141/133 
f 133/141/133 110/117/110 111/118/111 134/142/134 
f 134/142/134 111/118/111 112/119/112 135/143/135 
f 135/143/135 112/119/112 113/120/113 136/144/136 
f 136/144/136 113/120/113 114/121/114 137/145/137 
f 138/146/138 137/145/137 114/121/114 115/122/115 
f 116/123/116 139/147/139 138/146/138 115/122/115 
f 117/124/117 140/148/140 139/147/139 116/123/116 
f 118/125/118 141/149/141 140/148/140 117/124/117 
f 119/126/119 142/150/142 141/149/141 118/125/118 
f 120/127/120 143/151/143 142/150/142 119/126/119 
f 143/151/143 120/127/120 121/128/121 144/152/144 
f 144/152/144 121/128/121 122/129/122 145/153/145 
f 145/153/145 122/129/122 123/130/123 146/154/146 
f 146/154/146 123/130/123 124/131/124 147/155/147 
f 147/155/147 124/131/124 125/132/125 148/156/148 
f 148/156/148 125/132/125 126/133/126 149/157/149 
f 149/157/149 126/133/126 127/134/127 150/158/150 
f 150/158/150 127/134/127 128/135/128 151/159/151 
f 128/135/128 129/136/129 152/160/152 151/159/151 
f 129/137/129 130/138/130 153/161/153 152/162/152 
f 153/161/153 130/138/130 131/139/131 154/163/154 
f 155/164/155 95/101/95 156/165/156 
f 156/165/156 93/100/93 157/166/157 
f 157/167/157 91/95/91 158/168/158 
f 158/168/158 89/93/89 159/169/159 
f 159/169/159 87/91/87 160/170/160 
f 160/170/160 85/89/85 161/171/161 
f 161/171/161 83/87/83 162/172/162 
f 162/172/162 81/85/81 163/173/163 
f 163/173/163 79/83/79 164/174/164 
f 164/174/164 77/81/77 165/175/165 
f 165/175/165 75/79/75 166/176/166 
f 166/176/166 73/77/73 167/177/167 
f 167/177/167 72/76/72 168/178/168 
f 168/178/168 50/53/50 169/179/169 
f 169/179/169 48/51/48 170/180/170 
f 170/180/170 46/49/46 171/181/171 
f 171/181/171 44/47/44 172/182/172 
f 172/182/172 42/45/42 173/183/173 
f 173/183/173 25/27/25 174/184/174 
f 174/184/174 25/27/25 175/185/175 
f 175/185/175 23/25/23 176/186/176 
f 176/186/176 21/23/21 177/187/177 
f 177/187/177 19/21/19 178/188/178 
f 178/188/178 17/19/17 179/189/179 
f 179/189/179 15/17/15 180/190/180 
f 180/190/180 13/15/13 181/191/181 
f 181/191/181 11/13/11 182/192/182 
f 182/192/182 9/11/9 183/193/183 
f 183/193/183 7/8/7 184/194/184 
f 184/194/184 5/7/5 185/195/185 
f 185/196/185 2/2/2 186/197/186 
f 186/197/186 1/1/1 187/198/187 
f 188/199/188 100/106/100 189/200/189 
f 189/200/189 99/105/99 190/201/190 
f 190/202/190 101/108/101 191/203/191 
f 191/203/191 102/109/102 192/204/192 
f 192/204/192 103/110/103 193/205/193 
f 193/205/193 104/111/104 194/206/194 
f 194/206/194 106/113/106 195/207/195 
f 195/207/195 107/114/107 196/208/196 
f 196/208/196 132/140/132 197/209/197 
f 197/209/197 132/140/132 198/210/198 
f 198/210/198 133/141/133 199/211/199 
f 199/211/199 134/142/134 200/212/200 
f 200/212/200 135/143/135 201/213/201 
f 201/213/201 137/145/137 202/214/202 
f 202/214/202 139/147/139 203/215/203 
f 203/215/203 141/149/141 204/216/204 
f 204/216/204 143/151/143 205/217/205 
f 205/217/205 145/153/145 206/218/206 
f 206/218/206 147/155/147 207/219/207 
f 207/219/207 149/157/149 208/220/208 
f 208/220/208 151/159/151 209/221/209 
f 209/222/209 153/161/153 210/223/210 
f 210/223/210 153/161/153 154/163/154 
f 97/103/97 95/101/95 155/164/155 
f 1/1/1 186/197/186 2/2/2 
f 2/2/2 185/196/185 5/5/5 
f 5/7/5 184/194/184 7/8/7 
f 7/8/7 183/193/183 9/11/9 
f 9/11/9 182/192/182 11/13/11 
f 11/13/11 181/191/181 13/15/13 
f 13/15/13 180/190/180 15/17/15 
f 15/17/15 179/189/179 17/19/17 
f 17/19/17 178/188/178 19/21/19 
f 19/21/19 177/187/177 21/23/21 
f 21/23/21 176/186/176 23/25/23 
f 25/27/25 41/44/41 26/28/26 
f 23/25/23 175/185/175 25/27/25 
f 41/44/41 173/183/173 42/45/42 
f 42/45/42 172/182/172 44/47/44 
f 44/47/44 171/181/171 46/49/46 
f 46/49/46 170/180/170 48/51/48 
f 50/53/50 72/76/72 51/54/51 
f 48/51/48 169/179/169 50/53/50 
f 72/76/72 167/177/167 73/77/73 
f 73/77/73 166/176/166 75/79/75 
f 75/79/75 165/175/165 77/81/77 
f 77/81/77 164/174/164 79/83/79 
f 79/83/79 163/173/163 81/85/81 
f 81/85/81 162/172/162 83/87/83 
f 83/87/83 161/171/161 85/89/85 
f 85/89/85 160/170/160 87/91/87 
f 87/91/87 159/169/159 89/93/89 
f 89/93/89 158/168/158 91/95/91 
f 91/95/91 157/167/157 93/97/93 
f 93/100/93 156/165/156 95/101/95 
f 99/105/99 189/200/189 100/106/100 
f 101/108/101 190/202/190 99/224/99 
f 102/109/102 191/203/191 101/108/101 
f 103/110/103 192/204/192 102/109/102 
f 104/111/104 193/205/193 103/110/103 
f 105/112/105 194/206/194 104/111/104 
f 106/113/106 194/206/194 105/112/105 
f 107/114/107 195/207/195 106/113/106 
f 108/115/108 196/208/196 107/114/107 
f 132/140/132 196/208/196 108/115/108 
f 133/141/133 198/210/198 132/140/132 
f 134/142/134 199/211/199 133/141/133 
f 135/143/135 200/212/200 134/142/134 
f 136/144/136 201/213/201 135/143/135 
f 137/145/137 201/213/201 136/144/136 
f 138/146/138 202/214/202 137/145/137 
f 139/147/139 202/214/202 138/146/138 
f 140/148/140 203/215/203 139/147/139 
f 141/149/141 203/215/203 140/148/140 
f 142/150/142 204/216/204 141/149/141 
f 143/151/143 204/216/204 142/150/142 
f 144/152/144 205/217/205 143/151/143 
f 145/153/145 205/217/205 144/152/144 
f 146/154/146 206/218/206 145/153/145 
f 147/155/147 206/218/206 146/154/146 
f 148/156/148 207/219/207 147/155/147 
f 149/157/149 207/219/207 148/156/148 
f 150/158/150 208/220/208 149/157/149 
f 151/159/151 208/220/208 150/158/150 
f 152/160/152 209/221/209 151/159/151 
f 153/161/153 209/222/209 152/162/152 
f 72/76/72 50/53/50 168/178/168 
f 173/183/173 41/44/41 25/27/25 
# 116 polygons - 121 triangles

#
# object Letrero001
#

v  -3.7977 2.1239 -0.0000
v  -3.9818 2.0320 -0.0000
v  -3.9810 2.0273 0.0984
v  -3.7969 2.1190 0.1028
v  -3.9788 2.0138 0.1919
v  -3.7947 2.1049 0.2005
v  -3.9747 1.9890 0.2931
v  -3.7906 2.0789 0.3062
v  -3.9695 1.9578 0.3820
v  -3.7855 2.0463 0.3991
v  -3.7782 1.9997 0.4989
v  -3.9621 1.9133 0.4775
v  -3.9543 1.8663 0.5569
v  -3.7704 1.9505 0.5819
v  -3.9442 1.8054 0.6403
v  -3.7604 1.8868 0.6690
v  -3.7501 1.8213 0.7423
v  -3.9338 1.7427 0.7104
v  -3.9214 1.6684 0.7788
v  -3.7378 1.7435 0.8137
v  -3.9086 1.5914 0.8367
v  -3.7251 1.6629 0.8743
v  -3.7115 1.5766 0.9268
v  -3.8949 1.5089 0.8870
v  -3.8801 1.4194 0.9301
v  -3.6968 1.4830 0.9718
v  -3.8642 1.3237 0.9647
v  -3.6810 1.3829 1.0080
v  -3.6662 1.2889 1.0317
v  -3.8493 1.2339 0.9874
v  -3.8335 1.1387 1.0020
v  -3.6505 1.1893 1.0469
v  -3.8168 1.0385 1.0071
v  -3.6340 1.0845 1.0523
v  -3.8007 0.9415 1.0023
v  -4.0449 1.9989 -0.0000
v  -4.0441 1.9942 0.0968
v  -4.0419 1.9810 0.1888
v  -4.0378 1.9566 0.2883
v  -4.0326 1.9259 0.3758
v  -4.0252 1.8821 0.4697
v  -4.0174 1.8359 0.5479
v  -4.0073 1.7760 0.6299
v  -3.9969 1.7144 0.6989
v  -3.9845 1.6413 0.7662
v  -3.9717 1.5656 0.8232
v  -3.9580 1.4845 0.8727
v  -3.9431 1.3965 0.9151
v  -3.9272 1.3024 0.9491
v  -3.9123 1.2141 0.9714
v  -3.8965 1.1204 0.9857
v  -3.8798 1.0220 0.9908
v  -3.8637 0.9265 0.9860
v  -3.7854 0.8492 0.9886
v  -3.8484 0.8358 0.9726
v  -3.7688 0.7494 0.9635
v  -3.8318 0.7377 0.9479
v  -3.8172 0.6514 0.9168
v  -3.7543 0.6617 0.9318
v  -3.8016 0.5588 0.8724
v  -3.7386 0.5675 0.8867
v  -3.7256 0.4891 0.8391
v  -3.7886 0.4817 0.8255
v  -3.7749 0.4009 0.7648
v  -3.7120 0.4069 0.7774
v  -3.7634 0.3328 0.7023
v  -3.7005 0.3377 0.7138
v  -3.6893 0.2702 0.6385
v  -3.7522 0.2665 0.6282
v  -3.7427 0.2103 0.5514
v  -3.6798 0.2131 0.5604
v  -3.7344 0.1615 0.4691
v  -3.6715 0.1634 0.4768
v  -3.6645 0.1210 0.3861
v  -3.7274 0.1197 0.3799
v  -3.7217 0.0862 0.2845
v  -3.6588 0.0869 0.2891
v  -3.7180 0.0641 0.1949
v  -3.6551 0.0644 0.1981
v  -3.6527 0.0501 0.1015
v  -3.7156 0.0500 0.0999
v  -3.7148 0.0450 -0.0000
v  -3.6519 0.0450 -0.0000
v  -4.1841 1.9228 -0.0000
v  -4.1833 1.9183 0.0931
v  -4.1811 1.9056 0.1816
v  -4.1770 1.8821 0.2774
v  -4.1718 1.8526 0.3615
v  -4.1644 1.8105 0.4519
v  -4.1566 1.7662 0.5271
v  -4.1465 1.7086 0.6060
v  -4.1361 1.6494 0.6724
v  -4.1238 1.5791 0.7371
v  -4.1111 1.5064 0.7920
v  -4.0974 1.4284 0.8396
v  -4.0826 1.3439 0.8803
v  -4.0667 1.2534 0.9131
v  -4.0518 1.1686 0.9346
v  -4.0360 1.0785 0.9483
v  -4.0194 0.9839 0.9532
v  -4.0033 0.8922 0.9486
v  -3.9880 0.8050 0.9357
v  -3.9715 0.7107 0.9119
v  -3.9570 0.6278 0.8820
v  -3.9413 0.5388 0.8393
v  -3.9284 0.4647 0.7942
v  -3.9147 0.3870 0.7358
v  -3.9033 0.3216 0.6756
v  -3.8921 0.2578 0.6043
v  -3.8826 0.2038 0.5304
v  -3.8744 0.1569 0.4513
v  -3.8673 0.1168 0.3655
v  -3.8617 0.0846 0.2737
v  -3.8580 0.0634 0.1875
v  -3.8556 0.0498 0.0961
v  -3.8547 0.0450 -0.0000
v  -4.2641 1.8721 0.0909
v  -4.2649 1.8765 -0.0000
v  -4.2619 1.8597 0.1772
v  -4.2578 1.8369 0.2707
v  -4.2526 1.8081 0.3528
v  -4.2453 1.7671 0.4411
v  -4.2375 1.7238 0.5144
v  -4.2275 1.6676 0.5915
v  -4.2171 1.6099 0.6562
v  -4.2049 1.5414 0.7194
v  -4.1921 1.4704 0.7730
v  -4.1785 1.3944 0.8194
v  -4.1638 1.3119 0.8592
v  -4.1480 1.2237 0.8911
v  -4.1331 1.1409 0.9121
v  -4.1174 1.0531 0.9256
v  -4.1009 0.9608 0.9303
v  -4.0849 0.8713 0.9259
v  -4.0696 0.7863 0.9133
v  -4.0532 0.6943 0.8900
v  -4.0387 0.6135 0.8608
v  -4.0231 0.5266 0.8191
v  -4.0102 0.4544 0.7751
v  -3.9966 0.3786 0.7181
v  -3.9852 0.3148 0.6594
v  -3.9741 0.2526 0.5898
v  -3.9646 0.1999 0.5177
v  -3.9564 0.1542 0.4405
v  -3.9494 0.1150 0.3567
v  -3.9438 0.0836 0.2671
v  -3.9401 0.0629 0.1830
v  -3.9377 0.0497 0.0938
v  -3.9369 0.0450 -0.0000
v  -4.3817 1.8024 0.0875
v  -4.3825 1.8066 -0.0000
v  -4.3795 1.7905 0.1706
v  -4.3755 1.7685 0.2606
v  -4.3703 1.7408 0.3397
v  -4.3631 1.7013 0.4246
v  -4.3554 1.6597 0.4953
v  -4.3454 1.6057 0.5694
v  -4.3352 1.5501 0.6318
v  -4.3230 1.4842 0.6926
v  -4.3104 1.4159 0.7441
v  -4.2970 1.3428 0.7889
v  -4.2823 1.2635 0.8272
v  -4.2667 1.1787 0.8579
v  -4.2520 1.0990 0.8781
v  -4.2364 1.0146 0.8911
v  -4.2201 0.9258 0.8956
v  -4.2042 0.8398 0.8913
v  -4.1891 0.7580 0.8792
v  -4.1728 0.6695 0.8569
v  -4.1585 0.5917 0.8287
v  -4.1430 0.5082 0.7886
v  -4.1302 0.4388 0.7462
v  -4.1168 0.3658 0.6913
v  -4.1055 0.3045 0.6348
v  -4.0944 0.2447 0.5678
v  -4.0851 0.1940 0.4984
v  -4.0770 0.1500 0.4241
v  -4.0700 0.1123 0.3434
v  -4.0645 0.0821 0.2571
v  -4.0608 0.0622 0.1762
v  -4.0585 0.0495 0.0903
v  -4.0576 0.0450 -0.0000
v  -4.5036 1.7314 -0.0000
v  -4.5028 1.7274 0.0838
v  -4.5007 1.7160 0.1635
v  -4.4967 1.6950 0.2498
v  -4.4917 1.6684 0.3255
v  -4.4845 1.6307 0.4069
v  -4.4769 1.5908 0.4746
v  -4.4671 1.5391 0.5457
v  -4.4570 1.4859 0.6054
v  -4.4450 1.4228 0.6637
v  -4.4326 1.3575 0.7131
v  -4.4193 1.2875 0.7560
v  -4.4049 1.2115 0.7927
v  -4.3895 1.1303 0.8221
v  -4.3750 1.0541 0.8415
v  -4.3597 0.9732 0.8539
v  -4.3435 0.8882 0.8583
v  -4.3279 0.8059 0.8542
v  -4.3130 0.7276 0.8426
v  -4.2969 0.6429 0.8211
v  -4.2828 0.5684 0.7941
v  -4.2676 0.4885 0.7557
v  -4.2550 0.4220 0.7151
v  -4.2417 0.3522 0.6625
v  -4.2306 0.2934 0.6084
v  -4.2197 0.2362 0.5441
v  -4.2105 0.1877 0.4776
v  -4.2025 0.1455 0.4064
v  -4.1956 0.1095 0.3291
v  -4.1902 0.0805 0.2464
v  -4.1865 0.0615 0.1688
v  -4.1842 0.0493 0.0865
v  -4.1834 0.0450 -0.0000
v  -4.6137 1.1187 0.7308
v  -4.5988 1.0439 0.7580
v  -4.5848 0.9738 0.7759
v  -4.5700 0.8994 0.7873
v  -4.5544 0.8211 0.7913
v  -4.5394 0.7453 0.7875
v  -4.5250 0.6733 0.7768
v  -4.5095 0.5953 0.7571
v  -4.4958 0.5268 0.7322
v  -4.4812 0.4532 0.6967
v  -4.4690 0.3920 0.6593
v  -4.4562 0.3277 0.6108
v  -4.4454 0.2737 0.5609
v  -4.4350 0.2209 0.5017
v  -4.4261 0.1763 0.4404
v  -4.4183 0.1375 0.3747
v  -4.4117 0.1043 0.3034
v  -4.4064 0.0777 0.2272
v  -4.4029 0.0602 0.1556
v  -4.4007 0.0490 0.0798
v  -4.3999 0.0450 -0.0000
v  -4.5869 0.6569 0.7570
v  -4.6010 0.7271 0.7674
v  -4.5715 0.5809 0.7377
v  -4.5581 0.5142 0.7135
v  -4.5436 0.4425 0.6789
v  -4.5316 0.3829 0.6425
v  -4.5189 0.3204 0.5952
v  -4.5083 0.2677 0.5466
v  -4.4980 0.2164 0.4889
v  -4.4892 0.1729 0.4291
v  -4.4816 0.1351 0.3651
v  -4.4750 0.1028 0.2957
v  -4.4698 0.0769 0.2214
v  -4.4664 0.0598 0.1517
v  -4.4642 0.0489 0.0777
v  -4.4634 0.0450 -0.0000
v  -3.5672 0.0450 -0.0000
v  -3.5672 0.0491 0.0919
v  -3.5672 0.0612 0.1830
v  -3.5672 0.0814 0.2730
v  -3.5672 0.1094 0.3608
v  -3.5672 0.1474 0.4509
v  -3.5672 0.1935 0.5371
v  -3.5672 0.2475 0.6189
v  -3.5672 0.3088 0.6955
v  -3.5672 0.3854 0.7742
v  -3.5672 0.4697 0.8450
v  -3.5672 0.5608 0.9068
v  -3.5672 0.6574 0.9593
v  -3.5672 0.7144 0.9847
v  -3.5672 0.7728 1.0068
v  -3.5672 0.8322 1.0256
v  -3.5672 0.8925 1.0411
v  -3.5672 0.9534 1.0531
v  -3.5672 1.0149 1.0618
v  -3.5672 1.0766 1.0669
v  -3.5672 1.1385 1.0687
v  -3.5672 1.2007 1.0670
v  -3.5672 1.2627 1.0619
v  -3.5672 1.3243 1.0533
v  -3.5672 1.3853 1.0413
v  -3.5672 1.4455 1.0259
v  -3.5672 1.5046 1.0072
v  -3.5672 1.5627 0.9852
v  -3.5672 1.6194 0.9599
v  -3.5672 1.7161 0.9075
v  -3.5672 1.8070 0.8456
v  -3.5672 1.8912 0.7749
v  -3.5672 1.9678 0.6960
v  -3.5672 2.0288 0.6195
v  -3.5672 2.0825 0.5378
v  -3.5672 2.1286 0.4514
v  -3.5672 2.1665 0.3612
v  -3.5672 2.1944 0.2734
v  -3.5672 2.2145 0.1835
v  -3.5672 2.2266 0.0921
v  -3.5672 2.2307 -0.0000
v  -4.6417 1.6421 -0.0000
v  -4.6417 1.6385 0.0724
v  -4.6417 1.6278 0.1441
v  -4.6417 1.6102 0.2144
v  -4.6417 1.5857 0.2826
v  -4.6417 1.5537 0.3501
v  -4.6417 1.5152 0.4141
v  -4.6417 1.4706 0.4739
v  -4.6417 1.4204 0.5292
v  -4.6417 1.3623 0.5817
v  -4.6417 1.2992 0.6283
v  -4.6417 1.2319 0.6684
v  -4.6417 1.1610 0.7018
v  -4.6417 1.0845 0.7290
v  -4.6417 1.0056 0.7486
v  -4.6417 0.9252 0.7604
v  -4.6417 0.8439 0.7642
v  -4.6417 0.7630 0.7602
v  -4.6417 0.6828 0.7483
v  -4.6417 0.6040 0.7286
v  -4.6417 0.5276 0.7013
v  -4.6417 0.4566 0.6679
v  -4.6417 0.3892 0.6278
v  -4.6417 0.3260 0.5813
v  -4.6417 0.2677 0.5287
v  -4.6417 0.2174 0.4736
v  -4.6417 0.1727 0.4138
v  -4.6417 0.1340 0.3500
v  -4.6417 0.1019 0.2826
v  -4.6417 0.0772 0.2144
v  -4.6417 0.0594 0.1440
v  -4.6417 0.0486 0.0724
v  -4.6417 0.0450 -0.0000
# 326 vertices

vn -0.4339 0.8998 0.0460
vn -0.4551 0.8892 0.0466
vn -0.4546 0.8859 0.0921
vn -0.4336 0.8963 0.0924
vn -0.4515 0.8731 0.1839
vn -0.4315 0.8831 0.1843
vn -0.4465 0.8514 0.2752
vn -0.4269 0.8610 0.2765
vn -0.4394 0.8211 0.3644
vn -0.4202 0.8305 0.3657
vn -0.4114 0.7914 0.4521
vn -0.4304 0.7825 0.4500
vn -0.4196 0.7363 0.5308
vn -0.4008 0.7452 0.5329
vn -0.4070 0.6828 0.6068
vn -0.3885 0.6911 0.6095
vn -0.3749 0.6304 0.6798
vn -0.3928 0.6222 0.6772
vn -0.3770 0.5551 0.7414
vn -0.3600 0.5625 0.7443
vn -0.3598 0.4825 0.7986
vn -0.3441 0.4895 0.8012
vn -0.3286 0.4118 0.8500
vn -0.3415 0.4049 0.8482
vn -0.3216 0.3210 0.8908
vn -0.3112 0.3258 0.8927
vn -0.3008 0.2335 0.9247
vn -0.2916 0.2378 0.9265
vn -0.2722 0.1502 0.9505
vn -0.2798 0.1457 0.9489
vn -0.2581 0.0554 0.9645
vn -0.2525 0.0590 0.9658
vn -0.2357 -0.0382 0.9711
vn -0.2308 -0.0414 0.9721
vn -0.2134 -0.1299 0.9683
vn -0.4717 0.8806 0.0464
vn -0.4711 0.8773 0.0917
vn -0.4681 0.8646 0.1829
vn -0.4628 0.8431 0.2739
vn -0.4555 0.8130 0.3626
vn -0.4463 0.7748 0.4479
vn -0.4351 0.7290 0.5284
vn -0.4222 0.6759 0.6041
vn -0.4075 0.6159 0.6743
vn -0.3912 0.5493 0.7384
vn -0.3735 0.4772 0.7955
vn -0.3545 0.4001 0.8451
vn -0.3339 0.3167 0.8878
vn -0.3124 0.2298 0.9217
vn -0.2906 0.1425 0.9462
vn -0.2682 0.0526 0.9619
vn -0.2449 -0.0406 0.9687
vn -0.2218 -0.1326 0.9660
vn -0.1932 -0.2219 0.9557
vn -0.1988 -0.2238 0.9541
vn -0.1712 -0.3138 0.9339
vn -0.1758 -0.3148 0.9327
vn -0.1532 -0.4038 0.9019
vn -0.1499 -0.4025 0.9031
vn -0.1315 -0.4893 0.8621
vn -0.1285 -0.4885 0.8630
vn -0.1090 -0.5689 0.8151
vn -0.1109 -0.5700 0.8142
vn -0.0915 -0.6457 0.7581
vn -0.0905 -0.6452 0.7586
vn -0.0735 -0.7158 0.6945
vn -0.0732 -0.7151 0.6951
vn -0.0580 -0.7792 0.6241
vn -0.0571 -0.7795 0.6238
vn -0.0425 -0.8359 0.5472
vn -0.0438 -0.8356 0.5476
vn -0.0300 -0.8846 0.4654
vn -0.0318 -0.8843 0.4658
vn -0.0215 -0.9258 0.3775
vn -0.0192 -0.9260 0.3771
vn -0.0108 -0.9584 0.2851
vn -0.0131 -0.9584 0.2850
vn -0.0049 -0.9812 0.1930
vn -0.0068 -0.9811 0.1934
vn -0.0030 -0.9951 0.0985
vn -0.0013 -0.9951 0.0984
vn 0.0000 -0.9988 0.0498
vn -0.0015 -0.9988 0.0483
vn -0.4878 0.8717 0.0462
vn -0.4873 0.8685 0.0913
vn -0.4841 0.8559 0.1822
vn -0.4787 0.8345 0.2727
vn -0.4712 0.8047 0.3611
vn -0.4616 0.7668 0.4461
vn -0.4501 0.7214 0.5263
vn -0.4367 0.6687 0.6018
vn -0.4216 0.6091 0.6718
vn -0.4047 0.5430 0.7358
vn -0.3864 0.4713 0.7928
vn -0.3668 0.3947 0.8424
vn -0.3456 0.3119 0.8850
vn -0.3233 0.2254 0.9191
vn -0.3009 0.1386 0.9435
vn -0.2777 0.0491 0.9594
vn -0.2536 -0.0436 0.9663
vn -0.2297 -0.1352 0.9638
vn -0.2059 -0.2260 0.9521
vn -0.1821 -0.3167 0.9309
vn -0.1587 -0.4054 0.9003
vn -0.1362 -0.4906 0.8607
vn -0.1149 -0.5710 0.8129
vn -0.0948 -0.6465 0.7570
vn -0.0762 -0.7164 0.6935
vn -0.0592 -0.7800 0.6230
vn -0.0441 -0.8363 0.5466
vn -0.0310 -0.8848 0.4649
vn -0.0199 -0.9261 0.3767
vn -0.0112 -0.9585 0.2848
vn -0.0051 -0.9812 0.1928
vn -0.0013 -0.9952 0.0983
vn 0.0000 -0.9988 0.0497
vn -0.5028 0.8596 0.0908
vn -0.5033 0.8629 0.0459
vn -0.4995 0.8471 0.1813
vn -0.4940 0.8260 0.2714
vn -0.4863 0.7965 0.3594
vn -0.4764 0.7589 0.4440
vn -0.4646 0.7139 0.5239
vn -0.4509 0.6616 0.5991
vn -0.4353 0.6025 0.6689
vn -0.4180 0.5369 0.7328
vn -0.3992 0.4658 0.7897
vn -0.3790 0.3897 0.8393
vn -0.3571 0.3074 0.8820
vn -0.3342 0.2215 0.9161
vn -0.3111 0.1351 0.9407
vn -0.2872 0.0461 0.9568
vn -0.2623 -0.0461 0.9639
vn -0.2376 -0.1374 0.9616
vn -0.2130 -0.2279 0.9501
vn -0.1885 -0.3182 0.9291
vn -0.1643 -0.4066 0.8987
vn -0.1410 -0.4916 0.8593
vn -0.1189 -0.5718 0.8117
vn -0.0982 -0.6472 0.7560
vn -0.0789 -0.7169 0.6927
vn -0.0613 -0.7803 0.6224
vn -0.0457 -0.8365 0.5461
vn -0.0321 -0.8850 0.4645
vn -0.0206 -0.9262 0.3764
vn -0.0116 -0.9586 0.2846
vn -0.0052 -0.9813 0.1926
vn -0.5179 0.8506 0.0904
vn -0.5185 0.8538 0.0457
vn -0.5146 0.8382 0.1804
vn -0.5089 0.8173 0.2701
vn -0.5010 0.7881 0.3577
vn -0.4909 0.7508 0.4420
vn -0.4788 0.7062 0.5216
vn -0.4647 0.6543 0.5966
vn -0.4487 0.5957 0.6663
vn -0.4309 0.5305 0.7300
vn -0.4115 0.4599 0.7868
vn -0.3908 0.3844 0.8364
vn -0.3683 0.3026 0.8791
vn -0.3447 0.2172 0.9132
vn -0.3209 0.1313 0.9380
vn -0.2962 0.0428 0.9542
vn -0.2706 -0.0491 0.9614
vn -0.2452 -0.1399 0.9593
vn -0.2199 -0.2300 0.9480
vn -0.1945 -0.3200 0.9272
vn -0.1696 -0.4081 0.8971
vn -0.1456 -0.4928 0.8579
vn -0.1228 -0.5728 0.8105
vn -0.1014 -0.6479 0.7549
vn -0.0814 -0.7175 0.6918
vn -0.0633 -0.7808 0.6216
vn -0.0471 -0.8368 0.5454
vn -0.0332 -0.8852 0.4640
vn -0.0213 -0.9264 0.3760
vn -0.0120 -0.9587 0.2843
vn -0.0054 -0.9813 0.1925
vn -0.0014 -0.9952 0.0982
vn 0.0000 -0.9988 0.0496
vn -0.5341 0.8442 0.0450
vn -0.5334 0.8411 0.0899
vn -0.5296 0.8291 0.1793
vn -0.5235 0.8084 0.2690
vn -0.5153 0.7795 0.3560
vn -0.5051 0.7423 0.4403
vn -0.4929 0.6981 0.5193
vn -0.4786 0.6464 0.5942
vn -0.4626 0.5882 0.6633
vn -0.4445 0.5234 0.7269
vn -0.4250 0.4533 0.7835
vn -0.4049 0.3774 0.8328
vn -0.3817 0.2968 0.8753
vn -0.3573 0.2121 0.9096
vn -0.3327 0.1268 0.9345
vn -0.3072 0.0389 0.9508
vn -0.2807 -0.0524 0.9584
vn -0.2544 -0.1428 0.9565
vn -0.2282 -0.2324 0.9455
vn -0.2019 -0.3220 0.9250
vn -0.1761 -0.4097 0.8951
vn -0.1511 -0.4942 0.8561
vn -0.1275 -0.5739 0.8090
vn -0.1053 -0.6488 0.7537
vn -0.0846 -0.7181 0.6908
vn -0.0657 -0.7812 0.6208
vn -0.0490 -0.8372 0.5447
vn -0.0345 -0.8854 0.4635
vn -0.0221 -0.9265 0.3756
vn -0.0124 -0.9587 0.2840
vn -0.0056 -0.9813 0.1923
vn -0.0014 -0.9952 0.0981
vn -0.3947 0.2991 0.8688
vn -0.3679 0.2062 0.9067
vn -0.3424 0.1216 0.9316
vn -0.3155 0.0340 0.9483
vn -0.2933 -0.0603 0.9541
vn -0.2629 -0.1467 0.9536
vn -0.2358 -0.2358 0.9428
vn -0.2086 -0.3250 0.9224
vn -0.1819 -0.4122 0.8927
vn -0.1562 -0.4962 0.8540
vn -0.1318 -0.5756 0.8071
vn -0.1088 -0.6501 0.7520
vn -0.0874 -0.7192 0.6893
vn -0.0679 -0.7821 0.6195
vn -0.0506 -0.8378 0.5437
vn -0.0356 -0.8859 0.4626
vn -0.0229 -0.9268 0.3749
vn -0.0128 -0.9589 0.2835
vn -0.0058 -0.9814 0.1919
vn -0.0015 -0.9952 0.0979
vn 0.0000 -0.9988 0.0495
vn -0.2389 -0.2375 0.9415
vn -0.2697 -0.1422 0.9524
vn -0.2107 -0.3269 0.9213
vn -0.1836 -0.4133 0.8919
vn -0.1573 -0.4976 0.8530
vn -0.1329 -0.5763 0.8064
vn -0.1095 -0.6510 0.7511
vn -0.0881 -0.7196 0.6887
vn -0.0682 -0.7825 0.6189
vn -0.0508 -0.8381 0.5432
vn -0.0357 -0.8861 0.4622
vn -0.0227 -0.9269 0.3747
vn -0.0126 -0.9590 0.2831
vn -0.0058 -0.9814 0.1917
vn -0.0015 -0.9952 0.0978
vn 0.0000 -0.9990 0.0441
vn -0.0003 -0.9962 0.0867
vn -0.0016 -0.9845 0.1751
vn -0.0055 -0.9650 0.2621
vn -0.0125 -0.9378 0.3469
vn -0.0203 -0.9014 0.4325
vn -0.0308 -0.8570 0.5143
vn -0.0433 -0.8055 0.5910
vn -0.0575 -0.7458 0.6637
vn -0.0736 -0.6748 0.7344
vn -0.0934 -0.5960 0.7975
vn -0.1137 -0.5114 0.8518
vn -0.1350 -0.4329 0.8913
vn -0.1518 -0.3722 0.9157
vn -0.1632 -0.3213 0.9328
vn -0.1761 -0.2671 0.9474
vn -0.1882 -0.2131 0.9587
vn -0.2124 -0.1459 0.9662
vn -0.2618 -0.1206 0.9576
vn -0.2208 -0.0566 0.9737
vn -0.2359 0.0047 0.9718
vn -0.2417 0.0553 0.9688
vn -0.2557 0.1096 0.9605
vn -0.2660 0.1647 0.9498
vn -0.2767 0.2132 0.9370
vn -0.2903 0.2685 0.9185
vn -0.2983 0.3143 0.9013
vn -0.3095 0.3658 0.8777
vn -0.3196 0.4220 0.8484
vn -0.3349 0.4951 0.8017
vn -0.3510 0.5693 0.7434
vn -0.3647 0.6374 0.6787
vn -0.3775 0.6979 0.6086
vn -0.3873 0.7475 0.5397
vn -0.3950 0.7911 0.4670
vn -0.4020 0.8277 0.3915
vn -0.4075 0.8577 0.3135
vn -0.4126 0.8798 0.2359
vn -0.4160 0.8955 0.1579
vn -0.4189 0.9046 0.0787
vn -0.4198 0.9067 0.0399
vn -0.5428 0.8388 0.0415
vn -0.5427 0.8358 0.0830
vn -0.5406 0.8248 0.1660
vn -0.5363 0.8071 0.2470
vn -0.5303 0.7820 0.3274
vn -0.5216 0.7503 0.4062
vn -0.5113 0.7113 0.4824
vn -0.4983 0.6663 0.5547
vn -0.4841 0.6142 0.6232
vn -0.4673 0.5548 0.6884
vn -0.4488 0.4890 0.7480
vn -0.4188 0.4070 0.8117
vn -0.3090 0.3911 0.8669
vn -0.3880 0.2575 0.8850
vn -0.3681 0.1717 0.9138
vn -0.3420 0.0823 0.9361
vn -0.3074 -0.0212 0.9513
vn -0.2385 -0.0746 0.9683
vn -0.2601 -0.1951 0.9457
vn -0.2307 -0.2889 0.9291
vn -0.2035 -0.3812 0.9018
vn -0.1749 -0.4686 0.8659
vn -0.1489 -0.5531 0.8197
vn -0.1228 -0.6327 0.7646
vn -0.0988 -0.7067 0.7006
vn -0.0770 -0.7721 0.6308
vn -0.0580 -0.8306 0.5538
vn -0.0409 -0.8816 0.4703
vn -0.0266 -0.9239 0.3818
vn -0.0157 -0.9568 0.2902
vn -0.0076 -0.9808 0.1949
vn -0.0020 -0.9952 0.0980
vn -0.0001 -0.9988 0.0497
# 322 vertex normals

vt 0.5000 0.7842 0.6662
vt 0.5000 0.7980 0.6406
vt 0.3375 0.7979 0.6393
vt 0.3302 0.7841 0.6648
vt 0.1831 0.7977 0.6355
vt 0.1689 0.7840 0.6609
vt 0.6355 0.7977 0.1831
vt 0.6286 0.7974 0.0160
vt 0.6537 0.7837 -0.0057
vt 0.6609 0.7840 0.1689
vt 0.6199 0.7970 -0.1309
vt 0.6446 0.7833 -0.1592
vt 0.6316 0.7827 -0.3239
vt 0.6074 0.7965 -0.2886
vt 0.5943 0.7959 -0.4198
vt 0.6178 0.7821 -0.4610
vt 0.5773 0.7951 -0.5575
vt 0.6001 0.7814 -0.6049
vt 0.5818 0.7806 -0.7259
vt 0.5599 0.7944 -0.6733
vt 0.5391 0.7934 -0.7863
vt 0.5601 0.7797 -0.8440
vt 0.5176 0.7925 -0.8820
vt 0.5376 0.7787 -0.9440
vt 0.5135 0.7777 -1.0308
vt 0.4946 0.7915 -0.9651
vt 0.4697 0.7903 -1.0362
vt 0.4874 0.7766 -1.1051
vt 0.4430 0.7892 -1.0933
vt 0.4595 0.7754 -1.1648
vt 0.4332 0.7743 -1.2040
vt 0.4179 0.7880 -1.1308
vt 0.3913 0.7869 -1.1548
vt 0.4054 0.7732 -1.2291
vt 0.3634 0.7856 -1.1633
vt 0.3762 0.7719 -1.2379
vt 0.3363 0.7844 -1.1554
vt 0.5000 0.8027 0.6313
vt 0.3402 0.8026 0.6300
vt 0.1882 0.8025 0.6263
vt 0.6195 0.8021 0.0238
vt 0.6263 0.8025 0.1882
vt 0.6110 0.8018 -0.1206
vt 0.5988 0.8012 -0.2758
vt 0.5859 0.8006 -0.4049
vt 0.5692 0.7999 -0.5404
vt 0.5520 0.7991 -0.6543
vt 0.5316 0.7982 -0.7655
vt 0.5104 0.7972 -0.8596
vt 0.4878 0.7962 -0.9413
vt 0.4633 0.7951 -1.0113
vt 0.4370 0.7939 -1.0675
vt 0.4124 0.7928 -1.1044
vt 0.3862 0.7916 -1.1280
vt 0.3588 0.7903 -1.1364
vt 0.3321 0.7891 -1.1286
vt 0.3106 0.7833 -1.1328
vt 0.3068 0.7880 -1.1064
vt 0.2827 0.7820 -1.0913
vt 0.2794 0.7867 -1.0656
vt 0.2554 0.7856 -1.0141
vt 0.2582 0.7809 -1.0390
vt 0.2295 0.7845 -0.9408
vt 0.2320 0.7798 -0.9645
vt 0.2101 0.7788 -0.8859
vt 0.2080 0.7835 -0.8634
vt 0.1855 0.7825 -0.7631
vt 0.1871 0.7778 -0.7839
vt 0.1665 0.7816 -0.6599
vt 0.1678 0.7769 -0.6790
vt 0.1490 0.7761 -0.5545
vt 0.1480 0.7808 -0.5375
vt 0.1323 0.7801 -0.4106
vt 0.1331 0.7754 -0.4256
vt 0.1187 0.7794 -0.2748
vt 0.1192 0.7747 -0.2875
vt 0.1074 0.7742 -0.1378
vt 0.1070 0.7789 -0.1274
vt 0.0976 0.7785 0.0302
vt 0.0978 0.7738 0.0225
vt 0.0915 0.7782 0.1782
vt 0.0916 0.7735 0.1729
vt 0.6677 0.7733 0.0876
vt 0.8271 0.7735 0.0916
vt 0.8218 0.7782 0.0915
vt 0.6650 0.7780 0.0876
vt 0.5000 0.7780 0.0862
vt 0.5000 0.7733 0.0862
vt 0.5000 0.8131 0.6101
vt 0.3462 0.8130 0.6088
vt 0.2001 0.8129 0.6053
vt 0.6053 0.8129 0.2001
vt 0.5988 0.8126 0.0419
vt 0.5905 0.8122 -0.0971
vt 0.5788 0.8116 -0.2464
vt 0.5664 0.8110 -0.3705
vt 0.5503 0.8103 -0.5009
vt 0.5338 0.8095 -0.6105
vt 0.5142 0.8086 -0.7175
vt 0.4939 0.8076 -0.8080
vt 0.4722 0.8066 -0.8866
vt 0.4486 0.8055 -0.9540
vt 0.4233 0.8043 -1.0080
vt 0.3997 0.8032 -1.0435
vt 0.3745 0.8020 -1.0663
vt 0.3481 0.8008 -1.0743
vt 0.3225 0.7996 -1.0668
vt 0.2982 0.7984 -1.0455
vt 0.2719 0.7972 -1.0062
vt 0.2488 0.7961 -0.9567
vt 0.2239 0.7949 -0.8861
vt 0.2033 0.7940 -0.8117
vt 0.1816 0.7929 -0.7152
vt 0.1633 0.7921 -0.6159
vt 0.1455 0.7912 -0.4981
vt 0.1305 0.7905 -0.3761
vt 0.1174 0.7899 -0.2454
vt 0.1062 0.7894 -0.1036
vt 0.0972 0.7890 0.0480
vt 0.0913 0.7887 0.1904
vt 0.6587 0.7885 0.0875
vt 0.8096 0.7887 0.0913
vt 0.5000 0.7884 0.0862
vt 0.3499 0.8191 0.5960
vt 0.5000 0.8191 0.5972
vt 0.2073 0.8189 0.5925
vt 0.5925 0.8189 0.2073
vt 0.5861 0.8186 0.0529
vt 0.5781 0.8182 -0.0828
vt 0.5667 0.8177 -0.2285
vt 0.5546 0.8171 -0.3496
vt 0.5389 0.8163 -0.4769
vt 0.5228 0.8156 -0.5838
vt 0.5037 0.8146 -0.6882
vt 0.4839 0.8137 -0.7766
vt 0.4627 0.8127 -0.8534
vt 0.4397 0.8116 -0.9191
vt 0.4150 0.8104 -0.9718
vt 0.3919 0.8093 -1.0065
vt 0.3674 0.8081 -1.0287
vt 0.3417 0.8069 -1.0365
vt 0.3167 0.8057 -1.0292
vt 0.2930 0.8045 -1.0084
vt 0.2673 0.8033 -0.9700
vt 0.2448 0.8022 -0.9217
vt 0.2205 0.8010 -0.8528
vt 0.2004 0.8001 -0.7802
vt 0.1792 0.7991 -0.6860
vt 0.1614 0.7982 -0.5891
vt 0.1441 0.7974 -0.4741
vt 0.1294 0.7967 -0.3550
vt 0.1166 0.7961 -0.2275
vt 0.1057 0.7955 -0.0891
vt 0.0969 0.7951 0.0589
vt 0.0912 0.7948 0.1978
vt 0.8022 0.7948 0.0912
vt 0.6549 0.7947 0.0875
vt 0.5000 0.7946 0.0862
vt 0.3555 0.8279 0.5765
vt 0.5000 0.8279 0.5777
vt 0.2182 0.8277 0.5732
vt 0.5732 0.8277 0.2182
vt 0.5670 0.8274 0.0695
vt 0.5593 0.8270 -0.0610
vt 0.5483 0.8265 -0.2013
vt 0.5367 0.8259 -0.3180
vt 0.5216 0.8252 -0.4404
vt 0.5061 0.8244 -0.5434
vt 0.4877 0.8235 -0.6439
vt 0.4687 0.8225 -0.7290
vt 0.4483 0.8215 -0.8029
vt 0.4262 0.8204 -0.8662
vt 0.4025 0.8193 -0.9169
vt 0.3803 0.8182 -0.9503
vt 0.3567 0.8170 -0.9717
vt 0.3319 0.8158 -0.9792
vt 0.3079 0.8146 -0.9722
vt 0.2851 0.8135 -0.9521
vt 0.2604 0.8122 -0.9152
vt 0.2387 0.8112 -0.8687
vt 0.2154 0.8100 -0.8024
vt 0.1960 0.8091 -0.7325
vt 0.1757 0.8081 -0.6418
vt 0.1586 0.8072 -0.5485
vt 0.1419 0.8064 -0.4378
vt 0.1277 0.8057 -0.3232
vt 0.1155 0.8051 -0.2004
vt 0.1050 0.8046 -0.0672
vt 0.0965 0.8041 0.0753
vt 0.0910 0.8039 0.2091
vt 0.6491 0.8037 0.0874
vt 0.7909 0.8039 0.0910
vt 0.5000 0.8036 0.0862
vt 0.5000 0.8370 0.5567
vt 0.3615 0.8369 0.5556
vt 0.2299 0.8368 0.5524
vt 0.5465 0.8365 0.0875
vt 0.5524 0.8368 0.2299
vt 0.5391 0.8361 -0.0376
vt 0.5286 0.8356 -0.1720
vt 0.5175 0.8350 -0.2839
vt 0.5030 0.8343 -0.4012
vt 0.4882 0.8335 -0.4999
vt 0.4706 0.8326 -0.5962
vt 0.4524 0.8317 -0.6778
vt 0.4328 0.8307 -0.7486
vt 0.4117 0.8296 -0.8092
vt 0.3890 0.8285 -0.8578
vt 0.3677 0.8274 -0.8898
vt 0.3452 0.8262 -0.9103
vt 0.3214 0.8250 -0.9175
vt 0.2985 0.8239 -0.9107
vt 0.2766 0.8227 -0.8916
vt 0.2530 0.8215 -0.8562
vt 0.2322 0.8205 -0.8116
vt 0.2099 0.8193 -0.7481
vt 0.1913 0.8184 -0.6811
vt 0.1719 0.8174 -0.5942
vt 0.1555 0.8166 -0.5048
vt 0.1395 0.8158 -0.3987
vt 0.1260 0.8151 -0.2888
vt 0.1142 0.8145 -0.1712
vt 0.1042 0.8140 -0.0435
vt 0.0961 0.8135 0.0930
vt 0.0908 0.8133 0.2212
vt 0.7788 0.8133 0.0908
vt 0.6429 0.8131 0.0874
vt 0.5000 0.8130 0.0862
vt 0.3857 0.8452 -0.7071
vt 0.3649 0.8441 -0.7519
vt 0.3453 0.8431 -0.7814
vt 0.3245 0.8420 -0.8003
vt 0.3027 0.8408 -0.8069
vt 0.2816 0.8397 -0.8007
vt 0.2615 0.8386 -0.7830
vt 0.2397 0.8374 -0.7504
vt 0.2206 0.8364 -0.7093
vt 0.2001 0.8353 -0.6507
vt 0.1830 0.8344 -0.5889
vt 0.1650 0.8335 -0.5088
vt 0.1500 0.8327 -0.4264
vt 0.1353 0.8319 -0.3286
vt 0.1228 0.8312 -0.2273
vt 0.1120 0.8306 -0.1188
vt 0.1027 0.8301 -0.0011
vt 0.0953 0.8297 0.1248
vt 0.0904 0.8295 0.2429
vt 0.7571 0.8295 0.0904
vt 0.6317 0.8293 0.0873
vt 0.5000 0.8292 0.0862
vt 0.2569 0.8432 -0.7502
vt 0.2765 0.8443 -0.7675
vt 0.2357 0.8421 -0.7185
vt 0.2171 0.8411 -0.6784
vt 0.1971 0.8400 -0.6213
vt 0.1804 0.8391 -0.5611
vt 0.1630 0.8382 -0.4831
vt 0.1483 0.8374 -0.4027
vt 0.1340 0.8366 -0.3074
vt 0.1218 0.8359 -0.2087
vt 0.1113 0.8354 -0.1030
vt 0.1023 0.8349 0.0117
vt 0.0950 0.8345 0.1344
vt 0.0903 0.8342 0.2495
vt 0.7505 0.8342 0.0903
vt 0.6284 0.8341 0.0872
vt 0.5000 0.8340 0.0862
vt 0.5000 0.7669 0.0862
vt 0.6517 0.7669 0.0873
vt 0.8023 0.7669 0.0907
vt 0.0907 0.7669 0.1977
vt 0.0963 0.7669 0.0492
vt 0.1041 0.7669 -0.0959
vt 0.1147 0.7669 -0.2447
vt 0.1276 0.7669 -0.3871
vt 0.1427 0.7669 -0.5221
vt 0.1598 0.7669 -0.6487
vt 0.1811 0.7669 -0.7787
vt 0.2047 0.7669 -0.8955
vt 0.2301 0.7669 -0.9977
vt 0.2570 0.7669 -1.0843
vt 0.2729 0.7669 -1.1263
vt 0.2892 0.7669 -1.1629
vt 0.3058 0.7669 -1.1939
vt 0.3226 0.7669 -1.2195
vt 0.3396 0.7669 -1.2394
vt 0.3568 0.7669 -1.2536
vt 0.3740 0.7669 -1.2622
vt 0.3913 0.7669 -1.2651
vt 0.4086 0.7669 -1.2623
vt 0.4259 0.7669 -1.2538
vt 0.4431 0.7669 -1.2396
vt 0.4601 0.7669 -1.2198
vt 0.4769 0.7669 -1.1944
vt 0.4934 0.7669 -1.1635
vt 0.5096 0.7669 -1.1271
vt 0.5254 0.7669 -1.0854
vt 0.5524 0.7669 -0.9988
vt 0.5778 0.7669 -0.8967
vt 0.6013 0.7669 -0.7799
vt 0.6227 0.7669 -0.6495
vt 0.6397 0.7669 -0.5232
vt 0.6547 0.7669 -0.3883
vt 0.6675 0.7669 -0.2456
vt 0.6781 0.7669 -0.0965
vt 0.6859 0.7669 0.0485
vt 0.6915 0.7669 0.1969
vt 0.1969 0.7669 0.6915
vt 0.3479 0.7669 0.6949
vt 0.5000 0.7669 0.6960
vt 0.5000 0.8473 0.5318
vt 0.3804 0.8473 0.5308
vt 0.2620 0.8473 0.5278
vt 0.5278 0.8473 0.2620
vt 0.5229 0.8473 0.1459
vt 0.5161 0.8473 0.0333
vt 0.5071 0.8473 -0.0782
vt 0.4964 0.8473 -0.1838
vt 0.4839 0.8473 -0.2827
vt 0.4699 0.8473 -0.3740
vt 0.4537 0.8473 -0.4608
vt 0.4361 0.8473 -0.5376
vt 0.4173 0.8473 -0.6039
vt 0.3976 0.8473 -0.6591
vt 0.3762 0.8473 -0.7041
vt 0.3542 0.8473 -0.7364
vt 0.3317 0.8473 -0.7558
vt 0.3091 0.8473 -0.7622
vt 0.2865 0.8473 -0.7555
vt 0.2641 0.8473 -0.7359
vt 0.2421 0.8473 -0.7034
vt 0.2208 0.8473 -0.6583
vt 0.2010 0.8473 -0.6031
vt 0.1822 0.8473 -0.5368
vt 0.1646 0.8473 -0.4600
vt 0.1483 0.8473 -0.3732
vt 0.1343 0.8473 -0.2821
vt 0.1218 0.8473 -0.1834
vt 0.1110 0.8473 -0.0780
vt 0.1020 0.8473 0.0332
vt 0.0951 0.8473 0.1460
vt 0.0902 0.8473 0.2621
vt 0.7379 0.8473 0.0902
vt 0.6195 0.8473 0.0872
vt 0.5000 0.8473 0.0862
# 345 texture coords

o Letrero001
g Letrero001
usemtl blanco
s 1
f 211/225/211 212/226/212 213/227/213 214/228/214 
f 214/228/214 213/227/213 215/229/215 216/230/216 
f 215/231/215 217/232/217 218/233/218 216/234/216 
f 218/233/218 217/232/217 219/235/219 220/236/220 
f 221/237/221 220/236/220 219/235/219 222/238/222 
f 222/238/222 223/239/223 224/240/224 221/237/221 
f 224/240/224 223/239/223 225/241/225 226/242/226 
f 227/243/227 226/242/226 225/241/225 228/244/228 
f 228/244/228 229/245/229 230/246/230 227/243/227 
f 230/246/230 229/245/229 231/247/231 232/248/232 
f 233/249/233 232/248/232 231/247/231 234/250/234 
f 234/250/234 235/251/235 236/252/236 233/249/233 
f 236/252/236 235/251/235 237/253/237 238/254/238 
f 239/255/239 238/254/238 237/253/237 240/256/240 
f 240/256/240 241/257/241 242/258/242 239/255/239 
f 242/258/242 241/257/241 243/259/243 244/260/244 
f 244/260/244 243/259/243 245/261/245 
f 246/262/246 247/263/247 213/227/213 212/226/212 
f 213/227/213 247/263/247 248/264/248 215/229/215 
f 249/265/249 217/232/217 215/231/215 248/266/248 
f 217/232/217 249/265/249 250/267/250 219/235/219 
f 250/267/250 251/268/251 222/238/222 219/235/219 
f 252/269/252 223/239/223 222/238/222 251/268/251 
f 223/239/223 252/269/252 253/270/253 225/241/225 
f 253/270/253 254/271/254 228/244/228 225/241/225 
f 255/272/255 229/245/229 228/244/228 254/271/254 
f 229/245/229 255/272/255 256/273/256 231/247/231 
f 256/273/256 257/274/257 234/250/234 231/247/231 
f 258/275/258 235/251/235 234/250/234 257/274/257 
f 235/251/235 258/275/258 259/276/259 237/253/237 
f 259/276/259 260/277/260 240/256/240 237/253/237 
f 261/278/261 241/257/241 240/256/240 260/277/260 
f 241/257/241 261/278/261 262/279/262 243/259/243 
f 262/279/262 263/280/263 245/261/245 243/259/243 
f 264/281/264 245/261/245 263/280/263 265/282/265 
f 266/283/266 264/281/264 265/282/265 267/284/267 
f 267/284/267 268/285/268 269/286/269 266/283/266 
f 269/286/269 268/285/268 270/287/270 271/288/271 
f 272/289/272 271/288/271 270/287/270 273/290/273 
f 273/290/273 274/291/274 275/292/275 272/289/272 
f 275/292/275 274/291/274 276/293/276 277/294/277 
f 278/295/278 277/294/277 276/293/276 279/296/279 
f 279/296/279 280/297/280 281/298/281 278/295/278 
f 281/298/281 280/297/280 282/299/282 283/300/283 
f 284/301/284 283/300/283 282/299/282 285/302/285 
f 285/302/285 286/303/286 287/304/287 284/301/284 
f 287/304/287 286/303/286 288/305/288 289/306/289 
f 290/307/290 289/308/289 288/309/288 291/310/291 
f 291/310/291 292/311/292 293/312/293 290/307/290 
f 246/262/246 294/313/294 295/314/295 247/263/247 
f 295/314/295 296/315/296 248/264/248 247/263/247 
f 248/266/248 296/316/296 297/317/297 249/265/249 
f 250/267/250 249/265/249 297/317/297 298/318/298 
f 250/267/250 298/318/298 299/319/299 251/268/251 
f 251/268/251 299/319/299 300/320/300 252/269/252 
f 253/270/253 252/269/252 300/320/300 301/321/301 
f 253/270/253 301/321/301 302/322/302 254/271/254 
f 254/271/254 302/322/302 303/323/303 255/272/255 
f 256/273/256 255/272/255 303/323/303 304/324/304 
f 256/273/256 304/324/304 305/325/305 257/274/257 
f 257/274/257 305/325/305 306/326/306 258/275/258 
f 307/327/307 259/276/259 258/275/258 306/326/306 
f 260/277/260 259/276/259 307/327/307 308/328/308 
f 309/329/309 261/278/261 260/277/260 308/328/308 
f 310/330/310 262/279/262 261/278/261 309/329/309 
f 263/280/263 262/279/262 310/330/310 311/331/311 
f 265/282/265 263/280/263 311/331/311 312/332/312 
f 313/333/313 267/284/267 265/282/265 312/332/312 
f 314/334/314 268/285/268 267/284/267 313/333/313 
f 270/287/270 268/285/268 314/334/314 315/335/315 
f 316/336/316 273/290/273 270/287/270 315/335/315 
f 274/291/274 273/290/273 316/336/316 317/337/317 
f 276/293/276 274/291/274 317/337/317 318/338/318 
f 276/293/276 318/338/318 319/339/319 279/296/279 
f 279/296/279 319/339/319 320/340/320 280/297/280 
f 321/341/321 282/299/282 280/297/280 320/340/320 
f 322/342/322 285/302/285 282/299/282 321/341/321 
f 323/343/323 286/303/286 285/302/285 322/342/322 
f 324/344/324 288/305/288 286/303/286 323/343/323 
f 325/345/325 291/310/291 288/309/288 324/346/324 
f 326/347/326 292/311/292 291/310/291 325/345/325 
f 327/348/327 295/314/295 294/313/294 328/349/328 
f 329/350/329 296/315/296 295/314/295 327/348/327 
f 329/351/329 330/352/330 297/317/297 296/316/296 
f 331/353/331 298/318/298 297/317/297 330/352/330 
f 331/353/331 332/354/332 299/319/299 298/318/298 
f 332/354/332 333/355/333 300/320/300 299/319/299 
f 334/356/334 301/321/301 300/320/300 333/355/333 
f 302/322/302 301/321/301 334/356/334 335/357/335 
f 303/323/303 302/322/302 335/357/335 336/358/336 
f 337/359/337 304/324/304 303/323/303 336/358/336 
f 305/325/305 304/324/304 337/359/337 338/360/338 
f 306/326/306 305/325/305 338/360/338 339/361/339 
f 307/327/307 306/326/306 339/361/339 340/362/340 
f 308/328/308 307/327/307 340/362/340 341/363/341 
f 342/364/342 309/329/309 308/328/308 341/363/341 
f 343/365/343 310/330/310 309/329/309 342/364/342 
f 310/330/310 343/365/343 344/366/344 311/331/311 
f 311/331/311 344/366/344 345/367/345 312/332/312 
f 312/332/312 345/367/345 346/368/346 313/333/313 
f 313/333/313 346/368/346 347/369/347 314/334/314 
f 314/334/314 347/369/347 348/370/348 315/335/315 
f 349/371/349 316/336/316 315/335/315 348/370/348 
f 350/372/350 317/337/317 316/336/316 349/371/349 
f 351/373/351 318/338/318 317/337/317 350/372/350 
f 352/374/352 319/339/319 318/338/318 351/373/351 
f 319/339/319 352/374/352 353/375/353 320/340/320 
f 320/340/320 353/375/353 354/376/354 321/341/321 
f 321/341/321 354/376/354 355/377/355 322/342/322 
f 322/342/322 355/377/355 356/378/356 323/343/323 
f 323/343/323 356/378/356 357/379/357 324/344/324 
f 324/346/324 357/380/357 358/381/325 325/345/325 
f 326/347/326 325/345/325 358/381/325 359/382/326 
f 360/383/358 327/348/327 328/349/328 361/384/359 
f 329/350/329 327/348/327 360/383/358 362/385/360 
f 329/351/329 362/386/360 363/387/361 330/352/330 
f 330/352/330 363/387/361 364/388/362 331/353/331 
f 331/353/331 364/388/362 365/389/363 332/354/332 
f 332/354/332 365/389/363 366/390/364 333/355/333 
f 333/355/333 366/390/364 367/391/365 334/356/334 
f 334/356/334 367/391/365 368/392/366 335/357/335 
f 369/393/367 336/358/336 335/357/335 368/392/366 
f 370/394/368 337/359/337 336/358/336 369/393/367 
f 371/395/369 338/360/338 337/359/337 370/394/368 
f 372/396/370 339/361/339 338/360/338 371/395/369 
f 373/397/371 340/362/340 339/361/339 372/396/370 
f 374/398/372 341/363/341 340/362/340 373/397/371 
f 375/399/373 342/364/342 341/363/341 374/398/372 
f 342/364/342 375/399/373 376/400/374 343/365/343 
f 343/365/343 376/400/374 377/401/375 344/366/344 
f 377/401/375 378/402/376 345/367/345 344/366/344 
f 346/368/346 345/367/345 378/402/376 379/403/377 
f 379/403/377 380/404/378 347/369/347 346/368/346 
f 381/405/379 348/370/348 347/369/347 380/404/378 
f 349/371/349 348/370/348 381/405/379 382/406/380 
f 382/406/380 383/407/381 350/372/350 349/371/349 
f 384/408/382 351/373/351 350/372/350 383/407/381 
f 352/374/352 351/373/351 384/408/382 385/409/383 
f 385/409/383 386/410/384 353/375/353 352/374/352 
f 387/411/385 354/376/354 353/375/353 386/410/384 
f 388/412/386 355/377/355 354/376/354 387/411/385 
f 389/413/387 356/378/356 355/377/355 388/412/386 
f 390/414/388 357/379/357 356/378/356 389/413/387 
f 391/415/389 358/381/325 357/380/357 390/416/388 
f 391/415/389 392/417/390 359/382/326 358/381/325 
f 360/383/358 361/384/359 393/418/391 394/419/392 
f 395/420/393 362/385/360 360/383/358 394/419/392 
f 396/421/394 363/387/361 362/386/360 395/422/393 
f 364/388/362 363/387/361 396/421/394 397/423/395 
f 397/423/395 398/424/396 365/389/363 364/388/362 
f 399/425/397 366/390/364 365/389/363 398/424/396 
f 367/391/365 366/390/364 399/425/397 400/426/398 
f 368/392/366 367/391/365 400/426/398 401/427/399 
f 368/392/366 401/427/399 402/428/400 369/393/367 
f 402/428/400 403/429/401 370/394/368 369/393/367 
f 371/395/369 370/394/368 403/429/401 404/430/402 
f 371/395/369 404/430/402 405/431/403 372/396/370 
f 405/431/403 406/432/404 373/397/371 372/396/370 
f 374/398/372 373/397/371 406/432/404 407/433/405 
f 408/434/406 375/399/373 374/398/372 407/433/405 
f 375/399/373 408/434/406 409/435/407 376/400/374 
f 376/400/374 409/435/407 410/436/408 377/401/375 
f 410/436/408 411/437/409 378/402/376 377/401/375 
f 412/438/410 379/403/377 378/402/376 411/437/409 
f 412/438/410 413/439/411 380/404/378 379/403/377 
f 381/405/379 380/404/378 413/439/411 414/440/412 
f 381/405/379 414/440/412 415/441/413 382/406/380 
f 382/406/380 415/441/413 416/442/414 383/407/381 
f 384/408/382 383/407/381 416/442/414 417/443/415 
f 384/408/382 417/443/415 418/444/416 385/409/383 
f 385/409/383 418/444/416 419/445/417 386/410/384 
f 387/411/385 386/410/384 419/445/417 420/446/418 
f 387/411/385 420/446/418 421/447/419 388/412/386 
f 388/412/386 421/447/419 422/448/420 389/413/387 
f 390/414/388 389/413/387 422/448/420 423/449/421 
f 390/416/388 423/450/421 424/451/422 391/415/389 
f 391/415/389 424/451/422 425/452/390 392/417/390 
f 426/453/423 427/454/424 406/432/404 405/431/403 
f 406/432/404 427/454/424 428/455/425 407/433/405 
f 408/434/406 407/433/405 428/455/425 429/456/426 
f 409/435/407 408/434/406 429/456/426 430/457/427 
f 409/435/407 430/457/427 431/458/428 410/436/408 
f 411/437/409 410/436/408 431/458/428 432/459/429 
f 412/438/410 411/437/409 432/459/429 433/460/430 
f 412/438/410 433/460/430 434/461/431 413/439/411 
f 414/440/412 413/439/411 434/461/431 435/462/432 
f 415/441/413 414/440/412 435/462/432 436/463/433 
f 415/441/413 436/463/433 437/464/434 416/442/414 
f 417/443/415 416/442/414 437/464/434 438/465/435 
f 418/444/416 417/443/415 438/465/435 439/466/436 
f 418/444/416 439/466/436 440/467/437 419/445/417 
f 420/446/418 419/445/417 440/467/437 441/468/438 
f 421/447/419 420/446/418 441/468/438 442/469/439 
f 421/447/419 442/469/439 443/470/440 422/448/420 
f 423/449/421 422/448/420 443/470/440 444/471/441 
f 424/451/422 423/450/421 444/472/441 445/473/442 
f 424/451/422 445/473/442 446/474/443 425/452/390 
f 447/475/444 432/459/429 431/458/428 448/476/445 
f 447/475/444 449/477/446 433/460/430 432/459/429 
f 433/460/430 449/477/446 450/478/447 434/461/431 
f 451/479/448 435/462/432 434/461/431 450/478/447 
f 451/479/448 452/480/449 436/463/433 435/462/432 
f 436/463/433 452/480/449 453/481/450 437/464/434 
f 454/482/451 438/465/435 437/464/434 453/481/450 
f 454/482/451 455/483/452 439/466/436 438/465/435 
f 439/466/436 455/483/452 456/484/453 440/467/437 
f 457/485/454 441/468/438 440/467/437 456/484/453 
f 457/485/454 458/486/455 442/469/439 441/468/438 
f 442/469/439 458/486/455 459/487/456 443/470/440 
f 460/488/457 444/471/441 443/470/440 459/487/456 
f 460/489/457 461/490/458 445/473/442 444/472/441 
f 445/473/442 461/490/458 462/491/443 446/474/443 
f 463/492/459 464/493/460 293/312/293 
f 464/493/460 465/494/461 290/307/290 
f 465/495/461 466/496/462 289/306/289 
f 466/496/462 467/497/463 287/304/287 
f 467/497/463 468/498/464 284/301/284 
f 468/498/464 469/499/465 283/300/283 
f 469/499/465 470/500/466 281/298/281 
f 470/500/466 471/501/467 278/295/278 
f 471/501/467 472/502/468 277/294/277 
f 472/502/468 473/503/469 275/292/275 
f 473/503/469 474/504/470 272/289/272 
f 474/504/470 475/505/471 271/288/271 
f 475/505/471 476/506/472 269/286/269 
f 476/506/472 477/507/473 266/283/266 
f 477/507/473 478/508/474 266/283/266 
f 478/508/474 479/509/475 264/281/264 
f 479/509/475 480/510/476 264/281/264 
f 480/510/476 481/511/477 244/260/244 
f 481/511/477 482/512/478 244/260/244 
f 482/512/478 483/513/479 244/260/244 
f 483/513/479 484/514/480 242/258/242 
f 484/514/480 485/515/481 242/258/242 
f 485/515/481 486/516/482 239/255/239 
f 486/516/482 487/517/483 239/255/239 
f 487/517/483 488/518/484 238/254/238 
f 488/518/484 489/519/485 236/252/236 
f 489/519/485 490/520/486 236/252/236 
f 490/520/486 491/521/487 233/249/233 
f 491/521/487 492/522/488 233/249/233 
f 492/522/488 493/523/489 230/246/230 
f 493/523/489 494/524/490 227/243/227 
f 494/524/490 495/525/491 226/242/226 
f 495/525/491 496/526/492 226/242/226 
f 496/526/492 497/527/493 224/240/224 
f 497/527/493 498/528/494 221/237/221 
f 498/528/494 499/529/495 220/236/220 
f 499/529/495 500/530/496 218/233/218 
f 500/530/496 501/531/497 216/234/216 
f 501/532/497 502/533/498 214/228/214 
f 502/533/498 503/534/499 211/225/211 
f 504/535/500 505/536/501 393/418/391 
f 505/536/501 506/537/502 394/419/392 
f 506/538/502 507/539/503 395/422/393 
f 507/539/503 508/540/504 396/421/394 
f 508/540/504 509/541/505 397/423/395 
f 509/541/505 510/542/506 398/424/396 
f 510/542/506 511/543/507 399/425/397 
f 511/543/507 512/544/508 400/426/398 
f 512/544/508 513/545/509 401/427/399 
f 513/545/509 514/546/510 402/428/400 
f 514/546/510 515/547/511 403/429/401 
f 515/547/511 516/548/512 426/453/423 
f 516/548/512 517/549/513 426/453/423 
f 517/549/513 518/550/514 427/454/424 
f 518/550/514 519/551/515 428/455/425 
f 519/551/515 520/552/516 429/456/426 
f 520/552/516 521/553/517 448/476/445 
f 521/553/517 522/554/518 448/476/445 
f 522/554/518 523/555/519 447/475/444 
f 523/555/519 524/556/520 449/477/446 
f 524/556/520 525/557/521 450/478/447 
f 525/557/521 526/558/522 451/479/448 
f 526/558/522 527/559/523 452/480/449 
f 527/559/523 528/560/524 453/481/450 
f 528/560/524 529/561/525 454/482/451 
f 529/561/525 530/562/526 455/483/452 
f 530/562/526 531/563/527 456/484/453 
f 531/563/527 532/564/528 457/485/454 
f 532/564/528 533/565/529 458/486/455 
f 533/565/529 534/566/530 459/487/456 
f 534/567/530 535/568/531 460/489/457 
f 535/568/531 536/569/532 461/490/458 
f 536/569/532 462/491/443 461/490/458 
f 211/225/211 214/228/214 502/533/498 
f 214/228/214 216/230/216 501/532/497 
f 216/234/216 218/233/218 500/530/496 
f 218/233/218 220/236/220 499/529/495 
f 220/236/220 221/237/221 498/528/494 
f 221/237/221 224/240/224 497/527/493 
f 224/240/224 226/242/226 496/526/492 
f 226/242/226 227/243/227 494/524/490 
f 227/243/227 230/246/230 493/523/489 
f 230/246/230 232/248/232 492/522/488 
f 232/248/232 233/249/233 492/522/488 
f 233/249/233 236/252/236 490/520/486 
f 236/252/236 238/254/238 488/518/484 
f 238/254/238 239/255/239 487/517/483 
f 239/255/239 242/258/242 485/515/481 
f 242/258/242 244/260/244 483/513/479 
f 244/260/244 245/261/245 480/510/476 
f 245/261/245 264/281/264 480/510/476 
f 264/281/264 266/283/266 478/508/474 
f 266/283/266 269/286/269 476/506/472 
f 269/286/269 271/288/271 475/505/471 
f 271/288/271 272/289/272 474/504/470 
f 272/289/272 275/292/275 473/503/469 
f 275/292/275 277/294/277 472/502/468 
f 277/294/277 278/295/278 471/501/467 
f 278/295/278 281/298/281 470/500/466 
f 281/298/281 283/300/283 469/499/465 
f 283/300/283 284/301/284 468/498/464 
f 284/301/284 287/304/287 467/497/463 
f 287/304/287 289/306/289 466/496/462 
f 289/308/289 290/307/290 465/494/461 
f 290/307/290 293/312/293 464/493/460 
f 394/419/392 393/418/391 505/536/501 
f 395/420/393 394/419/392 506/537/502 
f 396/421/394 395/422/393 507/539/503 
f 397/423/395 396/421/394 508/540/504 
f 398/424/396 397/423/395 509/541/505 
f 399/425/397 398/424/396 510/542/506 
f 400/426/398 399/425/397 511/543/507 
f 401/427/399 400/426/398 512/544/508 
f 402/428/400 401/427/399 513/545/509 
f 403/429/401 402/428/400 514/546/510 
f 404/430/402 403/429/401 515/547/511 
f 405/431/403 404/430/402 426/453/423 
f 427/454/424 426/453/423 517/549/513 
f 428/455/425 427/454/424 518/550/514 
f 429/456/426 428/455/425 519/551/515 
f 430/457/427 429/456/426 520/552/516 
f 431/458/428 430/457/427 448/476/445 
f 447/475/444 448/476/445 522/554/518 
f 449/477/446 447/475/444 523/555/519 
f 450/478/447 449/477/446 524/556/520 
f 451/479/448 450/478/447 525/557/521 
f 452/480/449 451/479/448 526/558/522 
f 453/481/450 452/480/449 527/559/523 
f 454/482/451 453/481/450 528/560/524 
f 455/483/452 454/482/451 529/561/525 
f 456/484/453 455/483/452 530/562/526 
f 457/485/454 456/484/453 531/563/527 
f 458/486/455 457/485/454 532/564/528 
f 459/487/456 458/486/455 533/565/529 
f 460/488/457 459/487/456 534/566/530 
f 461/490/458 460/489/457 535/568/531 
f 515/547/511 426/453/423 404/430/402 
f 520/552/516 448/476/445 430/457/427 
# 211 polygons - 139 triangles

#
# object Letrero002
#

v  -4.7685 1.5568 -0.0000
v  -4.8407 1.5068 -0.0000
v  -4.8400 1.5033 0.0729
v  -4.7677 1.5532 0.0753
v  -4.8379 1.4934 0.1422
v  -4.7657 1.5429 0.1469
v  -4.8342 1.4752 0.2171
v  -4.7619 1.5241 0.2244
v  -4.8295 1.4522 0.2830
v  -4.7571 1.5003 0.2925
v  -4.7502 1.4664 0.3656
v  -4.8228 1.4195 0.3537
v  -4.8157 1.3849 0.4126
v  -4.7430 1.4307 0.4264
v  -4.8065 1.3401 0.4744
v  -4.7337 1.3844 0.4902
v  -4.7240 1.3367 0.5439
v  -4.7970 1.2940 0.5263
v  -4.7858 1.2393 0.5770
v  -4.7126 1.2801 0.5963
v  -4.7742 1.1827 0.6199
v  -4.7008 1.2215 0.6407
v  -4.6881 1.1588 0.6792
v  -4.7618 1.1220 0.6572
v  -4.7483 1.0562 0.6891
v  -4.6744 1.0907 0.7122
v  -5.0372 1.3661 -0.0000
v  -5.0365 1.3629 0.0660
v  -5.0346 1.3540 0.1287
v  -5.0311 1.3375 0.1966
v  -5.0266 1.3167 0.2562
v  -5.0203 1.2871 0.3203
v  -5.0136 1.2559 0.3735
v  -5.0049 1.2154 0.4295
v  -4.9960 1.1738 0.4765
v  -4.9854 1.1243 0.5224
v  -4.9744 1.0731 0.5613
v  -4.9627 1.0183 0.5950
v  -4.9500 0.9588 0.6239
v  -4.9363 0.8952 0.6471
v  -4.7338 0.9858 0.7147
v  -4.9235 0.8355 0.6623
v  -4.7203 0.9197 0.7315
v  -4.7059 0.8496 0.7423
v  -4.9100 0.7722 0.6721
v  -4.8957 0.7056 0.6755
v  -4.6908 0.7759 0.7461
v  -4.8819 0.6410 0.6723
v  -4.6761 0.7045 0.7425
v  -4.6622 0.6367 0.7324
v  -4.8687 0.5797 0.6632
v  -5.2351 1.2176 -0.0000
v  -5.2345 1.2148 0.0587
v  -5.2327 1.2069 0.1145
v  -5.2294 1.1922 0.1748
v  -5.2253 1.1738 0.2279
v  -5.2194 1.1475 0.2848
v  -5.2132 1.1198 0.3322
v  -5.2051 1.0839 0.3820
v  -5.1969 1.0469 0.4238
v  -5.1870 1.0030 0.4646
v  -5.1769 0.9576 0.4992
v  -5.1660 0.9089 0.5292
v  -5.1542 0.8561 0.5549
v  -5.1415 0.7996 0.5755
v  -5.1296 0.7466 0.5891
v  -5.1170 0.6904 0.5977
v  -5.1038 0.6313 0.6008
v  -5.0910 0.5740 0.5979
v  -5.0788 0.5196 0.5898
v  -4.8545 0.5133 0.6463
v  -5.0656 0.4607 0.5748
v  -5.0540 0.4089 0.5559
v  -4.8420 0.4550 0.6250
v  -5.0416 0.3534 0.5290
v  -4.8286 0.3924 0.5948
v  -4.8174 0.3403 0.5628
v  -5.0312 0.3071 0.5006
v  -5.0203 0.2586 0.4637
v  -4.8057 0.2856 0.5214
v  -5.0112 0.2178 0.4259
v  -4.7959 0.2396 0.4788
v  -4.7863 0.1948 0.4283
v  -5.0023 0.1779 0.3809
v  -4.9947 0.1442 0.3343
v  -4.7781 0.1568 0.3759
v  -4.9882 0.1149 0.2845
v  -4.7710 0.1238 0.3198
v  -4.7650 0.0955 0.2590
v  -4.9826 0.0898 0.2304
v  -4.9781 0.0697 0.1725
v  -4.7601 0.0728 0.1939
v  -4.9751 0.0565 0.1182
v  -4.7569 0.0579 0.1329
v  -4.7549 0.0484 0.0681
v  -4.9732 0.0480 0.0606
v  -4.9725 0.0450 -0.0000
v  -4.7542 0.0450 -0.0000
v  -5.4252 1.0683 -0.0000
v  -5.4246 1.0658 0.0513
v  -5.4230 1.0589 0.1001
v  -5.4200 1.0461 0.1529
v  -5.4163 1.0300 0.1993
v  -5.4109 1.0071 0.2491
v  -5.4052 0.9829 0.2905
v  -5.3979 0.9516 0.3340
v  -5.3903 0.9193 0.3706
v  -5.3814 0.8810 0.4063
v  -5.3721 0.8414 0.4366
v  -5.3622 0.7989 0.4628
v  -5.3514 0.7528 0.4853
v  -5.3399 0.7035 0.5033
v  -5.3291 0.6573 0.5152
v  -5.3176 0.6082 0.5228
v  -5.3055 0.5566 0.5254
v  -5.2938 0.5067 0.5229
v  -5.2827 0.4592 0.5158
v  -5.2707 0.4078 0.5027
v  -5.2601 0.3626 0.4862
v  -5.2488 0.3141 0.4626
v  -5.2393 0.2737 0.4378
v  -5.2294 0.2314 0.4056
v  -5.2211 0.1958 0.3724
v  -5.2130 0.1610 0.3331
v  -5.2061 0.1316 0.2924
v  -5.2001 0.1060 0.2488
v  -5.1950 0.0841 0.2015
v  -5.1909 0.0666 0.1509
v  -5.1882 0.0550 0.1033
v  -5.1865 0.0476 0.0530
v  -5.1858 0.0450 -0.0000
v  -5.5723 0.7166 0.3691
v  -5.5636 0.6808 0.3912
v  -5.5541 0.6419 0.4102
v  -5.5439 0.6004 0.4255
v  -5.5343 0.5613 0.4355
v  -5.5242 0.5200 0.4419
v  -5.5136 0.4765 0.4442
v  -5.5032 0.4343 0.4421
v  -5.4934 0.3943 0.4361
v  -5.4828 0.3509 0.4250
v  -5.4735 0.3128 0.4110
v  -5.4635 0.2719 0.3911
v  -5.4552 0.2379 0.3701
v  -5.4464 0.2022 0.3429
v  -5.4391 0.1721 0.3149
v  -5.4319 0.1428 0.2816
v  -5.4258 0.1180 0.2472
v  -5.4205 0.0965 0.2103
v  -5.4160 0.0780 0.1703
v  -5.4124 0.0632 0.1275
v  -5.4100 0.0535 0.0874
v  -5.4085 0.0472 0.0448
v  -5.4079 0.0450 -0.0000
v  -4.6417 0.0450 -0.0000
v  -4.6417 0.0486 0.0724
v  -4.6417 0.0594 0.1440
v  -4.6417 0.0772 0.2144
v  -4.6417 0.1019 0.2826
v  -4.6417 0.1340 0.3500
v  -4.6417 0.1727 0.4138
v  -4.6417 0.2174 0.4736
v  -4.6417 0.2677 0.5287
v  -4.6417 0.3260 0.5813
v  -4.6417 0.3892 0.6278
v  -4.6417 0.4566 0.6679
v  -4.6417 0.5276 0.7013
v  -4.6417 0.6040 0.7286
v  -4.6417 0.6828 0.7483
v  -4.6417 0.7630 0.7602
v  -4.6417 0.8439 0.7642
v  -4.6417 0.9252 0.7604
v  -4.6417 1.0056 0.7486
v  -4.6417 1.0845 0.7290
v  -4.6417 1.1610 0.7018
v  -4.6417 1.2319 0.6684
v  -4.6417 1.2992 0.6283
v  -4.6417 1.3623 0.5817
v  -4.6417 1.4204 0.5292
v  -4.6417 1.4706 0.4739
v  -4.6417 1.5152 0.4141
v  -4.6417 1.5537 0.3501
v  -4.6417 1.5857 0.2826
v  -4.6417 1.6102 0.2144
v  -4.6417 1.6278 0.1441
v  -4.6417 1.6385 0.0724
v  -4.6417 1.6421 -0.0000
v  -5.6210 0.9064 -0.0000
v  -5.6210 0.9041 0.0418
v  -5.6210 0.8972 0.0831
v  -5.6210 0.8858 0.1234
v  -5.6210 0.8700 0.1623
v  -5.6210 0.8483 0.2024
v  -5.6210 0.8221 0.2398
v  -5.6210 0.7918 0.2739
v  -5.6210 0.7580 0.3045
v  -5.6210 0.7211 0.3313
v  -5.6210 0.6817 0.3540
v  -5.6210 0.6402 0.3725
v  -5.6210 0.5969 0.3866
v  -5.6210 0.5160 0.4010
v  -5.6210 0.4338 0.4007
v  -5.6210 0.3561 0.3866
v  -5.6210 0.2819 0.3593
v  -5.6210 0.2122 0.3181
v  -5.6210 0.1513 0.2645
v  -5.6210 0.1044 0.2036
v  -5.6210 0.0700 0.1348
v  -5.6210 0.0513 0.0685
v  -5.6210 0.0450 -0.0000
# 210 vertices

vn -0.5636 0.8249 0.0445
vn -0.5749 0.8170 0.0448
vn -0.5743 0.8138 0.0887
vn -0.5631 0.8216 0.0889
vn -0.5706 0.8019 0.1770
vn -0.5602 0.8092 0.1773
vn -0.5645 0.7817 0.2651
vn -0.5546 0.7885 0.2661
vn -0.5558 0.7535 0.3511
vn -0.5465 0.7599 0.3520
vn -0.5358 0.7233 0.4356
vn -0.5448 0.7175 0.4340
vn -0.5315 0.6745 0.5125
vn -0.5231 0.6801 0.5136
vn -0.5161 0.6243 0.5864
vn -0.5081 0.6293 0.5881
vn -0.4911 0.5725 0.6566
vn -0.4985 0.5675 0.6553
vn -0.4790 0.5044 0.7184
vn -0.4723 0.5087 0.7198
vn -0.4577 0.4359 0.7749
vn -0.4516 0.4401 0.7761
vn -0.4295 0.3667 0.8252
vn -0.4349 0.3624 0.8243
vn -0.4101 0.2827 0.8671
vn -0.4034 0.2846 0.8697
vn -0.5906 0.8058 0.0446
vn -0.5899 0.8026 0.0883
vn -0.5862 0.7908 0.1762
vn -0.5798 0.7708 0.2638
vn -0.5709 0.7429 0.3495
vn -0.5596 0.7072 0.4321
vn -0.5460 0.6645 0.5102
vn -0.5302 0.6148 0.5839
vn -0.5122 0.5585 0.6525
vn -0.4922 0.4959 0.7155
vn -0.4704 0.4279 0.7718
vn -0.4469 0.3550 0.8211
vn -0.4214 0.2759 0.8639
vn -0.3947 0.1932 0.8983
vn -0.3844 0.2007 0.9011
vn -0.3677 0.1098 0.9234
vn -0.3597 0.1159 0.9258
vn -0.3331 0.0294 0.9424
vn -0.3397 0.0238 0.9402
vn -0.3105 -0.0657 0.9483
vn -0.3047 -0.0603 0.9505
vn -0.2815 -0.1543 0.9471
vn -0.2744 -0.1485 0.9501
vn -0.2383 -0.2312 0.9433
vn -0.2526 -0.2424 0.9367
vn -0.6083 0.7925 0.0444
vn -0.6076 0.7894 0.0877
vn -0.6038 0.7777 0.1751
vn -0.5973 0.7579 0.2623
vn -0.5882 0.7303 0.3475
vn -0.5765 0.6950 0.4296
vn -0.5626 0.6528 0.5074
vn -0.5463 0.6036 0.5807
vn -0.5278 0.5479 0.6491
vn -0.5072 0.4859 0.7118
vn -0.4848 0.4185 0.7680
vn -0.4607 0.3463 0.8172
vn -0.4344 0.2680 0.8599
vn -0.4069 0.1859 0.8943
vn -0.3791 0.1033 0.9196
vn -0.3503 0.0179 0.9365
vn -0.3202 -0.0709 0.9447
vn -0.2904 -0.1589 0.9436
vn -0.2605 -0.2463 0.9335
vn -0.2246 -0.3300 0.9169
vn -0.2306 -0.3339 0.9140
vn -0.2012 -0.4197 0.8851
vn -0.1969 -0.4168 0.8874
vn -0.1728 -0.5024 0.8472
vn -0.1693 -0.5002 0.8492
vn -0.1433 -0.5786 0.8029
vn -0.1458 -0.5806 0.8010
vn -0.1204 -0.6542 0.7467
vn -0.1185 -0.6528 0.7482
vn -0.0968 -0.7223 0.6847
vn -0.0956 -0.7211 0.6862
vn -0.0746 -0.7836 0.6167
vn -0.0752 -0.7844 0.6156
vn -0.0561 -0.8395 0.5405
vn -0.0557 -0.8389 0.5414
vn -0.0395 -0.8871 0.4600
vn -0.0394 -0.8866 0.4608
vn -0.0257 -0.9272 0.3736
vn -0.0253 -0.9275 0.3729
vn -0.0142 -0.9593 0.2820
vn -0.0146 -0.9592 0.2822
vn -0.0064 -0.9816 0.1910
vn -0.0065 -0.9815 0.1911
vn -0.0017 -0.9952 0.0976
vn -0.0017 -0.9952 0.0974
vn 0.0000 -0.9988 0.0493
vn 0.0000 -0.9988 0.0494
vn -0.6267 0.7780 0.0440
vn -0.6260 0.7749 0.0872
vn -0.6220 0.7635 0.1739
vn -0.6153 0.7440 0.2607
vn -0.6060 0.7166 0.3453
vn -0.5942 0.6816 0.4270
vn -0.5801 0.6398 0.5041
vn -0.5635 0.5911 0.5771
vn -0.5446 0.5360 0.6451
vn -0.5235 0.4748 0.7075
vn -0.4998 0.4084 0.7638
vn -0.4750 0.3370 0.8129
vn -0.4480 0.2594 0.8556
vn -0.4197 0.1781 0.8900
vn -0.3911 0.0963 0.9153
vn -0.3614 0.0116 0.9323
vn -0.3304 -0.0764 0.9407
vn -0.2996 -0.1637 0.9399
vn -0.2689 -0.2506 0.9300
vn -0.2381 -0.3375 0.9107
vn -0.2077 -0.4228 0.8821
vn -0.1784 -0.5050 0.8445
vn -0.1506 -0.5827 0.7986
vn -0.1243 -0.6559 0.7446
vn -0.1000 -0.7237 0.6829
vn -0.0777 -0.7854 0.6140
vn -0.0579 -0.8402 0.5391
vn -0.0408 -0.8876 0.4589
vn -0.0262 -0.9279 0.3720
vn -0.0147 -0.9595 0.2814
vn -0.0067 -0.9817 0.1905
vn -0.0017 -0.9953 0.0972
vn 0.0000 -0.9988 0.0492
vn -0.5152 0.4144 0.7502
vn -0.4867 0.3282 0.8095
vn -0.4590 0.2512 0.8522
vn -0.4324 0.1686 0.8858
vn -0.4023 0.0894 0.9111
vn -0.3726 0.0041 0.9280
vn -0.3400 -0.0823 0.9368
vn -0.3092 -0.1694 0.9358
vn -0.2769 -0.2554 0.9263
vn -0.2461 -0.3416 0.9071
vn -0.2141 -0.4265 0.8788
vn -0.1850 -0.5078 0.8414
vn -0.1554 -0.5852 0.7958
vn -0.1293 -0.6578 0.7420
vn -0.1033 -0.7251 0.6809
vn -0.0808 -0.7867 0.6120
vn -0.0599 -0.8410 0.5378
vn -0.0428 -0.8883 0.4572
vn -0.0273 -0.9281 0.3714
vn -0.0154 -0.9598 0.2803
vn -0.0069 -0.9817 0.1903
vn -0.0020 -0.9953 0.0968
vn 0.0000 -0.9988 0.0490
vn 0.0001 -0.9988 0.0496
vn -0.0011 -0.9950 0.0999
vn -0.0050 -0.9800 0.1988
vn -0.0130 -0.9551 0.2960
vn -0.0243 -0.9209 0.3891
vn -0.0383 -0.8770 0.4789
vn -0.0553 -0.8245 0.5631
vn -0.0753 -0.7643 0.6405
vn -0.0970 -0.6968 0.7106
vn -0.1219 -0.6211 0.7742
vn -0.1482 -0.5398 0.8286
vn -0.1763 -0.4544 0.8732
vn -0.2049 -0.3654 0.9080
vn -0.2279 -0.2825 0.9318
vn -0.2601 -0.1843 0.9478
vn -0.2860 -0.0885 0.9541
vn -0.3144 0.0057 0.9493
vn -0.3423 0.0981 0.9345
vn -0.3749 0.1929 0.9068
vn -0.4035 0.2561 0.8784
vn -0.4167 0.3508 0.8386
vn -0.4382 0.4267 0.7911
vn -0.4585 0.4964 0.7371
vn -0.4774 0.5602 0.6770
vn -0.4939 0.6179 0.6118
vn -0.5088 0.6673 0.5439
vn -0.5208 0.7111 0.4724
vn -0.5321 0.7477 0.3972
vn -0.5407 0.7781 0.3198
vn -0.5483 0.8009 0.2408
vn -0.5534 0.8171 0.1615
vn -0.5570 0.8266 0.0806
vn -0.5579 0.8289 0.0410
vn -0.6366 0.7701 0.0423
vn -0.6359 0.7669 0.0863
vn -0.6321 0.7556 0.1719
vn -0.6259 0.7368 0.2558
vn -0.6169 0.7098 0.3399
vn -0.6048 0.6742 0.4240
vn -0.5893 0.6299 0.5058
vn -0.5717 0.5784 0.5820
vn -0.5413 0.5139 0.6656
vn -0.5107 0.4776 0.7149
vn -0.5153 0.3804 0.7679
vn -0.4885 0.3046 0.8176
vn -0.4606 0.2070 0.8632
vn -0.4103 0.0590 0.9100
vn -0.3485 -0.1054 0.9314
vn -0.2864 -0.2707 0.9191
vn -0.2250 -0.4351 0.8718
vn -0.1654 -0.5940 0.7873
vn -0.1111 -0.7362 0.6676
vn -0.0665 -0.8518 0.5196
vn -0.0335 -0.9354 0.3520
vn -0.0141 -0.9839 0.1780
vn -0.0078 -0.9963 0.0860
# 210 vertex normals

vt 0.5000 0.8568 0.5080
vt 0.5000 0.8622 0.4940
vt 0.3796 0.8622 0.4931
vt 0.3756 0.8568 0.5070
vt 0.2652 0.8620 0.4903
vt 0.2574 0.8566 0.5041
vt 0.4903 0.8620 0.2652
vt 0.4852 0.8617 0.1414
vt 0.4989 0.8563 0.1294
vt 0.5041 0.8566 0.2574
vt 0.4788 0.8614 0.0326
vt 0.4922 0.8560 0.0170
vt 0.4828 0.8555 -0.1038
vt 0.4697 0.8609 -0.0842
vt 0.4600 0.8604 -0.1814
vt 0.4728 0.8549 -0.2043
vt 0.4475 0.8597 -0.2834
vt 0.4599 0.8542 -0.3097
vt 0.4466 0.8535 -0.3984
vt 0.4347 0.8590 -0.3692
vt 0.4194 0.8581 -0.4530
vt 0.4308 0.8526 -0.4849
vt 0.4036 0.8573 -0.5239
vt 0.4144 0.8518 -0.5582
vt 0.3969 0.8508 -0.6218
vt 0.3867 0.8563 -0.5854
vt 0.3683 0.8553 -0.6381
vt 0.3779 0.8498 -0.6762
vt 0.5000 0.8769 0.4548
vt 0.3910 0.8769 0.4539
vt 0.2874 0.8767 0.4514
vt 0.4468 0.8765 0.1753
vt 0.4514 0.8767 0.2874
vt 0.4410 0.8761 0.0768
vt 0.4327 0.8757 -0.0289
vt 0.4240 0.8752 -0.1169
vt 0.4127 0.8745 -0.2093
vt 0.4011 0.8738 -0.2870
vt 0.3873 0.8731 -0.3628
vt 0.3730 0.8722 -0.4270
vt 0.3577 0.8714 -0.4827
vt 0.3411 0.8704 -0.5304
vt 0.3234 0.8694 -0.5687
vt 0.3487 0.8542 -0.6804
vt 0.3067 0.8684 -0.5939
vt 0.3302 0.8532 -0.7082
vt 0.3107 0.8521 -0.7260
vt 0.2891 0.8674 -0.6100
vt 0.2705 0.8663 -0.6157
vt 0.2901 0.8510 -0.7323
vt 0.2525 0.8653 -0.6104
vt 0.2702 0.8499 -0.7264
vt 0.2513 0.8489 -0.7097
vt 0.2354 0.8643 -0.5953
vt 0.5000 0.8917 0.4133
vt 0.4031 0.8917 0.4126
vt 0.3110 0.8916 0.4103
vt 0.4103 0.8916 0.3110
vt 0.4063 0.8913 0.2112
vt 0.4011 0.8910 0.1236
vt 0.3938 0.8906 0.0296
vt 0.3861 0.8901 -0.0487
vt 0.3760 0.8895 -0.1309
vt 0.3657 0.8889 -0.2000
vt 0.3535 0.8881 -0.2674
vt 0.3408 0.8874 -0.3245
vt 0.3272 0.8866 -0.3740
vt 0.3125 0.8857 -0.4164
vt 0.2967 0.8847 -0.4505
vt 0.2819 0.8838 -0.4729
vt 0.2662 0.8829 -0.4872
vt 0.2498 0.8819 -0.4923
vt 0.2338 0.8810 -0.4875
vt 0.2186 0.8800 -0.4741
vt 0.2168 0.8633 -0.5674
vt 0.2022 0.8791 -0.4493
vt 0.1877 0.8782 -0.4181
vt 0.2006 0.8623 -0.5323
vt 0.1722 0.8773 -0.3737
vt 0.1831 0.8613 -0.4823
vt 0.1686 0.8605 -0.4296
vt 0.1593 0.8765 -0.3268
vt 0.1458 0.8757 -0.2659
vt 0.1533 0.8596 -0.3612
vt 0.1344 0.8750 -0.2033
vt 0.1405 0.8589 -0.2908
vt 0.1279 0.8582 -0.2074
vt 0.1232 0.8743 -0.1291
vt 0.1138 0.8738 -0.0522
vt 0.1173 0.8575 -0.1209
vt 0.1057 0.8733 0.0302
vt 0.1081 0.8570 -0.0283
vt 0.1003 0.8566 0.0722
vt 0.0987 0.8728 0.1195
vt 0.0931 0.8725 0.2151
vt 0.0939 0.8562 0.1797
vt 0.0894 0.8723 0.3048
vt 0.0898 0.8560 0.2806
vt 0.6125 0.8558 0.0871
vt 0.7194 0.8560 0.0898
vt 0.6952 0.8723 0.0894
vt 0.6000 0.8721 0.0870
vt 0.5000 0.8721 0.0862
vt 0.5000 0.8558 0.0862
vt 0.5000 0.9060 0.3717
vt 0.4152 0.9059 0.3710
vt 0.3347 0.9058 0.3691
vt 0.3655 0.9056 0.2475
vt 0.3691 0.9058 0.3347
vt 0.3610 0.9053 0.1709
vt 0.3546 0.9049 0.0886
vt 0.3479 0.9045 0.0201
vt 0.3391 0.9039 -0.0517
vt 0.3301 0.9034 -0.1121
vt 0.3194 0.9027 -0.1711
vt 0.3084 0.9020 -0.2210
vt 0.2965 0.9013 -0.2644
vt 0.2837 0.9004 -0.3015
vt 0.2699 0.8996 -0.3313
vt 0.2570 0.8988 -0.3508
vt 0.2433 0.8979 -0.3634
vt 0.2289 0.8970 -0.3678
vt 0.2150 0.8961 -0.3636
vt 0.2017 0.8953 -0.3519
vt 0.1874 0.8944 -0.3302
vt 0.1748 0.8936 -0.3030
vt 0.1612 0.8928 -0.2641
vt 0.1500 0.8921 -0.2230
vt 0.1382 0.8913 -0.1698
vt 0.1282 0.8907 -0.1151
vt 0.1185 0.8901 -0.0502
vt 0.1103 0.8896 0.0171
vt 0.1032 0.8891 0.0891
vt 0.0971 0.8887 0.1673
vt 0.0922 0.8884 0.2509
vt 0.0890 0.8882 0.3293
vt 0.5875 0.8881 0.0869
vt 0.6707 0.8882 0.0890
vt 0.5000 0.8881 0.0862
vt 0.2735 0.9170 -0.1095
vt 0.2636 0.9163 -0.1462
vt 0.2527 0.9156 -0.1776
vt 0.2411 0.9148 -0.2027
vt 0.2302 0.9141 -0.2193
vt 0.2187 0.9134 -0.2299
vt 0.2066 0.9126 -0.2336
vt 0.1948 0.9118 -0.2301
vt 0.1836 0.9111 -0.2202
vt 0.1715 0.9103 -0.2019
vt 0.1609 0.9096 -0.1788
vt 0.1495 0.9088 -0.1459
vt 0.1400 0.9082 -0.1113
vt 0.1300 0.9076 -0.0663
vt 0.1216 0.9070 -0.0200
vt 0.1135 0.9065 0.0349
vt 0.1065 0.9060 0.0918
vt 0.1005 0.9056 0.1526
vt 0.0954 0.9053 0.2187
vt 0.0912 0.9050 0.2894
vt 0.0885 0.9048 0.3557
vt 0.6443 0.9048 0.0885
vt 0.5740 0.9047 0.0868
vt 0.5000 0.9047 0.0862
vt 0.5000 0.8473 0.0862
vt 0.6195 0.8473 0.0872
vt 0.7379 0.8473 0.0902
vt 0.0902 0.8473 0.2621
vt 0.0951 0.8473 0.1460
vt 0.1020 0.8473 0.0332
vt 0.1110 0.8473 -0.0780
vt 0.1218 0.8473 -0.1834
vt 0.1343 0.8473 -0.2821
vt 0.1483 0.8473 -0.3732
vt 0.1646 0.8473 -0.4600
vt 0.1822 0.8473 -0.5368
vt 0.2010 0.8473 -0.6031
vt 0.2208 0.8473 -0.6583
vt 0.2421 0.8473 -0.7034
vt 0.2641 0.8473 -0.7359
vt 0.2865 0.8473 -0.7555
vt 0.3091 0.8473 -0.7622
vt 0.3317 0.8473 -0.7558
vt 0.3542 0.8473 -0.7364
vt 0.3762 0.8473 -0.7041
vt 0.3976 0.8473 -0.6591
vt 0.4173 0.8473 -0.6039
vt 0.4361 0.8473 -0.5376
vt 0.4537 0.8473 -0.4608
vt 0.4699 0.8473 -0.3740
vt 0.4839 0.8473 -0.2827
vt 0.4964 0.8473 -0.1838
vt 0.5071 0.8473 -0.0782
vt 0.5161 0.8473 0.0333
vt 0.5229 0.8473 0.1459
vt 0.5278 0.8473 0.2620
vt 0.2620 0.8473 0.5278
vt 0.3804 0.8473 0.5308
vt 0.5000 0.8473 0.5318
vt 0.5000 0.9206 0.3265
vt 0.4310 0.9206 0.3259
vt 0.3628 0.9206 0.3239
vt 0.3239 0.9206 0.3628
vt 0.3208 0.9206 0.2961
vt 0.3164 0.9206 0.2320
vt 0.3103 0.9206 0.1657
vt 0.3030 0.9206 0.1040
vt 0.2945 0.9206 0.0476
vt 0.2851 0.9206 -0.0029
vt 0.2748 0.9206 -0.0472
vt 0.2638 0.9206 -0.0846
vt 0.2522 0.9206 -0.1152
vt 0.2402 0.9206 -0.1386
vt 0.2176 0.9206 -0.1623
vt 0.1946 0.9206 -0.1618
vt 0.1730 0.9206 -0.1386
vt 0.1523 0.9206 -0.0935
vt 0.1328 0.9206 -0.0254
vt 0.1158 0.9206 0.0631
vt 0.1027 0.9206 0.1637
vt 0.0931 0.9206 0.2774
vt 0.0879 0.9206 0.3868
vt 0.6132 0.9206 0.0879
vt 0.5000 0.9206 0.0862
vt 0.3710 0.9059 0.4152
# 224 texture coords

o Letrero002
g Letrero002
usemtl blanco
s 1
f 537/570/533 538/571/534 539/572/535 540/573/536 
f 540/573/536 539/572/535 541/574/537 542/575/538 
f 541/576/537 543/577/539 544/578/540 542/579/538 
f 544/578/540 543/577/539 545/580/541 546/581/542 
f 547/582/543 546/581/542 545/580/541 548/583/544 
f 548/583/544 549/584/545 550/585/546 547/582/543 
f 550/585/546 549/584/545 551/586/547 552/587/548 
f 553/588/549 552/587/548 551/586/547 554/589/550 
f 554/589/550 555/590/551 556/591/552 553/588/549 
f 556/591/552 555/590/551 557/592/553 558/593/554 
f 559/594/555 558/593/554 557/592/553 560/595/556 
f 560/595/556 561/596/557 562/597/558 559/594/555 
f 563/598/559 564/599/560 539/572/535 538/571/534 
f 539/572/535 564/599/560 565/600/561 541/574/537 
f 566/601/562 543/577/539 541/576/537 565/602/561 
f 543/577/539 566/601/562 567/603/563 545/580/541 
f 567/603/563 568/604/564 548/583/544 545/580/541 
f 569/605/565 549/584/545 548/583/544 568/604/564 
f 549/584/545 569/605/565 570/606/566 551/586/547 
f 570/606/566 571/607/567 554/589/550 551/586/547 
f 572/608/568 555/590/551 554/589/550 571/607/567 
f 555/590/551 572/608/568 573/609/569 557/592/553 
f 573/609/569 574/610/570 560/595/556 557/592/553 
f 575/611/571 561/596/557 560/595/556 574/610/570 
f 561/596/557 575/611/571 576/612/572 577/613/573 
f 577/613/573 576/612/572 578/614/574 579/615/575 
f 580/616/576 579/615/575 578/614/574 581/617/577 
f 581/617/577 582/618/578 583/619/579 580/616/576 
f 583/619/579 582/618/578 584/620/580 585/621/581 
f 586/622/582 585/621/581 584/620/580 587/623/583 
f 564/599/560 563/598/559 588/624/584 589/625/585 
f 565/600/561 564/599/560 589/625/585 590/626/586 
f 565/602/561 590/627/586 591/628/587 566/601/562 
f 592/629/588 567/603/563 566/601/562 591/628/587 
f 592/629/588 593/630/589 568/604/564 567/603/563 
f 568/604/564 593/630/589 594/631/590 569/605/565 
f 595/632/591 570/606/566 569/605/565 594/631/590 
f 595/632/591 596/633/592 571/607/567 570/606/566 
f 571/607/567 596/633/592 597/634/593 572/608/568 
f 598/635/594 573/609/569 572/608/568 597/634/593 
f 598/635/594 599/636/595 574/610/570 573/609/569 
f 574/610/570 599/636/595 600/637/596 575/611/571 
f 601/638/597 576/612/572 575/611/571 600/637/596 
f 578/614/574 576/612/572 601/638/597 602/639/598 
f 581/617/577 578/614/574 602/639/598 603/640/599 
f 581/617/577 603/640/599 604/641/600 582/618/578 
f 584/620/580 582/618/578 604/641/600 605/642/601 
f 587/623/583 584/620/580 605/642/601 606/643/602 
f 607/644/603 587/623/583 606/643/602 608/645/604 
f 608/645/604 609/646/605 610/647/606 607/644/603 
f 610/647/606 609/646/605 611/648/607 612/649/608 
f 613/650/609 612/649/608 611/648/607 614/651/610 
f 614/651/610 615/652/611 616/653/612 613/650/609 
f 616/653/612 615/652/611 617/654/613 618/655/614 
f 619/656/615 618/655/614 617/654/613 620/657/616 
f 620/657/616 621/658/617 622/659/618 619/656/615 
f 622/659/618 621/658/617 623/660/619 624/661/620 
f 625/662/621 624/661/620 623/660/619 626/663/622 
f 626/663/622 627/664/623 628/665/624 625/662/621 
f 628/665/624 627/664/623 629/666/625 630/667/626 
f 631/668/627 630/669/626 629/670/625 632/671/628 
f 633/672/629 634/673/630 631/668/627 632/671/628 
f 588/624/584 635/674/631 636/675/632 589/625/585 
f 590/626/586 589/625/585 636/675/632 637/676/633 
f 638/677/634 591/628/587 590/627/586 637/678/633 
f 592/629/588 591/628/587 638/677/634 639/679/635 
f 593/630/589 592/629/588 639/679/635 640/680/636 
f 641/681/637 594/631/590 593/630/589 640/680/636 
f 595/632/591 594/631/590 641/681/637 642/682/638 
f 596/633/592 595/632/591 642/682/638 643/683/639 
f 644/684/640 597/634/593 596/633/592 643/683/639 
f 644/684/640 645/685/641 598/635/594 597/634/593 
f 599/636/595 598/635/594 645/685/641 646/686/642 
f 647/687/643 600/637/596 599/636/595 646/686/642 
f 648/688/644 601/638/597 600/637/596 647/687/643 
f 649/689/645 602/639/598 601/638/597 648/688/644 
f 650/690/646 603/640/599 602/639/598 649/689/645 
f 651/691/647 604/641/600 603/640/599 650/690/646 
f 652/692/648 605/642/601 604/641/600 651/691/647 
f 653/693/649 606/643/602 605/642/601 652/692/648 
f 654/694/650 608/645/604 606/643/602 653/693/649 
f 655/695/651 609/646/605 608/645/604 654/694/650 
f 656/696/652 611/648/607 609/646/605 655/695/651 
f 657/697/653 614/651/610 611/648/607 656/696/652 
f 614/651/610 657/697/653 658/698/654 615/652/611 
f 617/654/613 615/652/611 658/698/654 659/699/655 
f 660/700/656 620/657/616 617/654/613 659/699/655 
f 620/657/616 660/700/656 661/701/657 621/658/617 
f 661/701/657 662/702/658 623/660/619 621/658/617 
f 663/703/659 626/663/622 623/660/619 662/702/658 
f 626/663/622 663/703/659 664/704/660 627/664/623 
f 629/666/625 627/664/623 664/704/660 665/705/661 
f 666/706/662 632/671/628 629/670/625 665/707/661 
f 632/671/628 666/706/662 667/708/663 633/672/629 
f 668/709/664 645/685/641 644/684/640 
f 646/686/642 645/685/641 668/709/664 669/710/665 
f 647/687/643 646/686/642 669/710/665 670/711/666 
f 648/688/644 647/687/643 670/711/666 671/712/667 
f 649/689/645 648/688/644 671/712/667 672/713/668 
f 650/690/646 649/689/645 672/713/668 673/714/669 
f 674/715/670 651/691/647 650/690/646 673/714/669 
f 651/691/647 674/715/670 675/716/671 652/692/648 
f 652/692/648 675/716/671 676/717/672 653/693/649 
f 653/693/649 676/717/672 677/718/673 654/694/650 
f 654/694/650 677/718/673 678/719/674 655/695/651 
f 655/695/651 678/719/674 679/720/675 656/696/652 
f 657/697/653 656/696/652 679/720/675 680/721/676 
f 658/698/654 657/697/653 680/721/676 681/722/677 
f 659/699/655 658/698/654 681/722/677 682/723/678 
f 660/700/656 659/699/655 682/723/678 683/724/679 
f 661/701/657 660/700/656 683/724/679 684/725/680 
f 662/702/658 661/701/657 684/725/680 685/726/681 
f 663/703/659 662/702/658 685/726/681 686/727/682 
f 664/704/660 663/703/659 686/727/682 687/728/683 
f 664/704/660 687/728/683 688/729/684 665/705/661 
f 665/707/661 688/730/684 689/731/685 666/706/662 
f 667/708/663 666/706/662 689/731/685 690/732/686 
f 691/733/687 692/734/688 631/668/627 
f 692/734/688 693/735/689 630/669/626 
f 693/736/689 694/737/690 628/665/624 
f 694/737/690 695/738/691 625/662/621 
f 695/738/691 696/739/692 624/661/620 
f 696/739/692 697/740/693 622/659/618 
f 697/740/693 698/741/694 619/656/615 
f 698/741/694 699/742/695 618/655/614 
f 699/742/695 700/743/696 616/653/612 
f 700/743/696 701/744/697 613/650/609 
f 701/744/697 702/745/698 612/649/608 
f 702/745/698 703/746/699 610/647/606 
f 703/746/699 704/747/700 607/644/603 
f 704/747/700 705/748/701 586/622/582 
f 705/748/701 706/749/702 585/621/581 
f 706/749/702 707/750/703 583/619/579 
f 707/750/703 708/751/704 580/616/576 
f 708/751/704 709/752/705 579/615/575 
f 709/752/705 710/753/706 562/597/558 
f 710/753/706 711/754/707 562/597/558 
f 711/754/707 712/755/708 559/594/555 
f 712/755/708 713/756/709 558/593/554 
f 713/756/709 714/757/710 556/591/552 
f 714/757/710 715/758/711 553/588/549 
f 715/758/711 716/759/712 552/587/548 
f 716/759/712 717/760/713 550/585/546 
f 717/760/713 718/761/714 547/582/543 
f 718/761/714 719/762/715 546/581/542 
f 719/762/715 720/763/716 544/578/540 
f 720/763/716 721/764/717 542/579/538 
f 721/765/717 722/766/718 540/573/536 
f 722/766/718 723/767/719 537/570/533 
f 724/768/720 725/769/721 635/674/631 
f 725/769/721 726/770/722 636/675/632 
f 726/771/722 727/772/723 637/678/633 
f 727/772/723 728/773/724 638/677/634 
f 728/773/724 729/774/725 639/679/635 
f 729/774/725 730/775/726 640/680/636 
f 730/775/726 731/776/727 642/682/638 
f 731/776/727 732/777/728 643/683/639 
f 732/777/728 733/778/729 668/709/664 
f 733/778/729 734/779/730 668/709/664 
f 734/779/730 735/780/731 669/710/665 
f 735/780/731 736/781/732 670/711/666 
f 736/781/732 737/782/733 671/712/667 
f 737/782/733 738/783/734 673/714/669 
f 738/783/734 739/784/735 675/716/671 
f 739/784/735 740/785/736 677/718/673 
f 740/785/736 741/786/737 679/720/675 
f 741/786/737 742/787/738 681/722/677 
f 742/787/738 743/788/739 683/724/679 
f 743/788/739 744/789/740 685/726/681 
f 744/789/740 745/790/741 687/728/683 
f 745/791/741 746/792/742 689/731/685 
f 746/792/742 690/732/686 689/731/685 
f 634/673/630 691/733/687 631/668/627 
f 537/570/533 540/573/536 722/766/718 
f 540/573/536 542/575/538 721/765/717 
f 542/579/538 544/578/540 720/763/716 
f 544/578/540 546/581/542 719/762/715 
f 546/581/542 547/582/543 718/761/714 
f 547/582/543 550/585/546 717/760/713 
f 550/585/546 552/587/548 716/759/712 
f 552/587/548 553/588/549 715/758/711 
f 553/588/549 556/591/552 714/757/710 
f 556/591/552 558/593/554 713/756/709 
f 558/593/554 559/594/555 712/755/708 
f 562/597/558 561/596/557 577/613/573 
f 559/594/555 562/597/558 711/754/707 
f 577/613/573 579/615/575 709/752/705 
f 579/615/575 580/616/576 708/751/704 
f 580/616/576 583/619/579 707/750/703 
f 583/619/579 585/621/581 706/749/702 
f 586/622/582 587/623/583 607/644/603 
f 585/621/581 586/622/582 705/748/701 
f 607/644/603 610/647/606 703/746/699 
f 610/647/606 612/649/608 702/745/698 
f 612/649/608 613/650/609 701/744/697 
f 613/650/609 616/653/612 700/743/696 
f 616/653/612 618/655/614 699/742/695 
f 618/655/614 619/656/615 698/741/694 
f 619/656/615 622/659/618 697/740/693 
f 622/659/618 624/661/620 696/739/692 
f 624/661/620 625/662/621 695/738/691 
f 625/662/621 628/665/624 694/737/690 
f 628/665/624 630/667/626 693/736/689 
f 630/669/626 631/668/627 692/734/688 
f 636/675/632 635/674/631 725/769/721 
f 637/678/633 636/793/632 726/771/722 
f 638/677/634 637/678/633 727/772/723 
f 639/679/635 638/677/634 728/773/724 
f 640/680/636 639/679/635 729/774/725 
f 641/681/637 640/680/636 730/775/726 
f 642/682/638 641/681/637 730/775/726 
f 643/683/639 642/682/638 731/776/727 
f 644/684/640 643/683/639 732/777/728 
f 668/709/664 644/684/640 732/777/728 
f 669/710/665 668/709/664 734/779/730 
f 670/711/666 669/710/665 735/780/731 
f 671/712/667 670/711/666 736/781/732 
f 672/713/668 671/712/667 737/782/733 
f 673/714/669 672/713/668 737/782/733 
f 674/715/670 673/714/669 738/783/734 
f 675/716/671 674/715/670 738/783/734 
f 676/717/672 675/716/671 739/784/735 
f 677/718/673 676/717/672 739/784/735 
f 678/719/674 677/718/673 740/785/736 
f 679/720/675 678/719/674 740/785/736 
f 680/721/676 679/720/675 741/786/737 
f 681/722/677 680/721/676 741/786/737 
f 682/723/678 681/722/677 742/787/738 
f 683/724/679 682/723/678 742/787/738 
f 684/725/680 683/724/679 743/788/739 
f 685/726/681 684/725/680 743/788/739 
f 686/727/682 685/726/681 744/789/740 
f 687/728/683 686/727/682 744/789/740 
f 688/729/684 687/728/683 745/790/741 
f 689/731/685 688/730/684 745/791/741 
f 607/644/603 704/747/700 586/622/582 
f 709/752/705 562/597/558 577/613/573 
# 116 polygons - 121 triangles

#
# object Letrero003
#

v  -3.7977 2.1239 -0.0000
v  -3.7969 2.1190 -0.1028
v  -3.9810 2.0273 -0.0984
v  -3.9818 2.0320 -0.0000
v  -3.7947 2.1049 -0.2005
v  -3.9788 2.0138 -0.1919
v  -3.7906 2.0789 -0.3062
v  -3.9747 1.9890 -0.2931
v  -3.7855 2.0463 -0.3991
v  -3.9695 1.9578 -0.3820
v  -3.7782 1.9997 -0.4989
v  -3.9621 1.9133 -0.4775
v  -3.7704 1.9505 -0.5819
v  -3.9543 1.8663 -0.5569
v  -3.7604 1.8868 -0.6690
v  -3.9442 1.8054 -0.6403
v  -3.7501 1.8213 -0.7423
v  -3.9338 1.7427 -0.7104
v  -3.7378 1.7435 -0.8137
v  -3.9214 1.6684 -0.7788
v  -3.7251 1.6629 -0.8743
v  -3.9086 1.5914 -0.8367
v  -3.7115 1.5766 -0.9268
v  -3.8949 1.5089 -0.8870
v  -3.6968 1.4830 -0.9718
v  -3.8801 1.4194 -0.9301
v  -3.6810 1.3829 -1.0080
v  -3.8642 1.3237 -0.9647
v  -3.6662 1.2889 -1.0317
v  -3.8493 1.2339 -0.9874
v  -3.6505 1.1893 -1.0469
v  -3.8335 1.1387 -1.0020
v  -3.6340 1.0845 -1.0523
v  -3.8168 1.0385 -1.0071
v  -3.8007 0.9415 -1.0023
v  -4.0449 1.9989 -0.0000
v  -4.0441 1.9942 -0.0968
v  -4.0419 1.9810 -0.1888
v  -4.0378 1.9566 -0.2883
v  -4.0326 1.9259 -0.3758
v  -4.0252 1.8821 -0.4697
v  -4.0174 1.8359 -0.5479
v  -4.0073 1.7760 -0.6299
v  -3.9969 1.7144 -0.6989
v  -3.9845 1.6413 -0.7662
v  -3.9717 1.5656 -0.8232
v  -3.9580 1.4845 -0.8727
v  -3.9431 1.3965 -0.9151
v  -3.9272 1.3024 -0.9491
v  -3.9123 1.2141 -0.9714
v  -3.8965 1.1204 -0.9857
v  -3.8798 1.0220 -0.9908
v  -3.8637 0.9265 -0.9860
v  -3.7854 0.8492 -0.9886
v  -3.8484 0.8358 -0.9726
v  -3.7688 0.7494 -0.9635
v  -3.8318 0.7377 -0.9479
v  -3.7543 0.6617 -0.9318
v  -3.8172 0.6514 -0.9168
v  -3.7386 0.5675 -0.8867
v  -3.8016 0.5588 -0.8724
v  -3.7256 0.4891 -0.8391
v  -3.7886 0.4817 -0.8255
v  -3.7120 0.4069 -0.7774
v  -3.7749 0.4009 -0.7648
v  -3.7005 0.3377 -0.7138
v  -3.7634 0.3328 -0.7023
v  -3.6893 0.2702 -0.6385
v  -3.7522 0.2665 -0.6282
v  -3.6798 0.2131 -0.5604
v  -3.7427 0.2103 -0.5513
v  -3.6715 0.1634 -0.4768
v  -3.7344 0.1615 -0.4691
v  -3.6645 0.1210 -0.3861
v  -3.7274 0.1197 -0.3799
v  -3.6588 0.0869 -0.2891
v  -3.7217 0.0862 -0.2845
v  -3.6551 0.0644 -0.1981
v  -3.7180 0.0641 -0.1949
v  -3.6527 0.0501 -0.1015
v  -3.7156 0.0500 -0.0999
v  -3.6519 0.0450 -0.0000
v  -3.7148 0.0450 -0.0000
v  -4.1833 1.9183 -0.0931
v  -4.1841 1.9228 -0.0000
v  -4.1811 1.9056 -0.1816
v  -4.1770 1.8821 -0.2774
v  -4.1718 1.8526 -0.3615
v  -4.1644 1.8105 -0.4519
v  -4.1566 1.7662 -0.5271
v  -4.1465 1.7086 -0.6060
v  -4.1361 1.6494 -0.6724
v  -4.1238 1.5791 -0.7371
v  -4.1111 1.5064 -0.7920
v  -4.0974 1.4284 -0.8396
v  -4.0826 1.3439 -0.8803
v  -4.0667 1.2534 -0.9131
v  -4.0518 1.1686 -0.9346
v  -4.0360 1.0785 -0.9483
v  -4.0194 0.9839 -0.9532
v  -4.0033 0.8922 -0.9486
v  -3.9880 0.8050 -0.9357
v  -3.9715 0.7107 -0.9119
v  -3.9570 0.6278 -0.8820
v  -3.9413 0.5388 -0.8393
v  -3.9284 0.4647 -0.7942
v  -3.9147 0.3870 -0.7358
v  -3.9033 0.3216 -0.6756
v  -3.8921 0.2578 -0.6043
v  -3.8826 0.2038 -0.5304
v  -3.8744 0.1569 -0.4513
v  -3.8673 0.1168 -0.3655
v  -3.8617 0.0846 -0.2737
v  -3.8580 0.0634 -0.1875
v  -3.8556 0.0498 -0.0961
v  -3.8547 0.0450 -0.0000
v  -4.2649 1.8765 -0.0000
v  -4.2641 1.8721 -0.0909
v  -4.2619 1.8597 -0.1772
v  -4.2578 1.8369 -0.2707
v  -4.2526 1.8081 -0.3528
v  -4.2453 1.7671 -0.4411
v  -4.2375 1.7238 -0.5144
v  -4.2275 1.6676 -0.5915
v  -4.2171 1.6099 -0.6562
v  -4.2049 1.5414 -0.7194
v  -4.1921 1.4704 -0.7730
v  -4.1785 1.3944 -0.8194
v  -4.1638 1.3119 -0.8592
v  -4.1480 1.2237 -0.8911
v  -4.1331 1.1409 -0.9121
v  -4.1174 1.0531 -0.9256
v  -4.1009 0.9608 -0.9303
v  -4.0849 0.8713 -0.9259
v  -4.0696 0.7863 -0.9133
v  -4.0532 0.6943 -0.8900
v  -4.0387 0.6135 -0.8608
v  -4.0231 0.5266 -0.8191
v  -4.0102 0.4544 -0.7751
v  -3.9966 0.3786 -0.7181
v  -3.9852 0.3148 -0.6594
v  -3.9741 0.2526 -0.5898
v  -3.9646 0.1999 -0.5177
v  -3.9564 0.1542 -0.4405
v  -3.9494 0.1150 -0.3567
v  -3.9438 0.0836 -0.2671
v  -3.9401 0.0629 -0.1830
v  -3.9377 0.0497 -0.0938
v  -3.9369 0.0450 -0.0000
v  -4.3817 1.8024 -0.0875
v  -4.3825 1.8066 -0.0000
v  -4.3795 1.7905 -0.1706
v  -4.3755 1.7685 -0.2606
v  -4.3703 1.7408 -0.3397
v  -4.3631 1.7013 -0.4246
v  -4.3554 1.6597 -0.4953
v  -4.3454 1.6057 -0.5694
v  -4.3352 1.5501 -0.6318
v  -4.3230 1.4842 -0.6926
v  -4.3104 1.4159 -0.7441
v  -4.2970 1.3428 -0.7889
v  -4.2823 1.2635 -0.8272
v  -4.2667 1.1787 -0.8579
v  -4.2520 1.0990 -0.8781
v  -4.2364 1.0146 -0.8911
v  -4.2201 0.9258 -0.8956
v  -4.2042 0.8398 -0.8913
v  -4.1891 0.7580 -0.8792
v  -4.1728 0.6695 -0.8569
v  -4.1585 0.5917 -0.8287
v  -4.1430 0.5082 -0.7886
v  -4.1302 0.4388 -0.7462
v  -4.1168 0.3658 -0.6913
v  -4.1055 0.3045 -0.6348
v  -4.0944 0.2447 -0.5678
v  -4.0851 0.1940 -0.4984
v  -4.0770 0.1500 -0.4241
v  -4.0700 0.1123 -0.3434
v  -4.0645 0.0821 -0.2571
v  -4.0608 0.0622 -0.1762
v  -4.0585 0.0495 -0.0903
v  -4.0576 0.0450 -0.0000
v  -4.5036 1.7314 -0.0000
v  -4.5028 1.7274 -0.0838
v  -4.5007 1.7160 -0.1635
v  -4.4967 1.6950 -0.2498
v  -4.4917 1.6684 -0.3255
v  -4.4845 1.6307 -0.4069
v  -4.4769 1.5908 -0.4746
v  -4.4671 1.5391 -0.5457
v  -4.4570 1.4859 -0.6054
v  -4.4450 1.4228 -0.6637
v  -4.4326 1.3575 -0.7131
v  -4.4193 1.2875 -0.7560
v  -4.4049 1.2115 -0.7927
v  -4.3895 1.1303 -0.8221
v  -4.3750 1.0541 -0.8415
v  -4.3597 0.9732 -0.8539
v  -4.3435 0.8882 -0.8583
v  -4.3279 0.8059 -0.8542
v  -4.3130 0.7276 -0.8426
v  -4.2969 0.6429 -0.8211
v  -4.2828 0.5684 -0.7941
v  -4.2676 0.4885 -0.7557
v  -4.2550 0.4220 -0.7151
v  -4.2417 0.3522 -0.6625
v  -4.2306 0.2934 -0.6084
v  -4.2197 0.2362 -0.5441
v  -4.2105 0.1877 -0.4776
v  -4.2025 0.1455 -0.4064
v  -4.1956 0.1095 -0.3291
v  -4.1902 0.0805 -0.2464
v  -4.1865 0.0615 -0.1688
v  -4.1842 0.0493 -0.0865
v  -4.1834 0.0450 -0.0000
v  -4.5988 1.0439 -0.7580
v  -4.6137 1.1187 -0.7308
v  -4.5848 0.9738 -0.7759
v  -4.5700 0.8994 -0.7873
v  -4.5544 0.8211 -0.7913
v  -4.5394 0.7453 -0.7875
v  -4.5250 0.6733 -0.7768
v  -4.5095 0.5953 -0.7571
v  -4.4958 0.5268 -0.7322
v  -4.4812 0.4532 -0.6967
v  -4.4690 0.3920 -0.6593
v  -4.4562 0.3277 -0.6108
v  -4.4454 0.2737 -0.5609
v  -4.4350 0.2209 -0.5017
v  -4.4261 0.1763 -0.4404
v  -4.4183 0.1375 -0.3747
v  -4.4117 0.1043 -0.3034
v  -4.4064 0.0777 -0.2272
v  -4.4029 0.0602 -0.1556
v  -4.4007 0.0490 -0.0798
v  -4.3999 0.0450 -0.0000
v  -4.5869 0.6569 -0.7570
v  -4.6010 0.7271 -0.7674
v  -4.5715 0.5809 -0.7377
v  -4.5581 0.5142 -0.7135
v  -4.5436 0.4425 -0.6789
v  -4.5316 0.3829 -0.6425
v  -4.5189 0.3204 -0.5952
v  -4.5083 0.2677 -0.5466
v  -4.4980 0.2164 -0.4889
v  -4.4892 0.1729 -0.4291
v  -4.4816 0.1351 -0.3651
v  -4.4750 0.1028 -0.2957
v  -4.4698 0.0769 -0.2214
v  -4.4664 0.0598 -0.1517
v  -4.4642 0.0489 -0.0777
v  -4.4634 0.0450 -0.0000
v  -3.5672 0.0450 -0.0000
v  -3.5672 0.0491 -0.0919
v  -3.5672 0.0612 -0.1830
v  -3.5672 0.0814 -0.2730
v  -3.5672 0.1094 -0.3608
v  -3.5672 0.1474 -0.4509
v  -3.5672 0.1935 -0.5371
v  -3.5672 0.2475 -0.6189
v  -3.5672 0.3088 -0.6955
v  -3.5672 0.3854 -0.7742
v  -3.5672 0.4697 -0.8450
v  -3.5672 0.5608 -0.9068
v  -3.5672 0.6574 -0.9593
v  -3.5672 0.7144 -0.9847
v  -3.5672 0.7728 -1.0068
v  -3.5672 0.8322 -1.0256
v  -3.5672 0.8925 -1.0411
v  -3.5672 0.9534 -1.0531
v  -3.5672 1.0149 -1.0618
v  -3.5672 1.0766 -1.0669
v  -3.5672 1.1385 -1.0687
v  -3.5672 1.2007 -1.0670
v  -3.5672 1.2627 -1.0619
v  -3.5672 1.3243 -1.0533
v  -3.5672 1.3853 -1.0413
v  -3.5672 1.4455 -1.0259
v  -3.5672 1.5046 -1.0072
v  -3.5672 1.5627 -0.9852
v  -3.5672 1.6194 -0.9599
v  -3.5672 1.7161 -0.9075
v  -3.5672 1.8070 -0.8456
v  -3.5672 1.8912 -0.7749
v  -3.5672 1.9678 -0.6960
v  -3.5672 2.0288 -0.6195
v  -3.5672 2.0825 -0.5378
v  -3.5672 2.1286 -0.4514
v  -3.5672 2.1665 -0.3612
v  -3.5672 2.1944 -0.2734
v  -3.5672 2.2145 -0.1835
v  -3.5672 2.2266 -0.0921
v  -3.5672 2.2307 -0.0000
v  -4.6417 1.6421 -0.0000
v  -4.6417 1.6385 -0.0724
v  -4.6417 1.6278 -0.1441
v  -4.6417 1.6102 -0.2144
v  -4.6417 1.5857 -0.2826
v  -4.6417 1.5537 -0.3501
v  -4.6417 1.5152 -0.4140
v  -4.6417 1.4706 -0.4739
v  -4.6417 1.4204 -0.5292
v  -4.6417 1.3623 -0.5817
v  -4.6417 1.2992 -0.6283
v  -4.6417 1.2319 -0.6684
v  -4.6417 1.1610 -0.7018
v  -4.6417 1.0845 -0.7290
v  -4.6417 1.0056 -0.7486
v  -4.6417 0.9252 -0.7604
v  -4.6417 0.8439 -0.7642
v  -4.6417 0.7630 -0.7602
v  -4.6417 0.6828 -0.7483
v  -4.6417 0.6040 -0.7286
v  -4.6417 0.5276 -0.7013
v  -4.6417 0.4566 -0.6679
v  -4.6417 0.3892 -0.6278
v  -4.6417 0.3260 -0.5813
v  -4.6417 0.2677 -0.5287
v  -4.6417 0.2174 -0.4736
v  -4.6417 0.1727 -0.4138
v  -4.6417 0.1340 -0.3500
v  -4.6417 0.1019 -0.2826
v  -4.6417 0.0772 -0.2144
v  -4.6417 0.0594 -0.1440
v  -4.6417 0.0486 -0.0724
v  -4.6417 0.0450 -0.0000
# 326 vertices

vn -0.4339 0.8998 -0.0460
vn -0.4336 0.8963 -0.0924
vn -0.4546 0.8859 -0.0921
vn -0.4551 0.8892 -0.0466
vn -0.4315 0.8831 -0.1843
vn -0.4515 0.8731 -0.1839
vn -0.4269 0.8610 -0.2765
vn -0.4465 0.8514 -0.2752
vn -0.4202 0.8305 -0.3657
vn -0.4394 0.8211 -0.3644
vn -0.4114 0.7914 -0.4521
vn -0.4304 0.7825 -0.4500
vn -0.4008 0.7452 -0.5329
vn -0.4196 0.7363 -0.5308
vn -0.3885 0.6911 -0.6095
vn -0.4070 0.6828 -0.6068
vn -0.3749 0.6304 -0.6798
vn -0.3928 0.6222 -0.6772
vn -0.3600 0.5625 -0.7443
vn -0.3770 0.5551 -0.7414
vn -0.3441 0.4895 -0.8012
vn -0.3598 0.4825 -0.7986
vn -0.3286 0.4118 -0.8500
vn -0.3415 0.4049 -0.8482
vn -0.3112 0.3258 -0.8927
vn -0.3216 0.3210 -0.8908
vn -0.2916 0.2378 -0.9265
vn -0.3008 0.2335 -0.9247
vn -0.2722 0.1502 -0.9505
vn -0.2798 0.1457 -0.9489
vn -0.2525 0.0590 -0.9658
vn -0.2581 0.0554 -0.9645
vn -0.2308 -0.0414 -0.9721
vn -0.2357 -0.0382 -0.9711
vn -0.2134 -0.1299 -0.9683
vn -0.4717 0.8806 -0.0464
vn -0.4711 0.8773 -0.0917
vn -0.4681 0.8646 -0.1829
vn -0.4628 0.8431 -0.2739
vn -0.4555 0.8130 -0.3626
vn -0.4463 0.7748 -0.4479
vn -0.4351 0.7290 -0.5284
vn -0.4222 0.6759 -0.6041
vn -0.4075 0.6159 -0.6743
vn -0.3912 0.5493 -0.7384
vn -0.3735 0.4772 -0.7955
vn -0.3545 0.4001 -0.8451
vn -0.3339 0.3167 -0.8878
vn -0.3124 0.2298 -0.9217
vn -0.2906 0.1425 -0.9462
vn -0.2682 0.0526 -0.9619
vn -0.2449 -0.0406 -0.9687
vn -0.2218 -0.1326 -0.9660
vn -0.1932 -0.2219 -0.9557
vn -0.1988 -0.2238 -0.9541
vn -0.1712 -0.3138 -0.9339
vn -0.1758 -0.3148 -0.9327
vn -0.1499 -0.4025 -0.9031
vn -0.1532 -0.4038 -0.9019
vn -0.1285 -0.4885 -0.8630
vn -0.1315 -0.4893 -0.8621
vn -0.1090 -0.5689 -0.8151
vn -0.1109 -0.5700 -0.8142
vn -0.0905 -0.6452 -0.7586
vn -0.0915 -0.6457 -0.7581
vn -0.0732 -0.7151 -0.6951
vn -0.0735 -0.7158 -0.6945
vn -0.0580 -0.7792 -0.6241
vn -0.0571 -0.7795 -0.6238
vn -0.0438 -0.8356 -0.5476
vn -0.0425 -0.8359 -0.5472
vn -0.0318 -0.8843 -0.4658
vn -0.0300 -0.8846 -0.4654
vn -0.0215 -0.9258 -0.3775
vn -0.0192 -0.9260 -0.3771
vn -0.0131 -0.9584 -0.2850
vn -0.0108 -0.9584 -0.2851
vn -0.0068 -0.9811 -0.1934
vn -0.0049 -0.9812 -0.1930
vn -0.0030 -0.9951 -0.0985
vn -0.0013 -0.9951 -0.0984
vn -0.0015 -0.9988 -0.0483
vn 0.0000 -0.9988 -0.0498
vn -0.4873 0.8685 -0.0913
vn -0.4878 0.8717 -0.0462
vn -0.4841 0.8559 -0.1822
vn -0.4787 0.8345 -0.2727
vn -0.4712 0.8047 -0.3611
vn -0.4616 0.7668 -0.4461
vn -0.4501 0.7214 -0.5263
vn -0.4367 0.6687 -0.6018
vn -0.4216 0.6091 -0.6718
vn -0.4047 0.5430 -0.7358
vn -0.3864 0.4713 -0.7928
vn -0.3668 0.3947 -0.8424
vn -0.3456 0.3119 -0.8850
vn -0.3233 0.2254 -0.9191
vn -0.3009 0.1386 -0.9435
vn -0.2777 0.0491 -0.9594
vn -0.2536 -0.0436 -0.9663
vn -0.2297 -0.1352 -0.9638
vn -0.2059 -0.2260 -0.9521
vn -0.1821 -0.3167 -0.9309
vn -0.1587 -0.4054 -0.9003
vn -0.1362 -0.4906 -0.8607
vn -0.1149 -0.5710 -0.8129
vn -0.0948 -0.6465 -0.7570
vn -0.0762 -0.7164 -0.6935
vn -0.0592 -0.7800 -0.6230
vn -0.0441 -0.8363 -0.5466
vn -0.0310 -0.8848 -0.4649
vn -0.0199 -0.9261 -0.3767
vn -0.0112 -0.9585 -0.2848
vn -0.0051 -0.9812 -0.1928
vn -0.0013 -0.9952 -0.0983
vn 0.0000 -0.9988 -0.0497
vn -0.5033 0.8629 -0.0459
vn -0.5028 0.8596 -0.0908
vn -0.4995 0.8471 -0.1813
vn -0.4940 0.8260 -0.2714
vn -0.4863 0.7965 -0.3594
vn -0.4764 0.7589 -0.4440
vn -0.4646 0.7139 -0.5239
vn -0.4509 0.6616 -0.5991
vn -0.4353 0.6025 -0.6689
vn -0.4180 0.5369 -0.7328
vn -0.3992 0.4658 -0.7897
vn -0.3790 0.3897 -0.8393
vn -0.3571 0.3074 -0.8820
vn -0.3342 0.2215 -0.9161
vn -0.3111 0.1351 -0.9407
vn -0.2872 0.0461 -0.9568
vn -0.2623 -0.0461 -0.9639
vn -0.2376 -0.1374 -0.9616
vn -0.2130 -0.2279 -0.9501
vn -0.1885 -0.3182 -0.9291
vn -0.1643 -0.4066 -0.8987
vn -0.1410 -0.4916 -0.8593
vn -0.1189 -0.5718 -0.8117
vn -0.0982 -0.6472 -0.7560
vn -0.0789 -0.7169 -0.6927
vn -0.0613 -0.7803 -0.6224
vn -0.0457 -0.8365 -0.5461
vn -0.0321 -0.8850 -0.4645
vn -0.0206 -0.9262 -0.3764
vn -0.0116 -0.9586 -0.2846
vn -0.0052 -0.9813 -0.1926
vn -0.5179 0.8506 -0.0904
vn -0.5185 0.8538 -0.0457
vn -0.5146 0.8382 -0.1804
vn -0.5089 0.8173 -0.2701
vn -0.5010 0.7881 -0.3577
vn -0.4909 0.7508 -0.4420
vn -0.4788 0.7062 -0.5216
vn -0.4647 0.6543 -0.5966
vn -0.4487 0.5957 -0.6663
vn -0.4309 0.5305 -0.7300
vn -0.4115 0.4599 -0.7868
vn -0.3908 0.3844 -0.8364
vn -0.3683 0.3026 -0.8791
vn -0.3447 0.2172 -0.9132
vn -0.3209 0.1313 -0.9380
vn -0.2962 0.0428 -0.9542
vn -0.2706 -0.0491 -0.9614
vn -0.2452 -0.1399 -0.9593
vn -0.2199 -0.2300 -0.9480
vn -0.1945 -0.3200 -0.9272
vn -0.1696 -0.4081 -0.8971
vn -0.1456 -0.4928 -0.8579
vn -0.1228 -0.5728 -0.8105
vn -0.1014 -0.6479 -0.7549
vn -0.0814 -0.7175 -0.6918
vn -0.0633 -0.7808 -0.6216
vn -0.0471 -0.8368 -0.5454
vn -0.0332 -0.8852 -0.4640
vn -0.0213 -0.9264 -0.3760
vn -0.0120 -0.9587 -0.2843
vn -0.0054 -0.9813 -0.1925
vn -0.0014 -0.9952 -0.0982
vn 0.0000 -0.9988 -0.0496
vn -0.5341 0.8442 -0.0450
vn -0.5334 0.8411 -0.0899
vn -0.5296 0.8291 -0.1793
vn -0.5235 0.8084 -0.2690
vn -0.5153 0.7795 -0.3560
vn -0.5051 0.7423 -0.4403
vn -0.4929 0.6981 -0.5193
vn -0.4786 0.6464 -0.5942
vn -0.4626 0.5882 -0.6633
vn -0.4445 0.5234 -0.7269
vn -0.4250 0.4533 -0.7835
vn -0.4049 0.3774 -0.8328
vn -0.3817 0.2968 -0.8753
vn -0.3573 0.2121 -0.9096
vn -0.3327 0.1268 -0.9345
vn -0.3072 0.0389 -0.9508
vn -0.2807 -0.0524 -0.9584
vn -0.2544 -0.1428 -0.9565
vn -0.2282 -0.2324 -0.9455
vn -0.2019 -0.3220 -0.9250
vn -0.1761 -0.4097 -0.8951
vn -0.1511 -0.4942 -0.8561
vn -0.1275 -0.5739 -0.8090
vn -0.1053 -0.6488 -0.7537
vn -0.0846 -0.7181 -0.6908
vn -0.0657 -0.7812 -0.6208
vn -0.0490 -0.8372 -0.5447
vn -0.0345 -0.8854 -0.4635
vn -0.0221 -0.9265 -0.3756
vn -0.0124 -0.9587 -0.2840
vn -0.0056 -0.9813 -0.1923
vn -0.0014 -0.9952 -0.0981
vn -0.3679 0.2062 -0.9067
vn -0.3947 0.2991 -0.8688
vn -0.3424 0.1216 -0.9316
vn -0.3155 0.0340 -0.9483
vn -0.2933 -0.0603 -0.9541
vn -0.2629 -0.1467 -0.9536
vn -0.2358 -0.2358 -0.9428
vn -0.2086 -0.3250 -0.9224
vn -0.1819 -0.4122 -0.8927
vn -0.1562 -0.4962 -0.8540
vn -0.1318 -0.5756 -0.8071
vn -0.1088 -0.6501 -0.7520
vn -0.0874 -0.7192 -0.6893
vn -0.0679 -0.7821 -0.6195
vn -0.0506 -0.8378 -0.5437
vn -0.0356 -0.8859 -0.4626
vn -0.0229 -0.9268 -0.3749
vn -0.0128 -0.9589 -0.2835
vn -0.0058 -0.9814 -0.1919
vn -0.0015 -0.9952 -0.0979
vn 0.0000 -0.9988 -0.0495
vn -0.2389 -0.2375 -0.9415
vn -0.2697 -0.1422 -0.9524
vn -0.2107 -0.3269 -0.9213
vn -0.1836 -0.4133 -0.8919
vn -0.1573 -0.4976 -0.8530
vn -0.1329 -0.5763 -0.8064
vn -0.1095 -0.6510 -0.7511
vn -0.0881 -0.7196 -0.6887
vn -0.0682 -0.7825 -0.6189
vn -0.0508 -0.8381 -0.5432
vn -0.0357 -0.8861 -0.4622
vn -0.0227 -0.9269 -0.3747
vn -0.0126 -0.9590 -0.2831
vn -0.0058 -0.9814 -0.1917
vn -0.0015 -0.9952 -0.0978
vn 0.0000 -0.9990 -0.0441
vn -0.0003 -0.9962 -0.0867
vn -0.0016 -0.9845 -0.1751
vn -0.0055 -0.9650 -0.2621
vn -0.0125 -0.9378 -0.3469
vn -0.0203 -0.9014 -0.4325
vn -0.0308 -0.8570 -0.5143
vn -0.0433 -0.8055 -0.5910
vn -0.0575 -0.7458 -0.6637
vn -0.0736 -0.6748 -0.7344
vn -0.0934 -0.5960 -0.7975
vn -0.1137 -0.5114 -0.8518
vn -0.1350 -0.4329 -0.8913
vn -0.1518 -0.3722 -0.9157
vn -0.1632 -0.3213 -0.9328
vn -0.1761 -0.2671 -0.9474
vn -0.1882 -0.2131 -0.9587
vn -0.2124 -0.1459 -0.9662
vn -0.2618 -0.1206 -0.9576
vn -0.2208 -0.0566 -0.9737
vn -0.2359 0.0047 -0.9718
vn -0.2417 0.0553 -0.9688
vn -0.2557 0.1096 -0.9605
vn -0.2660 0.1647 -0.9498
vn -0.2767 0.2132 -0.9370
vn -0.2903 0.2685 -0.9185
vn -0.2983 0.3143 -0.9013
vn -0.3095 0.3658 -0.8777
vn -0.3196 0.4220 -0.8484
vn -0.3349 0.4951 -0.8017
vn -0.3510 0.5693 -0.7434
vn -0.3647 0.6374 -0.6787
vn -0.3775 0.6979 -0.6086
vn -0.3873 0.7475 -0.5397
vn -0.3950 0.7911 -0.4670
vn -0.4020 0.8277 -0.3915
vn -0.4075 0.8577 -0.3135
vn -0.4126 0.8798 -0.2359
vn -0.4160 0.8955 -0.1579
vn -0.4189 0.9046 -0.0787
vn -0.4198 0.9067 -0.0399
vn -0.5428 0.8388 -0.0415
vn -0.5427 0.8358 -0.0830
vn -0.5406 0.8248 -0.1660
vn -0.5363 0.8071 -0.2470
vn -0.5303 0.7820 -0.3274
vn -0.5216 0.7503 -0.4062
vn -0.5113 0.7113 -0.4824
vn -0.4983 0.6663 -0.5547
vn -0.4841 0.6142 -0.6232
vn -0.4673 0.5548 -0.6884
vn -0.4488 0.4890 -0.7480
vn -0.4188 0.4070 -0.8117
vn -0.3090 0.3911 -0.8669
vn -0.3880 0.2575 -0.8850
vn -0.3681 0.1717 -0.9138
vn -0.3420 0.0823 -0.9361
vn -0.3074 -0.0212 -0.9513
vn -0.2385 -0.0746 -0.9683
vn -0.2601 -0.1951 -0.9457
vn -0.2307 -0.2889 -0.9291
vn -0.2035 -0.3812 -0.9018
vn -0.1749 -0.4686 -0.8659
vn -0.1489 -0.5531 -0.8197
vn -0.1228 -0.6327 -0.7646
vn -0.0988 -0.7067 -0.7006
vn -0.0770 -0.7721 -0.6308
vn -0.0580 -0.8306 -0.5538
vn -0.0409 -0.8816 -0.4703
vn -0.0266 -0.9239 -0.3818
vn -0.0157 -0.9568 -0.2902
vn -0.0076 -0.9808 -0.1949
vn -0.0020 -0.9952 -0.0980
vn -0.0001 -0.9988 -0.0497
# 322 vertex normals

vt 0.5000 0.7842 0.6662
vt 0.6698 0.7841 0.6648
vt 0.6625 0.7979 0.6393
vt 0.5000 0.7980 0.6406
vt 0.8311 0.7840 0.6609
vt 0.8169 0.7977 0.6355
vt 0.3391 0.7840 0.8311
vt 0.3463 0.7837 1.0057
vt 0.3714 0.7974 0.9840
vt 0.3645 0.7977 0.8169
vt 0.3554 0.7833 1.1592
vt 0.3801 0.7970 1.1309
vt 0.3684 0.7827 1.3239
vt 0.3926 0.7965 1.2886
vt 0.3822 0.7821 1.4610
vt 0.4057 0.7959 1.4198
vt 0.3999 0.7814 1.6049
vt 0.4227 0.7951 1.5575
vt 0.4182 0.7806 1.7259
vt 0.4401 0.7944 1.6733
vt 0.4399 0.7797 1.8440
vt 0.4609 0.7934 1.7863
vt 0.4624 0.7787 1.9440
vt 0.4824 0.7925 1.8820
vt 0.4865 0.7777 2.0308
vt 0.5054 0.7915 1.9651
vt 0.5126 0.7766 2.1051
vt 0.5303 0.7903 2.0362
vt 0.5405 0.7754 2.1648
vt 0.5570 0.7892 2.0933
vt 0.5668 0.7743 2.2040
vt 0.5821 0.7880 2.1308
vt 0.5946 0.7732 2.2291
vt 0.6087 0.7869 2.1548
vt 0.6238 0.7719 2.2379
vt 0.6366 0.7856 2.1633
vt 0.6637 0.7844 2.1554
vt 0.5000 0.8027 0.6313
vt 0.6598 0.8026 0.6300
vt 0.8118 0.8025 0.6263
vt 0.3737 0.8025 0.8118
vt 0.3805 0.8021 0.9762
vt 0.3890 0.8018 1.1207
vt 0.4012 0.8012 1.2758
vt 0.4141 0.8006 1.4049
vt 0.4308 0.7999 1.5404
vt 0.4480 0.7991 1.6543
vt 0.4684 0.7982 1.7655
vt 0.4896 0.7972 1.8596
vt 0.5122 0.7962 1.9413
vt 0.5367 0.7951 2.0113
vt 0.5630 0.7939 2.0675
vt 0.5876 0.7928 2.1044
vt 0.6138 0.7916 2.1280
vt 0.6412 0.7903 2.1364
vt 0.6679 0.7891 2.1286
vt 0.6894 0.7833 2.1328
vt 0.6932 0.7880 2.1064
vt 0.7173 0.7820 2.0913
vt 0.7206 0.7867 2.0656
vt 0.7418 0.7809 2.0390
vt 0.7446 0.7856 2.0141
vt 0.7680 0.7798 1.9645
vt 0.7705 0.7845 1.9408
vt 0.7899 0.7788 1.8859
vt 0.7920 0.7835 1.8634
vt 0.8129 0.7778 1.7839
vt 0.8145 0.7825 1.7631
vt 0.8322 0.7769 1.6790
vt 0.8335 0.7816 1.6599
vt 0.8510 0.7761 1.5545
vt 0.8520 0.7808 1.5375
vt 0.8669 0.7754 1.4256
vt 0.8677 0.7801 1.4106
vt 0.8808 0.7747 1.2875
vt 0.8813 0.7794 1.2748
vt 0.8926 0.7742 1.1378
vt 0.8930 0.7789 1.1274
vt 0.9022 0.7738 0.9775
vt 0.9024 0.7785 0.9698
vt 0.9084 0.7735 0.8271
vt 0.9085 0.7782 0.8218
vt 0.1782 0.7782 0.0915
vt 0.1729 0.7735 0.0916
vt 0.3323 0.7733 0.0876
vt 0.3350 0.7780 0.0876
vt 0.5000 0.7733 0.0862
vt 0.5000 0.7780 0.0862
vt 0.6538 0.8130 0.6088
vt 0.5000 0.8131 0.6101
vt 0.7999 0.8129 0.6053
vt 0.4012 0.8126 0.9581
vt 0.3947 0.8129 0.7999
vt 0.4095 0.8122 1.0971
vt 0.4212 0.8116 1.2464
vt 0.4336 0.8110 1.3706
vt 0.4497 0.8103 1.5009
vt 0.4662 0.8095 1.6105
vt 0.4858 0.8086 1.7175
vt 0.5061 0.8076 1.8080
vt 0.5278 0.8066 1.8867
vt 0.5514 0.8055 1.9540
vt 0.5767 0.8043 2.0080
vt 0.6003 0.8032 2.0436
vt 0.6255 0.8020 2.0663
vt 0.6519 0.8008 2.0743
vt 0.6775 0.7996 2.0668
vt 0.7018 0.7984 2.0455
vt 0.7281 0.7972 2.0062
vt 0.7512 0.7961 1.9567
vt 0.7761 0.7949 1.8861
vt 0.7967 0.7940 1.8117
vt 0.8184 0.7929 1.7152
vt 0.8367 0.7921 1.6159
vt 0.8545 0.7912 1.4981
vt 0.8695 0.7905 1.3761
vt 0.8826 0.7899 1.2454
vt 0.8938 0.7894 1.1036
vt 0.9028 0.7890 0.9520
vt 0.9087 0.7887 0.8096
vt 0.3413 0.7885 0.0875
vt 0.1904 0.7887 0.0913
vt 0.5000 0.7884 0.0862
vt 0.5000 0.8191 0.5972
vt 0.6501 0.8191 0.5960
vt 0.7927 0.8189 0.5925
vt 0.4075 0.8189 0.7927
vt 0.4139 0.8186 0.9471
vt 0.4219 0.8182 1.0828
vt 0.4333 0.8177 1.2285
vt 0.4454 0.8171 1.3497
vt 0.4611 0.8163 1.4769
vt 0.4772 0.8156 1.5838
vt 0.4963 0.8146 1.6882
vt 0.5161 0.8137 1.7766
vt 0.5373 0.8127 1.8534
vt 0.5603 0.8116 1.9191
vt 0.5850 0.8104 1.9718
vt 0.6081 0.8093 2.0065
vt 0.6326 0.8081 2.0287
vt 0.6583 0.8069 2.0365
vt 0.6833 0.8057 2.0292
vt 0.7070 0.8045 2.0084
vt 0.7327 0.8033 1.9700
vt 0.7552 0.8022 1.9217
vt 0.7795 0.8010 1.8528
vt 0.7996 0.8001 1.7802
vt 0.8208 0.7991 1.6860
vt 0.8386 0.7982 1.5891
vt 0.8559 0.7974 1.4741
vt 0.8706 0.7967 1.3550
vt 0.8834 0.7961 1.2275
vt 0.8943 0.7955 1.0891
vt 0.9031 0.7951 0.9411
vt 0.9088 0.7948 0.8022
vt 0.3451 0.7947 0.0875
vt 0.1978 0.7948 0.0912
vt 0.5000 0.7946 0.0862
vt 0.6445 0.8279 0.5765
vt 0.5000 0.8279 0.5777
vt 0.7818 0.8277 0.5732
vt 0.4330 0.8274 0.9305
vt 0.4268 0.8277 0.7818
vt 0.4407 0.8270 1.0610
vt 0.4517 0.8265 1.2013
vt 0.4633 0.8259 1.3180
vt 0.4784 0.8252 1.4404
vt 0.4939 0.8244 1.5434
vt 0.5123 0.8235 1.6439
vt 0.5313 0.8225 1.7290
vt 0.5517 0.8215 1.8029
vt 0.5738 0.8204 1.8662
vt 0.5975 0.8193 1.9170
vt 0.6197 0.8182 1.9503
vt 0.6433 0.8170 1.9717
vt 0.6681 0.8158 1.9792
vt 0.6921 0.8146 1.9722
vt 0.7149 0.8135 1.9521
vt 0.7396 0.8122 1.9152
vt 0.7613 0.8112 1.8687
vt 0.7846 0.8100 1.8024
vt 0.8040 0.8091 1.7325
vt 0.8243 0.8081 1.6418
vt 0.8414 0.8072 1.5485
vt 0.8581 0.8064 1.4378
vt 0.8723 0.8057 1.3232
vt 0.8845 0.8051 1.2004
vt 0.8950 0.8046 1.0672
vt 0.9035 0.8041 0.9247
vt 0.9090 0.8039 0.7909
vt 0.3509 0.8037 0.0874
vt 0.2091 0.8039 0.0910
vt 0.5000 0.8036 0.0862
vt 0.5000 0.8370 0.5567
vt 0.6385 0.8369 0.5556
vt 0.7701 0.8368 0.5524
vt 0.4535 0.8365 0.9125
vt 0.4476 0.8368 0.7701
vt 0.4609 0.8361 1.0376
vt 0.4714 0.8356 1.1720
vt 0.4825 0.8350 1.2839
vt 0.4970 0.8343 1.4012
vt 0.5118 0.8335 1.4999
vt 0.5294 0.8326 1.5962
vt 0.5476 0.8317 1.6778
vt 0.5672 0.8307 1.7486
vt 0.5883 0.8296 1.8092
vt 0.6110 0.8285 1.8578
vt 0.6323 0.8274 1.8898
vt 0.6548 0.8262 1.9103
vt 0.6786 0.8250 1.9175
vt 0.7015 0.8239 1.9107
vt 0.7234 0.8227 1.8916
vt 0.7470 0.8215 1.8562
vt 0.7678 0.8205 1.8116
vt 0.7901 0.8193 1.7481
vt 0.8087 0.8184 1.6811
vt 0.8281 0.8174 1.5942
vt 0.8445 0.8166 1.5048
vt 0.8605 0.8158 1.3987
vt 0.8740 0.8151 1.2888
vt 0.8858 0.8145 1.1712
vt 0.8958 0.8140 1.0435
vt 0.9039 0.8135 0.9070
vt 0.9092 0.8133 0.7788
vt 0.3571 0.8131 0.0874
vt 0.2212 0.8133 0.0908
vt 0.5000 0.8130 0.0862
vt 0.6351 0.8441 1.7519
vt 0.6143 0.8452 1.7071
vt 0.6547 0.8431 1.7814
vt 0.6755 0.8420 1.8003
vt 0.6973 0.8408 1.8069
vt 0.7184 0.8397 1.8007
vt 0.7385 0.8386 1.7830
vt 0.7603 0.8374 1.7504
vt 0.7794 0.8364 1.7093
vt 0.7999 0.8353 1.6507
vt 0.8170 0.8344 1.5889
vt 0.8350 0.8335 1.5088
vt 0.8500 0.8327 1.4264
vt 0.8647 0.8319 1.3286
vt 0.8772 0.8312 1.2273
vt 0.8880 0.8306 1.1188
vt 0.8973 0.8301 1.0011
vt 0.9047 0.8297 0.8752
vt 0.9096 0.8295 0.7571
vt 0.2429 0.8295 0.0904
vt 0.3683 0.8293 0.0873
vt 0.5000 0.8292 0.0862
vt 0.7431 0.8432 1.7503
vt 0.7235 0.8443 1.7675
vt 0.7643 0.8421 1.7185
vt 0.7829 0.8411 1.6784
vt 0.8029 0.8400 1.6213
vt 0.8196 0.8391 1.5611
vt 0.8370 0.8382 1.4831
vt 0.8517 0.8374 1.4027
vt 0.8660 0.8366 1.3075
vt 0.8782 0.8359 1.2087
vt 0.8887 0.8354 1.1030
vt 0.8977 0.8349 0.9883
vt 0.9050 0.8345 0.8657
vt 0.9097 0.8342 0.7505
vt 0.3716 0.8341 0.0872
vt 0.2495 0.8342 0.0903
vt 0.5000 0.8340 0.0862
vt 0.5000 0.7669 0.0862
vt 0.3483 0.7669 0.0873
vt 0.1977 0.7669 0.0907
vt 0.9093 0.7669 0.8023
vt 0.9037 0.7669 0.9508
vt 0.8959 0.7669 1.0959
vt 0.8853 0.7669 1.2447
vt 0.8724 0.7669 1.3871
vt 0.8573 0.7669 1.5221
vt 0.8402 0.7669 1.6487
vt 0.8189 0.7669 1.7787
vt 0.7953 0.7669 1.8955
vt 0.7699 0.7669 1.9977
vt 0.7430 0.7669 2.0843
vt 0.7271 0.7669 2.1263
vt 0.7108 0.7669 2.1629
vt 0.6942 0.7669 2.1939
vt 0.6774 0.7669 2.2195
vt 0.6604 0.7669 2.2394
vt 0.6432 0.7669 2.2536
vt 0.6260 0.7669 2.2622
vt 0.6087 0.7669 2.2651
vt 0.5914 0.7669 2.2623
vt 0.5741 0.7669 2.2538
vt 0.5569 0.7669 2.2396
vt 0.5399 0.7669 2.2198
vt 0.5231 0.7669 2.1944
vt 0.5066 0.7669 2.1635
vt 0.4904 0.7669 2.1271
vt 0.4746 0.7669 2.0854
vt 0.4476 0.7669 1.9989
vt 0.4222 0.7669 1.8967
vt 0.3987 0.7669 1.7799
vt 0.3773 0.7669 1.6495
vt 0.3603 0.7669 1.5232
vt 0.3453 0.7669 1.3883
vt 0.3325 0.7669 1.2456
vt 0.3219 0.7669 1.0965
vt 0.3141 0.7669 0.9515
vt 0.3085 0.7669 0.8031
vt 0.8031 0.7669 0.6915
vt 0.6521 0.7669 0.6949
vt 0.5000 0.7669 0.6960
vt 0.5000 0.8473 0.5318
vt 0.6196 0.8473 0.5308
vt 0.7380 0.8473 0.5278
vt 0.4722 0.8473 0.7380
vt 0.4771 0.8473 0.8541
vt 0.4839 0.8473 0.9667
vt 0.4929 0.8473 1.0782
vt 0.5036 0.8473 1.1838
vt 0.5161 0.8473 1.2827
vt 0.5301 0.8473 1.3740
vt 0.5463 0.8473 1.4608
vt 0.5639 0.8473 1.5376
vt 0.5827 0.8473 1.6039
vt 0.6024 0.8473 1.6591
vt 0.6238 0.8473 1.7041
vt 0.6458 0.8473 1.7364
vt 0.6683 0.8473 1.7558
vt 0.6909 0.8473 1.7622
vt 0.7135 0.8473 1.7555
vt 0.7359 0.8473 1.7359
vt 0.7579 0.8473 1.7034
vt 0.7792 0.8473 1.6583
vt 0.7990 0.8473 1.6031
vt 0.8178 0.8473 1.5368
vt 0.8354 0.8473 1.4600
vt 0.8517 0.8473 1.3733
vt 0.8657 0.8473 1.2821
vt 0.8782 0.8473 1.1834
vt 0.8890 0.8473 1.0780
vt 0.8980 0.8473 0.9668
vt 0.9049 0.8473 0.8541
vt 0.9098 0.8473 0.7379
vt 0.2621 0.8473 0.0902
vt 0.3805 0.8473 0.0872
vt 0.5000 0.8473 0.0862
# 345 texture coords

o Letrero003
g Letrero003
usemtl blanco
s 1
f 747/794/743 748/795/744 749/796/745 750/797/746 
f 749/796/745 748/795/744 751/798/747 752/799/748 
f 751/800/747 753/801/749 754/802/750 752/803/748 
f 753/801/749 755/804/751 756/805/752 754/802/750 
f 756/805/752 755/804/751 757/806/753 758/807/754 
f 757/806/753 759/808/755 760/809/756 758/807/754 
f 759/808/755 761/810/757 762/811/758 760/809/756 
f 762/811/758 761/810/757 763/812/759 764/813/760 
f 763/812/759 765/814/761 766/815/762 764/813/760 
f 765/814/761 767/816/763 768/817/764 766/815/762 
f 768/817/764 767/816/763 769/818/765 770/819/766 
f 769/818/765 771/820/767 772/821/768 770/819/766 
f 771/820/767 773/822/769 774/823/770 772/821/768 
f 774/823/770 773/822/769 775/824/771 776/825/772 
f 775/824/771 777/826/773 778/827/774 776/825/772 
f 777/826/773 779/828/775 780/829/776 778/827/774 
f 779/828/775 781/830/777 780/829/776 
f 782/831/778 750/797/746 749/796/745 783/832/779 
f 752/799/748 784/833/780 783/832/779 749/796/745 
f 784/834/780 752/803/748 754/802/750 785/835/781 
f 785/835/781 754/802/750 756/805/752 786/836/782 
f 756/805/752 758/807/754 787/837/783 786/836/782 
f 787/837/783 758/807/754 760/809/756 788/838/784 
f 788/838/784 760/809/756 762/811/758 789/839/785 
f 762/811/758 764/813/760 790/840/786 789/839/785 
f 790/840/786 764/813/760 766/815/762 791/841/787 
f 791/841/787 766/815/762 768/817/764 792/842/788 
f 768/817/764 770/819/766 793/843/789 792/842/788 
f 793/843/789 770/819/766 772/821/768 794/844/790 
f 794/844/790 772/821/768 774/823/770 795/845/791 
f 774/823/770 776/825/772 796/846/792 795/845/791 
f 796/846/792 776/825/772 778/827/774 797/847/793 
f 797/847/793 778/827/774 780/829/776 798/848/794 
f 780/829/776 781/830/777 799/849/795 798/848/794 
f 800/850/796 801/851/797 799/849/795 781/830/777 
f 802/852/798 803/853/799 801/851/797 800/850/796 
f 802/852/798 804/854/800 805/855/801 803/853/799 
f 804/854/800 806/856/802 807/857/803 805/855/801 
f 807/857/803 806/856/802 808/858/804 809/859/805 
f 808/858/804 810/860/806 811/861/807 809/859/805 
f 810/860/806 812/862/808 813/863/809 811/861/807 
f 813/863/809 812/862/808 814/864/810 815/865/811 
f 814/864/810 816/866/812 817/867/813 815/865/811 
f 816/866/812 818/868/814 819/869/815 817/867/813 
f 819/869/815 818/868/814 820/870/816 821/871/817 
f 820/870/816 822/872/818 823/873/819 821/871/817 
f 822/872/818 824/874/820 825/875/821 823/873/819 
f 825/876/821 824/877/820 826/878/822 827/879/823 
f 826/878/822 828/880/824 829/881/825 827/879/823 
f 830/882/826 831/883/827 782/831/778 783/832/779 
f 830/882/826 783/832/779 784/833/780 832/884/828 
f 784/834/780 785/835/781 833/885/829 832/886/828 
f 833/885/829 785/835/781 786/836/782 834/887/830 
f 786/836/782 787/837/783 835/888/831 834/887/830 
f 787/837/783 788/838/784 836/889/832 835/888/831 
f 836/889/832 788/838/784 789/839/785 837/890/833 
f 789/839/785 790/840/786 838/891/834 837/890/833 
f 790/840/786 791/841/787 839/892/835 838/891/834 
f 839/892/835 791/841/787 792/842/788 840/893/836 
f 792/842/788 793/843/789 841/894/837 840/893/836 
f 793/843/789 794/844/790 842/895/838 841/894/837 
f 842/895/838 794/844/790 795/845/791 843/896/839 
f 796/846/792 844/897/840 843/896/839 795/845/791 
f 844/897/840 796/846/792 797/847/793 845/898/841 
f 797/847/793 798/848/794 846/899/842 845/898/841 
f 799/849/795 847/900/843 846/899/842 798/848/794 
f 847/900/843 799/849/795 801/851/797 848/901/844 
f 803/853/799 849/902/845 848/901/844 801/851/797 
f 849/902/845 803/853/799 805/855/801 850/903/846 
f 805/855/801 807/857/803 851/904/847 850/903/846 
f 809/859/805 852/905/848 851/904/847 807/857/803 
f 852/905/848 809/859/805 811/861/807 853/906/849 
f 813/863/809 854/907/850 853/906/849 811/861/807 
f 815/865/811 855/908/851 854/907/850 813/863/809 
f 815/865/811 817/867/813 856/909/852 855/908/851 
f 817/867/813 819/869/815 857/910/853 856/909/852 
f 819/869/815 821/871/817 858/911/854 857/910/853 
f 821/871/817 823/873/819 859/912/855 858/911/854 
f 823/873/819 825/875/821 860/913/856 859/912/855 
f 825/876/821 827/879/823 861/914/857 860/915/856 
f 827/879/823 829/881/825 862/916/858 861/914/857 
f 863/917/859 831/883/827 830/882/826 864/918/860 
f 865/919/861 864/918/860 830/882/826 832/884/828 
f 865/920/861 832/886/828 833/885/829 866/921/862 
f 867/922/863 866/921/862 833/885/829 834/887/830 
f 835/888/831 868/923/864 867/922/863 834/887/830 
f 836/889/832 869/924/865 868/923/864 835/888/831 
f 870/925/866 869/924/865 836/889/832 837/890/833 
f 870/925/866 837/890/833 838/891/834 871/926/867 
f 871/926/867 838/891/834 839/892/835 872/927/868 
f 873/928/869 872/927/868 839/892/835 840/893/836 
f 873/928/869 840/893/836 841/894/837 874/929/870 
f 874/929/870 841/894/837 842/895/838 875/930/871 
f 875/930/871 842/895/838 843/896/839 876/931/872 
f 876/931/872 843/896/839 844/897/840 877/932/873 
f 877/932/873 844/897/840 845/898/841 878/933/874 
f 879/934/875 878/933/874 845/898/841 846/899/842 
f 846/899/842 847/900/843 880/935/876 879/934/875 
f 847/900/843 848/901/844 881/936/877 880/935/876 
f 848/901/844 849/902/845 882/937/878 881/936/877 
f 849/902/845 850/903/846 883/938/879 882/937/878 
f 850/903/846 851/904/847 884/939/880 883/938/879 
f 885/940/881 884/939/880 851/904/847 852/905/848 
f 886/941/882 885/940/881 852/905/848 853/906/849 
f 887/942/883 886/941/882 853/906/849 854/907/850 
f 888/943/884 887/942/883 854/907/850 855/908/851 
f 856/909/852 889/944/885 888/943/884 855/908/851 
f 857/910/853 890/945/886 889/944/885 856/909/852 
f 858/911/854 891/946/887 890/945/886 857/910/853 
f 859/912/855 892/947/888 891/946/887 858/911/854 
f 860/913/856 893/948/889 892/947/888 859/912/855 
f 861/914/857 894/949/857 893/950/889 860/915/856 
f 894/949/857 861/914/857 862/916/858 895/951/858 
f 896/952/890 897/953/891 863/917/859 864/918/860 
f 896/952/890 864/918/860 865/919/861 898/954/892 
f 865/920/861 866/921/862 899/955/893 898/956/892 
f 866/921/862 867/922/863 900/957/894 899/955/893 
f 867/922/863 868/923/864 901/958/895 900/957/894 
f 868/923/864 869/924/865 902/959/896 901/958/895 
f 869/924/865 870/925/866 903/960/897 902/959/896 
f 870/925/866 871/926/867 904/961/898 903/960/897 
f 905/962/899 904/961/898 871/926/867 872/927/868 
f 906/963/900 905/962/899 872/927/868 873/928/869 
f 907/964/901 906/963/900 873/928/869 874/929/870 
f 908/965/902 907/964/901 874/929/870 875/930/871 
f 909/966/903 908/965/902 875/930/871 876/931/872 
f 909/966/903 876/931/872 877/932/873 910/967/904 
f 911/968/905 910/967/904 877/932/873 878/933/874 
f 878/933/874 879/934/875 912/969/906 911/968/905 
f 880/935/876 913/970/907 912/969/906 879/934/875 
f 881/936/877 914/971/908 913/970/907 880/935/876 
f 914/971/908 881/936/877 882/937/878 915/972/909 
f 883/938/879 916/973/910 915/972/909 882/937/878 
f 917/974/911 916/973/910 883/938/879 884/939/880 
f 917/974/911 884/939/880 885/940/881 918/975/912 
f 886/941/882 919/976/913 918/975/912 885/940/881 
f 920/977/914 919/976/913 886/941/882 887/942/883 
f 920/977/914 887/942/883 888/943/884 921/978/915 
f 889/944/885 922/979/916 921/978/915 888/943/884 
f 923/980/917 922/979/916 889/944/885 890/945/886 
f 890/945/886 891/946/887 924/981/918 923/980/917 
f 924/981/918 891/946/887 892/947/888 925/982/919 
f 926/983/920 925/982/919 892/947/888 893/948/889 
f 893/950/889 894/949/857 927/984/921 926/985/920 
f 895/951/858 928/986/922 927/984/921 894/949/857 
f 929/987/923 897/953/891 896/952/890 930/988/924 
f 930/988/924 896/952/890 898/954/892 931/989/925 
f 932/990/926 931/991/925 898/956/892 899/955/893 
f 932/990/926 899/955/893 900/957/894 933/992/927 
f 901/958/895 934/993/928 933/992/927 900/957/894 
f 935/994/929 934/993/928 901/958/895 902/959/896 
f 935/994/929 902/959/896 903/960/897 936/995/930 
f 936/995/930 903/960/897 904/961/898 937/996/931 
f 905/962/899 938/997/932 937/996/931 904/961/898 
f 906/963/900 939/998/933 938/997/932 905/962/899 
f 939/998/933 906/963/900 907/964/901 940/999/934 
f 908/965/902 941/1000/935 940/999/934 907/964/901 
f 909/966/903 942/1001/936 941/1000/935 908/965/902 
f 942/1001/936 909/966/903 910/967/904 943/1002/937 
f 943/1002/937 910/967/904 911/968/905 944/1003/938 
f 912/969/906 945/1004/939 944/1003/938 911/968/905 
f 913/970/907 946/1005/940 945/1004/939 912/969/906 
f 914/971/908 947/1006/941 946/1005/940 913/970/907 
f 914/971/908 915/972/909 948/1007/942 947/1006/941 
f 916/973/910 949/1008/943 948/1007/942 915/972/909 
f 949/1008/943 916/973/910 917/974/911 950/1009/944 
f 917/974/911 918/975/912 951/1010/945 950/1009/944 
f 918/975/912 919/976/913 952/1011/946 951/1010/945 
f 952/1011/946 919/976/913 920/977/914 953/1012/947 
f 920/977/914 921/978/915 954/1013/948 953/1012/947 
f 921/978/915 922/979/916 955/1014/949 954/1013/948 
f 955/1014/949 922/979/916 923/980/917 956/1015/950 
f 923/980/917 924/981/918 957/1016/951 956/1015/950 
f 924/981/918 925/982/919 958/1017/952 957/1016/951 
f 958/1017/952 925/982/919 926/983/920 959/1018/953 
f 926/985/920 927/984/921 960/1019/954 959/1020/953 
f 927/984/921 928/986/922 961/1021/922 960/1019/954 
f 942/1001/936 962/1022/955 963/1023/956 941/1000/935 
f 942/1001/936 943/1002/937 964/1024/957 962/1022/955 
f 964/1024/957 943/1002/937 944/1003/938 965/1025/958 
f 965/1025/958 944/1003/938 945/1004/939 966/1026/959 
f 945/1004/939 946/1005/940 967/1027/960 966/1026/959 
f 967/1027/960 946/1005/940 947/1006/941 968/1028/961 
f 968/1028/961 947/1006/941 948/1007/942 969/1029/962 
f 948/1007/942 949/1008/943 970/1030/963 969/1029/962 
f 970/1030/963 949/1008/943 950/1009/944 971/1031/964 
f 971/1031/964 950/1009/944 951/1010/945 972/1032/965 
f 951/1010/945 952/1011/946 973/1033/966 972/1032/965 
f 973/1033/966 952/1011/946 953/1012/947 974/1034/967 
f 974/1034/967 953/1012/947 954/1013/948 975/1035/968 
f 954/1013/948 955/1014/949 976/1036/969 975/1035/968 
f 976/1036/969 955/1014/949 956/1015/950 977/1037/970 
f 977/1037/970 956/1015/950 957/1016/951 978/1038/971 
f 957/1016/951 958/1017/952 979/1039/972 978/1038/971 
f 979/1039/972 958/1017/952 959/1018/953 980/1040/973 
f 980/1041/973 959/1020/953 960/1019/954 981/1042/974 
f 960/1019/954 961/1021/922 982/1043/975 981/1042/974 
f 968/1028/961 983/1044/976 984/1045/977 967/1027/960 
f 969/1029/962 985/1046/978 983/1044/976 968/1028/961 
f 986/1047/979 985/1046/978 969/1029/962 970/1030/963 
f 986/1047/979 970/1030/963 971/1031/964 987/1048/980 
f 972/1032/965 988/1049/981 987/1048/980 971/1031/964 
f 989/1050/982 988/1049/981 972/1032/965 973/1033/966 
f 989/1050/982 973/1033/966 974/1034/967 990/1051/983 
f 975/1035/968 991/1052/984 990/1051/983 974/1034/967 
f 992/1053/985 991/1052/984 975/1035/968 976/1036/969 
f 992/1053/985 976/1036/969 977/1037/970 993/1054/986 
f 978/1038/971 994/1055/987 993/1054/986 977/1037/970 
f 995/1056/988 994/1055/987 978/1038/971 979/1039/972 
f 995/1056/988 979/1039/972 980/1040/973 996/1057/989 
f 981/1042/974 997/1058/990 996/1059/989 980/1041/973 
f 998/1060/975 997/1058/990 981/1042/974 982/1043/975 
f 999/1061/991 828/880/824 1000/1062/992 
f 1000/1062/992 826/878/822 1001/1063/993 
f 1001/1064/993 824/874/820 1002/1065/994 
f 1002/1065/994 822/872/818 1003/1066/995 
f 1003/1066/995 820/870/816 1004/1067/996 
f 1004/1067/996 818/868/814 1005/1068/997 
f 1005/1068/997 816/866/812 1006/1069/998 
f 1006/1069/998 814/864/810 1007/1070/999 
f 1007/1070/999 812/862/808 1008/1071/1000 
f 1008/1071/1000 810/860/806 1009/1072/1001 
f 1009/1072/1001 808/858/804 1010/1073/1002 
f 1010/1073/1002 806/856/802 1011/1074/1003 
f 1011/1074/1003 804/854/800 1012/1075/1004 
f 1012/1075/1004 802/852/798 1013/1076/1005 
f 1013/1076/1005 802/852/798 1014/1077/1006 
f 1014/1077/1006 800/850/796 1015/1078/1007 
f 1015/1078/1007 800/850/796 1016/1079/1008 
f 1016/1079/1008 779/828/775 1017/1080/1009 
f 1017/1080/1009 779/828/775 1018/1081/1010 
f 1018/1081/1010 779/828/775 1019/1082/1011 
f 1019/1082/1011 777/826/773 1020/1083/1012 
f 1020/1083/1012 777/826/773 1021/1084/1013 
f 1021/1084/1013 775/824/771 1022/1085/1014 
f 1022/1085/1014 775/824/771 1023/1086/1015 
f 1023/1086/1015 773/822/769 1024/1087/1016 
f 1024/1087/1016 771/820/767 1025/1088/1017 
f 1025/1088/1017 771/820/767 1026/1089/1018 
f 1026/1089/1018 769/818/765 1027/1090/1019 
f 1027/1090/1019 769/818/765 1028/1091/1020 
f 1028/1091/1020 765/814/761 1029/1092/1021 
f 1029/1092/1021 763/812/759 1030/1093/1022 
f 1030/1093/1022 761/810/757 1031/1094/1023 
f 1031/1094/1023 761/810/757 1032/1095/1024 
f 1032/1095/1024 759/808/755 1033/1096/1025 
f 1033/1096/1025 757/806/753 1034/1097/1026 
f 1034/1097/1026 755/804/751 1035/1098/1027 
f 1035/1098/1027 753/801/749 1036/1099/1028 
f 1036/1099/1028 751/800/747 1037/1100/1029 
f 1037/1101/1029 748/795/744 1038/1102/1030 
f 1038/1102/1030 747/794/743 1039/1103/1031 
f 1040/1104/1032 929/987/923 1041/1105/1033 
f 1041/1105/1033 930/988/924 1042/1106/1034 
f 1042/1107/1034 931/991/925 1043/1108/1035 
f 1043/1108/1035 932/990/926 1044/1109/1036 
f 1044/1109/1036 933/992/927 1045/1110/1037 
f 1045/1110/1037 934/993/928 1046/1111/1038 
f 1046/1111/1038 935/994/929 1047/1112/1039 
f 1047/1112/1039 936/995/930 1048/1113/1040 
f 1048/1113/1040 937/996/931 1049/1114/1041 
f 1049/1114/1041 938/997/932 1050/1115/1042 
f 1050/1115/1042 939/998/933 1051/1116/1043 
f 1051/1116/1043 963/1023/956 1052/1117/1044 
f 1052/1117/1044 963/1023/956 1053/1118/1045 
f 1053/1118/1045 962/1022/955 1054/1119/1046 
f 1054/1119/1046 964/1024/957 1055/1120/1047 
f 1055/1120/1047 965/1025/958 1056/1121/1048 
f 1056/1121/1048 984/1045/977 1057/1122/1049 
f 1057/1122/1049 984/1045/977 1058/1123/1050 
f 1058/1123/1050 983/1044/976 1059/1124/1051 
f 1059/1124/1051 985/1046/978 1060/1125/1052 
f 1060/1125/1052 986/1047/979 1061/1126/1053 
f 1061/1126/1053 987/1048/980 1062/1127/1054 
f 1062/1127/1054 988/1049/981 1063/1128/1055 
f 1063/1128/1055 989/1050/982 1064/1129/1056 
f 1064/1129/1056 990/1051/983 1065/1130/1057 
f 1065/1130/1057 991/1052/984 1066/1131/1058 
f 1066/1131/1058 992/1053/985 1067/1132/1059 
f 1067/1132/1059 993/1054/986 1068/1133/1060 
f 1068/1133/1060 994/1055/987 1069/1134/1061 
f 1069/1134/1061 995/1056/988 1070/1135/1062 
f 1070/1136/1062 996/1059/989 1071/1137/1063 
f 1071/1137/1063 997/1058/990 1072/1138/1064 
f 1072/1138/1064 997/1058/990 998/1060/975 
f 747/794/743 1038/1102/1030 748/795/744 
f 748/795/744 1037/1101/1029 751/798/747 
f 751/800/747 1036/1099/1028 753/801/749 
f 753/801/749 1035/1098/1027 755/804/751 
f 755/804/751 1034/1097/1026 757/806/753 
f 757/806/753 1033/1096/1025 759/808/755 
f 759/808/755 1032/1095/1024 761/810/757 
f 761/810/757 1030/1093/1022 763/812/759 
f 763/812/759 1029/1092/1021 765/814/761 
f 765/814/761 1028/1091/1020 767/816/763 
f 767/816/763 1028/1091/1020 769/818/765 
f 769/818/765 1026/1089/1018 771/820/767 
f 771/820/767 1024/1087/1016 773/822/769 
f 773/822/769 1023/1086/1015 775/824/771 
f 775/824/771 1021/1084/1013 777/826/773 
f 777/826/773 1019/1082/1011 779/828/775 
f 779/828/775 1016/1079/1008 781/830/777 
f 781/830/777 1016/1079/1008 800/850/796 
f 800/850/796 1014/1077/1006 802/852/798 
f 802/852/798 1012/1075/1004 804/854/800 
f 804/854/800 1011/1074/1003 806/856/802 
f 806/856/802 1010/1073/1002 808/858/804 
f 808/858/804 1009/1072/1001 810/860/806 
f 810/860/806 1008/1071/1000 812/862/808 
f 812/862/808 1007/1070/999 814/864/810 
f 814/864/810 1006/1069/998 816/866/812 
f 816/866/812 1005/1068/997 818/868/814 
f 818/868/814 1004/1067/996 820/870/816 
f 820/870/816 1003/1066/995 822/872/818 
f 822/872/818 1002/1065/994 824/874/820 
f 824/877/820 1001/1063/993 826/878/822 
f 826/878/822 1000/1062/992 828/880/824 
f 930/988/924 1041/1105/1033 929/987/923 
f 931/989/925 1042/1106/1034 930/988/924 
f 932/990/926 1043/1108/1035 931/991/925 
f 933/992/927 1044/1109/1036 932/990/926 
f 934/993/928 1045/1110/1037 933/992/927 
f 935/994/929 1046/1111/1038 934/993/928 
f 936/995/930 1047/1112/1039 935/994/929 
f 937/996/931 1048/1113/1040 936/995/930 
f 938/997/932 1049/1114/1041 937/996/931 
f 939/998/933 1050/1115/1042 938/997/932 
f 940/999/934 1051/1116/1043 939/998/933 
f 941/1000/935 963/1023/956 940/999/934 
f 962/1022/955 1053/1118/1045 963/1023/956 
f 964/1024/957 1054/1119/1046 962/1022/955 
f 965/1025/958 1055/1120/1047 964/1024/957 
f 966/1026/959 1056/1121/1048 965/1025/958 
f 967/1027/960 984/1045/977 966/1026/959 
f 983/1044/976 1058/1123/1050 984/1045/977 
f 985/1046/978 1059/1124/1051 983/1044/976 
f 986/1047/979 1060/1125/1052 985/1046/978 
f 987/1048/980 1061/1126/1053 986/1047/979 
f 988/1049/981 1062/1127/1054 987/1048/980 
f 989/1050/982 1063/1128/1055 988/1049/981 
f 990/1051/983 1064/1129/1056 989/1050/982 
f 991/1052/984 1065/1130/1057 990/1051/983 
f 992/1053/985 1066/1131/1058 991/1052/984 
f 993/1054/986 1067/1132/1059 992/1053/985 
f 994/1055/987 1068/1133/1060 993/1054/986 
f 995/1056/988 1069/1134/1061 994/1055/987 
f 996/1057/989 1070/1135/1062 995/1056/988 
f 997/1058/990 1071/1137/1063 996/1059/989 
f 1051/1116/1043 940/999/934 963/1023/956 
f 1056/1121/1048 966/1026/959 984/1045/977 
# 211 polygons - 139 triangles

#
# object Letrero004
#

v  -5.7763 0.7712 -0.0000
v  -5.8511 0.7037 -0.0000
v  -5.8507 0.7021 0.0332
v  -5.7759 0.7695 0.0366
v  -5.8496 0.6977 0.0648
v  -5.7746 0.7646 0.0714
v  -5.8475 0.6894 0.0990
v  -5.7723 0.7555 0.1090
v  -5.8448 0.6791 0.1290
v  -5.7694 0.7441 0.1421
v  -5.7653 0.7278 0.1776
v  -5.8410 0.6643 0.1613
v  -5.8369 0.6488 0.1881
v  -5.7609 0.7107 0.2072
v  -5.8317 0.6286 0.2163
v  -5.7553 0.6884 0.2382
v  -5.7495 0.6655 0.2643
v  -5.8263 0.6078 0.2400
v  -5.8199 0.5832 0.2631
v  -5.7426 0.6383 0.2897
v  -5.8133 0.5576 0.2826
v  -5.7354 0.6102 0.3113
v  -5.7277 0.5800 0.3300
v  -5.8063 0.5303 0.2996
v  -5.7986 0.5006 0.3142
v  -5.7194 0.5473 0.3460
v  -5.7904 0.4689 0.3259
v  -5.7105 0.5124 0.3589
v  -5.7022 0.4795 0.3673
v  -5.7827 0.4391 0.3335
v  -5.7745 0.4076 0.3385
v  -5.6933 0.4447 0.3727
v  -5.7659 0.3744 0.3402
v  -5.6840 0.4081 0.3746
v  -5.6750 0.3727 0.3728
v  -5.7576 0.3422 0.3386
v  -5.7497 0.3116 0.3340
v  -5.6665 0.3390 0.3678
v  -5.7411 0.2785 0.3255
v  -5.9280 0.6325 -0.0000
v  -5.9277 0.6311 0.0297
v  -5.9266 0.6271 0.0579
v  -5.9247 0.6198 0.0884
v  -5.9222 0.6106 0.1152
v  -5.9188 0.5974 0.1440
v  -5.9151 0.5835 0.1680
v  -5.9104 0.5655 0.1931
v  -5.9055 0.5470 0.2143
v  -5.8997 0.5250 0.2349
v  -5.8937 0.5022 0.2524
v  -5.8873 0.4778 0.2676
v  -5.8803 0.4514 0.2806
v  -5.8728 0.4231 0.2910
v  -5.8658 0.3965 0.2978
v  -5.8584 0.3684 0.3022
v  -5.8506 0.3388 0.3038
v  -5.8430 0.3101 0.3023
v  -5.8358 0.2828 0.2982
v  -5.8280 0.2533 0.2906
v  -5.7336 0.2495 0.3148
v  -5.8212 0.2274 0.2811
v  -5.7255 0.2182 0.2995
v  -5.8139 0.1995 0.2675
v  -5.8078 0.1763 0.2531
v  -5.7188 0.1923 0.2834
v  -5.8013 0.1520 0.2345
v  -5.7117 0.1650 0.2626
v  -5.7058 0.1421 0.2411
v  -5.7960 0.1316 0.2153
v  -5.7907 0.1116 0.1926
v  -5.7000 0.1197 0.2157
v  -5.7862 0.0947 0.1690
v  -5.6951 0.1007 0.1893
v  -5.6908 0.0843 0.1611
v  -5.7824 0.0800 0.1438
v  -5.7791 0.0675 0.1165
v  -5.6872 0.0702 0.1304
v  -5.7764 0.0574 0.0872
v  -5.6843 0.0589 0.0977
v  -5.6823 0.0515 0.0669
v  -5.7747 0.0508 0.0597
v  -5.7735 0.0465 0.0306
v  -5.6811 0.0467 0.0343
v  -5.7731 0.0450 -0.0000
v  -5.6807 0.0450 -0.0000
v  -6.0749 0.4910 -0.0000
v  -6.0747 0.4899 0.0226
v  -6.0738 0.4869 0.0440
v  -6.0723 0.4814 0.0673
v  -6.0704 0.4743 0.0877
v  -6.0677 0.4644 0.1096
v  -6.0648 0.4538 0.1278
v  -6.0611 0.4401 0.1470
v  -6.0572 0.4261 0.1631
v  -6.0527 0.4094 0.1788
v  -6.0479 0.3921 0.1921
v  -6.0429 0.3736 0.2036
v  -6.0374 0.3535 0.2135
v  -6.0315 0.3320 0.2214
v  -6.0260 0.3119 0.2266
v  -6.0202 0.2905 0.2300
v  -6.0140 0.2680 0.2312
v  -6.0081 0.2462 0.2300
v  -6.0024 0.2255 0.2269
v  -5.9963 0.2031 0.2211
v  -5.9909 0.1834 0.2139
v  -5.9852 0.1623 0.2035
v  -5.9804 0.1447 0.1926
v  -5.9753 0.1263 0.1784
v  -5.9711 0.1107 0.1638
v  -5.9669 0.0956 0.1466
v  -5.9634 0.0827 0.1286
v  -5.9604 0.0716 0.1094
v  -5.9578 0.0621 0.0886
v  -5.9557 0.0544 0.0664
v  -5.9543 0.0494 0.0455
v  -5.9535 0.0462 0.0233
v  -5.9531 0.0450 -0.0000
v  -6.1813 0.3837 -0.0000
v  -6.1811 0.3829 0.0172
v  -6.1804 0.3806 0.0335
v  -6.1792 0.3764 0.0512
v  -6.1777 0.3711 0.0667
v  -6.1756 0.3635 0.0834
v  -6.1734 0.3555 0.0972
v  -6.1705 0.3451 0.1118
v  -6.1675 0.3344 0.1241
v  -6.1639 0.3217 0.1360
v  -6.1603 0.3086 0.1461
v  -6.1563 0.2946 0.1549
v  -6.1520 0.2793 0.1624
v  -6.1475 0.2630 0.1685
v  -6.1432 0.2477 0.1724
v  -6.1386 0.2315 0.1750
v  -6.1339 0.2144 0.1759
v  -6.1292 0.1978 0.1750
v  -6.1248 0.1821 0.1726
v  -6.1201 0.1651 0.1683
v  -6.1159 0.1502 0.1627
v  -6.1114 0.1341 0.1548
v  -6.1076 0.1207 0.1465
v  -6.1037 0.1067 0.1357
v  -6.1004 0.0949 0.1247
v  -6.0972 0.0834 0.1115
v  -6.0945 0.0737 0.0979
v  -6.0921 0.0652 0.0833
v  -6.0901 0.0580 0.0674
v  -6.0884 0.0522 0.0505
v  -6.0874 0.0483 0.0346
v  -6.0867 0.0459 0.0177
v  -6.0864 0.0450 -0.0000
v  -6.2114 0.3525 -0.0000
v  -6.2112 0.3518 0.0156
v  -6.2107 0.3497 0.0304
v  -6.2096 0.3459 0.0465
v  -6.2082 0.3410 0.0606
v  -6.2063 0.3341 0.0757
v  -6.2042 0.3269 0.0883
v  -6.2016 0.3175 0.1016
v  -6.1988 0.3078 0.1127
v  -6.1956 0.2963 0.1235
v  -6.1922 0.2843 0.1327
v  -6.1886 0.2716 0.1407
v  -6.1847 0.2577 0.1475
v  -6.1805 0.2429 0.1530
v  -6.1766 0.2290 0.1566
v  -6.1725 0.2143 0.1589
v  -6.1681 0.1988 0.1597
v  -6.1639 0.1838 0.1590
v  -6.1598 0.1695 0.1568
v  -6.1555 0.1540 0.1528
v  -6.1516 0.1405 0.1478
v  -6.1475 0.1259 0.1406
v  -6.1441 0.1138 0.1331
v  -6.1405 0.1010 0.1233
v  -6.1375 0.0903 0.1132
v  -6.1346 0.0799 0.1013
v  -6.1321 0.0710 0.0889
v  -6.1299 0.0634 0.0756
v  -6.1280 0.0568 0.0613
v  -6.1266 0.0515 0.0459
v  -6.1256 0.0480 0.0314
v  -6.1250 0.0458 0.0161
v  -6.1247 0.0450 -0.0000
v  -6.3554 0.1987 -0.0000
v  -6.3553 0.1984 0.0078
v  -6.3550 0.1973 0.0153
v  -6.3544 0.1954 0.0233
v  -6.3537 0.1930 0.0304
v  -6.3527 0.1896 0.0380
v  -6.3517 0.1859 0.0443
v  -6.3503 0.1812 0.0509
v  -6.3489 0.1764 0.0565
v  -6.3472 0.1706 0.0619
v  -6.3455 0.1647 0.0665
v  -6.3436 0.1583 0.0705
v  -6.3416 0.1514 0.0739
v  -6.3394 0.1440 0.0767
v  -6.3374 0.1370 0.0785
v  -6.3353 0.1296 0.0796
v  -6.3330 0.1219 0.0801
v  -6.3308 0.1144 0.0797
v  -6.3287 0.1072 0.0786
v  -6.3265 0.0995 0.0766
v  -6.3245 0.0927 0.0741
v  -6.3224 0.0855 0.0705
v  -6.3206 0.0794 0.0667
v  -6.3188 0.0730 0.0618
v  -6.3172 0.0677 0.0567
v  -6.3157 0.0625 0.0508
v  -6.3144 0.0580 0.0445
v  -6.3133 0.0542 0.0379
v  -6.3123 0.0509 0.0307
v  -6.3116 0.0483 0.0230
v  -6.3110 0.0465 0.0157
v  -6.3107 0.0454 0.0081
v  -6.3106 0.0450 -0.0000
v  -6.4922 0.0450 -0.0000
v  -5.6210 0.0450 -0.0000
v  -5.6210 0.0466 0.0345
v  -5.6210 0.0513 0.0685
v  -5.6210 0.0591 0.1020
v  -5.6210 0.0700 0.1348
v  -5.6210 0.0855 0.1701
v  -5.6210 0.1044 0.2036
v  -5.6210 0.1264 0.2352
v  -5.6210 0.1513 0.2645
v  -5.6210 0.1805 0.2928
v  -5.6210 0.2122 0.3181
v  -5.6210 0.2461 0.3403
v  -5.6210 0.2819 0.3593
v  -5.6210 0.3184 0.3746
v  -5.6210 0.3561 0.3866
v  -5.6210 0.3946 0.3954
v  -5.6210 0.4338 0.4007
v  -5.6210 0.4749 0.4027
v  -5.6210 0.5160 0.4010
v  -5.6210 0.5567 0.3957
v  -5.6210 0.5969 0.3866
v  -5.6210 0.6402 0.3725
v  -5.6210 0.6817 0.3540
v  -5.6210 0.7211 0.3313
v  -5.6210 0.7580 0.3045
v  -5.6210 0.7918 0.2739
v  -5.6210 0.8221 0.2398
v  -5.6210 0.8483 0.2024
v  -5.6210 0.8700 0.1623
v  -5.6210 0.8858 0.1234
v  -5.6210 0.8972 0.0831
v  -5.6210 0.9041 0.0418
v  -5.6210 0.9064 -0.0000
# 251 vertices

vn -0.6627 0.7476 0.0433
vn -0.6740 0.7374 0.0432
vn -0.6733 0.7344 0.0855
vn -0.6620 0.7446 0.0859
vn -0.6691 0.7233 0.1706
vn -0.6580 0.7332 0.1714
vn -0.6620 0.7046 0.2557
vn -0.6512 0.7140 0.2570
vn -0.6520 0.6783 0.3388
vn -0.6416 0.6874 0.3404
vn -0.6290 0.6534 0.4212
vn -0.6393 0.6447 0.4191
vn -0.6241 0.6044 0.4951
vn -0.6141 0.6128 0.4974
vn -0.6063 0.5575 0.5671
vn -0.5965 0.5653 0.5697
vn -0.5766 0.5116 0.6370
vn -0.5860 0.5043 0.6342
vn -0.5635 0.4450 0.6961
vn -0.5545 0.4517 0.6989
vn -0.5388 0.3804 0.7516
vn -0.5306 0.3866 0.7543
vn -0.5049 0.3166 0.8030
vn -0.5123 0.3111 0.8005
vn -0.4835 0.2357 0.8430
vn -0.4768 0.2405 0.8455
vn -0.4531 0.1567 0.8776
vn -0.4469 0.1607 0.8800
vn -0.4167 0.0807 0.9055
vn -0.4224 0.0769 0.9032
vn -0.3905 -0.0057 0.9206
vn -0.3854 -0.0024 0.9228
vn -0.3572 -0.0917 0.9295
vn -0.3528 -0.0887 0.9315
vn -0.3203 -0.1747 0.9311
vn -0.3240 -0.1771 0.9293
vn -0.2909 -0.2622 0.9201
vn -0.2856 -0.2763 0.9177
vn -0.2431 -0.3508 0.9043
vn -0.6859 0.7264 0.0430
vn -0.6851 0.7235 0.0849
vn -0.6809 0.7125 0.1696
vn -0.6737 0.6940 0.2541
vn -0.6636 0.6680 0.3368
vn -0.6507 0.6348 0.4166
vn -0.6353 0.5950 0.4923
vn -0.6173 0.5486 0.5639
vn -0.5967 0.4959 0.6309
vn -0.5738 0.4372 0.6925
vn -0.5489 0.3733 0.7479
vn -0.5220 0.3046 0.7967
vn -0.4926 0.2298 0.8393
vn -0.4618 0.1514 0.8740
vn -0.4305 0.0722 0.8997
vn -0.3981 -0.0098 0.9173
vn -0.3642 -0.0952 0.9264
vn -0.3305 -0.1802 0.9265
vn -0.2968 -0.2648 0.9175
vn -0.2629 -0.3496 0.8993
vn -0.2224 -0.4259 0.8770
vn -0.2295 -0.4329 0.8717
vn -0.1938 -0.5121 0.8368
vn -0.1972 -0.5134 0.8352
vn -0.1665 -0.5896 0.7904
vn -0.1637 -0.5884 0.7918
vn -0.1375 -0.6614 0.7374
vn -0.1350 -0.6607 0.7385
vn -0.1084 -0.7272 0.6778
vn -0.1106 -0.7280 0.6766
vn -0.0860 -0.7887 0.6087
vn -0.0843 -0.7882 0.6097
vn -0.0641 -0.8426 0.5347
vn -0.0631 -0.8421 0.5356
vn -0.0450 -0.8888 0.4560
vn -0.0452 -0.8892 0.4553
vn -0.0290 -0.9289 0.3692
vn -0.0295 -0.9286 0.3698
vn -0.0163 -0.9601 0.2793
vn -0.0169 -0.9601 0.2793
vn -0.0079 -0.9819 0.1895
vn -0.0074 -0.9819 0.1892
vn -0.0019 -0.9953 0.0965
vn -0.0025 -0.9953 0.0966
vn 0.0000 -0.9988 0.0488
vn -0.0006 -0.9988 0.0484
vn -0.7012 0.7117 0.0427
vn -0.7004 0.7087 0.0843
vn -0.6961 0.6979 0.1684
vn -0.6888 0.6796 0.2524
vn -0.6785 0.6540 0.3345
vn -0.6654 0.6212 0.4138
vn -0.6497 0.5820 0.4891
vn -0.6313 0.5361 0.5604
vn -0.6104 0.4841 0.6270
vn -0.5871 0.4261 0.6884
vn -0.5616 0.3629 0.7436
vn -0.5341 0.2949 0.7923
vn -0.5042 0.2210 0.8348
vn -0.4727 0.1433 0.8695
vn -0.4408 0.0649 0.8953
vn -0.4077 -0.0163 0.9130
vn -0.3730 -0.1011 0.9223
vn -0.3385 -0.1853 0.9225
vn -0.3040 -0.2692 0.9138
vn -0.2693 -0.3534 0.8959
vn -0.2352 -0.4362 0.8686
vn -0.2021 -0.5161 0.8324
vn -0.1707 -0.5918 0.7878
vn -0.1410 -0.6631 0.7351
vn -0.1134 -0.7294 0.6747
vn -0.0881 -0.7898 0.6070
vn -0.0657 -0.8434 0.5333
vn -0.0463 -0.8897 0.4541
vn -0.0297 -0.9292 0.3683
vn -0.0167 -0.9603 0.2786
vn -0.0076 -0.9820 0.1887
vn -0.0019 -0.9954 0.0963
vn 0.0000 -0.9988 0.0487
vn -0.7139 0.6989 0.0424
vn -0.7131 0.6960 0.0838
vn -0.7087 0.6853 0.1673
vn -0.7013 0.6673 0.2508
vn -0.6909 0.6420 0.3324
vn -0.6776 0.6096 0.4113
vn -0.6617 0.5708 0.4862
vn -0.6430 0.5255 0.5571
vn -0.6218 0.4740 0.6234
vn -0.5981 0.4167 0.6846
vn -0.5722 0.3541 0.7397
vn -0.5443 0.2868 0.7883
vn -0.5139 0.2136 0.8308
vn -0.4819 0.1366 0.8655
vn -0.4494 0.0589 0.8914
vn -0.4157 -0.0217 0.9092
vn -0.3804 -0.1058 0.9187
vn -0.3453 -0.1894 0.9192
vn -0.3102 -0.2728 0.9107
vn -0.2748 -0.3565 0.8930
vn -0.2400 -0.4388 0.8660
vn -0.2062 -0.5183 0.8300
vn -0.1742 -0.5936 0.7857
vn -0.1439 -0.6646 0.7332
vn -0.1157 -0.7305 0.6731
vn -0.0900 -0.7906 0.6057
vn -0.0671 -0.8440 0.5321
vn -0.0473 -0.8902 0.4532
vn -0.0303 -0.9295 0.3675
vn -0.0171 -0.9604 0.2781
vn -0.0077 -0.9821 0.1884
vn -0.0020 -0.9954 0.0961
vn 0.0000 -0.9988 0.0486
vn -0.7239 0.6886 0.0421
vn -0.7231 0.6858 0.0832
vn -0.7187 0.6752 0.1661
vn -0.7112 0.6574 0.2490
vn -0.7007 0.6325 0.3301
vn -0.6874 0.6005 0.4085
vn -0.6713 0.5622 0.4830
vn -0.6525 0.5175 0.5536
vn -0.6311 0.4666 0.6197
vn -0.6072 0.4099 0.6807
vn -0.5810 0.3480 0.7357
vn -0.5529 0.2814 0.7843
vn -0.5221 0.2088 0.8269
vn -0.4897 0.1325 0.8618
vn -0.4568 0.0553 0.8878
vn -0.4226 -0.0248 0.9060
vn -0.3869 -0.1084 0.9157
vn -0.3512 -0.1915 0.9165
vn -0.3155 -0.2745 0.9083
vn -0.2796 -0.3579 0.8909
vn -0.2442 -0.4399 0.8642
vn -0.2099 -0.5191 0.8285
vn -0.1773 -0.5942 0.7845
vn -0.1465 -0.6651 0.7323
vn -0.1179 -0.7308 0.6723
vn -0.0916 -0.7909 0.6051
vn -0.0683 -0.8442 0.5317
vn -0.0481 -0.8903 0.4528
vn -0.0309 -0.9296 0.3673
vn -0.0174 -0.9604 0.2779
vn -0.0079 -0.9821 0.1883
vn -0.7378 0.6737 0.0418
vn -0.7370 0.6709 0.0826
vn -0.7325 0.6605 0.1649
vn -0.7249 0.6429 0.2472
vn -0.7143 0.6183 0.3278
vn -0.7007 0.5868 0.4057
vn -0.6844 0.5491 0.4797
vn -0.6653 0.5049 0.5499
vn -0.6436 0.4547 0.6157
vn -0.6192 0.3986 0.6765
vn -0.5927 0.3375 0.7313
vn -0.5640 0.2716 0.7798
vn -0.5327 0.1998 0.8224
vn -0.4997 0.1243 0.8572
vn -0.4663 0.0479 0.8833
vn -0.4315 -0.0314 0.9016
vn -0.3950 -0.1143 0.9115
vn -0.3587 -0.1967 0.9125
vn -0.3223 -0.2790 0.9046
vn -0.2856 -0.3618 0.8874
vn -0.2495 -0.4431 0.8610
vn -0.2145 -0.5218 0.8256
vn -0.1812 -0.5965 0.7819
vn -0.1497 -0.6669 0.7300
vn -0.1205 -0.7322 0.6703
vn -0.0937 -0.7919 0.6034
vn -0.0699 -0.8449 0.5303
vn -0.0492 -0.8909 0.4516
vn -0.0316 -0.9299 0.3664
vn -0.0178 -0.9606 0.2773
vn -0.0080 -0.9822 0.1878
vn -0.0021 -0.9954 0.0958
vn 0.0000 -0.9988 0.0485
vn -0.7463 0.6643 0.0415
vn -0.7434 0.6576 0.1223
vn -0.7373 0.6438 0.2048
vn -0.7283 0.6230 0.2855
vn -0.7160 0.5953 0.3647
vn -0.7010 0.5610 0.4403
vn -0.6833 0.5208 0.5118
vn -0.6627 0.4739 0.5799
vn -0.6396 0.4216 0.6428
vn -0.6138 0.3631 0.7010
vn -0.5862 0.3007 0.7523
vn -0.5560 0.2328 0.7979
vn -0.5230 0.1585 0.8375
vn -0.4895 0.0831 0.8680
vn -0.4555 0.0070 0.8902
vn -0.4191 -0.0744 0.9049
vn -0.3818 -0.1576 0.9107
vn -0.3456 -0.2385 0.9076
vn -0.3081 -0.3214 0.8954
vn -0.2713 -0.4032 0.8740
vn -0.2349 -0.4835 0.8432
vn -0.2003 -0.5601 0.8038
vn -0.1674 -0.6323 0.7564
vn -0.1365 -0.7005 0.7005
vn -0.1080 -0.7628 0.6376
vn -0.0821 -0.8196 0.5670
vn -0.0597 -0.8687 0.4918
vn -0.0402 -0.9112 0.4101
vn -0.0239 -0.9466 0.3215
vn -0.0121 -0.9726 0.2322
vn -0.0042 -0.9897 0.1429
vn 0.0000 -0.9988 0.0484
vn 0.0000 -0.9989 0.0460
vn -0.0012 -0.9957 0.0923
vn -0.0056 -0.9829 0.1840
vn -0.0139 -0.9618 0.2735
vn -0.0251 -0.9320 0.3617
vn -0.0409 -0.8912 0.4517
vn -0.0614 -0.8415 0.5368
vn -0.0847 -0.7843 0.6145
vn -0.1093 -0.7205 0.6848
vn -0.1370 -0.6482 0.7491
vn -0.1665 -0.5712 0.8038
vn -0.1980 -0.4900 0.8489
vn -0.2504 -0.3916 0.8854
vn -0.2880 -0.3396 0.8954
vn -0.2909 -0.2418 0.9257
vn -0.3227 -0.1588 0.9331
vn -0.3544 -0.0760 0.9320
vn -0.3848 0.0062 0.9230
vn -0.4145 0.0876 0.9058
vn -0.4434 0.1660 0.8808
vn -0.4712 0.2430 0.8479
vn -0.4994 0.3204 0.8049
vn -0.5265 0.3936 0.7536
vn -0.5514 0.4610 0.6953
vn -0.5732 0.5223 0.6314
vn -0.5929 0.5776 0.5612
vn -0.6098 0.6257 0.4864
vn -0.6244 0.6669 0.4068
vn -0.6361 0.6995 0.3257
vn -0.6451 0.7238 0.2449
vn -0.6514 0.7407 0.1643
vn -0.6552 0.7510 0.0823
vn -0.6559 0.7537 0.0414
# 280 vertex normals

vt 0.5000 0.9322 0.2888
vt 0.5000 0.9378 0.2700
vt 0.4451 0.9378 0.2695
vt 0.4396 0.9322 0.2883
vt 0.2883 0.9322 0.4396
vt 0.2695 0.9378 0.4451
vt 0.2683 0.9377 0.3930
vt 0.2869 0.9321 0.3821
vt 0.2660 0.9376 0.3365
vt 0.2844 0.9319 0.3199
vt 0.2631 0.9374 0.2869
vt 0.2812 0.9317 0.2653
vt 0.2767 0.9314 0.2067
vt 0.2590 0.9371 0.2336
vt 0.2546 0.9368 0.1893
vt 0.2719 0.9311 0.1578
vt 0.2490 0.9364 0.1428
vt 0.2657 0.9307 0.1066
vt 0.2593 0.9302 0.0635
vt 0.2432 0.9360 0.1037
vt 0.2363 0.9355 0.0655
vt 0.2517 0.9297 0.0215
vt 0.2292 0.9350 0.0332
vt 0.2439 0.9292 -0.0141
vt 0.2354 0.9286 -0.0450
vt 0.2216 0.9345 0.0051
vt 0.2133 0.9339 -0.0189
vt 0.2263 0.9280 -0.0715
vt 0.2044 0.9333 -0.0382
vt 0.2166 0.9273 -0.0927
vt 0.2074 0.9267 -0.1067
vt 0.1961 0.9327 -0.0509
vt 0.1873 0.9321 -0.0590
vt 0.1977 0.9260 -0.1156
vt 0.1781 0.9315 -0.0618
vt 0.1875 0.9253 -0.1188
vt 0.1776 0.9247 -0.1158
vt 0.1691 0.9308 -0.0592
vt 0.1606 0.9302 -0.0516
vt 0.1682 0.9240 -0.1074
vt 0.1513 0.9296 -0.0375
vt 0.5000 0.9436 0.2501
vt 0.4510 0.9436 0.2497
vt 0.2497 0.9436 0.4510
vt 0.2486 0.9435 0.4044
vt 0.2465 0.9433 0.3540
vt 0.2440 0.9432 0.3097
vt 0.2403 0.9429 0.2621
vt 0.2364 0.9426 0.2226
vt 0.2314 0.9423 0.1810
vt 0.2262 0.9419 0.1461
vt 0.2201 0.9415 0.1120
vt 0.2137 0.9410 0.0831
vt 0.2069 0.9405 0.0581
vt 0.1996 0.9400 0.0366
vt 0.1917 0.9395 0.0194
vt 0.1842 0.9389 0.0081
vt 0.1764 0.9384 0.0008
vt 0.1681 0.9378 -0.0017
vt 0.1601 0.9372 0.0007
vt 0.1525 0.9367 0.0075
vt 0.1443 0.9361 0.0200
vt 0.1432 0.9290 -0.0199
vt 0.1370 0.9356 0.0358
vt 0.1345 0.9284 0.0053
vt 0.1293 0.9350 0.0583
vt 0.1228 0.9346 0.0820
vt 0.1272 0.9279 0.0319
vt 0.1160 0.9341 0.1127
vt 0.1196 0.9274 0.0663
vt 0.1132 0.9270 0.1018
vt 0.1103 0.9337 0.1444
vt 0.1047 0.9333 0.1819
vt 0.1070 0.9265 0.1438
vt 0.1000 0.9330 0.2208
vt 0.1017 0.9262 0.1873
vt 0.0971 0.9258 0.2340
vt 0.0959 0.9327 0.2625
vt 0.0924 0.9324 0.3076
vt 0.0932 0.9256 0.2846
vt 0.0896 0.9322 0.3560
vt 0.0900 0.9254 0.3387
vt 0.0880 0.9252 0.3895
vt 0.0878 0.9321 0.4013
vt 0.5987 0.9321 0.0878
vt 0.5506 0.9320 0.0866
vt 0.5566 0.9251 0.0866
vt 0.6105 0.9252 0.0880
vt 0.5000 0.9320 0.0862
vt 0.5000 0.9251 0.0862
vt 0.5000 0.9546 0.2106
vt 0.4627 0.9546 0.2103
vt 0.2103 0.9546 0.4627
vt 0.2095 0.9545 0.4273
vt 0.2079 0.9544 0.3889
vt 0.2060 0.9542 0.3552
vt 0.2032 0.9540 0.3190
vt 0.2002 0.9538 0.2889
vt 0.1964 0.9535 0.2573
vt 0.1925 0.9533 0.2307
vt 0.1878 0.9529 0.2048
vt 0.1830 0.9526 0.1828
vt 0.1778 0.9522 0.1637
vt 0.1722 0.9518 0.1474
vt 0.1662 0.9513 0.1343
vt 0.1606 0.9509 0.1257
vt 0.1547 0.9505 0.1202
vt 0.1484 0.9500 0.1182
vt 0.1423 0.9496 0.1201
vt 0.1365 0.9492 0.1252
vt 0.1303 0.9487 0.1348
vt 0.1248 0.9483 0.1468
vt 0.1189 0.9479 0.1639
vt 0.1140 0.9475 0.1819
vt 0.1088 0.9471 0.2053
vt 0.1045 0.9468 0.2294
vt 0.1003 0.9465 0.2580
vt 0.0967 0.9462 0.2876
vt 0.0936 0.9460 0.3192
vt 0.0909 0.9458 0.3536
vt 0.0888 0.9457 0.3904
vt 0.0874 0.9456 0.4249
vt 0.5385 0.9455 0.0865
vt 0.5751 0.9456 0.0874
vt 0.5000 0.9455 0.0862
vt 0.5000 0.9625 0.1807
vt 0.4716 0.9625 0.1804
vt 0.1804 0.9625 0.4716
vt 0.1798 0.9625 0.4447
vt 0.1786 0.9624 0.4155
vt 0.1771 0.9623 0.3898
vt 0.1750 0.9621 0.3623
vt 0.1728 0.9620 0.3394
vt 0.1699 0.9617 0.3153
vt 0.1669 0.9615 0.2951
vt 0.1634 0.9612 0.2754
vt 0.1597 0.9610 0.2587
vt 0.1558 0.9607 0.2442
vt 0.1515 0.9604 0.2317
vt 0.1470 0.9600 0.2218
vt 0.1427 0.9597 0.2152
vt 0.1382 0.9594 0.2110
vt 0.1334 0.9590 0.2095
vt 0.1288 0.9586 0.2109
vt 0.1244 0.9583 0.2149
vt 0.1197 0.9580 0.2221
vt 0.1155 0.9576 0.2312
vt 0.1110 0.9573 0.2443
vt 0.1073 0.9570 0.2580
vt 0.1034 0.9567 0.2758
vt 0.1001 0.9565 0.2941
vt 0.0969 0.9563 0.3159
vt 0.0942 0.9560 0.3384
vt 0.0918 0.9559 0.3625
vt 0.0898 0.9557 0.3886
vt 0.0882 0.9556 0.4166
vt 0.0871 0.9555 0.4429
vt 0.5571 0.9555 0.0871
vt 0.5293 0.9555 0.0864
vt 0.5000 0.9554 0.0862
vt 0.5000 0.9648 0.1720
vt 0.4742 0.9648 0.1718
vt 0.1718 0.9648 0.4742
vt 0.1712 0.9647 0.4497
vt 0.1701 0.9647 0.4232
vt 0.1688 0.9646 0.3999
vt 0.1668 0.9644 0.3749
vt 0.1648 0.9643 0.3541
vt 0.1622 0.9641 0.3323
vt 0.1595 0.9639 0.3139
vt 0.1563 0.9636 0.2960
vt 0.1529 0.9634 0.2808
vt 0.1494 0.9631 0.2676
vt 0.1455 0.9628 0.2563
vt 0.1414 0.9625 0.2473
vt 0.1375 0.9622 0.2413
vt 0.1334 0.9619 0.2375
vt 0.1291 0.9616 0.2362
vt 0.1249 0.9612 0.2374
vt 0.1209 0.9609 0.2410
vt 0.1166 0.9606 0.2476
vt 0.1128 0.9603 0.2559
vt 0.1087 0.9600 0.2677
vt 0.1053 0.9598 0.2802
vt 0.1018 0.9595 0.2964
vt 0.0988 0.9593 0.3130
vt 0.0959 0.9590 0.3327
vt 0.0934 0.9589 0.3532
vt 0.0913 0.9587 0.3751
vt 0.0894 0.9586 0.3988
vt 0.0880 0.9584 0.4243
vt 0.0870 0.9584 0.4481
vt 0.5266 0.9583 0.0864
vt 0.5519 0.9584 0.0870
vt 0.5000 0.9583 0.0862
vt 0.5000 0.9756 0.1291
vt 0.4871 0.9756 0.1290
vt 0.1290 0.9756 0.4871
vt 0.1287 0.9755 0.4748
vt 0.1281 0.9755 0.4615
vt 0.1275 0.9754 0.4499
vt 0.1265 0.9754 0.4373
vt 0.1255 0.9753 0.4269
vt 0.1242 0.9752 0.4159
vt 0.1228 0.9751 0.4067
vt 0.1212 0.9750 0.3978
vt 0.1195 0.9748 0.3902
vt 0.1178 0.9747 0.3835
vt 0.1158 0.9745 0.3779
vt 0.1138 0.9744 0.3734
vt 0.1118 0.9742 0.3704
vt 0.1098 0.9741 0.3685
vt 0.1076 0.9739 0.3678
vt 0.1055 0.9737 0.3684
vt 0.1035 0.9736 0.3702
vt 0.1014 0.9734 0.3735
vt 0.0995 0.9733 0.3777
vt 0.0974 0.9731 0.3836
vt 0.0958 0.9730 0.3898
vt 0.0940 0.9728 0.3979
vt 0.0925 0.9727 0.4063
vt 0.0910 0.9726 0.4162
vt 0.0898 0.9725 0.4264
vt 0.0887 0.9724 0.4374
vt 0.0878 0.9723 0.4493
vt 0.0871 0.9723 0.4620
vt 0.0866 0.9723 0.4740
vt 0.5260 0.9723 0.0866
vt 0.5133 0.9722 0.0863
vt 0.5000 0.9722 0.0862
vt 0.5000 0.9858 0.0862
vt 0.0862 0.9858 0.5000
vt 0.5000 0.9206 0.0862
vt 0.5569 0.9206 0.0866
vt 0.6132 0.9206 0.0879
vt 0.0879 0.9206 0.3868
vt 0.0901 0.9206 0.3315
vt 0.0931 0.9206 0.2774
vt 0.0975 0.9206 0.2191
vt 0.1027 0.9206 0.1637
vt 0.1089 0.9206 0.1116
vt 0.1158 0.9206 0.0631
vt 0.1240 0.9206 0.0164
vt 0.1328 0.9206 -0.0254
vt 0.1423 0.9206 -0.0621
vt 0.1523 0.9206 -0.0935
vt 0.1625 0.9206 -0.1187
vt 0.1730 0.9206 -0.1386
vt 0.1837 0.9206 -0.1530
vt 0.1946 0.9206 -0.1618
vt 0.2061 0.9206 -0.1651
vt 0.2176 0.9206 -0.1623
vt 0.2289 0.9206 -0.1535
vt 0.2402 0.9206 -0.1386
vt 0.2522 0.9206 -0.1152
vt 0.2638 0.9206 -0.0846
vt 0.2748 0.9206 -0.0472
vt 0.2851 0.9206 -0.0029
vt 0.2945 0.9206 0.0476
vt 0.3030 0.9206 0.1040
vt 0.3103 0.9206 0.1657
vt 0.3164 0.9206 0.2320
vt 0.3208 0.9206 0.2961
vt 0.3239 0.9206 0.3628
vt 0.3628 0.9206 0.3239
vt 0.4310 0.9206 0.3259
vt 0.5000 0.9206 0.3265
# 267 texture coords

o Letrero004
g Letrero004
usemtl blanco
s 1
f 1073/1139/1065 1074/1140/1066 1075/1141/1067 1076/1142/1068 
f 1076/1143/1068 1075/1144/1067 1077/1145/1069 1078/1146/1070 
f 1077/1145/1069 1079/1147/1071 1080/1148/1072 1078/1146/1070 
f 1080/1148/1072 1079/1147/1071 1081/1149/1073 1082/1150/1074 
f 1083/1151/1075 1082/1150/1074 1081/1149/1073 1084/1152/1076 
f 1084/1152/1076 1085/1153/1077 1086/1154/1078 1083/1151/1075 
f 1086/1154/1078 1085/1153/1077 1087/1155/1079 1088/1156/1080 
f 1089/1157/1081 1088/1156/1080 1087/1155/1079 1090/1158/1082 
f 1090/1158/1082 1091/1159/1083 1092/1160/1084 1089/1157/1081 
f 1092/1160/1084 1091/1159/1083 1093/1161/1085 1094/1162/1086 
f 1095/1163/1087 1094/1162/1086 1093/1161/1085 1096/1164/1088 
f 1096/1164/1088 1097/1165/1089 1098/1166/1090 1095/1163/1087 
f 1098/1166/1090 1097/1165/1089 1099/1167/1091 1100/1168/1092 
f 1101/1169/1093 1100/1168/1092 1099/1167/1091 1102/1170/1094 
f 1102/1170/1094 1103/1171/1095 1104/1172/1096 1101/1169/1093 
f 1104/1172/1096 1103/1171/1095 1105/1173/1097 1106/1174/1098 
f 1107/1175/1099 1106/1174/1098 1105/1173/1097 1108/1176/1100 
f 1108/1176/1100 1109/1177/1101 1110/1178/1102 1107/1175/1099 
f 1110/1178/1102 1109/1177/1101 1111/1179/1103 
f 1074/1140/1066 1112/1180/1104 1113/1181/1105 1075/1141/1067 
f 1075/1144/1067 1113/1182/1105 1114/1183/1106 1077/1145/1069 
f 1079/1147/1071 1077/1145/1069 1114/1183/1106 1115/1184/1107 
f 1079/1147/1071 1115/1184/1107 1116/1185/1108 1081/1149/1073 
f 1081/1149/1073 1116/1185/1108 1117/1186/1109 1084/1152/1076 
f 1117/1186/1109 1118/1187/1110 1085/1153/1077 1084/1152/1076 
f 1085/1153/1077 1118/1187/1110 1119/1188/1111 1087/1155/1079 
f 1087/1155/1079 1119/1188/1111 1120/1189/1112 1090/1158/1082 
f 1120/1189/1112 1121/1190/1113 1091/1159/1083 1090/1158/1082 
f 1091/1159/1083 1121/1190/1113 1122/1191/1114 1093/1161/1085 
f 1093/1161/1085 1122/1191/1114 1123/1192/1115 1096/1164/1088 
f 1123/1192/1115 1124/1193/1116 1097/1165/1089 1096/1164/1088 
f 1097/1165/1089 1124/1193/1116 1125/1194/1117 1099/1167/1091 
f 1099/1167/1091 1125/1194/1117 1126/1195/1118 1102/1170/1094 
f 1126/1195/1118 1127/1196/1119 1103/1171/1095 1102/1170/1094 
f 1103/1171/1095 1127/1196/1119 1128/1197/1120 1105/1173/1097 
f 1105/1173/1097 1128/1197/1120 1129/1198/1121 1108/1176/1100 
f 1129/1198/1121 1130/1199/1122 1109/1177/1101 1108/1176/1100 
f 1109/1177/1101 1130/1199/1122 1131/1200/1123 1111/1179/1103 
f 1132/1201/1124 1111/1179/1103 1131/1200/1123 1133/1202/1125 
f 1134/1203/1126 1132/1201/1124 1133/1202/1125 1135/1204/1127 
f 1135/1204/1127 1136/1205/1128 1137/1206/1129 1134/1203/1126 
f 1137/1206/1129 1136/1205/1128 1138/1207/1130 1139/1208/1131 
f 1140/1209/1132 1139/1208/1131 1138/1207/1130 1141/1210/1133 
f 1141/1210/1133 1142/1211/1134 1143/1212/1135 1140/1209/1132 
f 1143/1212/1135 1142/1211/1134 1144/1213/1136 1145/1214/1137 
f 1146/1215/1138 1145/1214/1137 1144/1213/1136 1147/1216/1139 
f 1147/1216/1139 1148/1217/1140 1149/1218/1141 1146/1215/1138 
f 1149/1218/1141 1148/1217/1140 1150/1219/1142 1151/1220/1143 
f 1152/1221/1144 1151/1220/1143 1150/1219/1142 1153/1222/1145 
f 1153/1223/1145 1154/1224/1146 1155/1225/1147 1152/1226/1144 
f 1155/1225/1147 1154/1224/1146 1156/1227/1148 1157/1228/1149 
f 1158/1229/1150 1159/1230/1151 1113/1181/1105 1112/1180/1104 
f 1113/1182/1105 1159/1231/1151 1160/1232/1152 1114/1183/1106 
f 1161/1233/1153 1115/1184/1107 1114/1183/1106 1160/1232/1152 
f 1161/1233/1153 1162/1234/1154 1116/1185/1108 1115/1184/1107 
f 1116/1185/1108 1162/1234/1154 1163/1235/1155 1117/1186/1109 
f 1164/1236/1156 1118/1187/1110 1117/1186/1109 1163/1235/1155 
f 1164/1236/1156 1165/1237/1157 1119/1188/1111 1118/1187/1110 
f 1119/1188/1111 1165/1237/1157 1166/1238/1158 1120/1189/1112 
f 1167/1239/1159 1121/1190/1113 1120/1189/1112 1166/1238/1158 
f 1167/1239/1159 1168/1240/1160 1122/1191/1114 1121/1190/1113 
f 1123/1192/1115 1122/1191/1114 1168/1240/1160 1169/1241/1161 
f 1170/1242/1162 1124/1193/1116 1123/1192/1115 1169/1241/1161 
f 1171/1243/1163 1125/1194/1117 1124/1193/1116 1170/1242/1162 
f 1125/1194/1117 1171/1243/1163 1172/1244/1164 1126/1195/1118 
f 1173/1245/1165 1127/1196/1119 1126/1195/1118 1172/1244/1164 
f 1128/1197/1120 1127/1196/1119 1173/1245/1165 1174/1246/1166 
f 1129/1198/1121 1128/1197/1120 1174/1246/1166 1175/1247/1167 
f 1176/1248/1168 1130/1199/1122 1129/1198/1121 1175/1247/1167 
f 1131/1200/1123 1130/1199/1122 1176/1248/1168 1177/1249/1169 
f 1133/1202/1125 1131/1200/1123 1177/1249/1169 1178/1250/1170 
f 1179/1251/1171 1135/1204/1127 1133/1202/1125 1178/1250/1170 
f 1180/1252/1172 1136/1205/1128 1135/1204/1127 1179/1251/1171 
f 1138/1207/1130 1136/1205/1128 1180/1252/1172 1181/1253/1173 
f 1182/1254/1174 1141/1210/1133 1138/1207/1130 1181/1253/1173 
f 1183/1255/1175 1142/1211/1134 1141/1210/1133 1182/1254/1174 
f 1184/1256/1176 1144/1213/1136 1142/1211/1134 1183/1255/1175 
f 1185/1257/1177 1147/1216/1139 1144/1213/1136 1184/1256/1176 
f 1186/1258/1178 1148/1217/1140 1147/1216/1139 1185/1257/1177 
f 1187/1259/1179 1150/1219/1142 1148/1217/1140 1186/1258/1178 
f 1188/1260/1180 1153/1222/1145 1150/1219/1142 1187/1259/1179 
f 1189/1261/1181 1154/1224/1146 1153/1223/1145 1188/1262/1180 
f 1190/1263/1182 1156/1227/1148 1154/1224/1146 1189/1261/1181 
f 1159/1230/1151 1158/1229/1150 1191/1264/1183 1192/1265/1184 
f 1159/1231/1151 1192/1266/1184 1193/1267/1185 1160/1232/1152 
f 1193/1267/1185 1194/1268/1186 1161/1233/1153 1160/1232/1152 
f 1194/1268/1186 1195/1269/1187 1162/1234/1154 1161/1233/1153 
f 1196/1270/1188 1163/1235/1155 1162/1234/1154 1195/1269/1187 
f 1164/1236/1156 1163/1235/1155 1196/1270/1188 1197/1271/1189 
f 1165/1237/1157 1164/1236/1156 1197/1271/1189 1198/1272/1190 
f 1199/1273/1191 1166/1238/1158 1165/1237/1157 1198/1272/1190 
f 1167/1239/1159 1166/1238/1158 1199/1273/1191 1200/1274/1192 
f 1168/1240/1160 1167/1239/1159 1200/1274/1192 1201/1275/1193 
f 1169/1241/1161 1168/1240/1160 1201/1275/1193 1202/1276/1194 
f 1170/1242/1162 1169/1241/1161 1202/1276/1194 1203/1277/1195 
f 1204/1278/1196 1171/1243/1163 1170/1242/1162 1203/1277/1195 
f 1205/1279/1197 1172/1244/1164 1171/1243/1163 1204/1278/1196 
f 1172/1244/1164 1205/1279/1197 1206/1280/1198 1173/1245/1165 
f 1173/1245/1165 1206/1280/1198 1207/1281/1199 1174/1246/1166 
f 1174/1246/1166 1207/1281/1199 1208/1282/1200 1175/1247/1167 
f 1175/1247/1167 1208/1282/1200 1209/1283/1201 1176/1248/1168 
f 1176/1248/1168 1209/1283/1201 1210/1284/1202 1177/1249/1169 
f 1211/1285/1203 1178/1250/1170 1177/1249/1169 1210/1284/1202 
f 1212/1286/1204 1179/1251/1171 1178/1250/1170 1211/1285/1203 
f 1213/1287/1205 1180/1252/1172 1179/1251/1171 1212/1286/1204 
f 1214/1288/1206 1181/1253/1173 1180/1252/1172 1213/1287/1205 
f 1181/1253/1173 1214/1288/1206 1215/1289/1207 1182/1254/1174 
f 1182/1254/1174 1215/1289/1207 1216/1290/1208 1183/1255/1175 
f 1183/1255/1175 1216/1290/1208 1217/1291/1209 1184/1256/1176 
f 1184/1256/1176 1217/1291/1209 1218/1292/1210 1185/1257/1177 
f 1185/1257/1177 1218/1292/1210 1219/1293/1211 1186/1258/1178 
f 1186/1258/1178 1219/1293/1211 1220/1294/1212 1187/1259/1179 
f 1188/1260/1180 1187/1259/1179 1220/1294/1212 1221/1295/1213 
f 1189/1261/1181 1188/1262/1180 1221/1296/1213 1222/1297/1214 
f 1190/1263/1182 1189/1261/1181 1222/1297/1214 1223/1298/1215 
f 1192/1265/1184 1191/1264/1183 1224/1299/1216 1225/1300/1217 
f 1192/1266/1184 1225/1301/1217 1226/1302/1218 1193/1267/1185 
f 1193/1267/1185 1226/1302/1218 1227/1303/1219 1194/1268/1186 
f 1194/1268/1186 1227/1303/1219 1228/1304/1220 1195/1269/1187 
f 1195/1269/1187 1228/1304/1220 1229/1305/1221 1196/1270/1188 
f 1196/1270/1188 1229/1305/1221 1230/1306/1222 1197/1271/1189 
f 1231/1307/1223 1198/1272/1190 1197/1271/1189 1230/1306/1222 
f 1232/1308/1224 1199/1273/1191 1198/1272/1190 1231/1307/1223 
f 1233/1309/1225 1200/1274/1192 1199/1273/1191 1232/1308/1224 
f 1234/1310/1226 1201/1275/1193 1200/1274/1192 1233/1309/1225 
f 1235/1311/1227 1202/1276/1194 1201/1275/1193 1234/1310/1226 
f 1236/1312/1228 1203/1277/1195 1202/1276/1194 1235/1311/1227 
f 1237/1313/1229 1204/1278/1196 1203/1277/1195 1236/1312/1228 
f 1204/1278/1196 1237/1313/1229 1238/1314/1230 1205/1279/1197 
f 1205/1279/1197 1238/1314/1230 1239/1315/1231 1206/1280/1198 
f 1239/1315/1231 1240/1316/1232 1207/1281/1199 1206/1280/1198 
f 1208/1282/1200 1207/1281/1199 1240/1316/1232 1241/1317/1233 
f 1241/1317/1233 1242/1318/1234 1209/1283/1201 1208/1282/1200 
f 1243/1319/1235 1210/1284/1202 1209/1283/1201 1242/1318/1234 
f 1211/1285/1203 1210/1284/1202 1243/1319/1235 1244/1320/1236 
f 1244/1320/1236 1245/1321/1237 1212/1286/1204 1211/1285/1203 
f 1246/1322/1238 1213/1287/1205 1212/1286/1204 1245/1321/1237 
f 1214/1288/1206 1213/1287/1205 1246/1322/1238 1247/1323/1239 
f 1247/1323/1239 1248/1324/1240 1215/1289/1207 1214/1288/1206 
f 1249/1325/1241 1216/1290/1208 1215/1289/1207 1248/1324/1240 
f 1250/1326/1242 1217/1291/1209 1216/1290/1208 1249/1325/1241 
f 1251/1327/1243 1218/1292/1210 1217/1291/1209 1250/1326/1242 
f 1252/1328/1244 1219/1293/1211 1218/1292/1210 1251/1327/1243 
f 1253/1329/1245 1220/1294/1212 1219/1293/1211 1252/1328/1244 
f 1253/1329/1245 1254/1330/1246 1221/1295/1213 1220/1294/1212 
f 1255/1331/1214 1222/1297/1214 1221/1296/1213 1254/1332/1246 
f 1223/1298/1215 1222/1297/1214 1255/1331/1214 1256/1333/1215 
f 1224/1299/1216 1257/1334/1247 1258/1335/1248 1225/1300/1217 
f 1226/1302/1218 1225/1301/1217 1258/1336/1248 1259/1337/1249 
f 1259/1337/1249 1260/1338/1250 1227/1303/1219 1226/1302/1218 
f 1261/1339/1251 1228/1304/1220 1227/1303/1219 1260/1338/1250 
f 1229/1305/1221 1228/1304/1220 1261/1339/1251 1262/1340/1252 
f 1230/1306/1222 1229/1305/1221 1262/1340/1252 1263/1341/1253 
f 1230/1306/1222 1263/1341/1253 1264/1342/1254 1231/1307/1223 
f 1264/1342/1254 1265/1343/1255 1232/1308/1224 1231/1307/1223 
f 1233/1309/1225 1232/1308/1224 1265/1343/1255 1266/1344/1256 
f 1233/1309/1225 1266/1344/1256 1267/1345/1257 1234/1310/1226 
f 1267/1345/1257 1268/1346/1258 1235/1311/1227 1234/1310/1226 
f 1236/1312/1228 1235/1311/1227 1268/1346/1258 1269/1347/1259 
f 1270/1348/1260 1237/1313/1229 1236/1312/1228 1269/1347/1259 
f 1237/1313/1229 1270/1348/1260 1271/1349/1261 1238/1314/1230 
f 1238/1314/1230 1271/1349/1261 1272/1350/1262 1239/1315/1231 
f 1272/1350/1262 1273/1351/1263 1240/1316/1232 1239/1315/1231 
f 1274/1352/1264 1241/1317/1233 1240/1316/1232 1273/1351/1263 
f 1274/1352/1264 1275/1353/1265 1242/1318/1234 1241/1317/1233 
f 1243/1319/1235 1242/1318/1234 1275/1353/1265 1276/1354/1266 
f 1243/1319/1235 1276/1354/1266 1277/1355/1267 1244/1320/1236 
f 1244/1320/1236 1277/1355/1267 1278/1356/1268 1245/1321/1237 
f 1246/1322/1238 1245/1321/1237 1278/1356/1268 1279/1357/1269 
f 1246/1322/1238 1279/1357/1269 1280/1358/1270 1247/1323/1239 
f 1247/1323/1239 1280/1358/1270 1281/1359/1271 1248/1324/1240 
f 1249/1325/1241 1248/1324/1240 1281/1359/1271 1282/1360/1272 
f 1249/1325/1241 1282/1360/1272 1283/1361/1273 1250/1326/1242 
f 1250/1326/1242 1283/1361/1273 1284/1362/1274 1251/1327/1243 
f 1252/1328/1244 1251/1327/1243 1284/1362/1274 1285/1363/1275 
f 1252/1328/1244 1285/1363/1275 1286/1364/1276 1253/1329/1245 
f 1253/1329/1245 1286/1364/1276 1287/1365/1277 1254/1330/1246 
f 1255/1331/1214 1254/1332/1246 1287/1366/1277 1288/1367/1278 
f 1255/1331/1214 1288/1367/1278 1289/1368/1279 1256/1333/1215 
f 1290/1369/1280 1258/1335/1248 1257/1334/1247 
f 1290/1370/1281 1259/1337/1249 1258/1336/1248 
f 1290/1370/1282 1260/1338/1250 1259/1337/1249 
f 1290/1370/1283 1261/1339/1251 1260/1338/1250 
f 1290/1370/1284 1262/1340/1252 1261/1339/1251 
f 1290/1370/1285 1263/1341/1253 1262/1340/1252 
f 1290/1370/1286 1264/1342/1254 1263/1341/1253 
f 1290/1370/1287 1265/1343/1255 1264/1342/1254 
f 1290/1370/1288 1266/1344/1256 1265/1343/1255 
f 1290/1370/1289 1267/1345/1257 1266/1344/1256 
f 1290/1370/1290 1268/1346/1258 1267/1345/1257 
f 1290/1370/1291 1269/1347/1259 1268/1346/1258 
f 1290/1370/1292 1270/1348/1260 1269/1347/1259 
f 1290/1370/1293 1271/1349/1261 1270/1348/1260 
f 1290/1370/1294 1272/1350/1262 1271/1349/1261 
f 1290/1370/1295 1273/1351/1263 1272/1350/1262 
f 1290/1370/1296 1274/1352/1264 1273/1351/1263 
f 1290/1370/1297 1275/1353/1265 1274/1352/1264 
f 1290/1370/1298 1276/1354/1266 1275/1353/1265 
f 1290/1370/1299 1277/1355/1267 1276/1354/1266 
f 1290/1370/1300 1278/1356/1268 1277/1355/1267 
f 1290/1370/1301 1279/1357/1269 1278/1356/1268 
f 1290/1370/1302 1280/1358/1270 1279/1357/1269 
f 1290/1370/1303 1281/1359/1271 1280/1358/1270 
f 1290/1370/1304 1282/1360/1272 1281/1359/1271 
f 1290/1370/1305 1283/1361/1273 1282/1360/1272 
f 1290/1370/1306 1284/1362/1274 1283/1361/1273 
f 1290/1370/1307 1285/1363/1275 1284/1362/1274 
f 1290/1370/1308 1286/1364/1276 1285/1363/1275 
f 1290/1370/1309 1287/1365/1277 1286/1364/1276 
f 1290/1369/1310 1288/1367/1278 1287/1366/1277 
f 1290/1369/1311 1289/1368/1279 1288/1367/1278 
f 1291/1371/1312 1292/1372/1313 1157/1228/1149 
f 1292/1372/1313 1293/1373/1314 1155/1225/1147 
f 1293/1374/1314 1294/1375/1315 1152/1221/1144 
f 1294/1375/1315 1295/1376/1316 1151/1220/1143 
f 1295/1376/1316 1296/1377/1317 1149/1218/1141 
f 1296/1377/1317 1297/1378/1318 1146/1215/1138 
f 1297/1378/1318 1298/1379/1319 1145/1214/1137 
f 1298/1379/1319 1299/1380/1320 1140/1209/1132 
f 1299/1380/1320 1300/1381/1321 1139/1208/1131 
f 1300/1381/1321 1301/1382/1322 1137/1206/1129 
f 1301/1382/1322 1302/1383/1323 1134/1203/1126 
f 1302/1383/1323 1303/1384/1324 1132/1201/1124 
f 1303/1384/1324 1304/1385/1325 1110/1178/1102 
f 1304/1385/1325 1305/1386/1326 1110/1178/1102 
f 1305/1386/1326 1306/1387/1327 1107/1175/1099 
f 1306/1387/1327 1307/1388/1328 1106/1174/1098 
f 1307/1388/1328 1308/1389/1329 1106/1174/1098 
f 1308/1389/1329 1309/1390/1330 1104/1172/1096 
f 1309/1390/1330 1310/1391/1331 1101/1169/1093 
f 1310/1391/1331 1311/1392/1332 1100/1168/1092 
f 1311/1392/1332 1312/1393/1333 1098/1166/1090 
f 1312/1393/1333 1313/1394/1334 1095/1163/1087 
f 1313/1394/1334 1314/1395/1335 1094/1162/1086 
f 1314/1395/1335 1315/1396/1336 1092/1160/1084 
f 1315/1396/1336 1316/1397/1337 1088/1156/1080 
f 1316/1397/1337 1317/1398/1338 1086/1154/1078 
f 1317/1398/1338 1318/1399/1339 1083/1151/1075 
f 1318/1399/1339 1319/1400/1340 1082/1150/1074 
f 1319/1400/1340 1320/1401/1341 1080/1148/1072 
f 1320/1401/1341 1321/1402/1342 1078/1146/1070 
f 1321/1403/1342 1322/1404/1343 1076/1142/1068 
f 1322/1404/1343 1323/1405/1344 1073/1139/1065 
f 1073/1139/1065 1076/1142/1068 1322/1404/1343 
f 1076/1143/1068 1078/1146/1070 1321/1402/1342 
f 1078/1146/1070 1080/1148/1072 1320/1401/1341 
f 1080/1148/1072 1082/1150/1074 1319/1400/1340 
f 1082/1150/1074 1083/1151/1075 1318/1399/1339 
f 1083/1151/1075 1086/1154/1078 1317/1398/1338 
f 1086/1154/1078 1088/1156/1080 1316/1397/1337 
f 1088/1156/1080 1089/1157/1081 1315/1396/1336 
f 1089/1157/1081 1092/1160/1084 1315/1396/1336 
f 1092/1160/1084 1094/1162/1086 1314/1395/1335 
f 1094/1162/1086 1095/1163/1087 1313/1394/1334 
f 1095/1163/1087 1098/1166/1090 1312/1393/1333 
f 1098/1166/1090 1100/1168/1092 1311/1392/1332 
f 1100/1168/1092 1101/1169/1093 1310/1391/1331 
f 1101/1169/1093 1104/1172/1096 1309/1390/1330 
f 1104/1172/1096 1106/1174/1098 1308/1389/1329 
f 1106/1174/1098 1107/1175/1099 1306/1387/1327 
f 1107/1175/1099 1110/1178/1102 1305/1386/1326 
f 1110/1178/1102 1111/1179/1103 1132/1201/1124 
f 1132/1201/1124 1134/1203/1126 1302/1383/1323 
f 1134/1203/1126 1137/1206/1129 1301/1382/1322 
f 1137/1206/1129 1139/1208/1131 1300/1381/1321 
f 1139/1208/1131 1140/1209/1132 1299/1380/1320 
f 1140/1209/1132 1143/1212/1135 1298/1379/1319 
f 1143/1212/1135 1145/1214/1137 1298/1379/1319 
f 1145/1214/1137 1146/1215/1138 1297/1378/1318 
f 1146/1215/1138 1149/1218/1141 1296/1377/1317 
f 1149/1218/1141 1151/1220/1143 1295/1376/1316 
f 1151/1220/1143 1152/1221/1144 1294/1375/1315 
f 1152/1226/1144 1155/1225/1147 1293/1373/1314 
f 1155/1225/1147 1157/1228/1149 1292/1372/1313 
f 1132/1201/1124 1303/1384/1324 1110/1178/1102 
# 178 polygons - 97 triangles

#
# object Letrero005
#

v  -5.7763 0.7712 -0.0000
v  -5.7759 0.7695 -0.0366
v  -5.8507 0.7021 -0.0332
v  -5.8511 0.7037 -0.0000
v  -5.7746 0.7646 -0.0714
v  -5.8496 0.6977 -0.0648
v  -5.7723 0.7555 -0.1090
v  -5.8475 0.6894 -0.0990
v  -5.7694 0.7441 -0.1421
v  -5.8448 0.6791 -0.1290
v  -5.7653 0.7278 -0.1776
v  -5.8410 0.6643 -0.1613
v  -5.7609 0.7107 -0.2072
v  -5.8369 0.6488 -0.1881
v  -5.7553 0.6884 -0.2382
v  -5.8317 0.6286 -0.2163
v  -5.7495 0.6655 -0.2643
v  -5.8263 0.6078 -0.2400
v  -5.7426 0.6383 -0.2897
v  -5.8199 0.5832 -0.2631
v  -5.7354 0.6102 -0.3113
v  -5.8133 0.5576 -0.2826
v  -5.7277 0.5800 -0.3300
v  -5.8063 0.5303 -0.2996
v  -5.7194 0.5473 -0.3460
v  -5.7986 0.5006 -0.3142
v  -5.7105 0.5124 -0.3589
v  -5.7904 0.4689 -0.3259
v  -5.7022 0.4795 -0.3673
v  -5.7827 0.4391 -0.3335
v  -5.6933 0.4447 -0.3727
v  -5.7745 0.4076 -0.3385
v  -5.6840 0.4081 -0.3746
v  -5.7659 0.3744 -0.3402
v  -5.6750 0.3727 -0.3728
v  -5.7576 0.3422 -0.3386
v  -5.6665 0.3390 -0.3678
v  -5.7497 0.3116 -0.3340
v  -5.7411 0.2785 -0.3255
v  -5.9280 0.6325 -0.0000
v  -5.9277 0.6311 -0.0297
v  -5.9266 0.6271 -0.0579
v  -5.9247 0.6198 -0.0884
v  -5.9222 0.6106 -0.1152
v  -5.9188 0.5974 -0.1440
v  -5.9151 0.5835 -0.1680
v  -5.9104 0.5655 -0.1931
v  -5.9055 0.5470 -0.2143
v  -5.8997 0.5250 -0.2349
v  -5.8937 0.5022 -0.2524
v  -5.8873 0.4778 -0.2676
v  -5.8803 0.4514 -0.2806
v  -5.8728 0.4231 -0.2910
v  -5.8658 0.3965 -0.2978
v  -5.8584 0.3684 -0.3022
v  -5.8506 0.3388 -0.3038
v  -5.8430 0.3101 -0.3023
v  -5.8358 0.2828 -0.2982
v  -5.8280 0.2533 -0.2906
v  -5.7336 0.2495 -0.3148
v  -5.8212 0.2274 -0.2811
v  -5.7255 0.2182 -0.2995
v  -5.8139 0.1995 -0.2675
v  -5.7188 0.1923 -0.2834
v  -5.8078 0.1763 -0.2531
v  -5.7117 0.1650 -0.2626
v  -5.8013 0.1520 -0.2345
v  -5.7058 0.1421 -0.2411
v  -5.7960 0.1316 -0.2153
v  -5.7000 0.1197 -0.2157
v  -5.7907 0.1116 -0.1926
v  -5.6951 0.1007 -0.1893
v  -5.7862 0.0947 -0.1690
v  -5.6908 0.0843 -0.1611
v  -5.7824 0.0800 -0.1438
v  -5.6872 0.0702 -0.1304
v  -5.7791 0.0675 -0.1165
v  -5.6843 0.0589 -0.0977
v  -5.7764 0.0574 -0.0872
v  -5.6823 0.0515 -0.0669
v  -5.7747 0.0508 -0.0597
v  -5.6811 0.0467 -0.0343
v  -5.7735 0.0465 -0.0306
v  -5.6807 0.0450 -0.0000
v  -5.7731 0.0450 -0.0000
v  -6.0747 0.4899 -0.0226
v  -6.0749 0.4910 -0.0000
v  -6.0738 0.4869 -0.0440
v  -6.0723 0.4814 -0.0673
v  -6.0704 0.4743 -0.0877
v  -6.0677 0.4644 -0.1096
v  -6.0648 0.4538 -0.1278
v  -6.0611 0.4401 -0.1470
v  -6.0572 0.4261 -0.1631
v  -6.0527 0.4094 -0.1788
v  -6.0479 0.3921 -0.1921
v  -6.0429 0.3736 -0.2036
v  -6.0374 0.3535 -0.2135
v  -6.0315 0.3320 -0.2214
v  -6.0260 0.3119 -0.2266
v  -6.0202 0.2905 -0.2300
v  -6.0140 0.2680 -0.2312
v  -6.0081 0.2462 -0.2300
v  -6.0024 0.2255 -0.2269
v  -5.9963 0.2031 -0.2211
v  -5.9909 0.1834 -0.2139
v  -5.9852 0.1623 -0.2035
v  -5.9804 0.1447 -0.1926
v  -5.9753 0.1263 -0.1784
v  -5.9711 0.1107 -0.1638
v  -5.9669 0.0956 -0.1466
v  -5.9634 0.0827 -0.1286
v  -5.9604 0.0716 -0.1094
v  -5.9578 0.0621 -0.0886
v  -5.9557 0.0544 -0.0664
v  -5.9543 0.0494 -0.0455
v  -5.9535 0.0462 -0.0233
v  -5.9531 0.0450 -0.0000
v  -6.1811 0.3829 -0.0172
v  -6.1813 0.3837 -0.0000
v  -6.1804 0.3806 -0.0335
v  -6.1792 0.3764 -0.0512
v  -6.1777 0.3711 -0.0667
v  -6.1756 0.3635 -0.0834
v  -6.1734 0.3555 -0.0972
v  -6.1705 0.3451 -0.1118
v  -6.1675 0.3344 -0.1241
v  -6.1639 0.3217 -0.1360
v  -6.1603 0.3086 -0.1461
v  -6.1563 0.2946 -0.1549
v  -6.1520 0.2793 -0.1624
v  -6.1475 0.2630 -0.1685
v  -6.1432 0.2477 -0.1724
v  -6.1386 0.2315 -0.1750
v  -6.1339 0.2144 -0.1759
v  -6.1292 0.1978 -0.1750
v  -6.1248 0.1821 -0.1726
v  -6.1201 0.1651 -0.1683
v  -6.1159 0.1502 -0.1627
v  -6.1114 0.1341 -0.1548
v  -6.1076 0.1207 -0.1465
v  -6.1037 0.1067 -0.1357
v  -6.1004 0.0949 -0.1247
v  -6.0972 0.0834 -0.1115
v  -6.0945 0.0737 -0.0979
v  -6.0921 0.0652 -0.0833
v  -6.0901 0.0580 -0.0674
v  -6.0884 0.0522 -0.0505
v  -6.0874 0.0483 -0.0346
v  -6.0867 0.0459 -0.0177
v  -6.0864 0.0450 -0.0000
v  -6.2114 0.3525 -0.0000
v  -6.2112 0.3518 -0.0156
v  -6.2107 0.3497 -0.0304
v  -6.2096 0.3459 -0.0465
v  -6.2082 0.3410 -0.0606
v  -6.2063 0.3341 -0.0757
v  -6.2042 0.3269 -0.0883
v  -6.2016 0.3175 -0.1016
v  -6.1988 0.3078 -0.1127
v  -6.1956 0.2963 -0.1235
v  -6.1922 0.2843 -0.1327
v  -6.1886 0.2716 -0.1407
v  -6.1847 0.2577 -0.1475
v  -6.1805 0.2429 -0.1530
v  -6.1766 0.2290 -0.1566
v  -6.1725 0.2143 -0.1589
v  -6.1681 0.1988 -0.1597
v  -6.1639 0.1838 -0.1590
v  -6.1598 0.1695 -0.1568
v  -6.1555 0.1540 -0.1528
v  -6.1516 0.1405 -0.1478
v  -6.1475 0.1259 -0.1406
v  -6.1441 0.1138 -0.1331
v  -6.1405 0.1010 -0.1233
v  -6.1375 0.0903 -0.1132
v  -6.1346 0.0799 -0.1013
v  -6.1321 0.0710 -0.0889
v  -6.1299 0.0634 -0.0756
v  -6.1280 0.0568 -0.0613
v  -6.1266 0.0515 -0.0459
v  -6.1256 0.0480 -0.0314
v  -6.1250 0.0458 -0.0161
v  -6.1247 0.0450 -0.0000
v  -6.3553 0.1984 -0.0078
v  -6.3554 0.1987 -0.0000
v  -6.3550 0.1973 -0.0153
v  -6.3544 0.1954 -0.0233
v  -6.3537 0.1930 -0.0304
v  -6.3527 0.1896 -0.0380
v  -6.3517 0.1859 -0.0443
v  -6.3503 0.1812 -0.0509
v  -6.3489 0.1764 -0.0565
v  -6.3472 0.1706 -0.0619
v  -6.3455 0.1647 -0.0665
v  -6.3436 0.1583 -0.0705
v  -6.3416 0.1514 -0.0739
v  -6.3394 0.1440 -0.0767
v  -6.3374 0.1370 -0.0785
v  -6.3353 0.1296 -0.0796
v  -6.3330 0.1219 -0.0801
v  -6.3308 0.1144 -0.0797
v  -6.3287 0.1072 -0.0786
v  -6.3265 0.0995 -0.0766
v  -6.3245 0.0927 -0.0741
v  -6.3224 0.0855 -0.0705
v  -6.3206 0.0794 -0.0667
v  -6.3188 0.0730 -0.0618
v  -6.3172 0.0677 -0.0567
v  -6.3157 0.0625 -0.0508
v  -6.3144 0.0580 -0.0445
v  -6.3133 0.0542 -0.0379
v  -6.3123 0.0509 -0.0307
v  -6.3116 0.0483 -0.0230
v  -6.3110 0.0465 -0.0157
v  -6.3107 0.0454 -0.0081
v  -6.3106 0.0450 -0.0000
v  -6.4922 0.0450 -0.0000
v  -5.6210 0.0450 -0.0000
v  -5.6210 0.0466 -0.0345
v  -5.6210 0.0513 -0.0685
v  -5.6210 0.0591 -0.1020
v  -5.6210 0.0700 -0.1348
v  -5.6210 0.0855 -0.1701
v  -5.6210 0.1044 -0.2036
v  -5.6210 0.1264 -0.2352
v  -5.6210 0.1513 -0.2645
v  -5.6210 0.1805 -0.2928
v  -5.6210 0.2122 -0.3181
v  -5.6210 0.2461 -0.3403
v  -5.6210 0.2819 -0.3593
v  -5.6210 0.3184 -0.3746
v  -5.6210 0.3561 -0.3866
v  -5.6210 0.3946 -0.3954
v  -5.6210 0.4338 -0.4007
v  -5.6210 0.4749 -0.4027
v  -5.6210 0.5160 -0.4010
v  -5.6210 0.5567 -0.3957
v  -5.6210 0.5969 -0.3866
v  -5.6210 0.6402 -0.3725
v  -5.6210 0.6817 -0.3540
v  -5.6210 0.7211 -0.3313
v  -5.6210 0.7580 -0.3045
v  -5.6210 0.7918 -0.2739
v  -5.6210 0.8221 -0.2398
v  -5.6210 0.8483 -0.2024
v  -5.6210 0.8700 -0.1623
v  -5.6210 0.8858 -0.1234
v  -5.6210 0.8972 -0.0831
v  -5.6210 0.9041 -0.0418
v  -5.6210 0.9064 -0.0000
# 251 vertices

vn -0.6627 0.7476 -0.0433
vn -0.6620 0.7446 -0.0859
vn -0.6733 0.7344 -0.0855
vn -0.6740 0.7374 -0.0432
vn -0.6580 0.7332 -0.1714
vn -0.6691 0.7233 -0.1706
vn -0.6512 0.7140 -0.2570
vn -0.6620 0.7046 -0.2557
vn -0.6416 0.6874 -0.3404
vn -0.6520 0.6783 -0.3388
vn -0.6290 0.6534 -0.4212
vn -0.6393 0.6447 -0.4191
vn -0.6141 0.6128 -0.4974
vn -0.6241 0.6044 -0.4951
vn -0.5965 0.5653 -0.5697
vn -0.6063 0.5575 -0.5671
vn -0.5766 0.5116 -0.6370
vn -0.5860 0.5043 -0.6342
vn -0.5545 0.4517 -0.6989
vn -0.5635 0.4450 -0.6961
vn -0.5306 0.3866 -0.7543
vn -0.5388 0.3804 -0.7516
vn -0.5049 0.3166 -0.8030
vn -0.5123 0.3111 -0.8005
vn -0.4768 0.2405 -0.8455
vn -0.4835 0.2357 -0.8430
vn -0.4469 0.1607 -0.8800
vn -0.4531 0.1567 -0.8776
vn -0.4167 0.0807 -0.9055
vn -0.4224 0.0769 -0.9032
vn -0.3853 -0.0024 -0.9228
vn -0.3905 -0.0057 -0.9206
vn -0.3528 -0.0887 -0.9315
vn -0.3572 -0.0917 -0.9295
vn -0.3203 -0.1747 -0.9311
vn -0.3240 -0.1771 -0.9293
vn -0.2856 -0.2763 -0.9177
vn -0.2909 -0.2622 -0.9201
vn -0.2431 -0.3508 -0.9043
vn -0.6859 0.7264 -0.0430
vn -0.6851 0.7235 -0.0849
vn -0.6809 0.7125 -0.1696
vn -0.6737 0.6940 -0.2541
vn -0.6636 0.6680 -0.3368
vn -0.6507 0.6348 -0.4166
vn -0.6353 0.5950 -0.4923
vn -0.6173 0.5486 -0.5639
vn -0.5967 0.4959 -0.6309
vn -0.5738 0.4372 -0.6925
vn -0.5489 0.3733 -0.7479
vn -0.5220 0.3046 -0.7967
vn -0.4926 0.2298 -0.8393
vn -0.4618 0.1514 -0.8740
vn -0.4305 0.0722 -0.8997
vn -0.3981 -0.0098 -0.9173
vn -0.3642 -0.0952 -0.9264
vn -0.3305 -0.1802 -0.9265
vn -0.2968 -0.2648 -0.9175
vn -0.2629 -0.3496 -0.8993
vn -0.2224 -0.4259 -0.8770
vn -0.2295 -0.4329 -0.8717
vn -0.1938 -0.5121 -0.8368
vn -0.1972 -0.5134 -0.8352
vn -0.1637 -0.5884 -0.7918
vn -0.1665 -0.5896 -0.7904
vn -0.1350 -0.6607 -0.7385
vn -0.1375 -0.6614 -0.7374
vn -0.1084 -0.7272 -0.6778
vn -0.1106 -0.7280 -0.6766
vn -0.0843 -0.7882 -0.6097
vn -0.0860 -0.7887 -0.6087
vn -0.0631 -0.8421 -0.5356
vn -0.0641 -0.8426 -0.5347
vn -0.0450 -0.8888 -0.4560
vn -0.0452 -0.8892 -0.4553
vn -0.0295 -0.9286 -0.3698
vn -0.0290 -0.9289 -0.3692
vn -0.0169 -0.9601 -0.2793
vn -0.0163 -0.9601 -0.2793
vn -0.0079 -0.9819 -0.1895
vn -0.0074 -0.9819 -0.1892
vn -0.0025 -0.9953 -0.0966
vn -0.0019 -0.9953 -0.0965
vn -0.0006 -0.9988 -0.0484
vn 0.0000 -0.9988 -0.0488
vn -0.7004 0.7087 -0.0843
vn -0.7012 0.7117 -0.0427
vn -0.6961 0.6979 -0.1684
vn -0.6888 0.6796 -0.2524
vn -0.6785 0.6540 -0.3345
vn -0.6654 0.6212 -0.4138
vn -0.6497 0.5820 -0.4891
vn -0.6313 0.5361 -0.5604
vn -0.6104 0.4841 -0.6270
vn -0.5871 0.4261 -0.6884
vn -0.5616 0.3629 -0.7436
vn -0.5341 0.2949 -0.7923
vn -0.5042 0.2210 -0.8348
vn -0.4727 0.1433 -0.8695
vn -0.4408 0.0649 -0.8953
vn -0.4077 -0.0163 -0.9130
vn -0.3730 -0.1011 -0.9223
vn -0.3385 -0.1853 -0.9225
vn -0.3040 -0.2692 -0.9138
vn -0.2693 -0.3534 -0.8959
vn -0.2352 -0.4362 -0.8686
vn -0.2021 -0.5161 -0.8324
vn -0.1707 -0.5918 -0.7878
vn -0.1410 -0.6631 -0.7351
vn -0.1134 -0.7294 -0.6747
vn -0.0881 -0.7898 -0.6070
vn -0.0657 -0.8434 -0.5333
vn -0.0463 -0.8897 -0.4541
vn -0.0297 -0.9292 -0.3683
vn -0.0167 -0.9603 -0.2786
vn -0.0076 -0.9820 -0.1887
vn -0.0019 -0.9954 -0.0963
vn 0.0000 -0.9988 -0.0487
vn -0.7131 0.6960 -0.0838
vn -0.7139 0.6989 -0.0424
vn -0.7087 0.6853 -0.1673
vn -0.7013 0.6673 -0.2508
vn -0.6909 0.6420 -0.3324
vn -0.6776 0.6096 -0.4113
vn -0.6617 0.5708 -0.4862
vn -0.6430 0.5255 -0.5571
vn -0.6218 0.4740 -0.6234
vn -0.5981 0.4167 -0.6846
vn -0.5722 0.3541 -0.7397
vn -0.5443 0.2868 -0.7883
vn -0.5139 0.2136 -0.8308
vn -0.4819 0.1366 -0.8655
vn -0.4494 0.0589 -0.8914
vn -0.4157 -0.0217 -0.9092
vn -0.3804 -0.1058 -0.9187
vn -0.3453 -0.1894 -0.9192
vn -0.3102 -0.2728 -0.9107
vn -0.2748 -0.3565 -0.8930
vn -0.2400 -0.4388 -0.8660
vn -0.2062 -0.5183 -0.8300
vn -0.1742 -0.5936 -0.7857
vn -0.1439 -0.6646 -0.7332
vn -0.1157 -0.7305 -0.6731
vn -0.0900 -0.7906 -0.6057
vn -0.0671 -0.8440 -0.5321
vn -0.0473 -0.8902 -0.4532
vn -0.0303 -0.9295 -0.3675
vn -0.0171 -0.9604 -0.2781
vn -0.0077 -0.9821 -0.1884
vn -0.0020 -0.9954 -0.0961
vn 0.0000 -0.9988 -0.0486
vn -0.7239 0.6886 -0.0421
vn -0.7231 0.6858 -0.0832
vn -0.7187 0.6752 -0.1661
vn -0.7112 0.6574 -0.2490
vn -0.7007 0.6325 -0.3301
vn -0.6874 0.6005 -0.4085
vn -0.6713 0.5622 -0.4830
vn -0.6525 0.5175 -0.5536
vn -0.6311 0.4666 -0.6197
vn -0.6072 0.4099 -0.6807
vn -0.5810 0.3480 -0.7357
vn -0.5529 0.2814 -0.7843
vn -0.5221 0.2088 -0.8269
vn -0.4897 0.1325 -0.8618
vn -0.4568 0.0553 -0.8878
vn -0.4226 -0.0248 -0.9060
vn -0.3869 -0.1084 -0.9157
vn -0.3512 -0.1915 -0.9165
vn -0.3155 -0.2745 -0.9083
vn -0.2796 -0.3579 -0.8909
vn -0.2442 -0.4399 -0.8642
vn -0.2099 -0.5191 -0.8285
vn -0.1773 -0.5942 -0.7845
vn -0.1465 -0.6651 -0.7323
vn -0.1179 -0.7308 -0.6723
vn -0.0916 -0.7909 -0.6051
vn -0.0683 -0.8442 -0.5317
vn -0.0481 -0.8903 -0.4528
vn -0.0309 -0.9296 -0.3673
vn -0.0174 -0.9604 -0.2779
vn -0.0079 -0.9821 -0.1883
vn -0.7370 0.6709 -0.0826
vn -0.7378 0.6737 -0.0418
vn -0.7325 0.6605 -0.1649
vn -0.7249 0.6429 -0.2472
vn -0.7143 0.6183 -0.3278
vn -0.7007 0.5868 -0.4057
vn -0.6844 0.5491 -0.4797
vn -0.6653 0.5049 -0.5499
vn -0.6436 0.4547 -0.6157
vn -0.6192 0.3986 -0.6765
vn -0.5927 0.3375 -0.7313
vn -0.5640 0.2716 -0.7798
vn -0.5327 0.1998 -0.8224
vn -0.4997 0.1243 -0.8572
vn -0.4663 0.0479 -0.8833
vn -0.4315 -0.0314 -0.9016
vn -0.3950 -0.1143 -0.9115
vn -0.3587 -0.1967 -0.9125
vn -0.3223 -0.2790 -0.9046
vn -0.2856 -0.3618 -0.8874
vn -0.2495 -0.4431 -0.8610
vn -0.2145 -0.5218 -0.8256
vn -0.1812 -0.5965 -0.7819
vn -0.1497 -0.6669 -0.7300
vn -0.1205 -0.7322 -0.6703
vn -0.0937 -0.7919 -0.6034
vn -0.0699 -0.8449 -0.5303
vn -0.0492 -0.8909 -0.4516
vn -0.0316 -0.9299 -0.3664
vn -0.0178 -0.9606 -0.2773
vn -0.0080 -0.9822 -0.1878
vn -0.0021 -0.9954 -0.0958
vn 0.0000 -0.9988 -0.0485
vn -0.7463 0.6643 -0.0415
vn -0.7434 0.6576 -0.1223
vn -0.7373 0.6438 -0.2048
vn -0.7283 0.6230 -0.2855
vn -0.7160 0.5953 -0.3647
vn -0.7010 0.5610 -0.4403
vn -0.6833 0.5208 -0.5118
vn -0.6627 0.4739 -0.5799
vn -0.6396 0.4216 -0.6428
vn -0.6138 0.3631 -0.7010
vn -0.5862 0.3007 -0.7523
vn -0.5560 0.2328 -0.7979
vn -0.5230 0.1585 -0.8375
vn -0.4895 0.0831 -0.8680
vn -0.4555 0.0070 -0.8902
vn -0.4191 -0.0744 -0.9049
vn -0.3818 -0.1577 -0.9107
vn -0.3456 -0.2385 -0.9076
vn -0.3081 -0.3214 -0.8954
vn -0.2713 -0.4032 -0.8740
vn -0.2349 -0.4835 -0.8432
vn -0.2003 -0.5601 -0.8038
vn -0.1674 -0.6323 -0.7564
vn -0.1365 -0.7005 -0.7005
vn -0.1080 -0.7628 -0.6376
vn -0.0821 -0.8196 -0.5670
vn -0.0597 -0.8687 -0.4918
vn -0.0402 -0.9112 -0.4101
vn -0.0239 -0.9466 -0.3215
vn -0.0121 -0.9726 -0.2322
vn -0.0042 -0.9897 -0.1429
vn 0.0000 -0.9988 -0.0484
vn 0.0000 -0.9989 -0.0460
vn -0.0012 -0.9957 -0.0923
vn -0.0056 -0.9829 -0.1840
vn -0.0139 -0.9618 -0.2735
vn -0.0251 -0.9320 -0.3617
vn -0.0409 -0.8912 -0.4517
vn -0.0614 -0.8415 -0.5368
vn -0.0847 -0.7843 -0.6145
vn -0.1093 -0.7205 -0.6848
vn -0.1370 -0.6482 -0.7491
vn -0.1665 -0.5712 -0.8038
vn -0.1980 -0.4900 -0.8489
vn -0.2504 -0.3916 -0.8854
vn -0.2880 -0.3396 -0.8954
vn -0.2909 -0.2418 -0.9257
vn -0.3227 -0.1588 -0.9331
vn -0.3544 -0.0760 -0.9320
vn -0.3848 0.0062 -0.9230
vn -0.4145 0.0876 -0.9058
vn -0.4434 0.1660 -0.8808
vn -0.4712 0.2430 -0.8479
vn -0.4994 0.3204 -0.8049
vn -0.5265 0.3936 -0.7536
vn -0.5514 0.4610 -0.6953
vn -0.5732 0.5223 -0.6314
vn -0.5929 0.5776 -0.5612
vn -0.6098 0.6257 -0.4864
vn -0.6244 0.6669 -0.4068
vn -0.6361 0.6995 -0.3257
vn -0.6451 0.7238 -0.2449
vn -0.6514 0.7407 -0.1643
vn -0.6552 0.7510 -0.0823
vn -0.6559 0.7537 -0.0414
# 280 vertex normals

vt 0.5000 0.9322 0.2888
vt 0.5604 0.9322 0.2883
vt 0.5549 0.9378 0.2695
vt 0.5000 0.9378 0.2700
vt 0.7305 0.9378 0.5549
vt 0.7117 0.9322 0.5604
vt 0.7131 0.9321 0.6179
vt 0.7317 0.9377 0.6070
vt 0.7156 0.9319 0.6801
vt 0.7340 0.9376 0.6635
vt 0.7188 0.9317 0.7347
vt 0.7369 0.9374 0.7131
vt 0.7233 0.9314 0.7934
vt 0.7410 0.9371 0.7664
vt 0.7281 0.9311 0.8422
vt 0.7454 0.9368 0.8107
vt 0.7343 0.9307 0.8934
vt 0.7510 0.9364 0.8572
vt 0.7407 0.9302 0.9365
vt 0.7568 0.9360 0.8963
vt 0.7483 0.9297 0.9785
vt 0.7637 0.9355 0.9345
vt 0.7561 0.9292 1.0141
vt 0.7708 0.9350 0.9668
vt 0.7646 0.9286 1.0450
vt 0.7784 0.9345 0.9949
vt 0.7737 0.9280 1.0715
vt 0.7867 0.9339 1.0189
vt 0.7834 0.9273 1.0927
vt 0.7956 0.9333 1.0382
vt 0.7926 0.9267 1.1067
vt 0.8039 0.9327 1.0509
vt 0.8023 0.9260 1.1156
vt 0.8127 0.9321 1.0590
vt 0.8125 0.9253 1.1188
vt 0.8219 0.9315 1.0619
vt 0.8224 0.9247 1.1158
vt 0.8309 0.9308 1.0592
vt 0.8318 0.9240 1.1074
vt 0.8394 0.9302 1.0516
vt 0.8487 0.9296 1.0375
vt 0.5000 0.9436 0.2501
vt 0.5490 0.9436 0.2497
vt 0.7514 0.9435 0.5956
vt 0.7503 0.9436 0.5490
vt 0.7535 0.9433 0.6460
vt 0.7560 0.9432 0.6903
vt 0.7597 0.9429 0.7379
vt 0.7636 0.9426 0.7774
vt 0.7686 0.9423 0.8190
vt 0.7738 0.9419 0.8539
vt 0.7799 0.9415 0.8880
vt 0.7863 0.9410 0.9169
vt 0.7931 0.9405 0.9419
vt 0.8004 0.9400 0.9634
vt 0.8083 0.9395 0.9806
vt 0.8158 0.9389 0.9919
vt 0.8236 0.9384 0.9992
vt 0.8319 0.9378 1.0017
vt 0.8399 0.9372 0.9993
vt 0.8475 0.9367 0.9925
vt 0.8557 0.9361 0.9800
vt 0.8568 0.9290 1.0199
vt 0.8630 0.9356 0.9642
vt 0.8655 0.9284 0.9947
vt 0.8707 0.9350 0.9417
vt 0.8728 0.9279 0.9681
vt 0.8772 0.9346 0.9180
vt 0.8804 0.9274 0.9337
vt 0.8840 0.9341 0.8873
vt 0.8868 0.9270 0.8983
vt 0.8897 0.9337 0.8556
vt 0.8930 0.9265 0.8562
vt 0.8953 0.9333 0.8181
vt 0.8983 0.9262 0.8127
vt 0.9000 0.9330 0.7792
vt 0.9029 0.9258 0.7660
vt 0.9041 0.9327 0.7376
vt 0.9068 0.9256 0.7154
vt 0.9076 0.9324 0.6924
vt 0.9100 0.9254 0.6613
vt 0.9104 0.9322 0.6440
vt 0.9120 0.9252 0.6105
vt 0.9122 0.9321 0.5987
vt 0.3895 0.9252 0.0880
vt 0.4434 0.9251 0.0866
vt 0.4494 0.9320 0.0866
vt 0.4013 0.9321 0.0878
vt 0.5000 0.9251 0.0862
vt 0.5000 0.9320 0.0862
vt 0.5373 0.9546 0.2103
vt 0.5000 0.9546 0.2106
vt 0.7905 0.9545 0.5727
vt 0.7897 0.9546 0.5373
vt 0.7921 0.9544 0.6111
vt 0.7940 0.9542 0.6448
vt 0.7968 0.9540 0.6810
vt 0.7998 0.9538 0.7111
vt 0.8036 0.9535 0.7427
vt 0.8075 0.9533 0.7693
vt 0.8122 0.9529 0.7952
vt 0.8170 0.9526 0.8172
vt 0.8222 0.9522 0.8363
vt 0.8278 0.9518 0.8526
vt 0.8338 0.9513 0.8657
vt 0.8394 0.9509 0.8743
vt 0.8453 0.9505 0.8798
vt 0.8516 0.9500 0.8818
vt 0.8577 0.9496 0.8799
vt 0.8635 0.9492 0.8748
vt 0.8697 0.9487 0.8653
vt 0.8752 0.9483 0.8532
vt 0.8811 0.9479 0.8361
vt 0.8860 0.9475 0.8181
vt 0.8912 0.9471 0.7947
vt 0.8955 0.9468 0.7706
vt 0.8997 0.9465 0.7420
vt 0.9033 0.9462 0.7125
vt 0.9064 0.9460 0.6808
vt 0.9091 0.9458 0.6464
vt 0.9112 0.9457 0.6096
vt 0.9126 0.9456 0.5751
vt 0.4615 0.9455 0.0865
vt 0.4249 0.9456 0.0874
vt 0.5000 0.9455 0.0862
vt 0.5284 0.9625 0.1804
vt 0.5000 0.9625 0.1807
vt 0.8202 0.9625 0.5553
vt 0.8196 0.9625 0.5284
vt 0.8214 0.9624 0.5845
vt 0.8229 0.9623 0.6102
vt 0.8250 0.9621 0.6377
vt 0.8272 0.9620 0.6606
vt 0.8301 0.9617 0.6847
vt 0.8331 0.9615 0.7049
vt 0.8366 0.9612 0.7246
vt 0.8403 0.9610 0.7413
vt 0.8442 0.9607 0.7558
vt 0.8485 0.9604 0.7683
vt 0.8530 0.9600 0.7782
vt 0.8573 0.9597 0.7848
vt 0.8618 0.9594 0.7890
vt 0.8666 0.9590 0.7905
vt 0.8712 0.9586 0.7891
vt 0.8756 0.9583 0.7851
vt 0.8803 0.9580 0.7779
vt 0.8845 0.9576 0.7688
vt 0.8890 0.9573 0.7557
vt 0.8927 0.9570 0.7420
vt 0.8966 0.9567 0.7242
vt 0.8999 0.9565 0.7059
vt 0.9031 0.9563 0.6842
vt 0.9058 0.9560 0.6616
vt 0.9082 0.9559 0.6375
vt 0.9102 0.9557 0.6114
vt 0.9118 0.9556 0.5834
vt 0.9129 0.9555 0.5571
vt 0.4429 0.9555 0.0871
vt 0.4707 0.9555 0.0864
vt 0.5000 0.9554 0.0862
vt 0.5000 0.9648 0.1720
vt 0.5258 0.9648 0.1718
vt 0.8288 0.9647 0.5503
vt 0.8282 0.9648 0.5258
vt 0.8299 0.9647 0.5768
vt 0.8312 0.9646 0.6001
vt 0.8332 0.9644 0.6251
vt 0.8352 0.9643 0.6459
vt 0.8378 0.9641 0.6677
vt 0.8405 0.9639 0.6861
vt 0.8437 0.9636 0.7040
vt 0.8471 0.9634 0.7192
vt 0.8506 0.9631 0.7324
vt 0.8545 0.9628 0.7437
vt 0.8586 0.9625 0.7527
vt 0.8625 0.9622 0.7587
vt 0.8666 0.9619 0.7625
vt 0.8709 0.9616 0.7638
vt 0.8751 0.9612 0.7626
vt 0.8791 0.9609 0.7590
vt 0.8834 0.9606 0.7524
vt 0.8872 0.9603 0.7441
vt 0.8913 0.9600 0.7323
vt 0.8947 0.9598 0.7198
vt 0.8982 0.9595 0.7036
vt 0.9012 0.9593 0.6870
vt 0.9041 0.9590 0.6673
vt 0.9066 0.9589 0.6468
vt 0.9087 0.9587 0.6249
vt 0.9106 0.9586 0.6012
vt 0.9120 0.9584 0.5757
vt 0.9130 0.9584 0.5519
vt 0.4734 0.9583 0.0864
vt 0.4481 0.9584 0.0870
vt 0.5000 0.9583 0.0862
vt 0.5129 0.9756 0.1290
vt 0.5000 0.9756 0.1291
vt 0.8710 0.9756 0.5129
vt 0.8713 0.9755 0.5252
vt 0.8719 0.9755 0.5385
vt 0.8725 0.9754 0.5501
vt 0.8735 0.9754 0.5627
vt 0.8745 0.9753 0.5731
vt 0.8758 0.9752 0.5841
vt 0.8772 0.9751 0.5933
vt 0.8788 0.9750 0.6022
vt 0.8805 0.9748 0.6099
vt 0.8822 0.9747 0.6165
vt 0.8842 0.9745 0.6221
vt 0.8862 0.9744 0.6267
vt 0.8882 0.9742 0.6296
vt 0.8902 0.9741 0.6315
vt 0.8924 0.9739 0.6322
vt 0.8945 0.9737 0.6316
vt 0.8965 0.9736 0.6298
vt 0.8986 0.9734 0.6265
vt 0.9005 0.9733 0.6223
vt 0.9026 0.9731 0.6164
vt 0.9042 0.9730 0.6102
vt 0.9060 0.9728 0.6021
vt 0.9075 0.9727 0.5937
vt 0.9090 0.9726 0.5838
vt 0.9102 0.9725 0.5736
vt 0.9113 0.9724 0.5626
vt 0.9122 0.9723 0.5507
vt 0.9129 0.9723 0.5380
vt 0.9134 0.9723 0.5260
vt 0.4740 0.9723 0.0866
vt 0.4867 0.9722 0.0863
vt 0.5000 0.9722 0.0862
vt 0.5000 0.9858 0.0862
vt 0.9138 0.9858 0.5000
vt 0.5000 0.9206 0.0862
vt 0.4431 0.9206 0.0866
vt 0.3868 0.9206 0.0879
vt 0.9121 0.9206 0.6132
vt 0.9099 0.9206 0.6685
vt 0.9069 0.9206 0.7226
vt 0.9025 0.9206 0.7809
vt 0.8973 0.9206 0.8363
vt 0.8911 0.9206 0.8884
vt 0.8842 0.9206 0.9369
vt 0.8760 0.9206 0.9836
vt 0.8672 0.9206 1.0254
vt 0.8577 0.9206 1.0621
vt 0.8477 0.9206 1.0935
vt 0.8375 0.9206 1.1187
vt 0.8270 0.9206 1.1386
vt 0.8163 0.9206 1.1530
vt 0.8054 0.9206 1.1618
vt 0.7939 0.9206 1.1651
vt 0.7824 0.9206 1.1623
vt 0.7711 0.9206 1.1535
vt 0.7598 0.9206 1.1386
vt 0.7478 0.9206 1.1152
vt 0.7362 0.9206 1.0846
vt 0.7252 0.9206 1.0472
vt 0.7149 0.9206 1.0030
vt 0.7055 0.9206 0.9524
vt 0.6970 0.9206 0.8960
vt 0.6897 0.9206 0.8343
vt 0.6836 0.9206 0.7681
vt 0.6792 0.9206 0.7039
vt 0.6761 0.9206 0.6372
vt 0.6372 0.9206 0.3239
vt 0.5690 0.9206 0.3259
vt 0.5000 0.9206 0.3265
# 267 texture coords

o Letrero005
g Letrero005
usemtl blanco
s 1
f 1324/1406/1345 1325/1407/1346 1326/1408/1347 1327/1409/1348 
f 1326/1410/1347 1325/1411/1346 1328/1412/1349 1329/1413/1350 
f 1328/1412/1349 1330/1414/1351 1331/1415/1352 1329/1413/1350 
f 1330/1414/1351 1332/1416/1353 1333/1417/1354 1331/1415/1352 
f 1333/1417/1354 1332/1416/1353 1334/1418/1355 1335/1419/1356 
f 1334/1418/1355 1336/1420/1357 1337/1421/1358 1335/1419/1356 
f 1336/1420/1357 1338/1422/1359 1339/1423/1360 1337/1421/1358 
f 1339/1423/1360 1338/1422/1359 1340/1424/1361 1341/1425/1362 
f 1340/1424/1361 1342/1426/1363 1343/1427/1364 1341/1425/1362 
f 1342/1426/1363 1344/1428/1365 1345/1429/1366 1343/1427/1364 
f 1345/1429/1366 1344/1428/1365 1346/1430/1367 1347/1431/1368 
f 1346/1430/1367 1348/1432/1369 1349/1433/1370 1347/1431/1368 
f 1348/1432/1369 1350/1434/1371 1351/1435/1372 1349/1433/1370 
f 1351/1435/1372 1350/1434/1371 1352/1436/1373 1353/1437/1374 
f 1352/1436/1373 1354/1438/1375 1355/1439/1376 1353/1437/1374 
f 1354/1438/1375 1356/1440/1377 1357/1441/1378 1355/1439/1376 
f 1357/1441/1378 1356/1440/1377 1358/1442/1379 1359/1443/1380 
f 1358/1442/1379 1360/1444/1381 1361/1445/1382 1359/1443/1380 
f 1360/1444/1381 1362/1446/1383 1361/1445/1382 
f 1363/1447/1384 1327/1409/1348 1326/1408/1347 1364/1448/1385 
f 1326/1410/1347 1329/1413/1350 1365/1449/1386 1364/1450/1385 
f 1365/1449/1386 1329/1413/1350 1331/1415/1352 1366/1451/1387 
f 1366/1451/1387 1331/1415/1352 1333/1417/1354 1367/1452/1388 
f 1335/1419/1356 1368/1453/1389 1367/1452/1388 1333/1417/1354 
f 1337/1421/1358 1369/1454/1390 1368/1453/1389 1335/1419/1356 
f 1369/1454/1390 1337/1421/1358 1339/1423/1360 1370/1455/1391 
f 1341/1425/1362 1371/1456/1392 1370/1455/1391 1339/1423/1360 
f 1343/1427/1364 1372/1457/1393 1371/1456/1392 1341/1425/1362 
f 1372/1457/1393 1343/1427/1364 1345/1429/1366 1373/1458/1394 
f 1347/1431/1368 1374/1459/1395 1373/1458/1394 1345/1429/1366 
f 1349/1433/1370 1375/1460/1396 1374/1459/1395 1347/1431/1368 
f 1375/1460/1396 1349/1433/1370 1351/1435/1372 1376/1461/1397 
f 1353/1437/1374 1377/1462/1398 1376/1461/1397 1351/1435/1372 
f 1355/1439/1376 1378/1463/1399 1377/1462/1398 1353/1437/1374 
f 1378/1463/1399 1355/1439/1376 1357/1441/1378 1379/1464/1400 
f 1359/1443/1380 1380/1465/1401 1379/1464/1400 1357/1441/1378 
f 1361/1445/1382 1381/1466/1402 1380/1465/1401 1359/1443/1380 
f 1382/1467/1403 1381/1466/1402 1361/1445/1382 1362/1446/1383 
f 1383/1468/1404 1384/1469/1405 1382/1467/1403 1362/1446/1383 
f 1385/1470/1406 1386/1471/1407 1384/1469/1405 1383/1468/1404 
f 1385/1470/1406 1387/1472/1408 1388/1473/1409 1386/1471/1407 
f 1387/1472/1408 1389/1474/1410 1390/1475/1411 1388/1473/1409 
f 1390/1475/1411 1389/1474/1410 1391/1476/1412 1392/1477/1413 
f 1391/1476/1412 1393/1478/1414 1394/1479/1415 1392/1477/1413 
f 1393/1478/1414 1395/1480/1416 1396/1481/1417 1394/1479/1415 
f 1396/1481/1417 1395/1480/1416 1397/1482/1418 1398/1483/1419 
f 1397/1482/1418 1399/1484/1420 1400/1485/1421 1398/1483/1419 
f 1399/1484/1420 1401/1486/1422 1402/1487/1423 1400/1485/1421 
f 1402/1487/1423 1401/1486/1422 1403/1488/1424 1404/1489/1425 
f 1403/1490/1424 1405/1491/1426 1406/1492/1427 1404/1493/1425 
f 1405/1491/1426 1407/1494/1428 1408/1495/1429 1406/1492/1427 
f 1364/1448/1385 1409/1496/1430 1410/1497/1431 1363/1447/1384 
f 1365/1449/1386 1411/1498/1432 1409/1499/1430 1364/1450/1385 
f 1411/1498/1432 1365/1449/1386 1366/1451/1387 1412/1500/1433 
f 1367/1452/1388 1413/1501/1434 1412/1500/1433 1366/1451/1387 
f 1414/1502/1435 1413/1501/1434 1367/1452/1388 1368/1453/1389 
f 1414/1502/1435 1368/1453/1389 1369/1454/1390 1415/1503/1436 
f 1370/1455/1391 1416/1504/1437 1415/1503/1436 1369/1454/1390 
f 1417/1505/1438 1416/1504/1437 1370/1455/1391 1371/1456/1392 
f 1417/1505/1438 1371/1456/1392 1372/1457/1393 1418/1506/1439 
f 1373/1458/1394 1419/1507/1440 1418/1506/1439 1372/1457/1393 
f 1419/1507/1440 1373/1458/1394 1374/1459/1395 1420/1508/1441 
f 1374/1459/1395 1375/1460/1396 1421/1509/1442 1420/1508/1441 
f 1375/1460/1396 1376/1461/1397 1422/1510/1443 1421/1509/1442 
f 1376/1461/1397 1377/1462/1398 1423/1511/1444 1422/1510/1443 
f 1423/1511/1444 1377/1462/1398 1378/1463/1399 1424/1512/1445 
f 1379/1464/1400 1425/1513/1446 1424/1512/1445 1378/1463/1399 
f 1425/1513/1446 1379/1464/1400 1380/1465/1401 1426/1514/1447 
f 1426/1514/1447 1380/1465/1401 1381/1466/1402 1427/1515/1448 
f 1382/1467/1403 1428/1516/1449 1427/1515/1448 1381/1466/1402 
f 1428/1516/1449 1382/1467/1403 1384/1469/1405 1429/1517/1450 
f 1384/1469/1405 1386/1471/1407 1430/1518/1451 1429/1517/1450 
f 1430/1518/1451 1386/1471/1407 1388/1473/1409 1431/1519/1452 
f 1390/1475/1411 1432/1520/1453 1431/1519/1452 1388/1473/1409 
f 1432/1520/1453 1390/1475/1411 1392/1477/1413 1433/1521/1454 
f 1392/1477/1413 1394/1479/1415 1434/1522/1455 1433/1521/1454 
f 1394/1479/1415 1396/1481/1417 1435/1523/1456 1434/1522/1455 
f 1396/1481/1417 1398/1483/1419 1436/1524/1457 1435/1523/1456 
f 1398/1483/1419 1400/1485/1421 1437/1525/1458 1436/1524/1457 
f 1400/1485/1421 1402/1487/1423 1438/1526/1459 1437/1525/1458 
f 1402/1487/1423 1404/1489/1425 1439/1527/1460 1438/1526/1459 
f 1404/1493/1425 1406/1492/1427 1440/1528/1461 1439/1529/1460 
f 1408/1495/1429 1441/1530/1462 1440/1528/1461 1406/1492/1427 
f 1442/1531/1463 1443/1532/1464 1410/1497/1431 1409/1496/1430 
f 1409/1499/1430 1411/1498/1432 1444/1533/1465 1442/1534/1463 
f 1412/1500/1433 1445/1535/1466 1444/1533/1465 1411/1498/1432 
f 1413/1501/1434 1446/1536/1467 1445/1535/1466 1412/1500/1433 
f 1447/1537/1468 1446/1536/1467 1413/1501/1434 1414/1502/1435 
f 1447/1537/1468 1414/1502/1435 1415/1503/1436 1448/1538/1469 
f 1448/1538/1469 1415/1503/1436 1416/1504/1437 1449/1539/1470 
f 1450/1540/1471 1449/1539/1470 1416/1504/1437 1417/1505/1438 
f 1450/1540/1471 1417/1505/1438 1418/1506/1439 1451/1541/1472 
f 1451/1541/1472 1418/1506/1439 1419/1507/1440 1452/1542/1473 
f 1452/1542/1473 1419/1507/1440 1420/1508/1441 1453/1543/1474 
f 1453/1543/1474 1420/1508/1441 1421/1509/1442 1454/1544/1475 
f 1454/1544/1475 1421/1509/1442 1422/1510/1443 1455/1545/1476 
f 1456/1546/1477 1455/1545/1476 1422/1510/1443 1423/1511/1444 
f 1423/1511/1444 1424/1512/1445 1457/1547/1478 1456/1546/1477 
f 1424/1512/1445 1425/1513/1446 1458/1548/1479 1457/1547/1478 
f 1425/1513/1446 1426/1514/1447 1459/1549/1480 1458/1548/1479 
f 1426/1514/1447 1427/1515/1448 1460/1550/1481 1459/1549/1480 
f 1427/1515/1448 1428/1516/1449 1461/1551/1482 1460/1550/1481 
f 1462/1552/1483 1461/1551/1482 1428/1516/1449 1429/1517/1450 
f 1463/1553/1484 1462/1552/1483 1429/1517/1450 1430/1518/1451 
f 1464/1554/1485 1463/1553/1484 1430/1518/1451 1431/1519/1452 
f 1465/1555/1486 1464/1554/1485 1431/1519/1452 1432/1520/1453 
f 1433/1521/1454 1466/1556/1487 1465/1555/1486 1432/1520/1453 
f 1434/1522/1455 1467/1557/1488 1466/1556/1487 1433/1521/1454 
f 1435/1523/1456 1468/1558/1489 1467/1557/1488 1434/1522/1455 
f 1436/1524/1457 1469/1559/1490 1468/1558/1489 1435/1523/1456 
f 1437/1525/1458 1470/1560/1491 1469/1559/1490 1436/1524/1457 
f 1438/1526/1459 1471/1561/1492 1470/1560/1491 1437/1525/1458 
f 1471/1561/1492 1438/1526/1459 1439/1527/1460 1472/1562/1493 
f 1472/1563/1493 1439/1529/1460 1440/1528/1461 1473/1564/1494 
f 1473/1564/1494 1440/1528/1461 1441/1530/1462 1474/1565/1495 
f 1475/1566/1496 1443/1532/1464 1442/1531/1463 1476/1567/1497 
f 1442/1534/1463 1444/1533/1465 1477/1568/1498 1476/1569/1497 
f 1444/1533/1465 1445/1535/1466 1478/1570/1499 1477/1568/1498 
f 1445/1535/1466 1446/1536/1467 1479/1571/1500 1478/1570/1499 
f 1446/1536/1467 1447/1537/1468 1480/1572/1501 1479/1571/1500 
f 1447/1537/1468 1448/1538/1469 1481/1573/1502 1480/1572/1501 
f 1482/1574/1503 1481/1573/1502 1448/1538/1469 1449/1539/1470 
f 1483/1575/1504 1482/1574/1503 1449/1539/1470 1450/1540/1471 
f 1484/1576/1505 1483/1575/1504 1450/1540/1471 1451/1541/1472 
f 1485/1577/1506 1484/1576/1505 1451/1541/1472 1452/1542/1473 
f 1486/1578/1507 1485/1577/1506 1452/1542/1473 1453/1543/1474 
f 1486/1578/1507 1453/1543/1474 1454/1544/1475 1487/1579/1508 
f 1488/1580/1509 1487/1579/1508 1454/1544/1475 1455/1545/1476 
f 1455/1545/1476 1456/1546/1477 1489/1581/1510 1488/1580/1509 
f 1457/1547/1478 1490/1582/1511 1489/1581/1510 1456/1546/1477 
f 1458/1548/1479 1491/1583/1512 1490/1582/1511 1457/1547/1478 
f 1491/1583/1512 1458/1548/1479 1459/1549/1480 1492/1584/1513 
f 1460/1550/1481 1493/1585/1514 1492/1584/1513 1459/1549/1480 
f 1494/1586/1515 1493/1585/1514 1460/1550/1481 1461/1551/1482 
f 1494/1586/1515 1461/1551/1482 1462/1552/1483 1495/1587/1516 
f 1463/1553/1484 1496/1588/1517 1495/1587/1516 1462/1552/1483 
f 1497/1589/1518 1496/1588/1517 1463/1553/1484 1464/1554/1485 
f 1497/1589/1518 1464/1554/1485 1465/1555/1486 1498/1590/1519 
f 1466/1556/1487 1499/1591/1520 1498/1590/1519 1465/1555/1486 
f 1500/1592/1521 1499/1591/1520 1466/1556/1487 1467/1557/1488 
f 1467/1557/1488 1468/1558/1489 1501/1593/1522 1500/1592/1521 
f 1501/1593/1522 1468/1558/1489 1469/1559/1490 1502/1594/1523 
f 1503/1595/1524 1502/1594/1523 1469/1559/1490 1470/1560/1491 
f 1470/1560/1491 1471/1561/1492 1504/1596/1525 1503/1595/1524 
f 1472/1562/1493 1505/1597/1526 1504/1596/1525 1471/1561/1492 
f 1506/1598/1494 1505/1599/1526 1472/1563/1493 1473/1564/1494 
f 1506/1598/1494 1473/1564/1494 1474/1565/1495 1507/1600/1495 
f 1475/1566/1496 1476/1567/1497 1508/1601/1527 1509/1602/1528 
f 1508/1603/1527 1476/1569/1497 1477/1568/1498 1510/1604/1529 
f 1478/1570/1499 1511/1605/1530 1510/1604/1529 1477/1568/1498 
f 1512/1606/1531 1511/1605/1530 1478/1570/1499 1479/1571/1500 
f 1512/1606/1531 1479/1571/1500 1480/1572/1501 1513/1607/1532 
f 1513/1607/1532 1480/1572/1501 1481/1573/1502 1514/1608/1533 
f 1482/1574/1503 1515/1609/1534 1514/1608/1533 1481/1573/1502 
f 1483/1575/1504 1516/1610/1535 1515/1609/1534 1482/1574/1503 
f 1516/1610/1535 1483/1575/1504 1484/1576/1505 1517/1611/1536 
f 1485/1577/1506 1518/1612/1537 1517/1611/1536 1484/1576/1505 
f 1486/1578/1507 1519/1613/1538 1518/1612/1537 1485/1577/1506 
f 1519/1613/1538 1486/1578/1507 1487/1579/1508 1520/1614/1539 
f 1520/1614/1539 1487/1579/1508 1488/1580/1509 1521/1615/1540 
f 1489/1581/1510 1522/1616/1541 1521/1615/1540 1488/1580/1509 
f 1490/1582/1511 1523/1617/1542 1522/1616/1541 1489/1581/1510 
f 1491/1583/1512 1524/1618/1543 1523/1617/1542 1490/1582/1511 
f 1491/1583/1512 1492/1584/1513 1525/1619/1544 1524/1618/1543 
f 1493/1585/1514 1526/1620/1545 1525/1619/1544 1492/1584/1513 
f 1526/1620/1545 1493/1585/1514 1494/1586/1515 1527/1621/1546 
f 1494/1586/1515 1495/1587/1516 1528/1622/1547 1527/1621/1546 
f 1495/1587/1516 1496/1588/1517 1529/1623/1548 1528/1622/1547 
f 1529/1623/1548 1496/1588/1517 1497/1589/1518 1530/1624/1549 
f 1497/1589/1518 1498/1590/1519 1531/1625/1550 1530/1624/1549 
f 1498/1590/1519 1499/1591/1520 1532/1626/1551 1531/1625/1550 
f 1532/1626/1551 1499/1591/1520 1500/1592/1521 1533/1627/1552 
f 1500/1592/1521 1501/1593/1522 1534/1628/1553 1533/1627/1552 
f 1501/1593/1522 1502/1594/1523 1535/1629/1554 1534/1628/1553 
f 1535/1629/1554 1502/1594/1523 1503/1595/1524 1536/1630/1555 
f 1503/1595/1524 1504/1596/1525 1537/1631/1556 1536/1630/1555 
f 1504/1596/1525 1505/1597/1526 1538/1632/1557 1537/1631/1556 
f 1538/1633/1557 1505/1599/1526 1506/1598/1494 1539/1634/1558 
f 1506/1598/1494 1507/1600/1495 1540/1635/1559 1539/1634/1558 
f 1541/1636/1560 1509/1602/1528 1508/1601/1527 
f 1541/1637/1561 1508/1603/1527 1510/1604/1529 
f 1541/1637/1562 1510/1604/1529 1511/1605/1530 
f 1541/1637/1563 1511/1605/1530 1512/1606/1531 
f 1541/1637/1564 1512/1606/1531 1513/1607/1532 
f 1541/1637/1565 1513/1607/1532 1514/1608/1533 
f 1541/1637/1566 1514/1608/1533 1515/1609/1534 
f 1541/1637/1567 1515/1609/1534 1516/1610/1535 
f 1541/1637/1568 1516/1610/1535 1517/1611/1536 
f 1541/1637/1569 1517/1611/1536 1518/1612/1537 
f 1541/1637/1570 1518/1612/1537 1519/1613/1538 
f 1541/1637/1571 1519/1613/1538 1520/1614/1539 
f 1541/1637/1572 1520/1614/1539 1521/1615/1540 
f 1541/1637/1573 1521/1615/1540 1522/1616/1541 
f 1541/1637/1574 1522/1616/1541 1523/1617/1542 
f 1541/1637/1575 1523/1617/1542 1524/1618/1543 
f 1541/1637/1576 1524/1618/1543 1525/1619/1544 
f 1541/1637/1577 1525/1619/1544 1526/1620/1545 
f 1541/1637/1578 1526/1620/1545 1527/1621/1546 
f 1541/1637/1579 1527/1621/1546 1528/1622/1547 
f 1541/1637/1580 1528/1622/1547 1529/1623/1548 
f 1541/1637/1581 1529/1623/1548 1530/1624/1549 
f 1541/1637/1582 1530/1624/1549 1531/1625/1550 
f 1541/1637/1583 1531/1625/1550 1532/1626/1551 
f 1541/1637/1584 1532/1626/1551 1533/1627/1552 
f 1541/1637/1585 1533/1627/1552 1534/1628/1553 
f 1541/1637/1586 1534/1628/1553 1535/1629/1554 
f 1541/1637/1587 1535/1629/1554 1536/1630/1555 
f 1541/1637/1588 1536/1630/1555 1537/1631/1556 
f 1541/1637/1589 1537/1631/1556 1538/1632/1557 
f 1541/1636/1590 1538/1633/1557 1539/1634/1558 
f 1541/1636/1591 1539/1634/1558 1540/1635/1559 
f 1542/1638/1592 1407/1494/1428 1543/1639/1593 
f 1543/1639/1593 1405/1491/1426 1544/1640/1594 
f 1544/1641/1594 1403/1488/1424 1545/1642/1595 
f 1545/1642/1595 1401/1486/1422 1546/1643/1596 
f 1546/1643/1596 1399/1484/1420 1547/1644/1597 
f 1547/1644/1597 1397/1482/1418 1548/1645/1598 
f 1548/1645/1598 1395/1480/1416 1549/1646/1599 
f 1549/1646/1599 1391/1476/1412 1550/1647/1600 
f 1550/1647/1600 1389/1474/1410 1551/1648/1601 
f 1551/1648/1601 1387/1472/1408 1552/1649/1602 
f 1552/1649/1602 1385/1470/1406 1553/1650/1603 
f 1553/1650/1603 1383/1468/1404 1554/1651/1604 
f 1554/1651/1604 1360/1444/1381 1555/1652/1605 
f 1555/1652/1605 1360/1444/1381 1556/1653/1606 
f 1556/1653/1606 1358/1442/1379 1557/1654/1607 
f 1557/1654/1607 1356/1440/1377 1558/1655/1608 
f 1558/1655/1608 1356/1440/1377 1559/1656/1609 
f 1559/1656/1609 1354/1438/1375 1560/1657/1610 
f 1560/1657/1610 1352/1436/1373 1561/1658/1611 
f 1561/1658/1611 1350/1434/1371 1562/1659/1612 
f 1562/1659/1612 1348/1432/1369 1563/1660/1613 
f 1563/1660/1613 1346/1430/1367 1564/1661/1614 
f 1564/1661/1614 1344/1428/1365 1565/1662/1615 
f 1565/1662/1615 1342/1426/1363 1566/1663/1616 
f 1566/1663/1616 1338/1422/1359 1567/1664/1617 
f 1567/1664/1617 1336/1420/1357 1568/1665/1618 
f 1568/1665/1618 1334/1418/1355 1569/1666/1619 
f 1569/1666/1619 1332/1416/1353 1570/1667/1620 
f 1570/1667/1620 1330/1414/1351 1571/1668/1621 
f 1571/1668/1621 1328/1412/1349 1572/1669/1622 
f 1572/1670/1622 1325/1407/1346 1573/1671/1623 
f 1573/1671/1623 1324/1406/1345 1574/1672/1624 
f 1324/1406/1345 1573/1671/1623 1325/1407/1346 
f 1325/1411/1346 1572/1669/1622 1328/1412/1349 
f 1328/1412/1349 1571/1668/1621 1330/1414/1351 
f 1330/1414/1351 1570/1667/1620 1332/1416/1353 
f 1332/1416/1353 1569/1666/1619 1334/1418/1355 
f 1334/1418/1355 1568/1665/1618 1336/1420/1357 
f 1336/1420/1357 1567/1664/1617 1338/1422/1359 
f 1338/1422/1359 1566/1663/1616 1340/1424/1361 
f 1340/1424/1361 1566/1663/1616 1342/1426/1363 
f 1342/1426/1363 1565/1662/1615 1344/1428/1365 
f 1344/1428/1365 1564/1661/1614 1346/1430/1367 
f 1346/1430/1367 1563/1660/1613 1348/1432/1369 
f 1348/1432/1369 1562/1659/1612 1350/1434/1371 
f 1350/1434/1371 1561/1658/1611 1352/1436/1373 
f 1352/1436/1373 1560/1657/1610 1354/1438/1375 
f 1354/1438/1375 1559/1656/1609 1356/1440/1377 
f 1356/1440/1377 1557/1654/1607 1358/1442/1379 
f 1358/1442/1379 1556/1653/1606 1360/1444/1381 
f 1360/1444/1381 1383/1468/1404 1362/1446/1383 
f 1383/1468/1404 1553/1650/1603 1385/1470/1406 
f 1385/1470/1406 1552/1649/1602 1387/1472/1408 
f 1387/1472/1408 1551/1648/1601 1389/1474/1410 
f 1389/1474/1410 1550/1647/1600 1391/1476/1412 
f 1391/1476/1412 1549/1646/1599 1393/1478/1414 
f 1393/1478/1414 1549/1646/1599 1395/1480/1416 
f 1395/1480/1416 1548/1645/1598 1397/1482/1418 
f 1397/1482/1418 1547/1644/1597 1399/1484/1420 
f 1399/1484/1420 1546/1643/1596 1401/1486/1422 
f 1401/1486/1422 1545/1642/1595 1403/1488/1424 
f 1403/1490/1424 1544/1640/1594 1405/1491/1426 
f 1405/1491/1426 1543/1639/1593 1407/1494/1428 
f 1383/1468/1404 1360/1444/1381 1554/1651/1604 
# 178 polygons - 97 triangles

#
# object Letrero006
#

v  1.5936 2.8575 -0.0000
v  1.8247 2.8098 -0.0000
v  1.8242 2.8032 -0.1354
v  1.5932 2.8508 -0.1376
v  1.8228 2.7845 -0.2641
v  1.5919 2.8318 -0.2685
v  1.8203 2.7500 -0.4033
v  1.5897 2.7967 -0.4100
v  1.8171 2.7065 -0.5257
v  1.5869 2.7525 -0.5344
v  1.5829 2.6895 -0.6680
v  1.8126 2.6446 -0.6571
v  1.8079 2.5792 -0.7665
v  1.5787 2.6230 -0.7792
v  1.8017 2.4945 -0.8812
v  1.5732 2.5367 -0.8958
v  1.5676 2.4481 -0.9940
v  1.7953 2.4073 -0.9777
v  1.7878 2.3039 -1.0719
v  1.5609 2.3429 -1.0897
v  1.7800 2.1967 -1.1516
v  1.5539 2.2338 -1.1708
v  1.5465 2.1171 -1.2411
v  1.7716 2.0820 -1.2208
v  1.7625 1.9575 -1.2801
v  1.5385 1.9905 -1.3014
v  1.7528 1.8243 -1.3277
v  1.5299 1.8550 -1.3498
v  1.5218 1.7279 -1.3816
v  1.7437 1.6993 -1.3590
v  1.7340 1.5668 -1.3790
v  1.5132 1.5930 -1.4019
v  1.7239 1.4274 -1.3861
v  1.5042 1.4513 -1.4091
v  1.4955 1.3139 -1.4023
v  1.7140 1.2924 -1.3794
v  1.7047 1.1641 -1.3607
v  1.4872 1.1834 -1.3833
v  1.6945 1.0251 -1.3261
v  1.4782 1.0421 -1.3481
v  1.4703 0.9179 -1.3038
v  1.6856 0.9031 -1.2825
v  1.6761 0.7720 -1.2204
v  1.4618 0.7846 -1.2407
v  1.6681 0.6630 -1.1549
v  1.4548 0.6737 -1.1740
v  1.4474 0.5572 -1.0876
v  1.6598 0.5485 -1.0699
v  1.6528 0.4523 -0.9825
v  1.4412 0.4593 -0.9988
v  1.6459 0.3584 -0.8788
v  1.4351 0.3638 -0.8934
v  1.4299 0.2829 -0.7841
v  1.6401 0.2788 -0.7713
v  1.6351 0.2098 -0.6563
v  1.4255 0.2126 -0.6672
v  1.6308 0.1507 -0.5314
v  1.4217 0.1525 -0.5403
v  1.4186 0.1042 -0.4046
v  1.6273 0.1032 -0.3979
v  1.6250 0.0720 -0.2726
v  1.4166 0.0725 -0.2771
v  1.6236 0.0521 -0.1397
v  1.4153 0.0522 -0.1420
v  1.4148 0.0450 -0.0000
v  1.6230 0.0450 -0.0000
v  1.9636 2.7779 -0.0000
v  1.9631 2.7713 -0.1339
v  1.9616 2.7528 -0.2611
v  1.9589 2.7187 -0.3989
v  1.9556 2.6758 -0.5199
v  1.9508 2.6146 -0.6498
v  1.9457 2.5500 -0.7579
v  1.9391 2.4662 -0.8714
v  1.9323 2.3800 -0.9668
v  1.9243 2.2778 -1.0600
v  1.9160 2.1718 -1.1388
v  1.9071 2.0584 -1.2073
v  1.8974 1.9354 -1.2659
v  1.8870 1.8038 -1.3129
v  1.8773 1.6802 -1.3439
v  1.8670 1.5492 -1.3637
v  1.8562 1.4115 -1.3706
v  1.8457 1.2780 -1.3641
v  1.8358 1.1511 -1.3455
v  1.8250 1.0138 -1.3113
v  1.8155 0.8932 -1.2682
v  1.8053 0.7636 -1.2068
v  1.7968 0.6559 -1.1420
v  1.7879 0.5427 -1.0580
v  1.7805 0.4476 -0.9715
v  1.7732 0.3548 -0.8690
v  1.7670 0.2761 -0.7627
v  1.7616 0.2079 -0.6490
v  1.7570 0.1495 -0.5255
v  1.7534 0.1026 -0.3935
v  1.7509 0.0717 -0.2696
v  1.7494 0.0520 -0.1382
v  1.7488 0.0450 -0.0000
v  2.3239 2.6250 -0.3854
v  2.3269 2.6579 -0.2523
v  2.3200 2.5835 -0.5023
v  2.3145 2.5244 -0.6278
v  2.3086 2.4621 -0.7323
v  2.3011 2.3813 -0.8419
v  2.2933 2.2981 -0.9341
v  2.2840 2.1995 -1.0241
v  2.2745 2.0972 -1.1003
v  2.2642 1.9878 -1.1664
v  2.2531 1.8691 -1.2230
v  2.2412 1.7421 -1.2685
v  2.2301 1.6229 -1.2984
v  2.2182 1.4964 -1.3175
v  2.2058 1.3635 -1.3243
v  2.1937 1.2347 -1.3179
v  2.1823 1.1123 -1.3000
v  2.1699 0.9798 -1.2669
v  2.1590 0.8634 -1.2253
v  2.1473 0.7384 -1.1660
v  2.1376 0.6344 -1.1034
v  2.1273 0.5253 -1.0222
v  2.1187 0.4335 -0.9387
v  2.1104 0.3439 -0.8396
v  2.1033 0.2680 -0.7369
v  2.0971 0.2022 -0.6270
v  2.0918 0.1458 -0.5078
v  2.0876 0.1005 -0.3802
v  2.0848 0.0708 -0.2605
v  2.0830 0.0517 -0.1335
v  2.0824 0.0450 -0.0000
v  1.2222 0.0450 -0.0000
v  1.2222 0.0497 -0.1157
v  1.2222 0.0638 -0.2307
v  1.2222 0.0872 -0.3445
v  1.2222 0.1198 -0.4563
v  1.2222 0.1645 -0.5722
v  1.2222 0.2192 -0.6840
v  1.2222 0.3191 -0.8420
v  1.2222 0.4525 -1.0001
v  1.2222 0.5588 -1.0986
v  1.2222 0.6746 -1.1859
v  1.2222 0.7986 -1.2611
v  1.2222 0.9610 -1.3362
v  1.2222 1.1314 -1.3905
v  1.2222 1.3064 -1.4231
v  1.2222 1.4834 -1.4340
v  1.2222 1.6620 -1.4228
v  1.2222 1.8368 -1.3899
v  1.2222 2.0057 -1.3359
v  1.2222 2.1666 -1.2615
v  1.2222 2.2905 -1.1863
v  1.2222 2.4063 -1.0991
v  1.2222 2.5128 -1.0005
v  1.2222 2.6464 -0.8422
v  1.2222 2.7459 -0.6847
v  1.2222 2.8007 -0.5729
v  1.2222 2.8456 -0.4566
v  1.2222 2.8781 -0.3453
v  1.2222 2.9015 -0.2316
v  1.2222 2.9156 -0.1162
v  1.2222 2.9204 -0.0000
v  2.4185 2.6560 -0.0000
v  2.4184 2.6560 -0.0051
v  2.4184 2.6513 -0.1098
v  2.4184 2.6380 -0.2137
v  2.4184 2.6157 -0.3186
v  2.4184 2.5848 -0.4212
v  2.4184 2.5423 -0.5277
v  2.4184 2.4905 -0.6301
v  2.4184 2.4298 -0.7273
v  2.4184 2.3608 -0.8188
v  2.4184 2.2719 -0.9159
v  2.4184 2.1735 -1.0035
v  2.4184 2.0668 -1.0807
v  2.4184 1.9529 -1.1467
v  2.4184 1.8101 -1.2098
v  2.4184 1.6608 -1.2554
v  2.4184 1.5067 -1.2830
v  2.4184 1.3504 -1.2922
v  2.4184 1.1954 -1.2829
v  2.4184 1.0419 -1.2554
v  2.4184 0.8925 -1.2097
v  2.4184 0.7492 -1.1466
v  2.4184 0.5808 -1.0432
v  2.4184 0.4298 -0.9157
v  2.4184 0.3408 -0.8187
v  2.4184 0.2403 -0.6793
v  2.4184 0.1588 -0.5272
v  2.4184 0.1163 -0.4208
v  2.4184 0.0852 -0.3179
v  2.4184 0.0629 -0.2130
v  2.4184 0.0495 -0.1069
v  2.4184 0.0450 -0.0000
# 193 vertices

vn 0.1854 0.9815 -0.0477
vn 0.2129 0.9759 -0.0484
vn 0.2126 0.9724 -0.0957
vn 0.1854 0.9780 -0.0958
vn 0.2112 0.9586 -0.1910
vn 0.1847 0.9640 -0.1912
vn 0.2088 0.9353 -0.2858
vn 0.1826 0.9405 -0.2866
vn 0.2054 0.9027 -0.3781
vn 0.1793 0.9079 -0.3789
vn 0.1750 0.8662 -0.4681
vn 0.2011 0.8613 -0.4667
vn 0.1959 0.8118 -0.5500
vn 0.1706 0.8172 -0.5506
vn 0.1900 0.7545 -0.6282
vn 0.1655 0.7589 -0.6298
vn 0.1601 0.6942 -0.7017
vn 0.1832 0.6899 -0.7003
vn 0.1757 0.6184 -0.7659
vn 0.1537 0.6223 -0.7675
vn 0.1676 0.5412 -0.8240
vn 0.1465 0.5449 -0.8256
vn 0.1383 0.4620 -0.8760
vn 0.1589 0.4589 -0.8742
vn 0.1495 0.3702 -0.9168
vn 0.1306 0.3741 -0.9181
vn 0.1397 0.2780 -0.9504
vn 0.1231 0.2811 -0.9518
vn 0.1147 0.1881 -0.9754
vn 0.1298 0.1856 -0.9740
vn 0.1197 0.0909 -0.9886
vn 0.1054 0.0925 -0.9901
vn 0.1092 -0.0070 -0.9940
vn 0.0956 -0.0055 -0.9954
vn 0.0869 -0.1008 -0.9911
vn 0.0988 -0.1034 -0.9897
vn 0.0884 -0.1987 -0.9761
vn 0.0790 -0.1966 -0.9773
vn 0.0782 -0.2935 -0.9528
vn 0.0699 -0.2927 -0.9536
vn 0.0603 -0.3855 -0.9207
vn 0.0680 -0.3859 -0.9200
vn 0.0584 -0.4746 -0.8783
vn 0.0512 -0.4741 -0.8790
vn 0.0492 -0.5580 -0.8284
vn 0.0434 -0.5567 -0.8296
vn 0.0364 -0.6356 -0.7712
vn 0.0406 -0.6361 -0.7705
vn 0.0326 -0.7083 -0.7052
vn 0.0296 -0.7076 -0.7060
vn 0.0253 -0.7739 -0.6329
vn 0.0222 -0.7730 -0.6340
vn 0.0169 -0.8321 -0.5543
vn 0.0188 -0.8318 -0.5547
vn 0.0132 -0.8818 -0.4715
vn 0.0130 -0.8814 -0.4722
vn 0.0085 -0.9242 -0.3818
vn 0.0099 -0.9240 -0.3823
vn 0.0070 -0.9574 -0.2886
vn 0.0048 -0.9575 -0.2885
vn 0.0022 -0.9807 -0.1953
vn 0.0046 -0.9807 -0.1954
vn 0.0006 -0.9950 -0.0996
vn 0.0029 -0.9950 -0.0994
vn 0.0019 -0.9988 -0.0487
vn -0.0000 -0.9987 -0.0503
vn 0.2404 0.9695 -0.0478
vn 0.2395 0.9663 -0.0948
vn 0.2367 0.9527 -0.1904
vn 0.2340 0.9296 -0.2849
vn 0.2302 0.8972 -0.3769
vn 0.2254 0.8560 -0.4653
vn 0.2196 0.8068 -0.5484
vn 0.2129 0.7499 -0.6264
vn 0.2054 0.6855 -0.6985
vn 0.1970 0.6144 -0.7640
vn 0.1879 0.5376 -0.8220
vn 0.1782 0.4557 -0.8721
vn 0.1677 0.3673 -0.9149
vn 0.1567 0.2754 -0.9485
vn 0.1457 0.1834 -0.9722
vn 0.1343 0.0890 -0.9869
vn 0.1226 -0.0086 -0.9924
vn 0.1109 -0.1048 -0.9883
vn 0.0993 -0.1998 -0.9748
vn 0.0878 -0.2945 -0.9516
vn 0.0764 -0.3867 -0.9190
vn 0.0656 -0.4752 -0.8774
vn 0.0552 -0.5585 -0.8277
vn 0.0456 -0.6365 -0.7699
vn 0.0366 -0.7086 -0.7047
vn 0.0284 -0.7741 -0.6325
vn 0.0212 -0.8320 -0.5544
vn 0.0149 -0.8819 -0.4713
vn 0.0096 -0.9243 -0.3816
vn 0.0054 -0.9575 -0.2884
vn 0.0024 -0.9808 -0.1952
vn 0.0006 -0.9950 -0.0995
vn 0.2581 0.9232 -0.2849
vn 0.2612 0.9480 -0.1819
vn 0.2548 0.8910 -0.3759
vn 0.2501 0.8492 -0.4651
vn 0.2447 0.8005 -0.5470
vn 0.2377 0.7431 -0.6256
vn 0.2297 0.6793 -0.6969
vn 0.2207 0.6082 -0.7625
vn 0.2111 0.5317 -0.8202
vn 0.2005 0.4505 -0.8700
vn 0.1885 0.3634 -0.9124
vn 0.1757 0.2712 -0.9464
vn 0.1633 0.1792 -0.9702
vn 0.1507 0.0846 -0.9850
vn 0.1389 -0.0133 -0.9902
vn 0.1264 -0.1069 -0.9862
vn 0.1120 -0.2017 -0.9730
vn 0.0983 -0.2967 -0.9499
vn 0.0856 -0.3887 -0.9174
vn 0.0753 -0.4785 -0.8748
vn 0.0645 -0.5581 -0.8273
vn 0.0519 -0.6380 -0.7683
vn 0.0412 -0.7094 -0.7036
vn 0.0325 -0.7750 -0.6311
vn 0.0243 -0.8319 -0.5545
vn 0.0161 -0.8821 -0.4707
vn 0.0091 -0.9244 -0.3813
vn 0.0043 -0.9576 -0.2880
vn 0.0012 -0.9808 -0.1950
vn -0.0006 -0.9951 -0.0993
vn -0.0011 -0.9988 -0.0494
vn 0.0000 -0.9992 -0.0405
vn -0.0005 -0.9968 -0.0796
vn -0.0012 -0.9869 -0.1612
vn -0.0003 -0.9704 -0.2415
vn 0.0026 -0.9469 -0.3216
vn 0.0062 -0.9157 -0.4019
vn 0.0070 -0.8738 -0.4863
vn 0.0077 -0.8060 -0.5919
vn 0.0193 -0.7191 -0.6946
vn 0.0311 -0.6393 -0.7683
vn 0.0392 -0.5587 -0.8284
vn 0.0453 -0.4684 -0.8824
vn 0.0510 -0.3599 -0.9316
vn 0.0605 -0.2405 -0.9688
vn 0.0725 -0.1180 -0.9904
vn 0.0839 0.0033 -0.9965
vn 0.0924 0.1260 -0.9877
vn 0.1022 0.2475 -0.9635
vn 0.1138 0.3640 -0.9244
vn 0.1241 0.4687 -0.8746
vn 0.1315 0.5576 -0.8196
vn 0.1377 0.6369 -0.7586
vn 0.1407 0.7157 -0.6840
vn 0.1458 0.7997 -0.5825
vn 0.1548 0.8640 -0.4790
vn 0.1597 0.9047 -0.3950
vn 0.1610 0.9351 -0.3158
vn 0.1628 0.9576 -0.2377
vn 0.1641 0.9735 -0.1591
vn 0.1659 0.9830 -0.0793
vn 0.1667 0.9852 -0.0401
vn 0.2589 0.9659 -0.0019
vn 0.2586 0.9657 -0.0228
vn 0.2588 0.9624 -0.0824
vn 0.2704 0.9506 -0.1522
vn 0.2757 0.9310 -0.2392
vn 0.2755 0.9069 -0.3188
vn 0.2696 0.8760 -0.3999
vn 0.2654 0.8386 -0.4758
vn 0.2582 0.7943 -0.5499
vn 0.2524 0.7439 -0.6188
vn 0.2451 0.6783 -0.6927
vn 0.2347 0.6067 -0.7595
vn 0.2237 0.5276 -0.8195
vn 0.2139 0.4409 -0.8717
vn 0.2027 0.3376 -0.9192
vn 0.1893 0.2262 -0.9555
vn 0.1723 0.1105 -0.9788
vn 0.1524 -0.0073 -0.9883
vn 0.1363 -0.1210 -0.9833
vn 0.1214 -0.2377 -0.9637
vn 0.1054 -0.3512 -0.9303
vn 0.0882 -0.4670 -0.8799
vn 0.0723 -0.5881 -0.8056
vn 0.0525 -0.6970 -0.7152
vn 0.0381 -0.7760 -0.6295
vn 0.0299 -0.8490 -0.5275
vn 0.0194 -0.9080 -0.4186
vn 0.0113 -0.9443 -0.3290
vn 0.0074 -0.9688 -0.2477
vn 0.0041 -0.9862 -0.1658
vn 0.0013 -0.9966 -0.0826
vn 0.0000 -0.9991 -0.0419
# 192 vertex normals

vt 0.5000 0.3808 0.8709
vt 0.5000 0.3635 0.8576
vt 0.7236 0.3635 0.8558
vt 0.7273 0.3808 0.8690
vt 0.9361 0.3636 0.8505
vt 0.9434 0.3809 0.8637
vt 0.1495 0.3636 0.9361
vt 0.1591 0.3638 1.1662
vt 0.1461 0.3810 1.1772
vt 0.1363 0.3809 0.9434
vt 0.1712 0.3640 1.3683
vt 0.1584 0.3813 1.3827
vt 0.1760 0.3816 1.6033
vt 0.1885 0.3644 1.5853
vt 0.2067 0.3647 1.7659
vt 0.1945 0.3819 1.7869
vt 0.2304 0.3652 1.9554
vt 0.2186 0.3823 1.9796
vt 0.2433 0.3827 2.1416
vt 0.2547 0.3657 2.1148
vt 0.2836 0.3662 2.2703
vt 0.2727 0.3832 2.2997
vt 0.3135 0.3668 2.4020
vt 0.3031 0.3837 2.4336
vt 0.3357 0.3843 2.5499
vt 0.3455 0.3674 2.5164
vt 0.3802 0.3681 2.6143
vt 0.3710 0.3849 2.6494
vt 0.4174 0.3688 2.6928
vt 0.4088 0.3855 2.7293
vt 0.4443 0.3861 2.7818
vt 0.4523 0.3695 2.7445
vt 0.4892 0.3702 2.7776
vt 0.4819 0.3868 2.8154
vt 0.5281 0.3710 2.7892
vt 0.5215 0.3874 2.8272
vt 0.5598 0.3881 2.8161
vt 0.5658 0.3717 2.7783
vt 0.6016 0.3724 2.7473
vt 0.5962 0.3887 2.7846
vt 0.6404 0.3732 2.6901
vt 0.6356 0.3894 2.7265
vt 0.6703 0.3900 2.6534
vt 0.6744 0.3739 2.6182
vt 0.7110 0.3746 2.5156
vt 0.7075 0.3906 2.5491
vt 0.7414 0.3752 2.4074
vt 0.7384 0.3911 2.4391
vt 0.7709 0.3917 2.2964
vt 0.7733 0.3758 2.2670
vt 0.8002 0.3763 2.1226
vt 0.7982 0.3922 2.1496
vt 0.8264 0.3768 1.9514
vt 0.8249 0.3926 1.9755
vt 0.8475 0.3930 1.7951
vt 0.8486 0.3773 1.7739
vt 0.8679 0.3776 1.5839
vt 0.8671 0.3933 1.6019
vt 0.8844 0.3780 1.3777
vt 0.8838 0.3936 1.3923
vt 0.8973 0.3938 1.1682
vt 0.8976 0.3782 1.1572
vt 0.9063 0.3784 0.9502
vt 0.9062 0.3940 0.9577
vt 0.0423 0.3940 0.0938
vt 0.0498 0.3784 0.0937
vt 0.2692 0.3785 0.0881
vt 0.2654 0.3941 0.0882
vt 0.5000 0.3941 0.0862
vt 0.5000 0.3785 0.0862
vt 0.5000 0.3531 0.8487
vt 0.7211 0.3531 0.8469
vt 0.9313 0.3532 0.8417
vt 0.1583 0.3532 0.9313
vt 0.1678 0.3534 1.1588
vt 0.1798 0.3537 1.3586
vt 0.1969 0.3540 1.5732
vt 0.2149 0.3544 1.7518
vt 0.2383 0.3549 1.9392
vt 0.2623 0.3554 2.0968
vt 0.2908 0.3560 2.2506
vt 0.3204 0.3566 2.3809
vt 0.3521 0.3573 2.4939
vt 0.3864 0.3580 2.5907
vt 0.4231 0.3588 2.6684
vt 0.4576 0.3595 2.7195
vt 0.4941 0.3603 2.7522
vt 0.5326 0.3611 2.7637
vt 0.5698 0.3619 2.7529
vt 0.6052 0.3626 2.7223
vt 0.6435 0.3634 2.6658
vt 0.6772 0.3641 2.5946
vt 0.7133 0.3649 2.4932
vt 0.7434 0.3655 2.3861
vt 0.7750 0.3662 2.2473
vt 0.8015 0.3668 2.1046
vt 0.8274 0.3673 1.9352
vt 0.8493 0.3678 1.7597
vt 0.8684 0.3682 1.5718
vt 0.8847 0.3685 1.3680
vt 0.8978 0.3688 1.1499
vt 0.9064 0.3690 0.9452
vt 0.0548 0.3690 0.0936
vt 0.2718 0.3691 0.0881
vt 0.5000 0.3691 0.0862
vt 0.1940 0.3261 1.1365
vt 0.1848 0.3259 0.9167
vt 0.2055 0.3264 1.3295
vt 0.2220 0.3268 1.5369
vt 0.2394 0.3272 1.7094
vt 0.2620 0.3278 1.8905
vt 0.2852 0.3284 2.0428
vt 0.3127 0.3291 2.1914
vt 0.3412 0.3298 2.3172
vt 0.3718 0.3306 2.4265
vt 0.4049 0.3314 2.5200
vt 0.4403 0.3323 2.5951
vt 0.4736 0.3331 2.6444
vt 0.5089 0.3340 2.6760
vt 0.5459 0.3349 2.6871
vt 0.5819 0.3358 2.6767
vt 0.6160 0.3367 2.6471
vt 0.6530 0.3376 2.5925
vt 0.6855 0.3384 2.5237
vt 0.7204 0.3393 2.4257
vt 0.7494 0.3400 2.3223
vt 0.7798 0.3408 2.1882
vt 0.8054 0.3415 2.0503
vt 0.8304 0.3421 1.8867
vt 0.8516 0.3426 1.7171
vt 0.8700 0.3431 1.5356
vt 0.8857 0.3435 1.3386
vt 0.8983 0.3438 1.1279
vt 0.9066 0.3440 0.9302
vt 0.2795 0.3441 0.0880
vt 0.0698 0.3440 0.0934
vt 0.5000 0.3442 0.0862
vt 0.5000 0.4085 0.0862
vt 0.3088 0.4085 0.0875
vt 0.1189 0.4085 0.0914
vt 0.9086 0.4085 0.8811
vt 0.9021 0.4085 1.0690
vt 0.8930 0.4085 1.2536
vt 0.8805 0.4085 1.4450
vt 0.8652 0.4085 1.6297
vt 0.8374 0.4085 1.8906
vt 0.8001 0.4085 2.1517
vt 0.7705 0.4085 2.3144
vt 0.7382 0.4085 2.4586
vt 0.7036 0.4085 2.5829
vt 0.6582 0.4085 2.7068
vt 0.6107 0.4085 2.7965
vt 0.5619 0.4085 2.8505
vt 0.5125 0.4085 2.8684
vt 0.4627 0.4085 2.8500
vt 0.4139 0.4085 2.7955
vt 0.3668 0.4085 2.7063
vt 0.3219 0.4085 2.5835
vt 0.2873 0.4085 2.4594
vt 0.2550 0.4085 2.3152
vt 0.2253 0.4085 2.1524
vt 0.1880 0.4085 1.8910
vt 0.1602 0.4085 1.6309
vt 0.1449 0.4085 1.4462
vt 0.1324 0.4085 1.2541
vt 0.1234 0.4085 1.0703
vt 0.1168 0.4085 0.8826
vt 0.8826 0.4085 0.8832
vt 0.6919 0.4085 0.8871
vt 0.5000 0.4085 0.8884
vt 0.5000 0.3190 0.8147
vt 0.5084 0.3190 0.8147
vt 0.6813 0.3190 0.8134
vt 0.8530 0.3190 0.8097
vt 0.9167 0.3259 0.8152
vt 0.1903 0.3190 0.8530
vt 0.1965 0.3190 1.0261
vt 0.2052 0.3190 1.1956
vt 0.2170 0.3190 1.3716
vt 0.2315 0.3190 1.5406
vt 0.2484 0.3190 1.7012
vt 0.2677 0.3190 1.8523
vt 0.2925 0.3190 2.0127
vt 0.3199 0.3190 2.1574
vt 0.3497 0.3190 2.2849
vt 0.3815 0.3190 2.3940
vt 0.4213 0.3190 2.4981
vt 0.4630 0.3190 2.5734
vt 0.5060 0.3190 2.6190
vt 0.5496 0.3190 2.6342
vt 0.5928 0.3190 2.6189
vt 0.6357 0.3190 2.5733
vt 0.6774 0.3190 2.4980
vt 0.7174 0.3190 2.3937
vt 0.7643 0.3190 2.2230
vt 0.8065 0.3190 2.0123
vt 0.8313 0.3190 1.8521
vt 0.8594 0.3190 1.6220
vt 0.8821 0.3190 1.3708
vt 0.8939 0.3190 1.1950
vt 0.9026 0.3190 1.0251
vt 0.9088 0.3190 0.8518
vt 0.1482 0.3190 0.0912
vt 0.3235 0.3190 0.0874
vt 0.5000 0.3190 0.0862
# 205 texture coords

o Letrero006
g Letrero006
usemtl blanco
s 1
f 1575/1673/1625 1576/1674/1626 1577/1675/1627 1578/1676/1628 
f 1578/1676/1628 1577/1675/1627 1579/1677/1629 1580/1678/1630 
f 1579/1679/1629 1581/1680/1631 1582/1681/1632 1580/1682/1630 
f 1582/1681/1632 1581/1680/1631 1583/1683/1633 1584/1684/1634 
f 1585/1685/1635 1584/1684/1634 1583/1683/1633 1586/1686/1636 
f 1586/1686/1636 1587/1687/1637 1588/1688/1638 1585/1685/1635 
f 1588/1688/1638 1587/1687/1637 1589/1689/1639 1590/1690/1640 
f 1591/1691/1641 1590/1690/1640 1589/1689/1639 1592/1692/1642 
f 1592/1692/1642 1593/1693/1643 1594/1694/1644 1591/1691/1641 
f 1594/1694/1644 1593/1693/1643 1595/1695/1645 1596/1696/1646 
f 1597/1697/1647 1596/1696/1646 1595/1695/1645 1598/1698/1648 
f 1598/1698/1648 1599/1699/1649 1600/1700/1650 1597/1697/1647 
f 1600/1700/1650 1599/1699/1649 1601/1701/1651 1602/1702/1652 
f 1603/1703/1653 1602/1702/1652 1601/1701/1651 1604/1704/1654 
f 1604/1704/1654 1605/1705/1655 1606/1706/1656 1603/1703/1653 
f 1606/1706/1656 1605/1705/1655 1607/1707/1657 1608/1708/1658 
f 1609/1709/1659 1608/1708/1658 1607/1707/1657 1610/1710/1660 
f 1610/1710/1660 1611/1711/1661 1612/1712/1662 1609/1709/1659 
f 1612/1712/1662 1611/1711/1661 1613/1713/1663 1614/1714/1664 
f 1615/1715/1665 1614/1714/1664 1613/1713/1663 1616/1716/1666 
f 1616/1716/1666 1617/1717/1667 1618/1718/1668 1615/1715/1665 
f 1618/1718/1668 1617/1717/1667 1619/1719/1669 1620/1720/1670 
f 1621/1721/1671 1620/1720/1670 1619/1719/1669 1622/1722/1672 
f 1622/1722/1672 1623/1723/1673 1624/1724/1674 1621/1721/1671 
f 1624/1724/1674 1623/1723/1673 1625/1725/1675 1626/1726/1676 
f 1627/1727/1677 1626/1726/1676 1625/1725/1675 1628/1728/1678 
f 1628/1728/1678 1629/1729/1679 1630/1730/1680 1627/1727/1677 
f 1630/1730/1680 1629/1729/1679 1631/1731/1681 1632/1732/1682 
f 1633/1733/1683 1632/1732/1682 1631/1731/1681 1634/1734/1684 
f 1634/1734/1684 1635/1735/1685 1636/1736/1686 1633/1733/1683 
f 1636/1737/1686 1635/1738/1685 1637/1739/1687 1638/1740/1688 
f 1639/1741/1689 1638/1740/1688 1637/1739/1687 1640/1742/1690 
f 1576/1674/1626 1641/1743/1691 1642/1744/1692 1577/1675/1627 
f 1577/1675/1627 1642/1744/1692 1643/1745/1693 1579/1677/1629 
f 1581/1680/1631 1579/1679/1629 1643/1746/1693 1644/1747/1694 
f 1581/1680/1631 1644/1747/1694 1645/1748/1695 1583/1683/1633 
f 1583/1683/1633 1645/1748/1695 1646/1749/1696 1586/1686/1636 
f 1646/1749/1696 1647/1750/1697 1587/1687/1637 1586/1686/1636 
f 1587/1687/1637 1647/1750/1697 1648/1751/1698 1589/1689/1639 
f 1589/1689/1639 1648/1751/1698 1649/1752/1699 1592/1692/1642 
f 1649/1752/1699 1650/1753/1700 1593/1693/1643 1592/1692/1642 
f 1593/1693/1643 1650/1753/1700 1651/1754/1701 1595/1695/1645 
f 1595/1695/1645 1651/1754/1701 1652/1755/1702 1598/1698/1648 
f 1652/1755/1702 1653/1756/1703 1599/1699/1649 1598/1698/1648 
f 1599/1699/1649 1653/1756/1703 1654/1757/1704 1601/1701/1651 
f 1601/1701/1651 1654/1757/1704 1655/1758/1705 1604/1704/1654 
f 1655/1758/1705 1656/1759/1706 1605/1705/1655 1604/1704/1654 
f 1605/1705/1655 1656/1759/1706 1657/1760/1707 1607/1707/1657 
f 1607/1707/1657 1657/1760/1707 1658/1761/1708 1610/1710/1660 
f 1658/1761/1708 1659/1762/1709 1611/1711/1661 1610/1710/1660 
f 1611/1711/1661 1659/1762/1709 1660/1763/1710 1613/1713/1663 
f 1613/1713/1663 1660/1763/1710 1661/1764/1711 1616/1716/1666 
f 1661/1764/1711 1662/1765/1712 1617/1717/1667 1616/1716/1666 
f 1617/1717/1667 1662/1765/1712 1663/1766/1713 1619/1719/1669 
f 1619/1719/1669 1663/1766/1713 1664/1767/1714 1622/1722/1672 
f 1664/1767/1714 1665/1768/1715 1623/1723/1673 1622/1722/1672 
f 1623/1723/1673 1665/1768/1715 1666/1769/1716 1625/1725/1675 
f 1625/1725/1675 1666/1769/1716 1667/1770/1717 1628/1728/1678 
f 1667/1770/1717 1668/1771/1718 1629/1729/1679 1628/1728/1678 
f 1629/1729/1679 1668/1771/1718 1669/1772/1719 1631/1731/1681 
f 1631/1731/1681 1669/1772/1719 1670/1773/1720 1634/1734/1684 
f 1671/1774/1721 1635/1735/1685 1634/1734/1684 1670/1773/1720 
f 1637/1739/1687 1635/1738/1685 1671/1775/1721 1672/1776/1722 
f 1640/1742/1690 1637/1739/1687 1672/1776/1722 1673/1777/1690 
f 1674/1778/1723 1644/1747/1694 1643/1746/1693 1675/1779/1724 
f 1645/1748/1695 1644/1747/1694 1674/1778/1723 1676/1780/1725 
f 1646/1749/1696 1645/1748/1695 1676/1780/1725 1677/1781/1726 
f 1678/1782/1727 1647/1750/1697 1646/1749/1696 1677/1781/1726 
f 1678/1782/1727 1679/1783/1728 1648/1751/1698 1647/1750/1697 
f 1649/1752/1699 1648/1751/1698 1679/1783/1728 1680/1784/1729 
f 1681/1785/1730 1650/1753/1700 1649/1752/1699 1680/1784/1729 
f 1682/1786/1731 1651/1754/1701 1650/1753/1700 1681/1785/1730 
f 1683/1787/1732 1652/1755/1702 1651/1754/1701 1682/1786/1731 
f 1684/1788/1733 1653/1756/1703 1652/1755/1702 1683/1787/1732 
f 1685/1789/1734 1654/1757/1704 1653/1756/1703 1684/1788/1733 
f 1686/1790/1735 1655/1758/1705 1654/1757/1704 1685/1789/1734 
f 1687/1791/1736 1656/1759/1706 1655/1758/1705 1686/1790/1735 
f 1688/1792/1737 1657/1760/1707 1656/1759/1706 1687/1791/1736 
f 1689/1793/1738 1658/1761/1708 1657/1760/1707 1688/1792/1737 
f 1690/1794/1739 1659/1762/1709 1658/1761/1708 1689/1793/1738 
f 1691/1795/1740 1660/1763/1710 1659/1762/1709 1690/1794/1739 
f 1691/1795/1740 1692/1796/1741 1661/1764/1711 1660/1763/1710 
f 1693/1797/1742 1662/1765/1712 1661/1764/1711 1692/1796/1741 
f 1694/1798/1743 1663/1766/1713 1662/1765/1712 1693/1797/1742 
f 1664/1767/1714 1663/1766/1713 1694/1798/1743 1695/1799/1744 
f 1696/1800/1745 1665/1768/1715 1664/1767/1714 1695/1799/1744 
f 1666/1769/1716 1665/1768/1715 1696/1800/1745 1697/1801/1746 
f 1697/1801/1746 1698/1802/1747 1667/1770/1717 1666/1769/1716 
f 1699/1803/1748 1668/1771/1718 1667/1770/1717 1698/1802/1747 
f 1669/1772/1719 1668/1771/1718 1699/1803/1748 1700/1804/1749 
f 1670/1773/1720 1669/1772/1719 1700/1804/1749 1701/1805/1750 
f 1671/1774/1721 1670/1773/1720 1701/1805/1750 1702/1806/1751 
f 1703/1807/1752 1672/1776/1722 1671/1775/1721 1702/1808/1751 
f 1704/1809/1753 1673/1777/1690 1672/1776/1722 1703/1807/1752 
f 1705/1810/1754 1706/1811/1755 1639/1741/1689 
f 1706/1811/1755 1707/1812/1756 1638/1740/1688 
f 1707/1813/1756 1708/1814/1757 1636/1736/1686 
f 1708/1814/1757 1709/1815/1758 1633/1733/1683 
f 1709/1815/1758 1710/1816/1759 1632/1732/1682 
f 1710/1816/1759 1711/1817/1760 1630/1730/1680 
f 1711/1817/1760 1712/1818/1761 1627/1727/1677 
f 1712/1818/1761 1713/1819/1762 1626/1726/1676 
f 1713/1819/1762 1714/1820/1763 1624/1724/1674 
f 1714/1820/1763 1715/1821/1764 1621/1721/1671 
f 1715/1821/1764 1716/1822/1765 1618/1718/1668 
f 1716/1822/1765 1717/1823/1766 1615/1715/1665 
f 1717/1823/1766 1718/1824/1767 1614/1714/1664 
f 1718/1824/1767 1719/1825/1768 1612/1712/1662 
f 1719/1825/1768 1720/1826/1769 1609/1709/1659 
f 1720/1826/1769 1721/1827/1770 1606/1706/1656 
f 1721/1827/1770 1722/1828/1771 1603/1703/1653 
f 1722/1828/1771 1723/1829/1772 1602/1702/1652 
f 1723/1829/1772 1724/1830/1773 1600/1700/1650 
f 1724/1830/1773 1725/1831/1774 1596/1696/1646 
f 1725/1831/1774 1726/1832/1775 1594/1694/1644 
f 1726/1832/1775 1727/1833/1776 1591/1691/1641 
f 1727/1833/1776 1728/1834/1777 1590/1690/1640 
f 1728/1834/1777 1729/1835/1778 1588/1688/1638 
f 1729/1835/1778 1730/1836/1779 1585/1685/1635 
f 1730/1836/1779 1731/1837/1780 1584/1684/1634 
f 1731/1837/1780 1732/1838/1781 1582/1681/1632 
f 1732/1838/1781 1733/1839/1782 1580/1682/1630 
f 1733/1840/1782 1734/1841/1783 1578/1676/1628 
f 1734/1841/1783 1735/1842/1784 1575/1673/1625 
f 1736/1843/1785 1737/1844/1786 1641/1743/1691 
f 1737/1844/1786 1738/1845/1787 1641/1743/1691 
f 1738/1845/1787 1739/1846/1788 1675/1847/1724 
f 1739/1848/1788 1740/1849/1789 1675/1779/1724 
f 1740/1849/1789 1741/1850/1790 1674/1778/1723 
f 1741/1850/1790 1742/1851/1791 1676/1780/1725 
f 1742/1851/1791 1743/1852/1792 1677/1781/1726 
f 1743/1852/1792 1744/1853/1793 1678/1782/1727 
f 1744/1853/1793 1745/1854/1794 1678/1782/1727 
f 1745/1854/1794 1746/1855/1795 1679/1783/1728 
f 1746/1855/1795 1747/1856/1796 1680/1784/1729 
f 1747/1856/1796 1748/1857/1797 1681/1785/1730 
f 1748/1857/1797 1749/1858/1798 1683/1787/1732 
f 1749/1858/1798 1750/1859/1799 1684/1788/1733 
f 1750/1859/1799 1751/1860/1800 1685/1789/1734 
f 1751/1860/1800 1752/1861/1801 1686/1790/1735 
f 1752/1861/1801 1753/1862/1802 1687/1791/1736 
f 1753/1862/1802 1754/1863/1803 1689/1793/1738 
f 1754/1863/1803 1755/1864/1804 1690/1794/1739 
f 1755/1864/1804 1756/1865/1805 1691/1795/1740 
f 1756/1865/1805 1757/1866/1806 1692/1796/1741 
f 1757/1866/1806 1758/1867/1807 1694/1798/1743 
f 1758/1867/1807 1759/1868/1808 1695/1799/1744 
f 1759/1868/1808 1760/1869/1809 1696/1800/1745 
f 1760/1869/1809 1761/1870/1810 1698/1802/1747 
f 1761/1870/1810 1762/1871/1811 1699/1803/1748 
f 1762/1871/1811 1763/1872/1812 1700/1804/1749 
f 1763/1872/1812 1764/1873/1813 1701/1805/1750 
f 1764/1873/1813 1765/1874/1814 1702/1806/1751 
f 1765/1875/1814 1766/1876/1815 1703/1807/1752 
f 1766/1876/1815 1767/1877/1816 1704/1809/1753 
f 1575/1673/1625 1578/1676/1628 1734/1841/1783 
f 1578/1676/1628 1580/1678/1630 1733/1840/1782 
f 1580/1682/1630 1582/1681/1632 1732/1838/1781 
f 1582/1681/1632 1584/1684/1634 1731/1837/1780 
f 1584/1684/1634 1585/1685/1635 1730/1836/1779 
f 1585/1685/1635 1588/1688/1638 1729/1835/1778 
f 1588/1688/1638 1590/1690/1640 1728/1834/1777 
f 1590/1690/1640 1591/1691/1641 1727/1833/1776 
f 1591/1691/1641 1594/1694/1644 1726/1832/1775 
f 1594/1694/1644 1596/1696/1646 1725/1831/1774 
f 1596/1696/1646 1597/1697/1647 1724/1830/1773 
f 1597/1697/1647 1600/1700/1650 1724/1830/1773 
f 1600/1700/1650 1602/1702/1652 1723/1829/1772 
f 1602/1702/1652 1603/1703/1653 1722/1828/1771 
f 1603/1703/1653 1606/1706/1656 1721/1827/1770 
f 1606/1706/1656 1608/1708/1658 1720/1826/1769 
f 1608/1708/1658 1609/1709/1659 1720/1826/1769 
f 1609/1709/1659 1612/1712/1662 1719/1825/1768 
f 1612/1712/1662 1614/1714/1664 1718/1824/1767 
f 1614/1714/1664 1615/1715/1665 1717/1823/1766 
f 1615/1715/1665 1618/1718/1668 1716/1822/1765 
f 1618/1718/1668 1620/1720/1670 1715/1821/1764 
f 1620/1720/1670 1621/1721/1671 1715/1821/1764 
f 1621/1721/1671 1624/1724/1674 1714/1820/1763 
f 1624/1724/1674 1626/1726/1676 1713/1819/1762 
f 1626/1726/1676 1627/1727/1677 1712/1818/1761 
f 1627/1727/1677 1630/1730/1680 1711/1817/1760 
f 1630/1730/1680 1632/1732/1682 1710/1816/1759 
f 1632/1732/1682 1633/1733/1683 1709/1815/1758 
f 1633/1733/1683 1636/1736/1686 1708/1814/1757 
f 1636/1737/1686 1638/1740/1688 1707/1812/1756 
f 1638/1740/1688 1639/1741/1689 1706/1811/1755 
f 1642/1744/1692 1641/1743/1691 1738/1845/1787 
f 1643/1745/1693 1642/1744/1692 1675/1847/1724 
f 1674/1778/1723 1675/1779/1724 1740/1849/1789 
f 1676/1780/1725 1674/1778/1723 1741/1850/1790 
f 1677/1781/1726 1676/1780/1725 1742/1851/1791 
f 1678/1782/1727 1677/1781/1726 1743/1852/1792 
f 1679/1783/1728 1678/1782/1727 1745/1854/1794 
f 1680/1784/1729 1679/1783/1728 1746/1855/1795 
f 1681/1785/1730 1680/1784/1729 1747/1856/1796 
f 1682/1786/1731 1681/1785/1730 1748/1857/1797 
f 1683/1787/1732 1682/1786/1731 1748/1857/1797 
f 1684/1788/1733 1683/1787/1732 1749/1858/1798 
f 1685/1789/1734 1684/1788/1733 1750/1859/1799 
f 1686/1790/1735 1685/1789/1734 1751/1860/1800 
f 1687/1791/1736 1686/1790/1735 1752/1861/1801 
f 1688/1792/1737 1687/1791/1736 1753/1862/1802 
f 1689/1793/1738 1688/1792/1737 1753/1862/1802 
f 1690/1794/1739 1689/1793/1738 1754/1863/1803 
f 1691/1795/1740 1690/1794/1739 1755/1864/1804 
f 1692/1796/1741 1691/1795/1740 1756/1865/1805 
f 1693/1797/1742 1692/1796/1741 1757/1866/1806 
f 1694/1798/1743 1693/1797/1742 1757/1866/1806 
f 1695/1799/1744 1694/1798/1743 1758/1867/1807 
f 1696/1800/1745 1695/1799/1744 1759/1868/1808 
f 1697/1801/1746 1696/1800/1745 1760/1869/1809 
f 1698/1802/1747 1697/1801/1746 1760/1869/1809 
f 1699/1803/1748 1698/1802/1747 1761/1870/1810 
f 1700/1804/1749 1699/1803/1748 1762/1871/1811 
f 1701/1805/1750 1700/1804/1749 1763/1872/1812 
f 1702/1806/1751 1701/1805/1750 1764/1873/1813 
f 1703/1807/1752 1702/1808/1751 1765/1875/1814 
f 1704/1809/1753 1703/1807/1752 1766/1876/1815 
f 1738/1845/1787 1675/1847/1724 1642/1744/1692 
# 94 polygons - 126 triangles

#
# object Letrero007
#

v  1.5936 2.8575 -0.0000
v  1.5932 2.8508 0.1376
v  1.8242 2.8032 0.1354
v  1.8247 2.8098 -0.0000
v  1.5919 2.8318 0.2685
v  1.8228 2.7845 0.2641
v  1.5897 2.7967 0.4100
v  1.8203 2.7500 0.4033
v  1.5869 2.7525 0.5344
v  1.8171 2.7065 0.5257
v  1.5829 2.6895 0.6680
v  1.8126 2.6446 0.6571
v  1.5787 2.6230 0.7792
v  1.8079 2.5792 0.7665
v  1.5732 2.5367 0.8958
v  1.8017 2.4945 0.8812
v  1.5676 2.4481 0.9940
v  1.7953 2.4073 0.9777
v  1.5609 2.3429 1.0897
v  1.7878 2.3039 1.0719
v  1.5539 2.2338 1.1708
v  1.7800 2.1967 1.1516
v  1.5465 2.1171 1.2411
v  1.7716 2.0820 1.2208
v  1.5385 1.9905 1.3014
v  1.7625 1.9575 1.2801
v  1.5299 1.8550 1.3498
v  1.7528 1.8243 1.3277
v  1.5218 1.7279 1.3816
v  1.7437 1.6993 1.3590
v  1.5132 1.5930 1.4019
v  1.7340 1.5668 1.3790
v  1.5042 1.4513 1.4091
v  1.7239 1.4274 1.3861
v  1.4955 1.3139 1.4023
v  1.7140 1.2924 1.3794
v  1.4872 1.1834 1.3833
v  1.7047 1.1641 1.3607
v  1.4782 1.0421 1.3481
v  1.6945 1.0251 1.3261
v  1.4703 0.9179 1.3038
v  1.6856 0.9031 1.2825
v  1.4618 0.7846 1.2407
v  1.6761 0.7720 1.2204
v  1.4548 0.6737 1.1740
v  1.6681 0.6630 1.1549
v  1.4474 0.5572 1.0877
v  1.6598 0.5485 1.0699
v  1.4412 0.4593 0.9988
v  1.6528 0.4523 0.9825
v  1.4351 0.3638 0.8934
v  1.6459 0.3584 0.8788
v  1.4299 0.2829 0.7841
v  1.6401 0.2788 0.7713
v  1.4255 0.2126 0.6672
v  1.6351 0.2098 0.6563
v  1.4217 0.1525 0.5403
v  1.6308 0.1507 0.5314
v  1.4186 0.1042 0.4046
v  1.6273 0.1032 0.3979
v  1.4166 0.0725 0.2771
v  1.6250 0.0720 0.2726
v  1.4153 0.0522 0.1420
v  1.6236 0.0521 0.1397
v  1.4148 0.0450 -0.0000
v  1.6230 0.0450 -0.0000
v  1.9636 2.7779 -0.0000
v  1.9631 2.7713 0.1339
v  1.9616 2.7528 0.2611
v  1.9589 2.7187 0.3989
v  1.9556 2.6758 0.5199
v  1.9508 2.6146 0.6498
v  1.9457 2.5500 0.7579
v  1.9391 2.4662 0.8714
v  1.9323 2.3800 0.9668
v  1.9243 2.2778 1.0600
v  1.9160 2.1718 1.1388
v  1.9071 2.0584 1.2073
v  1.8974 1.9354 1.2659
v  1.8870 1.8038 1.3129
v  1.8773 1.6802 1.3439
v  1.8670 1.5492 1.3637
v  1.8562 1.4115 1.3706
v  1.8457 1.2780 1.3641
v  1.8358 1.1511 1.3455
v  1.8250 1.0138 1.3113
v  1.8155 0.8932 1.2682
v  1.8053 0.7636 1.2068
v  1.7968 0.6559 1.1420
v  1.7879 0.5427 1.0580
v  1.7805 0.4476 0.9715
v  1.7732 0.3548 0.8690
v  1.7670 0.2761 0.7627
v  1.7616 0.2079 0.6490
v  1.7570 0.1495 0.5255
v  1.7534 0.1026 0.3935
v  1.7509 0.0717 0.2696
v  1.7494 0.0520 0.1382
v  1.7488 0.0450 -0.0000
v  2.3239 2.6250 0.3854
v  2.3269 2.6579 0.2523
v  2.3200 2.5835 0.5023
v  2.3145 2.5244 0.6278
v  2.3086 2.4621 0.7323
v  2.3011 2.3813 0.8419
v  2.2933 2.2981 0.9341
v  2.2840 2.1995 1.0241
v  2.2745 2.0972 1.1003
v  2.2642 1.9878 1.1664
v  2.2531 1.8691 1.2230
v  2.2412 1.7421 1.2685
v  2.2301 1.6229 1.2984
v  2.2182 1.4964 1.3175
v  2.2058 1.3635 1.3243
v  2.1937 1.2347 1.3179
v  2.1823 1.1123 1.3000
v  2.1699 0.9798 1.2669
v  2.1590 0.8634 1.2253
v  2.1473 0.7384 1.1660
v  2.1376 0.6344 1.1034
v  2.1273 0.5253 1.0222
v  2.1187 0.4335 0.9387
v  2.1104 0.3439 0.8396
v  2.1033 0.2680 0.7369
v  2.0971 0.2022 0.6270
v  2.0918 0.1458 0.5078
v  2.0876 0.1005 0.3802
v  2.0848 0.0708 0.2605
v  2.0830 0.0517 0.1335
v  2.0824 0.0450 -0.0000
v  1.2222 0.0450 -0.0000
v  1.2222 0.0497 0.1157
v  1.2222 0.0638 0.2307
v  1.2222 0.0872 0.3445
v  1.2222 0.1198 0.4563
v  1.2222 0.1645 0.5722
v  1.2222 0.2192 0.6840
v  1.2222 0.3191 0.8420
v  1.2222 0.4525 1.0001
v  1.2222 0.5588 1.0986
v  1.2222 0.6746 1.1859
v  1.2222 0.7986 1.2611
v  1.2222 0.9610 1.3362
v  1.2222 1.1314 1.3905
v  1.2222 1.3064 1.4231
v  1.2222 1.4834 1.4340
v  1.2222 1.6620 1.4228
v  1.2222 1.8368 1.3899
v  1.2222 2.0057 1.3359
v  1.2222 2.1666 1.2615
v  1.2222 2.2905 1.1863
v  1.2222 2.4063 1.0991
v  1.2222 2.5128 1.0005
v  1.2222 2.6464 0.8422
v  1.2222 2.7459 0.6848
v  1.2222 2.8007 0.5729
v  1.2222 2.8456 0.4566
v  1.2222 2.8781 0.3453
v  1.2222 2.9015 0.2316
v  1.2222 2.9156 0.1162
v  1.2222 2.9204 -0.0000
v  2.4185 2.6560 -0.0000
v  2.4184 2.6560 0.0051
v  2.4184 2.6513 0.1098
v  2.4184 2.6380 0.2137
v  2.4184 2.6157 0.3186
v  2.4184 2.5848 0.4212
v  2.4184 2.5423 0.5277
v  2.4184 2.4905 0.6301
v  2.4184 2.4298 0.7273
v  2.4184 2.3608 0.8188
v  2.4184 2.2719 0.9159
v  2.4184 2.1735 1.0035
v  2.4184 2.0668 1.0807
v  2.4184 1.9529 1.1467
v  2.4184 1.8101 1.2098
v  2.4184 1.6608 1.2554
v  2.4184 1.5067 1.2830
v  2.4184 1.3504 1.2922
v  2.4184 1.1954 1.2829
v  2.4184 1.0419 1.2554
v  2.4184 0.8925 1.2097
v  2.4184 0.7492 1.1466
v  2.4184 0.5808 1.0432
v  2.4184 0.4298 0.9157
v  2.4184 0.3408 0.8187
v  2.4184 0.2403 0.6793
v  2.4184 0.1588 0.5272
v  2.4184 0.1163 0.4208
v  2.4184 0.0852 0.3179
v  2.4184 0.0629 0.2130
v  2.4184 0.0495 0.1069
v  2.4184 0.0450 -0.0000
# 193 vertices

vn 0.1854 0.9815 0.0477
vn 0.1854 0.9780 0.0958
vn 0.2126 0.9724 0.0957
vn 0.2129 0.9759 0.0484
vn 0.1847 0.9640 0.1912
vn 0.2112 0.9586 0.1910
vn 0.1826 0.9405 0.2866
vn 0.2088 0.9353 0.2858
vn 0.1793 0.9079 0.3789
vn 0.2054 0.9027 0.3781
vn 0.1750 0.8662 0.4681
vn 0.2011 0.8613 0.4667
vn 0.1706 0.8172 0.5506
vn 0.1959 0.8118 0.5500
vn 0.1655 0.7589 0.6298
vn 0.1900 0.7545 0.6282
vn 0.1601 0.6942 0.7017
vn 0.1832 0.6899 0.7003
vn 0.1537 0.6223 0.7675
vn 0.1757 0.6184 0.7659
vn 0.1465 0.5449 0.8256
vn 0.1676 0.5412 0.8240
vn 0.1383 0.4620 0.8760
vn 0.1589 0.4589 0.8742
vn 0.1306 0.3741 0.9181
vn 0.1495 0.3702 0.9168
vn 0.1231 0.2811 0.9518
vn 0.1397 0.2780 0.9504
vn 0.1147 0.1881 0.9754
vn 0.1298 0.1856 0.9740
vn 0.1054 0.0925 0.9901
vn 0.1197 0.0909 0.9886
vn 0.0956 -0.0055 0.9954
vn 0.1092 -0.0070 0.9940
vn 0.0869 -0.1008 0.9911
vn 0.0988 -0.1034 0.9897
vn 0.0790 -0.1966 0.9773
vn 0.0884 -0.1987 0.9761
vn 0.0699 -0.2927 0.9536
vn 0.0782 -0.2935 0.9528
vn 0.0603 -0.3855 0.9207
vn 0.0680 -0.3859 0.9200
vn 0.0512 -0.4741 0.8790
vn 0.0584 -0.4746 0.8783
vn 0.0434 -0.5567 0.8296
vn 0.0492 -0.5580 0.8284
vn 0.0364 -0.6356 0.7712
vn 0.0406 -0.6361 0.7705
vn 0.0296 -0.7076 0.7060
vn 0.0326 -0.7083 0.7052
vn 0.0222 -0.7730 0.6340
vn 0.0253 -0.7739 0.6329
vn 0.0169 -0.8321 0.5543
vn 0.0188 -0.8318 0.5547
vn 0.0130 -0.8814 0.4722
vn 0.0132 -0.8818 0.4715
vn 0.0099 -0.9240 0.3823
vn 0.0085 -0.9242 0.3818
vn 0.0070 -0.9574 0.2886
vn 0.0048 -0.9575 0.2885
vn 0.0046 -0.9807 0.1954
vn 0.0022 -0.9807 0.1953
vn 0.0029 -0.9950 0.0994
vn 0.0006 -0.9950 0.0996
vn 0.0019 -0.9988 0.0487
vn -0.0000 -0.9987 0.0503
vn 0.2404 0.9695 0.0478
vn 0.2395 0.9663 0.0948
vn 0.2367 0.9527 0.1904
vn 0.2340 0.9296 0.2849
vn 0.2302 0.8972 0.3769
vn 0.2254 0.8560 0.4653
vn 0.2196 0.8068 0.5484
vn 0.2129 0.7499 0.6264
vn 0.2054 0.6855 0.6985
vn 0.1970 0.6144 0.7640
vn 0.1879 0.5376 0.8220
vn 0.1782 0.4557 0.8721
vn 0.1677 0.3673 0.9149
vn 0.1567 0.2754 0.9485
vn 0.1457 0.1834 0.9722
vn 0.1343 0.0890 0.9869
vn 0.1226 -0.0086 0.9924
vn 0.1109 -0.1048 0.9883
vn 0.0993 -0.1998 0.9748
vn 0.0878 -0.2945 0.9516
vn 0.0764 -0.3867 0.9190
vn 0.0656 -0.4752 0.8774
vn 0.0552 -0.5585 0.8277
vn 0.0456 -0.6365 0.7699
vn 0.0366 -0.7086 0.7047
vn 0.0284 -0.7741 0.6325
vn 0.0212 -0.8320 0.5544
vn 0.0149 -0.8819 0.4713
vn 0.0096 -0.9243 0.3816
vn 0.0054 -0.9575 0.2884
vn 0.0024 -0.9808 0.1952
vn 0.0006 -0.9950 0.0995
vn 0.2581 0.9232 0.2849
vn 0.2612 0.9480 0.1819
vn 0.2548 0.8910 0.3759
vn 0.2501 0.8492 0.4651
vn 0.2447 0.8005 0.5470
vn 0.2377 0.7431 0.6256
vn 0.2297 0.6793 0.6969
vn 0.2207 0.6082 0.7625
vn 0.2111 0.5317 0.8202
vn 0.2005 0.4505 0.8700
vn 0.1885 0.3634 0.9124
vn 0.1757 0.2712 0.9464
vn 0.1633 0.1792 0.9702
vn 0.1507 0.0846 0.9850
vn 0.1389 -0.0133 0.9902
vn 0.1264 -0.1069 0.9862
vn 0.1120 -0.2017 0.9730
vn 0.0983 -0.2967 0.9499
vn 0.0856 -0.3887 0.9174
vn 0.0753 -0.4785 0.8748
vn 0.0645 -0.5581 0.8273
vn 0.0519 -0.6380 0.7683
vn 0.0412 -0.7094 0.7036
vn 0.0325 -0.7750 0.6311
vn 0.0243 -0.8319 0.5545
vn 0.0161 -0.8821 0.4707
vn 0.0091 -0.9244 0.3813
vn 0.0043 -0.9576 0.2880
vn 0.0012 -0.9808 0.1950
vn -0.0006 -0.9951 0.0993
vn -0.0011 -0.9988 0.0494
vn -0.0000 -0.9992 0.0405
vn -0.0005 -0.9968 0.0796
vn -0.0012 -0.9869 0.1612
vn -0.0003 -0.9704 0.2415
vn 0.0026 -0.9469 0.3216
vn 0.0062 -0.9157 0.4019
vn 0.0070 -0.8738 0.4863
vn 0.0077 -0.8060 0.5919
vn 0.0193 -0.7191 0.6946
vn 0.0311 -0.6393 0.7683
vn 0.0392 -0.5587 0.8284
vn 0.0453 -0.4684 0.8824
vn 0.0510 -0.3599 0.9316
vn 0.0605 -0.2405 0.9688
vn 0.0725 -0.1180 0.9904
vn 0.0839 0.0033 0.9965
vn 0.0924 0.1260 0.9877
vn 0.1022 0.2475 0.9635
vn 0.1138 0.3640 0.9244
vn 0.1241 0.4687 0.8746
vn 0.1315 0.5576 0.8196
vn 0.1377 0.6369 0.7586
vn 0.1407 0.7157 0.6840
vn 0.1458 0.7997 0.5825
vn 0.1548 0.8640 0.4790
vn 0.1597 0.9047 0.3950
vn 0.1610 0.9351 0.3158
vn 0.1628 0.9576 0.2377
vn 0.1641 0.9735 0.1591
vn 0.1659 0.9830 0.0793
vn 0.1667 0.9852 0.0401
vn 0.2589 0.9659 0.0019
vn 0.2586 0.9657 0.0228
vn 0.2588 0.9624 0.0824
vn 0.2704 0.9506 0.1522
vn 0.2757 0.9310 0.2392
vn 0.2755 0.9069 0.3188
vn 0.2696 0.8760 0.3999
vn 0.2654 0.8386 0.4758
vn 0.2582 0.7943 0.5499
vn 0.2524 0.7439 0.6188
vn 0.2451 0.6783 0.6927
vn 0.2347 0.6067 0.7595
vn 0.2237 0.5276 0.8195
vn 0.2139 0.4409 0.8717
vn 0.2027 0.3376 0.9192
vn 0.1893 0.2262 0.9555
vn 0.1723 0.1105 0.9788
vn 0.1524 -0.0073 0.9883
vn 0.1363 -0.1210 0.9833
vn 0.1214 -0.2377 0.9637
vn 0.1054 -0.3512 0.9303
vn 0.0882 -0.4670 0.8799
vn 0.0723 -0.5881 0.8056
vn 0.0525 -0.6970 0.7152
vn 0.0381 -0.7760 0.6295
vn 0.0299 -0.8490 0.5275
vn 0.0194 -0.9080 0.4186
vn 0.0113 -0.9443 0.3290
vn 0.0074 -0.9688 0.2477
vn 0.0041 -0.9862 0.1658
vn 0.0013 -0.9966 0.0826
vn -0.0000 -0.9991 0.0419
# 192 vertex normals

vt 0.5000 0.3808 0.8709
vt 0.2727 0.3808 0.8690
vt 0.2764 0.3635 0.8558
vt 0.5000 0.3635 0.8576
vt 0.0566 0.3809 0.8637
vt 0.0639 0.3636 0.8505
vt 0.8637 0.3809 0.0566
vt 0.8539 0.3810 -0.1772
vt 0.8409 0.3638 -0.1662
vt 0.8505 0.3636 0.0639
vt 0.8416 0.3813 -0.3827
vt 0.8288 0.3640 -0.3683
vt 0.8240 0.3816 -0.6033
vt 0.8115 0.3644 -0.5853
vt 0.8055 0.3819 -0.7869
vt 0.7933 0.3647 -0.7659
vt 0.7814 0.3823 -0.9796
vt 0.7696 0.3652 -0.9554
vt 0.7567 0.3827 -1.1416
vt 0.7453 0.3657 -1.1148
vt 0.7273 0.3832 -1.2997
vt 0.7164 0.3662 -1.2703
vt 0.6969 0.3837 -1.4336
vt 0.6865 0.3668 -1.4020
vt 0.6643 0.3843 -1.5499
vt 0.6545 0.3674 -1.5164
vt 0.6290 0.3849 -1.6494
vt 0.6198 0.3681 -1.6143
vt 0.5912 0.3855 -1.7293
vt 0.5826 0.3688 -1.6928
vt 0.5557 0.3861 -1.7818
vt 0.5477 0.3695 -1.7445
vt 0.5181 0.3868 -1.8154
vt 0.5108 0.3702 -1.7776
vt 0.4785 0.3874 -1.8273
vt 0.4719 0.3710 -1.7892
vt 0.4402 0.3881 -1.8161
vt 0.4342 0.3717 -1.7783
vt 0.4038 0.3887 -1.7846
vt 0.3984 0.3724 -1.7473
vt 0.3644 0.3894 -1.7265
vt 0.3596 0.3732 -1.6901
vt 0.3297 0.3900 -1.6534
vt 0.3256 0.3739 -1.6182
vt 0.2925 0.3906 -1.5491
vt 0.2890 0.3746 -1.5156
vt 0.2616 0.3911 -1.4391
vt 0.2586 0.3752 -1.4074
vt 0.2291 0.3917 -1.2964
vt 0.2267 0.3758 -1.2670
vt 0.2018 0.3922 -1.1496
vt 0.1998 0.3763 -1.1226
vt 0.1751 0.3926 -0.9755
vt 0.1736 0.3768 -0.9514
vt 0.1525 0.3930 -0.7951
vt 0.1514 0.3773 -0.7739
vt 0.1329 0.3933 -0.6019
vt 0.1321 0.3776 -0.5839
vt 0.1162 0.3936 -0.3923
vt 0.1156 0.3780 -0.3777
vt 0.1027 0.3938 -0.1682
vt 0.1024 0.3782 -0.1572
vt 0.0938 0.3940 0.0423
vt 0.0937 0.3784 0.0498
vt 0.9577 0.3940 0.0938
vt 0.7346 0.3941 0.0882
vt 0.7308 0.3785 0.0881
vt 0.9502 0.3784 0.0937
vt 0.5000 0.3941 0.0862
vt 0.5000 0.3785 0.0862
vt 0.5000 0.3531 0.8487
vt 0.2789 0.3531 0.8469
vt 0.0687 0.3532 0.8417
vt 0.8417 0.3532 0.0687
vt 0.8322 0.3534 -0.1588
vt 0.8202 0.3537 -0.3586
vt 0.8031 0.3540 -0.5732
vt 0.7851 0.3544 -0.7518
vt 0.7617 0.3549 -0.9392
vt 0.7377 0.3554 -1.0968
vt 0.7092 0.3560 -1.2506
vt 0.6796 0.3566 -1.3809
vt 0.6479 0.3573 -1.4939
vt 0.6136 0.3580 -1.5907
vt 0.5769 0.3588 -1.6684
vt 0.5424 0.3595 -1.7195
vt 0.5059 0.3603 -1.7522
vt 0.4674 0.3611 -1.7637
vt 0.4302 0.3619 -1.7529
vt 0.3948 0.3626 -1.7223
vt 0.3565 0.3634 -1.6658
vt 0.3228 0.3641 -1.5946
vt 0.2867 0.3649 -1.4932
vt 0.2566 0.3655 -1.3861
vt 0.2250 0.3662 -1.2473
vt 0.1985 0.3668 -1.1046
vt 0.1726 0.3673 -0.9352
vt 0.1507 0.3678 -0.7597
vt 0.1316 0.3682 -0.5718
vt 0.1153 0.3685 -0.3680
vt 0.1022 0.3688 -0.1499
vt 0.0936 0.3690 0.0548
vt 0.7282 0.3691 0.0881
vt 0.9452 0.3690 0.0936
vt 0.5000 0.3691 0.0862
vt 0.8060 0.3261 -0.1365
vt 0.8152 0.3259 0.0833
vt 0.7945 0.3264 -0.3295
vt 0.7780 0.3268 -0.5369
vt 0.7606 0.3272 -0.7094
vt 0.7380 0.3278 -0.8905
vt 0.7148 0.3284 -1.0428
vt 0.6873 0.3291 -1.1914
vt 0.6588 0.3298 -1.3172
vt 0.6282 0.3306 -1.4265
vt 0.5951 0.3314 -1.5200
vt 0.5597 0.3323 -1.5951
vt 0.5264 0.3331 -1.6444
vt 0.4911 0.3340 -1.6760
vt 0.4541 0.3349 -1.6871
vt 0.4181 0.3358 -1.6767
vt 0.3840 0.3367 -1.6471
vt 0.3470 0.3376 -1.5925
vt 0.3145 0.3384 -1.5237
vt 0.2796 0.3393 -1.4257
vt 0.2506 0.3400 -1.3223
vt 0.2202 0.3408 -1.1882
vt 0.1946 0.3415 -1.0503
vt 0.1696 0.3421 -0.8867
vt 0.1484 0.3426 -0.7171
vt 0.1300 0.3431 -0.5356
vt 0.1143 0.3435 -0.3386
vt 0.1017 0.3438 -0.1279
vt 0.0934 0.3440 0.0698
vt 0.9302 0.3440 0.0934
vt 0.7205 0.3441 0.0880
vt 0.5000 0.3442 0.0862
vt 0.5000 0.4085 0.0862
vt 0.6912 0.4085 0.0875
vt 0.8811 0.4085 0.0914
vt 0.0914 0.4085 0.1189
vt 0.0979 0.4085 -0.0690
vt 0.1070 0.4085 -0.2536
vt 0.1195 0.4085 -0.4450
vt 0.1348 0.4085 -0.6297
vt 0.1626 0.4085 -0.8906
vt 0.1999 0.4085 -1.1517
vt 0.2295 0.4085 -1.3144
vt 0.2618 0.4085 -1.4586
vt 0.2964 0.4085 -1.5829
vt 0.3418 0.4085 -1.7068
vt 0.3893 0.4085 -1.7965
vt 0.4381 0.4085 -1.8505
vt 0.4875 0.4085 -1.8684
vt 0.5373 0.4085 -1.8500
vt 0.5861 0.4085 -1.7955
vt 0.6332 0.4085 -1.7063
vt 0.6781 0.4085 -1.5835
vt 0.7127 0.4085 -1.4594
vt 0.7450 0.4085 -1.3152
vt 0.7747 0.4085 -1.1524
vt 0.8120 0.4085 -0.8910
vt 0.8398 0.4085 -0.6309
vt 0.8551 0.4085 -0.4462
vt 0.8676 0.4085 -0.2541
vt 0.8766 0.4085 -0.0703
vt 0.8832 0.4085 0.1174
vt 0.1174 0.4085 0.8832
vt 0.3081 0.4085 0.8871
vt 0.5000 0.4085 0.8884
vt 0.5000 0.3190 0.8147
vt 0.4916 0.3190 0.8147
vt 0.3187 0.3190 0.8134
vt 0.0833 0.3259 0.8152
vt 0.1470 0.3190 0.8097
vt 0.8097 0.3190 0.1470
vt 0.8035 0.3190 -0.0261
vt 0.7948 0.3190 -0.1956
vt 0.7830 0.3190 -0.3716
vt 0.7685 0.3190 -0.5406
vt 0.7516 0.3190 -0.7012
vt 0.7323 0.3190 -0.8523
vt 0.7075 0.3190 -1.0127
vt 0.6801 0.3190 -1.1574
vt 0.6503 0.3190 -1.2849
vt 0.6185 0.3190 -1.3940
vt 0.5787 0.3190 -1.4981
vt 0.5370 0.3190 -1.5734
vt 0.4940 0.3190 -1.6190
vt 0.4504 0.3190 -1.6342
vt 0.4072 0.3190 -1.6189
vt 0.3643 0.3190 -1.5734
vt 0.3226 0.3190 -1.4980
vt 0.2826 0.3190 -1.3937
vt 0.2357 0.3190 -1.2230
vt 0.1935 0.3190 -1.0123
vt 0.1687 0.3190 -0.8521
vt 0.1406 0.3190 -0.6220
vt 0.1179 0.3190 -0.3708
vt 0.1061 0.3190 -0.1950
vt 0.0974 0.3190 -0.0251
vt 0.0912 0.3190 0.1482
vt 0.8518 0.3190 0.0912
vt 0.6765 0.3190 0.0874
vt 0.5000 0.3190 0.0862
# 205 texture coords

o Letrero007
g Letrero007
usemtl blanco
s 1
f 1768/1878/1817 1769/1879/1818 1770/1880/1819 1771/1881/1820 
f 1770/1880/1819 1769/1879/1818 1772/1882/1821 1773/1883/1822 
f 1772/1884/1821 1774/1885/1823 1775/1886/1824 1773/1887/1822 
f 1774/1885/1823 1776/1888/1825 1777/1889/1826 1775/1886/1824 
f 1777/1889/1826 1776/1888/1825 1778/1890/1827 1779/1891/1828 
f 1778/1890/1827 1780/1892/1829 1781/1893/1830 1779/1891/1828 
f 1780/1892/1829 1782/1894/1831 1783/1895/1832 1781/1893/1830 
f 1783/1895/1832 1782/1894/1831 1784/1896/1833 1785/1897/1834 
f 1784/1896/1833 1786/1898/1835 1787/1899/1836 1785/1897/1834 
f 1786/1898/1835 1788/1900/1837 1789/1901/1838 1787/1899/1836 
f 1789/1901/1838 1788/1900/1837 1790/1902/1839 1791/1903/1840 
f 1790/1902/1839 1792/1904/1841 1793/1905/1842 1791/1903/1840 
f 1792/1904/1841 1794/1906/1843 1795/1907/1844 1793/1905/1842 
f 1795/1907/1844 1794/1906/1843 1796/1908/1845 1797/1909/1846 
f 1796/1908/1845 1798/1910/1847 1799/1911/1848 1797/1909/1846 
f 1798/1910/1847 1800/1912/1849 1801/1913/1850 1799/1911/1848 
f 1801/1913/1850 1800/1912/1849 1802/1914/1851 1803/1915/1852 
f 1802/1914/1851 1804/1916/1853 1805/1917/1854 1803/1915/1852 
f 1804/1916/1853 1806/1918/1855 1807/1919/1856 1805/1917/1854 
f 1807/1919/1856 1806/1918/1855 1808/1920/1857 1809/1921/1858 
f 1808/1920/1857 1810/1922/1859 1811/1923/1860 1809/1921/1858 
f 1810/1922/1859 1812/1924/1861 1813/1925/1862 1811/1923/1860 
f 1813/1925/1862 1812/1924/1861 1814/1926/1863 1815/1927/1864 
f 1814/1926/1863 1816/1928/1865 1817/1929/1866 1815/1927/1864 
f 1816/1928/1865 1818/1930/1867 1819/1931/1868 1817/1929/1866 
f 1819/1931/1868 1818/1930/1867 1820/1932/1869 1821/1933/1870 
f 1820/1932/1869 1822/1934/1871 1823/1935/1872 1821/1933/1870 
f 1822/1934/1871 1824/1936/1873 1825/1937/1874 1823/1935/1872 
f 1825/1937/1874 1824/1936/1873 1826/1938/1875 1827/1939/1876 
f 1826/1938/1875 1828/1940/1877 1829/1941/1878 1827/1939/1876 
f 1828/1942/1877 1830/1943/1879 1831/1944/1880 1829/1945/1878 
f 1831/1944/1880 1830/1943/1879 1832/1946/1881 1833/1947/1882 
f 1834/1948/1883 1771/1881/1820 1770/1880/1819 1835/1949/1884 
f 1770/1880/1819 1773/1883/1822 1836/1950/1885 1835/1949/1884 
f 1836/1951/1885 1773/1887/1822 1775/1886/1824 1837/1952/1886 
f 1777/1889/1826 1838/1953/1887 1837/1952/1886 1775/1886/1824 
f 1779/1891/1828 1839/1954/1888 1838/1953/1887 1777/1889/1826 
f 1781/1893/1830 1840/1955/1889 1839/1954/1888 1779/1891/1828 
f 1783/1895/1832 1841/1956/1890 1840/1955/1889 1781/1893/1830 
f 1785/1897/1834 1842/1957/1891 1841/1956/1890 1783/1895/1832 
f 1787/1899/1836 1843/1958/1892 1842/1957/1891 1785/1897/1834 
f 1789/1901/1838 1844/1959/1893 1843/1958/1892 1787/1899/1836 
f 1791/1903/1840 1845/1960/1894 1844/1959/1893 1789/1901/1838 
f 1793/1905/1842 1846/1961/1895 1845/1960/1894 1791/1903/1840 
f 1795/1907/1844 1847/1962/1896 1846/1961/1895 1793/1905/1842 
f 1797/1909/1846 1848/1963/1897 1847/1962/1896 1795/1907/1844 
f 1799/1911/1848 1849/1964/1898 1848/1963/1897 1797/1909/1846 
f 1801/1913/1850 1850/1965/1899 1849/1964/1898 1799/1911/1848 
f 1803/1915/1852 1851/1966/1900 1850/1965/1899 1801/1913/1850 
f 1805/1917/1854 1852/1967/1901 1851/1966/1900 1803/1915/1852 
f 1807/1919/1856 1853/1968/1902 1852/1967/1901 1805/1917/1854 
f 1809/1921/1858 1854/1969/1903 1853/1968/1902 1807/1919/1856 
f 1811/1923/1860 1855/1970/1904 1854/1969/1903 1809/1921/1858 
f 1855/1970/1904 1811/1923/1860 1813/1925/1862 1856/1971/1905 
f 1815/1927/1864 1857/1972/1906 1856/1971/1905 1813/1925/1862 
f 1817/1929/1866 1858/1973/1907 1857/1972/1906 1815/1927/1864 
f 1858/1973/1907 1817/1929/1866 1819/1931/1868 1859/1974/1908 
f 1821/1933/1870 1860/1975/1909 1859/1974/1908 1819/1931/1868 
f 1823/1935/1872 1861/1976/1910 1860/1975/1909 1821/1933/1870 
f 1861/1976/1910 1823/1935/1872 1825/1937/1874 1862/1977/1911 
f 1827/1939/1876 1863/1978/1912 1862/1977/1911 1825/1937/1874 
f 1863/1978/1912 1827/1939/1876 1829/1941/1878 1864/1979/1913 
f 1829/1945/1878 1831/1944/1880 1865/1980/1914 1864/1981/1913 
f 1831/1944/1880 1833/1947/1882 1866/1982/1882 1865/1980/1914 
f 1867/1983/1915 1868/1984/1916 1836/1951/1885 1837/1952/1886 
f 1838/1953/1887 1869/1985/1917 1867/1983/1915 1837/1952/1886 
f 1869/1985/1917 1838/1953/1887 1839/1954/1888 1870/1986/1918 
f 1870/1986/1918 1839/1954/1888 1840/1955/1889 1871/1987/1919 
f 1841/1956/1890 1872/1988/1920 1871/1987/1919 1840/1955/1889 
f 1872/1988/1920 1841/1956/1890 1842/1957/1891 1873/1989/1921 
f 1874/1990/1922 1873/1989/1921 1842/1957/1891 1843/1958/1892 
f 1843/1958/1892 1844/1959/1893 1875/1991/1923 1874/1990/1922 
f 1875/1991/1923 1844/1959/1893 1845/1960/1894 1876/1992/1924 
f 1877/1993/1925 1876/1992/1924 1845/1960/1894 1846/1961/1895 
f 1846/1961/1895 1847/1962/1896 1878/1994/1926 1877/1993/1925 
f 1878/1994/1926 1847/1962/1896 1848/1963/1897 1879/1995/1927 
f 1880/1996/1928 1879/1995/1927 1848/1963/1897 1849/1964/1898 
f 1849/1964/1898 1850/1965/1899 1881/1997/1929 1880/1996/1928 
f 1881/1997/1929 1850/1965/1899 1851/1966/1900 1882/1998/1930 
f 1883/1999/1931 1882/1998/1930 1851/1966/1900 1852/1967/1901 
f 1852/1967/1901 1853/1968/1902 1884/2000/1932 1883/1999/1931 
f 1884/2000/1932 1853/1968/1902 1854/1969/1903 1885/2001/1933 
f 1886/2002/1934 1885/2001/1933 1854/1969/1903 1855/1970/1904 
f 1855/1970/1904 1856/1971/1905 1887/2003/1935 1886/2002/1934 
f 1857/1972/1906 1888/2004/1936 1887/2003/1935 1856/1971/1905 
f 1889/2005/1937 1888/2004/1936 1857/1972/1906 1858/1973/1907 
f 1889/2005/1937 1858/1973/1907 1859/1974/1908 1890/2006/1938 
f 1860/1975/1909 1891/2007/1939 1890/2006/1938 1859/1974/1908 
f 1892/2008/1940 1891/2007/1939 1860/1975/1909 1861/1976/1910 
f 1892/2008/1940 1861/1976/1910 1862/1977/1911 1893/2009/1941 
f 1893/2009/1941 1862/1977/1911 1863/1978/1912 1894/2010/1942 
f 1894/2010/1942 1863/1978/1912 1864/1979/1913 1895/2011/1943 
f 1895/2012/1943 1864/1981/1913 1865/1980/1914 1896/2013/1944 
f 1897/2014/1945 1896/2013/1944 1865/1980/1914 1866/1982/1882 
f 1898/2015/1946 1832/1946/1881 1899/2016/1947 
f 1899/2016/1947 1830/1943/1879 1900/2017/1948 
f 1900/2018/1948 1828/1940/1877 1901/2019/1949 
f 1901/2019/1949 1826/1938/1875 1902/2020/1950 
f 1902/2020/1950 1824/1936/1873 1903/2021/1951 
f 1903/2021/1951 1822/1934/1871 1904/2022/1952 
f 1904/2022/1952 1820/1932/1869 1905/2023/1953 
f 1905/2023/1953 1818/1930/1867 1906/2024/1954 
f 1906/2024/1954 1816/1928/1865 1907/2025/1955 
f 1907/2025/1955 1814/1926/1863 1908/2026/1956 
f 1908/2026/1956 1810/1922/1859 1909/2027/1957 
f 1909/2027/1957 1808/1920/1857 1910/2028/1958 
f 1910/2028/1958 1806/1918/1855 1911/2029/1959 
f 1911/2029/1959 1804/1916/1853 1912/2030/1960 
f 1912/2030/1960 1802/1914/1851 1913/2031/1961 
f 1913/2031/1961 1798/1910/1847 1914/2032/1962 
f 1914/2032/1962 1796/1908/1845 1915/2033/1963 
f 1915/2033/1963 1794/1906/1843 1916/2034/1964 
f 1916/2034/1964 1792/1904/1841 1917/2035/1965 
f 1917/2035/1965 1788/1900/1837 1918/2036/1966 
f 1918/2036/1966 1786/1898/1835 1919/2037/1967 
f 1919/2037/1967 1784/1896/1833 1920/2038/1968 
f 1920/2038/1968 1782/1894/1831 1921/2039/1969 
f 1921/2039/1969 1780/1892/1829 1922/2040/1970 
f 1922/2040/1970 1778/1890/1827 1923/2041/1971 
f 1923/2041/1971 1776/1888/1825 1924/2042/1972 
f 1924/2042/1972 1774/1885/1823 1925/2043/1973 
f 1925/2043/1973 1772/1884/1821 1926/2044/1974 
f 1926/2045/1974 1769/1879/1818 1927/2046/1975 
f 1927/2046/1975 1768/1878/1817 1928/2047/1976 
f 1929/2048/1977 1834/1948/1883 1930/2049/1978 
f 1930/2049/1978 1834/1948/1883 1931/2050/1979 
f 1931/2050/1979 1868/2051/1916 1932/2052/1980 
f 1932/2053/1980 1868/1984/1916 1933/2054/1981 
f 1933/2054/1981 1867/1983/1915 1934/2055/1982 
f 1934/2055/1982 1869/1985/1917 1935/2056/1983 
f 1935/2056/1983 1870/1986/1918 1936/2057/1984 
f 1936/2057/1984 1871/1987/1919 1937/2058/1985 
f 1937/2058/1985 1871/1987/1919 1938/2059/1986 
f 1938/2059/1986 1872/1988/1920 1939/2060/1987 
f 1939/2060/1987 1873/1989/1921 1940/2061/1988 
f 1940/2061/1988 1874/1990/1922 1941/2062/1989 
f 1941/2062/1989 1876/1992/1924 1942/2063/1990 
f 1942/2063/1990 1877/1993/1925 1943/2064/1991 
f 1943/2064/1991 1878/1994/1926 1944/2065/1992 
f 1944/2065/1992 1879/1995/1927 1945/2066/1993 
f 1945/2066/1993 1880/1996/1928 1946/2067/1994 
f 1946/2067/1994 1882/1998/1930 1947/2068/1995 
f 1947/2068/1995 1883/1999/1931 1948/2069/1996 
f 1948/2069/1996 1884/2000/1932 1949/2070/1997 
f 1949/2070/1997 1885/2001/1933 1950/2071/1998 
f 1950/2071/1998 1887/2003/1935 1951/2072/1999 
f 1951/2072/1999 1888/2004/1936 1952/2073/2000 
f 1952/2073/2000 1889/2005/1937 1953/2074/2001 
f 1953/2074/2001 1891/2007/1939 1954/2075/2002 
f 1954/2075/2002 1892/2008/1940 1955/2076/2003 
f 1955/2076/2003 1893/2009/1941 1956/2077/2004 
f 1956/2077/2004 1894/2010/1942 1957/2078/2005 
f 1957/2078/2005 1895/2011/1943 1958/2079/2006 
f 1958/2080/2006 1896/2013/1944 1959/2081/2007 
f 1959/2081/2007 1897/2014/1945 1960/2082/2008 
f 1768/1878/1817 1927/2046/1975 1769/1879/1818 
f 1769/1879/1818 1926/2045/1974 1772/1882/1821 
f 1772/1884/1821 1925/2043/1973 1774/1885/1823 
f 1774/1885/1823 1924/2042/1972 1776/1888/1825 
f 1776/1888/1825 1923/2041/1971 1778/1890/1827 
f 1778/1890/1827 1922/2040/1970 1780/1892/1829 
f 1780/1892/1829 1921/2039/1969 1782/1894/1831 
f 1782/1894/1831 1920/2038/1968 1784/1896/1833 
f 1784/1896/1833 1919/2037/1967 1786/1898/1835 
f 1786/1898/1835 1918/2036/1966 1788/1900/1837 
f 1788/1900/1837 1917/2035/1965 1790/1902/1839 
f 1790/1902/1839 1917/2035/1965 1792/1904/1841 
f 1792/1904/1841 1916/2034/1964 1794/1906/1843 
f 1794/1906/1843 1915/2033/1963 1796/1908/1845 
f 1796/1908/1845 1914/2032/1962 1798/1910/1847 
f 1798/1910/1847 1913/2031/1961 1800/1912/1849 
f 1800/1912/1849 1913/2031/1961 1802/1914/1851 
f 1802/1914/1851 1912/2030/1960 1804/1916/1853 
f 1804/1916/1853 1911/2029/1959 1806/1918/1855 
f 1806/1918/1855 1910/2028/1958 1808/1920/1857 
f 1808/1920/1857 1909/2027/1957 1810/1922/1859 
f 1810/1922/1859 1908/2026/1956 1812/1924/1861 
f 1812/1924/1861 1908/2026/1956 1814/1926/1863 
f 1814/1926/1863 1907/2025/1955 1816/1928/1865 
f 1816/1928/1865 1906/2024/1954 1818/1930/1867 
f 1818/1930/1867 1905/2023/1953 1820/1932/1869 
f 1820/1932/1869 1904/2022/1952 1822/1934/1871 
f 1822/1934/1871 1903/2021/1951 1824/1936/1873 
f 1824/1936/1873 1902/2020/1950 1826/1938/1875 
f 1826/1938/1875 1901/2019/1949 1828/1940/1877 
f 1828/1942/1877 1900/2017/1948 1830/1943/1879 
f 1830/1943/1879 1899/2016/1947 1832/1946/1881 
f 1835/1949/1884 1931/2050/1979 1834/1948/1883 
f 1836/1950/1885 1868/2051/1916 1835/1949/1884 
f 1867/1983/1915 1933/2054/1981 1868/1984/1916 
f 1869/1985/1917 1934/2055/1982 1867/1983/1915 
f 1870/1986/1918 1935/2056/1983 1869/1985/1917 
f 1871/1987/1919 1936/2057/1984 1870/1986/1918 
f 1872/1988/1920 1938/2059/1986 1871/1987/1919 
f 1873/1989/1921 1939/2060/1987 1872/1988/1920 
f 1874/1990/1922 1940/2061/1988 1873/1989/1921 
f 1875/1991/1923 1941/2062/1989 1874/1990/1922 
f 1876/1992/1924 1941/2062/1989 1875/1991/1923 
f 1877/1993/1925 1942/2063/1990 1876/1992/1924 
f 1878/1994/1926 1943/2064/1991 1877/1993/1925 
f 1879/1995/1927 1944/2065/1992 1878/1994/1926 
f 1880/1996/1928 1945/2066/1993 1879/1995/1927 
f 1881/1997/1929 1946/2067/1994 1880/1996/1928 
f 1882/1998/1930 1946/2067/1994 1881/1997/1929 
f 1883/1999/1931 1947/2068/1995 1882/1998/1930 
f 1884/2000/1932 1948/2069/1996 1883/1999/1931 
f 1885/2001/1933 1949/2070/1997 1884/2000/1932 
f 1886/2002/1934 1950/2071/1998 1885/2001/1933 
f 1887/2003/1935 1950/2071/1998 1886/2002/1934 
f 1888/2004/1936 1951/2072/1999 1887/2003/1935 
f 1889/2005/1937 1952/2073/2000 1888/2004/1936 
f 1890/2006/1938 1953/2074/2001 1889/2005/1937 
f 1891/2007/1939 1953/2074/2001 1890/2006/1938 
f 1892/2008/1940 1954/2075/2002 1891/2007/1939 
f 1893/2009/1941 1955/2076/2003 1892/2008/1940 
f 1894/2010/1942 1956/2077/2004 1893/2009/1941 
f 1895/2011/1943 1957/2078/2005 1894/2010/1942 
f 1896/2013/1944 1958/2080/2006 1895/2012/1943 
f 1897/2014/1945 1959/2081/2007 1896/2013/1944 
f 1931/2050/1979 1835/1949/1884 1868/2051/1916 
# 94 polygons - 126 triangles

#
# object Letrero008
#

v  2.7103 2.5636 -0.0000
v  2.7747 2.5418 -0.0000
v  2.7740 2.5358 -0.1227
v  2.7096 2.5576 -0.1237
v  2.7721 2.5189 -0.2393
v  2.7078 2.5405 -0.2414
v  2.7686 2.4877 -0.3656
v  2.7043 2.5091 -0.3686
v  2.7642 2.4485 -0.4765
v  2.7000 2.4695 -0.4805
v  2.6938 2.4131 -0.6006
v  2.7579 2.3926 -0.5956
v  2.7513 2.3335 -0.6946
v  2.6873 2.3536 -0.7005
v  2.7427 2.2570 -0.7986
v  2.6788 2.2763 -0.8054
v  2.6701 2.1969 -0.8936
v  2.7339 2.1783 -0.8861
v  2.7234 2.0849 -0.9715
v  2.6598 2.1027 -0.9797
v  2.7126 1.9881 -1.0437
v  2.6491 2.0051 -1.0525
v  2.6377 1.9006 -1.1158
v  2.7009 1.8845 -1.1065
v  2.6883 1.7721 -1.1602
v  2.6253 1.7872 -1.1700
v  2.6748 1.6518 -1.2033
v  2.6120 1.6659 -1.2135
v  2.5995 1.5520 -1.2421
v  2.6622 1.5389 -1.2317
v  2.6487 1.4192 -1.2498
v  2.5863 1.4313 -1.2604
v  2.6346 1.2934 -1.2562
v  2.5724 1.3043 -1.2668
v  2.5590 1.1813 -1.2608
v  2.6209 1.1715 -1.2502
v  2.6079 1.0556 -1.2332
v  2.5462 1.0644 -1.2436
v  2.5939 0.9301 -1.2018
v  2.5323 0.9379 -1.2120
v  2.5201 0.8267 -1.1722
v  2.5815 0.8199 -1.1623
v  2.5682 0.7016 -1.1060
v  2.5071 0.7073 -1.1154
v  2.5572 0.6031 -1.0467
v  2.4962 0.6080 -1.0555
v  2.5456 0.4997 -0.9696
v  2.5263 0.3280 -0.7964
v  2.5183 0.2562 -0.6990
v  2.4579 0.2580 -0.7050
v  2.4953 0.0514 -0.1266
v  2.4946 0.0450 -0.0000
v  2.4346 0.0450 -0.0000
v  3.1426 2.4072 -0.0000
v  3.1419 2.4015 -0.1163
v  3.1399 2.3855 -0.2269
v  3.1361 2.3561 -0.3465
v  3.1313 2.3189 -0.4516
v  3.1246 2.2660 -0.5645
v  3.1174 2.2102 -0.6584
v  3.1082 2.1378 -0.7570
v  3.0986 2.0633 -0.8399
v  3.0873 1.9749 -0.9208
v  3.0756 1.8833 -0.9893
v  3.0631 1.7853 -1.0488
v  3.0494 1.6790 -1.0997
v  3.0349 1.5652 -1.1406
v  3.0212 1.4584 -1.1674
v  3.0067 1.3452 -1.1846
v  2.9915 1.2261 -1.1907
v  2.9767 1.1107 -1.1850
v  2.9627 1.0011 -1.1689
v  2.9475 0.8824 -1.1392
v  2.9342 0.7781 -1.1017
v  2.9198 0.6662 -1.0484
v  2.9079 0.5730 -0.9921
v  2.8954 0.4752 -0.9191
v  2.5358 0.4128 -0.8904
v  2.8849 0.3930 -0.8440
v  2.8746 0.3127 -0.7549
v  2.8659 0.2448 -0.6626
v  2.5113 0.1938 -0.5948
v  2.8584 0.1858 -0.5638
v  2.5053 0.1404 -0.4817
v  2.8519 0.1353 -0.4565
v  2.5005 0.0976 -0.3607
v  2.8467 0.0948 -0.3419
v  2.8433 0.0681 -0.2342
v  2.4973 0.0694 -0.2471
v  2.8411 0.0510 -0.1200
v  2.8403 0.0450 -0.0000
v  3.5189 2.2305 -0.2123
v  3.5149 2.2030 -0.3243
v  3.5099 2.1683 -0.4227
v  3.5027 2.1189 -0.5283
v  3.4952 2.0668 -0.6162
v  3.4854 1.9991 -0.7085
v  3.4753 1.9296 -0.7861
v  3.4633 1.8471 -0.8618
v  3.4510 1.7616 -0.9259
v  3.4377 1.6701 -0.9815
v  3.4233 1.5707 -1.0292
v  3.4079 1.4645 -1.0674
v  3.3935 1.3648 -1.0926
v  3.3782 1.2590 -1.1087
v  3.3621 1.1479 -1.1144
v  3.3465 1.0402 -1.1090
v  3.3316 0.9378 -1.0939
v  3.3156 0.8269 -1.0661
v  3.3015 0.7296 -1.0311
v  3.2863 0.6250 -0.9812
v  3.2737 0.5380 -0.9285
v  3.2605 0.4467 -0.8602
v  3.2494 0.3699 -0.7899
v  3.2385 0.2950 -0.7065
v  3.2293 0.2316 -0.6201
v  3.2214 0.1765 -0.5276
v  3.2145 0.1293 -0.4273
v  3.2090 0.0915 -0.3199
v  3.2054 0.0666 -0.2192
v  3.2031 0.0507 -0.1123
v  3.2023 0.0450 -0.0000
v  3.4827 1.6553 -0.9729
v  3.4682 1.5569 -1.0201
v  3.4527 1.4516 -1.0580
v  3.4382 1.3528 -1.0830
v  3.4228 1.2480 -1.0989
v  3.4066 1.1379 -1.1045
v  3.3910 1.0311 -1.0993
v  3.3761 0.9296 -1.0843
v  3.3599 0.8198 -1.0567
v  3.3458 0.7234 -1.0220
v  3.3305 0.6197 -0.9725
v  3.3179 0.5335 -0.9203
v  3.3046 0.4431 -0.8526
v  3.2934 0.3670 -0.7829
v  3.2825 0.2927 -0.7003
v  3.2733 0.2299 -0.6147
v  3.2652 0.1753 -0.5230
v  3.2584 0.1286 -0.4235
v  3.2529 0.0910 -0.3171
v  3.2492 0.0664 -0.2172
v  3.2469 0.0506 -0.1113
v  3.2461 0.0450 -0.0000
v  2.4184 0.0450 -0.0000
v  2.4184 0.0495 -0.1069
v  2.4184 0.0629 -0.2130
v  2.4184 0.0852 -0.3179
v  2.4184 0.1163 -0.4208
v  2.4184 0.1588 -0.5272
v  2.4184 0.2403 -0.6793
v  2.4184 0.3408 -0.8187
v  2.4184 0.4298 -0.9157
v  2.4184 0.5283 -1.0033
v  2.4184 0.6352 -1.0805
v  2.4184 0.7492 -1.1466
v  2.4184 0.8925 -1.2097
v  2.4184 1.0419 -1.2554
v  2.4184 1.1954 -1.2829
v  2.4184 1.3504 -1.2922
v  2.4184 1.5067 -1.2830
v  2.4184 1.6608 -1.2554
v  2.4184 1.8101 -1.2098
v  2.4184 1.9529 -1.1467
v  2.4184 2.0668 -1.0807
v  2.4184 2.1735 -1.0035
v  2.4184 2.2719 -0.9159
v  2.4184 2.3608 -0.8188
v  2.4184 2.4298 -0.7273
v  2.4184 2.4905 -0.6301
v  2.4184 2.5423 -0.5277
v  2.4184 2.5848 -0.4212
v  2.4184 2.6157 -0.3186
v  2.4184 2.6380 -0.2137
v  2.4184 2.6513 -0.1098
v  2.4184 2.6560 -0.0051
v  2.4185 2.6560 -0.0000
v  3.5672 2.2307 -0.0000
v  3.5672 2.2266 -0.0921
v  3.5218 2.2507 -0.0000
v  3.5672 2.2145 -0.1835
v  3.5672 2.1944 -0.2734
v  3.5672 2.1665 -0.3612
v  3.5672 2.1286 -0.4514
v  3.5672 2.0825 -0.5378
v  3.5672 2.0288 -0.6195
v  3.5672 1.9678 -0.6960
v  3.5672 1.8912 -0.7749
v  3.5672 1.8070 -0.8456
v  3.5672 1.7161 -0.9075
v  3.5672 1.6194 -0.9599
v  3.5672 1.5046 -1.0072
v  3.5672 1.3853 -1.0413
v  3.5672 1.2627 -1.0619
v  3.5672 1.1385 -1.0687
v  3.5672 1.0149 -1.0618
v  3.5672 0.8925 -1.0411
v  3.5672 0.7728 -1.0068
v  3.5672 0.7144 -0.9847
v  3.5672 0.5608 -0.9068
v  3.5672 0.4697 -0.8450
v  3.5672 0.3461 -0.7358
v  3.5672 0.2475 -0.6189
v  3.5672 0.1935 -0.5371
v  3.5672 0.1474 -0.4509
v  3.5672 0.1094 -0.3608
v  3.5672 0.0814 -0.2730
v  3.5672 0.0612 -0.1830
v  3.5672 0.0491 -0.0919
v  3.5672 0.0450 -0.0000
# 210 vertices

vn 0.3122 0.9489 -0.0471
vn 0.3320 0.9421 -0.0477
vn 0.3316 0.9387 -0.0942
vn 0.3121 0.9454 -0.0944
vn 0.3294 0.9253 -0.1880
vn 0.3107 0.9317 -0.1884
vn 0.3257 0.9026 -0.2814
vn 0.3073 0.9087 -0.2826
vn 0.3205 0.8710 -0.3724
vn 0.3022 0.8770 -0.3736
vn 0.2955 0.8364 -0.4617
vn 0.3139 0.8307 -0.4597
vn 0.3059 0.7827 -0.5421
vn 0.2879 0.7884 -0.5436
vn 0.2967 0.7269 -0.6193
vn 0.2794 0.7319 -0.6215
vn 0.2696 0.6687 -0.6929
vn 0.2862 0.6640 -0.6908
vn 0.2746 0.5943 -0.7559
vn 0.2588 0.5985 -0.7582
vn 0.2620 0.5190 -0.8137
vn 0.2469 0.5227 -0.8160
vn 0.2341 0.4419 -0.8660
vn 0.2485 0.4386 -0.8636
vn 0.2340 0.3518 -0.9064
vn 0.2212 0.3556 -0.9081
vn 0.2187 0.2614 -0.9401
vn 0.2077 0.2644 -0.9418
vn 0.1934 0.1732 -0.9657
vn 0.2034 0.1709 -0.9641
vn 0.1876 0.0779 -0.9792
vn 0.1783 0.0791 -0.9808
vn 0.1712 -0.0183 -0.9851
vn 0.1619 -0.0181 -0.9866
vn 0.1469 -0.1113 -0.9829
vn 0.1549 -0.1132 -0.9814
vn 0.1388 -0.2071 -0.9684
vn 0.1326 -0.2042 -0.9699
vn 0.1227 -0.3006 -0.9458
vn 0.1171 -0.2991 -0.9470
vn 0.1013 -0.3913 -0.9147
vn 0.1069 -0.3918 -0.9138
vn 0.0917 -0.4794 -0.8728
vn 0.0881 -0.4801 -0.8728
vn 0.0773 -0.5619 -0.8236
vn 0.0731 -0.5706 -0.8180
vn -0.0288 -0.6474 -0.7616
vn 0.0395 -0.7764 -0.6289
vn 0.0296 -0.8331 -0.5523
vn 0.0162 -0.8321 -0.5544
vn -0.0165 -0.9953 -0.0953
vn 0.0000 -0.9987 -0.0502
vn 0.0031 -0.9986 -0.0530
vn 0.3620 0.9310 -0.0475
vn 0.3618 0.9275 -0.0938
vn 0.3592 0.9143 -0.1872
vn 0.3551 0.8918 -0.2802
vn 0.3494 0.8604 -0.3709
vn 0.3422 0.8205 -0.4579
vn 0.3335 0.7728 -0.5399
vn 0.3235 0.7175 -0.6169
vn 0.3120 0.6550 -0.6882
vn 0.2994 0.5858 -0.7531
vn 0.2857 0.5110 -0.8107
vn 0.2710 0.4312 -0.8606
vn 0.2551 0.3450 -0.9033
vn 0.2385 0.2552 -0.9370
vn 0.2218 0.1653 -0.9610
vn 0.2045 0.0728 -0.9762
vn 0.1867 -0.0228 -0.9822
vn 0.1689 -0.1172 -0.9786
vn 0.1514 -0.2105 -0.9658
vn 0.1338 -0.3035 -0.9434
vn 0.1165 -0.3943 -0.9116
vn 0.1000 -0.4815 -0.8707
vn 0.0843 -0.5636 -0.8217
vn 0.0695 -0.6406 -0.7647
vn 0.0464 -0.7036 -0.7091
vn 0.0558 -0.7118 -0.7002
vn 0.0433 -0.7765 -0.6286
vn 0.0323 -0.8337 -0.5512
vn 0.0079 -0.8804 -0.4742
vn 0.0227 -0.8831 -0.4687
vn 0.0163 -0.9247 -0.3803
vn 0.0146 -0.9250 -0.3796
vn 0.0107 -0.9578 -0.2871
vn 0.0082 -0.9579 -0.2869
vn 0.0037 -0.9810 -0.1942
vn 0.0062 -0.9808 -0.1950
vn 0.0009 -0.9951 -0.0990
vn -0.0000 -0.9987 -0.0501
vn 0.3867 0.9044 -0.1806
vn 0.3824 0.8806 -0.2799
vn 0.3768 0.8496 -0.3690
vn 0.3689 0.8095 -0.4568
vn 0.3604 0.7622 -0.5377
vn 0.3503 0.7061 -0.6154
vn 0.3390 0.6448 -0.6851
vn 0.3252 0.5758 -0.7502
vn 0.3259 0.4944 -0.8058
vn 0.2935 0.4227 -0.8574
vn 0.2763 0.3371 -0.9000
vn 0.2583 0.2479 -0.9337
vn 0.2402 0.1586 -0.9577
vn 0.2215 0.0668 -0.9729
vn 0.2022 -0.0283 -0.9789
vn 0.1830 -0.1220 -0.9755
vn 0.1639 -0.2148 -0.9628
vn 0.1449 -0.3072 -0.9405
vn 0.1262 -0.3975 -0.9089
vn 0.1082 -0.4842 -0.8683
vn 0.0912 -0.5658 -0.8195
vn 0.0752 -0.6424 -0.7626
vn 0.0604 -0.7132 -0.6983
vn 0.0469 -0.7776 -0.6270
vn 0.0349 -0.8345 -0.5499
vn 0.0246 -0.8836 -0.4675
vn 0.0158 -0.9254 -0.3787
vn 0.0088 -0.9581 -0.2862
vn 0.0040 -0.9810 -0.1938
vn 0.0010 -0.9951 -0.0988
vn -0.0000 -0.9987 -0.0500
vn 0.3069 0.4258 -0.8512
vn 0.2870 0.3347 -0.8976
vn 0.2680 0.2453 -0.9317
vn 0.2492 0.1561 -0.9558
vn 0.2296 0.0642 -0.9712
vn 0.2099 -0.0308 -0.9772
vn 0.1911 -0.1246 -0.9736
vn 0.1720 -0.2160 -0.9611
vn 0.1518 -0.3082 -0.9391
vn 0.1333 -0.3999 -0.9068
vn 0.1155 -0.4837 -0.8676
vn 0.0946 -0.5663 -0.8188
vn 0.0793 -0.6437 -0.7612
vn 0.0639 -0.7134 -0.6978
vn 0.0494 -0.7775 -0.6269
vn 0.0354 -0.8347 -0.5496
vn 0.0245 -0.8837 -0.4673
vn 0.0151 -0.9254 -0.3786
vn 0.0080 -0.9582 -0.2860
vn 0.0032 -0.9811 -0.1937
vn 0.0002 -0.9951 -0.0987
vn -0.0007 -0.9988 -0.0494
vn 0.0000 -0.9991 -0.0419
vn 0.4647 -0.8790 -0.1070
vn 0.0045 -0.9878 -0.1554
vn 0.0038 -0.9686 -0.2486
vn 0.0096 -0.9434 -0.3315
vn 0.0105 -0.9050 -0.4253
vn 0.0597 -0.8612 -0.5048
vn 0.0329 -0.7690 -0.6384
vn 0.0697 -0.6819 -0.7281
vn 0.1498 -0.6404 -0.7533
vn 0.0716 -0.5392 -0.8391
vn 0.0855 -0.4484 -0.8897
vn 0.0983 -0.3421 -0.9345
vn 0.1184 -0.2280 -0.9664
vn 0.1388 -0.1107 -0.9841
vn 0.1565 0.0039 -0.9877
vn 0.1724 0.1209 -0.9776
vn 0.1901 0.2360 -0.9530
vn 0.2091 0.3462 -0.9146
vn 0.2266 0.4464 -0.8657
vn 0.2399 0.5317 -0.8122
vn 0.2511 0.6092 -0.7522
vn 0.2610 0.6799 -0.6853
vn 0.2710 0.7423 -0.6129
vn 0.2789 0.7926 -0.5422
vn 0.2846 0.8360 -0.4692
vn 0.2890 0.8729 -0.3932
vn 0.2924 0.9031 -0.3144
vn 0.2958 0.9255 -0.2366
vn 0.2983 0.9412 -0.1587
vn 0.3010 0.9502 -0.0806
vn 0.3020 0.9530 -0.0225
vn 0.3017 0.9534 -0.0019
vn 0.4038 0.9139 -0.0403
vn 0.3858 0.9186 -0.0860
vn 0.3896 0.9197 -0.0482
vn 0.3907 0.9083 -0.1494
vn 0.3935 0.8879 -0.2384
vn 0.3939 0.8620 -0.3190
vn 0.3861 0.8311 -0.4003
vn 0.3823 0.7923 -0.4755
vn 0.3715 0.7479 -0.5501
vn 0.3624 0.6975 -0.6182
vn 0.3501 0.6345 -0.6890
vn 0.3310 0.5562 -0.7623
vn 0.2523 0.5240 -0.8135
vn 0.3085 0.4040 -0.8612
vn 0.2905 0.3082 -0.9059
vn 0.2715 0.2063 -0.9401
vn 0.2494 0.1002 -0.9632
vn 0.2255 -0.0079 -0.9742
vn 0.2007 -0.1171 -0.9726
vn 0.1761 -0.2251 -0.9583
vn 0.1523 -0.3191 -0.9354
vn 0.1374 -0.4026 -0.9050
vn 0.1165 -0.5121 -0.8510
vn 0.0947 -0.6145 -0.7832
vn 0.0721 -0.7186 -0.6917
vn 0.0501 -0.8036 -0.5930
vn 0.0353 -0.8602 -0.5087
vn 0.0252 -0.9035 -0.4278
vn 0.0165 -0.9389 -0.3439
vn 0.0099 -0.9656 -0.2597
vn 0.0050 -0.9847 -0.1741
vn 0.0014 -0.9962 -0.0871
vn 0.0000 -0.9990 -0.0441
# 210 vertex normals

vt 0.5000 0.2972 0.7889
vt 0.5000 0.2924 0.7828
vt 0.7027 0.2924 0.7811
vt 0.7044 0.2972 0.7872
vt 0.8953 0.2926 0.7764
vt 0.8986 0.2974 0.7825
vt 0.2236 0.2926 0.8953
vt 0.2323 0.2928 1.1038
vt 0.2263 0.2976 1.1089
vt 0.2175 0.2974 0.8986
vt 0.2432 0.2932 1.2869
vt 0.2373 0.2980 1.2936
vt 0.2531 0.2984 1.4919
vt 0.2588 0.2936 1.4836
vt 0.2753 0.2941 1.6473
vt 0.2697 0.2989 1.6570
vt 0.2966 0.2948 1.8190
vt 0.2912 0.2995 1.8302
vt 0.3134 0.3002 1.9759
vt 0.3186 0.2954 1.9635
vt 0.3447 0.2962 2.1045
vt 0.3397 0.3010 2.1180
vt 0.3717 0.2970 2.2238
vt 0.3669 0.3018 2.2384
vt 0.3961 0.3026 2.3429
vt 0.4006 0.2979 2.3274
vt 0.4320 0.2988 2.4162
vt 0.4277 0.3036 2.4324
vt 0.4655 0.2998 2.4874
vt 0.4616 0.3045 2.5042
vt 0.4934 0.3055 2.5514
vt 0.4970 0.3008 2.5342
vt 0.5304 0.3018 2.5642
vt 0.5270 0.3065 2.5816
vt 0.5655 0.3029 2.5747
vt 0.5625 0.3075 2.5923
vt 0.5968 0.3085 2.5823
vt 0.5995 0.3039 2.5648
vt 0.6319 0.3048 2.5367
vt 0.6294 0.3095 2.5539
vt 0.6669 0.3059 2.4850
vt 0.6647 0.3105 2.5017
vt 0.6957 0.3114 2.4359
vt 0.6976 0.3068 2.4197
vt 0.7306 0.3078 2.3267
vt 0.7290 0.3124 2.3422
vt 0.7581 0.3086 2.2287
vt 0.7568 0.3132 2.2433
vt 0.7870 0.3095 2.1015
vt 0.8349 0.3110 1.8154
vt 0.8549 0.3116 1.6545
vt 0.8544 0.3161 1.6643
vt 0.2909 0.3133 0.0879
vt 0.5000 0.3133 0.0862
vt 0.5000 0.3178 0.0862
vt 0.5000 0.2648 0.7453
vt 0.6921 0.2649 0.7437
vt 0.8747 0.2650 0.7392
vt 0.2690 0.2653 1.0723
vt 0.2608 0.2650 0.8747
vt 0.2794 0.2657 1.2459
vt 0.2941 0.2662 1.4323
vt 0.3097 0.2667 1.5875
vt 0.3299 0.2674 1.7503
vt 0.3507 0.2681 1.8872
vt 0.3754 0.2690 2.0208
vt 0.4009 0.2699 2.1339
vt 0.4283 0.2708 2.2322
vt 0.4579 0.2718 2.3163
vt 0.4897 0.2729 2.3838
vt 0.5195 0.2739 2.4282
vt 0.5511 0.2750 2.4566
vt 0.5843 0.2761 2.4666
vt 0.6165 0.2773 2.4572
vt 0.6471 0.2783 2.4306
vt 0.6802 0.2794 2.3815
vt 0.7093 0.2804 2.3196
vt 0.7405 0.2815 2.2315
vt 0.7665 0.2824 2.1385
vt 0.7938 0.2833 2.0180
vt 0.8112 0.3102 1.9706
vt 0.8167 0.2841 1.8939
vt 0.8391 0.2849 1.7468
vt 0.8581 0.2855 1.5944
vt 0.8723 0.3121 1.4823
vt 0.8746 0.2861 1.4311
vt 0.8872 0.3125 1.2955
vt 0.8886 0.2866 1.2540
vt 0.8992 0.3129 1.0957
vt 0.9000 0.2870 1.0646
vt 0.9074 0.2872 0.8868
vt 0.9070 0.3131 0.9081
vt 0.1132 0.2872 0.0926
vt 0.3018 0.2874 0.0878
vt 0.0919 0.3131 0.0930
vt 0.5000 0.2875 0.0862
vt 0.3040 0.2367 0.8506
vt 0.3117 0.2370 1.0356
vt 0.3214 0.2374 1.1981
vt 0.3352 0.2379 1.3726
vt 0.3497 0.2385 1.5177
vt 0.3686 0.2392 1.6701
vt 0.3880 0.2399 1.7983
vt 0.4110 0.2408 1.9233
vt 0.4349 0.2418 2.0292
vt 0.4604 0.2428 2.1211
vt 0.4881 0.2438 2.1998
vt 0.5178 0.2450 2.2630
vt 0.5456 0.2461 2.3045
vt 0.5751 0.2472 2.3311
vt 0.6061 0.2484 2.3405
vt 0.6362 0.2496 2.3317
vt 0.6647 0.2507 2.3068
vt 0.6957 0.2519 2.2608
vt 0.7228 0.2530 2.2030
vt 0.7520 0.2541 2.1205
vt 0.7763 0.2550 2.0335
vt 0.8017 0.2560 1.9206
vt 0.8232 0.2569 1.8046
vt 0.8441 0.2577 1.6669
vt 0.8618 0.2584 1.5242
vt 0.8772 0.2589 1.3714
vt 0.8903 0.2595 1.2057
vt 0.9009 0.2599 1.0284
vt 0.9078 0.2601 0.8620
vt 0.3145 0.2603 0.0877
vt 0.1380 0.2601 0.0922
vt 0.5000 0.2604 0.0862
vt 0.4645 0.2394 2.1068
vt 0.4920 0.2405 2.1848
vt 0.5214 0.2416 2.2475
vt 0.5489 0.2427 2.2886
vt 0.5782 0.2439 2.3150
vt 0.6089 0.2451 2.3243
vt 0.6387 0.2463 2.3155
vt 0.6670 0.2474 2.2909
vt 0.6976 0.2486 2.2453
vt 0.7246 0.2496 2.1880
vt 0.7535 0.2508 2.1062
vt 0.7775 0.2517 2.0200
vt 0.8028 0.2527 1.9081
vt 0.8240 0.2536 1.7931
vt 0.8447 0.2544 1.6566
vt 0.8623 0.2551 1.5152
vt 0.8775 0.2557 1.3638
vt 0.8905 0.2562 1.1995
vt 0.9010 0.2566 1.0238
vt 0.9079 0.2569 0.8588
vt 0.1412 0.2569 0.0921
vt 0.3161 0.2570 0.0877
vt 0.5000 0.2571 0.0862
vt 0.5000 0.3190 0.0862
vt 0.3235 0.3190 0.0874
vt 0.1482 0.3190 0.0912
vt 0.9088 0.3190 0.8518
vt 0.9026 0.3190 1.0251
vt 0.8939 0.3190 1.1950
vt 0.8821 0.3190 1.3708
vt 0.8594 0.3190 1.6220
vt 0.8313 0.3190 1.8521
vt 0.8065 0.3190 2.0123
vt 0.7790 0.3190 2.1570
vt 0.7492 0.3190 2.2845
vt 0.7174 0.3190 2.3937
vt 0.6774 0.3190 2.4980
vt 0.6357 0.3190 2.5733
vt 0.5928 0.3190 2.6189
vt 0.5496 0.3190 2.6342
vt 0.5060 0.3190 2.6190
vt 0.4630 0.3190 2.5734
vt 0.4213 0.3190 2.4981
vt 0.3815 0.3190 2.3940
vt 0.3497 0.3190 2.2849
vt 0.3199 0.3190 2.1574
vt 0.2925 0.3190 2.0127
vt 0.2677 0.3190 1.8523
vt 0.2484 0.3190 1.7012
vt 0.2315 0.3190 1.5406
vt 0.2170 0.3190 1.3716
vt 0.2052 0.3190 1.1956
vt 0.1965 0.3190 1.0261
vt 0.1903 0.3190 0.8530
vt 0.8530 0.3190 0.8097
vt 0.6813 0.3190 0.8134
vt 0.5084 0.3190 0.8147
vt 0.5000 0.3190 0.8147
vt 0.5000 0.2331 0.6960
vt 0.6521 0.2331 0.6949
vt 0.5000 0.2365 0.7016
vt 0.8031 0.2331 0.6915
vt 0.8506 0.2367 0.6960
vt 0.3085 0.2331 0.8031
vt 0.3141 0.2331 0.9515
vt 0.3219 0.2331 1.0965
vt 0.3325 0.2331 1.2456
vt 0.3453 0.2331 1.3883
vt 0.3603 0.2331 1.5232
vt 0.3773 0.2331 1.6495
vt 0.3987 0.2331 1.7799
vt 0.4222 0.2331 1.8967
vt 0.4476 0.2331 1.9988
vt 0.4746 0.2331 2.0854
vt 0.5066 0.2331 2.1635
vt 0.5399 0.2331 2.2198
vt 0.5741 0.2331 2.2538
vt 0.6087 0.2331 2.2651
vt 0.6432 0.2331 2.2536
vt 0.6774 0.2331 2.2195
vt 0.7108 0.2331 2.1629
vt 0.7271 0.2331 2.1263
vt 0.7699 0.2331 1.9977
vt 0.7953 0.2331 1.8955
vt 0.8298 0.2331 1.7153
vt 0.8573 0.2331 1.5221
vt 0.8724 0.2331 1.3871
vt 0.8853 0.2331 1.2447
vt 0.8959 0.2331 1.0959
vt 0.9037 0.2331 0.9508
vt 0.9093 0.2331 0.8023
vt 0.1977 0.2331 0.0907
vt 0.3483 0.2331 0.0873
vt 0.5000 0.2331 0.0862
# 222 texture coords

o Letrero008
g Letrero008
usemtl blanco
s 1
f 1961/2083/2009 1962/2084/2010 1963/2085/2011 1964/2086/2012 
f 1964/2086/2012 1963/2085/2011 1965/2087/2013 1966/2088/2014 
f 1965/2089/2013 1967/2090/2015 1968/2091/2016 1966/2092/2014 
f 1968/2091/2016 1967/2090/2015 1969/2093/2017 1970/2094/2018 
f 1971/2095/2019 1970/2094/2018 1969/2093/2017 1972/2096/2020 
f 1972/2096/2020 1973/2097/2021 1974/2098/2022 1971/2095/2019 
f 1974/2098/2022 1973/2097/2021 1975/2099/2023 1976/2100/2024 
f 1977/2101/2025 1976/2100/2024 1975/2099/2023 1978/2102/2026 
f 1978/2102/2026 1979/2103/2027 1980/2104/2028 1977/2101/2025 
f 1980/2104/2028 1979/2103/2027 1981/2105/2029 1982/2106/2030 
f 1983/2107/2031 1982/2106/2030 1981/2105/2029 1984/2108/2032 
f 1984/2108/2032 1985/2109/2033 1986/2110/2034 1983/2107/2031 
f 1986/2110/2034 1985/2109/2033 1987/2111/2035 1988/2112/2036 
f 1989/2113/2037 1988/2112/2036 1987/2111/2035 1990/2114/2038 
f 1990/2114/2038 1991/2115/2039 1992/2116/2040 1989/2113/2037 
f 1992/2116/2040 1991/2115/2039 1993/2117/2041 1994/2118/2042 
f 1995/2119/2043 1994/2118/2042 1993/2117/2041 1996/2120/2044 
f 1996/2120/2044 1997/2121/2045 1998/2122/2046 1995/2119/2043 
f 1998/2122/2046 1997/2121/2045 1999/2123/2047 2000/2124/2048 
f 2001/2125/2049 2000/2124/2048 1999/2123/2047 2002/2126/2050 
f 2002/2126/2050 2003/2127/2051 2004/2128/2052 2001/2125/2049 
f 2004/2128/2052 2003/2127/2051 2005/2129/2053 2006/2130/2054 
f 2006/2130/2054 2005/2129/2053 2007/2131/2055 
f 2008/2132/2056 2009/2133/2057 2010/2134/2058 
f 2011/2135/2059 2012/2136/2060 2013/2137/2061 
f 2014/2138/2062 2015/2139/2063 1963/2085/2011 1962/2084/2010 
f 1963/2085/2011 2015/2139/2063 2016/2140/2064 1965/2087/2013 
f 2017/2141/2065 1967/2090/2015 1965/2089/2013 2016/2142/2064 
f 1967/2090/2015 2017/2141/2065 2018/2143/2066 1969/2093/2017 
f 2018/2143/2066 2019/2144/2067 1972/2096/2020 1969/2093/2017 
f 2019/2144/2067 2020/2145/2068 1973/2097/2021 1972/2096/2020 
f 1973/2097/2021 2020/2145/2068 2021/2146/2069 1975/2099/2023 
f 2021/2146/2069 2022/2147/2070 1978/2102/2026 1975/2099/2023 
f 2022/2147/2070 2023/2148/2071 1979/2103/2027 1978/2102/2026 
f 1979/2103/2027 2023/2148/2071 2024/2149/2072 1981/2105/2029 
f 2024/2149/2072 2025/2150/2073 1984/2108/2032 1981/2105/2029 
f 2025/2150/2073 2026/2151/2074 1985/2109/2033 1984/2108/2032 
f 1985/2109/2033 2026/2151/2074 2027/2152/2075 1987/2111/2035 
f 2027/2152/2075 2028/2153/2076 1990/2114/2038 1987/2111/2035 
f 2028/2153/2076 2029/2154/2077 1991/2115/2039 1990/2114/2038 
f 1991/2115/2039 2029/2154/2077 2030/2155/2078 1993/2117/2041 
f 2030/2155/2078 2031/2156/2079 1996/2120/2044 1993/2117/2041 
f 2031/2156/2079 2032/2157/2080 1997/2121/2045 1996/2120/2044 
f 1997/2121/2045 2032/2157/2080 2033/2158/2081 1999/2123/2047 
f 2033/2158/2081 2034/2159/2082 2002/2126/2050 1999/2123/2047 
f 2034/2159/2082 2035/2160/2083 2003/2127/2051 2002/2126/2050 
f 2003/2127/2051 2035/2160/2083 2036/2161/2084 2005/2129/2053 
f 2036/2161/2084 2037/2162/2085 2007/2131/2055 2005/2129/2053 
f 2038/2163/2086 2007/2131/2055 2037/2162/2085 2039/2164/2087 
f 2008/2132/2056 2038/2163/2086 2039/2164/2087 2040/2165/2088 
f 2041/2166/2089 2009/2133/2057 2008/2132/2056 2040/2165/2088 
f 2042/2167/2090 2009/2133/2057 2041/2166/2089 2043/2168/2091 
f 2044/2169/2092 2042/2167/2090 2043/2168/2091 2045/2170/2093 
f 2046/2171/2094 2044/2169/2092 2045/2170/2093 2047/2172/2095 
f 2047/2172/2095 2048/2173/2096 2049/2174/2097 2046/2171/2094 
f 2048/2175/2096 2050/2176/2098 2011/2135/2059 2049/2177/2097 
f 2012/2136/2060 2011/2135/2059 2050/2176/2098 2051/2178/2099 
f 2052/2179/2100 2053/2180/2101 2017/2141/2065 2016/2142/2064 
f 2053/2180/2101 2054/2181/2102 2018/2143/2066 2017/2141/2065 
f 2018/2143/2066 2054/2181/2102 2055/2182/2103 2019/2144/2067 
f 2019/2144/2067 2055/2182/2103 2056/2183/2104 2020/2145/2068 
f 2057/2184/2105 2021/2146/2069 2020/2145/2068 2056/2183/2104 
f 2022/2147/2070 2021/2146/2069 2057/2184/2105 2058/2185/2106 
f 2059/2186/2107 2023/2148/2071 2022/2147/2070 2058/2185/2106 
f 2060/2187/2108 2024/2149/2072 2023/2148/2071 2059/2186/2107 
f 2025/2150/2073 2024/2149/2072 2060/2187/2108 2061/2188/2109 
f 2026/2151/2074 2025/2150/2073 2061/2188/2109 2062/2189/2110 
f 2063/2190/2111 2027/2152/2075 2026/2151/2074 2062/2189/2110 
f 2028/2153/2076 2027/2152/2075 2063/2190/2111 2064/2191/2112 
f 2029/2154/2077 2028/2153/2076 2064/2191/2112 2065/2192/2113 
f 2066/2193/2114 2030/2155/2078 2029/2154/2077 2065/2192/2113 
f 2031/2156/2079 2030/2155/2078 2066/2193/2114 2067/2194/2115 
f 2031/2156/2079 2067/2194/2115 2068/2195/2116 2032/2157/2080 
f 2069/2196/2117 2033/2158/2081 2032/2157/2080 2068/2195/2116 
f 2070/2197/2118 2034/2159/2082 2033/2158/2081 2069/2196/2117 
f 2071/2198/2119 2035/2160/2083 2034/2159/2082 2070/2197/2118 
f 2072/2199/2120 2036/2161/2084 2035/2160/2083 2071/2198/2119 
f 2073/2200/2121 2037/2162/2085 2036/2161/2084 2072/2199/2120 
f 2074/2201/2122 2039/2164/2087 2037/2162/2085 2073/2200/2121 
f 2075/2202/2123 2040/2165/2088 2039/2164/2087 2074/2201/2122 
f 2076/2203/2124 2041/2166/2089 2040/2165/2088 2075/2202/2123 
f 2077/2204/2125 2043/2168/2091 2041/2166/2089 2076/2203/2124 
f 2078/2205/2126 2045/2170/2093 2043/2168/2091 2077/2204/2125 
f 2079/2206/2127 2047/2172/2095 2045/2170/2093 2078/2205/2126 
f 2047/2172/2095 2079/2206/2127 2080/2207/2128 2048/2173/2096 
f 2081/2208/2129 2050/2176/2098 2048/2175/2096 2080/2209/2128 
f 2082/2210/2130 2051/2178/2099 2050/2176/2098 2081/2208/2129 
f 2083/2211/2131 2061/2188/2109 2060/2187/2108 
f 2084/2212/2132 2062/2189/2110 2061/2188/2109 2083/2211/2131 
f 2085/2213/2133 2063/2190/2111 2062/2189/2110 2084/2212/2132 
f 2086/2214/2134 2064/2191/2112 2063/2190/2111 2085/2213/2133 
f 2087/2215/2135 2065/2192/2113 2064/2191/2112 2086/2214/2134 
f 2088/2216/2136 2066/2193/2114 2065/2192/2113 2087/2215/2135 
f 2089/2217/2137 2067/2194/2115 2066/2193/2114 2088/2216/2136 
f 2067/2194/2115 2089/2217/2137 2090/2218/2138 2068/2195/2116 
f 2069/2196/2117 2068/2195/2116 2090/2218/2138 2091/2219/2139 
f 2069/2196/2117 2091/2219/2139 2092/2220/2140 2070/2197/2118 
f 2071/2198/2119 2070/2197/2118 2092/2220/2140 2093/2221/2141 
f 2072/2199/2120 2071/2198/2119 2093/2221/2141 2094/2222/2142 
f 2073/2200/2121 2072/2199/2120 2094/2222/2142 2095/2223/2143 
f 2074/2201/2122 2073/2200/2121 2095/2223/2143 2096/2224/2144 
f 2075/2202/2123 2074/2201/2122 2096/2224/2144 2097/2225/2145 
f 2098/2226/2146 2076/2203/2124 2075/2202/2123 2097/2225/2145 
f 2076/2203/2124 2098/2226/2146 2099/2227/2147 2077/2204/2125 
f 2077/2204/2125 2099/2227/2147 2100/2228/2148 2078/2205/2126 
f 2078/2205/2126 2100/2228/2148 2101/2229/2149 2079/2206/2127 
f 2079/2206/2127 2101/2229/2149 2102/2230/2150 2080/2207/2128 
f 2080/2209/2128 2102/2231/2150 2103/2232/2151 2081/2208/2129 
f 2082/2210/2130 2081/2208/2129 2103/2232/2151 2104/2233/2152 
f 2105/2234/2153 2106/2235/2154 2013/2137/2061 
f 2106/2235/2154 2107/2236/2155 2013/2137/2061 
f 2107/2237/2155 2108/2238/2156 2049/2174/2097 
f 2108/2238/2156 2109/2239/2157 2046/2171/2094 
f 2109/2239/2157 2110/2240/2158 2044/2169/2092 
f 2110/2240/2158 2111/2241/2159 2010/2134/2058 
f 2111/2241/2159 2112/2242/2160 2010/2134/2058 
f 2112/2242/2160 2113/2243/2161 2038/2163/2086 
f 2113/2243/2161 2114/2244/2162 2006/2130/2054 
f 2114/2244/2162 2115/2245/2163 2006/2130/2054 
f 2115/2245/2163 2116/2246/2164 2004/2128/2052 
f 2116/2246/2164 2117/2247/2165 2001/2125/2049 
f 2117/2247/2165 2118/2248/2166 2000/2124/2048 
f 2118/2248/2166 2119/2249/2167 1998/2122/2046 
f 2119/2249/2167 2120/2250/2168 1994/2118/2042 
f 2120/2250/2168 2121/2251/2169 1992/2116/2040 
f 2121/2251/2169 2122/2252/2170 1989/2113/2037 
f 2122/2252/2170 2123/2253/2171 1988/2112/2036 
f 2123/2253/2171 2124/2254/2172 1986/2110/2034 
f 2124/2254/2172 2125/2255/2173 1982/2106/2030 
f 2125/2255/2173 2126/2256/2174 1980/2104/2028 
f 2126/2256/2174 2127/2257/2175 1977/2101/2025 
f 2127/2257/2175 2128/2258/2176 1976/2100/2024 
f 2128/2258/2176 2129/2259/2177 1974/2098/2022 
f 2129/2259/2177 2130/2260/2178 1974/2098/2022 
f 2130/2260/2178 2131/2261/2179 1971/2095/2019 
f 2131/2261/2179 2132/2262/2180 1970/2094/2018 
f 2132/2262/2180 2133/2263/2181 1968/2091/2016 
f 2133/2263/2181 2134/2264/2182 1966/2092/2014 
f 2134/2265/2182 2135/2266/2183 1964/2086/2012 
f 2135/2266/2183 2136/2267/2184 1961/2083/2009 
f 2136/2267/2184 2137/2268/2185 1961/2083/2009 
f 2138/2269/2186 2139/2270/2187 2140/2271/2188 
f 2139/2270/2187 2141/2272/2189 2052/2273/2100 
f 2141/2274/2189 2142/2275/2190 2052/2179/2100 
f 2142/2275/2190 2143/2276/2191 2053/2180/2101 
f 2143/2276/2191 2144/2277/2192 2054/2181/2102 
f 2144/2277/2192 2145/2278/2193 2055/2182/2103 
f 2145/2278/2193 2146/2279/2194 2056/2183/2104 
f 2146/2279/2194 2147/2280/2195 2057/2184/2105 
f 2147/2280/2195 2148/2281/2196 2058/2185/2106 
f 2148/2281/2196 2149/2282/2197 2059/2186/2107 
f 2149/2282/2197 2150/2283/2198 2083/2211/2131 
f 2150/2283/2198 2151/2284/2199 2083/2211/2131 
f 2151/2284/2199 2152/2285/2200 2084/2212/2132 
f 2152/2285/2200 2153/2286/2201 2085/2213/2133 
f 2153/2286/2201 2154/2287/2202 2086/2214/2134 
f 2154/2287/2202 2155/2288/2203 2087/2215/2135 
f 2155/2288/2203 2156/2289/2204 2088/2216/2136 
f 2156/2289/2204 2157/2290/2205 2089/2217/2137 
f 2157/2290/2205 2158/2291/2206 2091/2219/2139 
f 2158/2291/2206 2159/2292/2207 2092/2220/2140 
f 2159/2292/2207 2160/2293/2208 2093/2221/2141 
f 2160/2293/2208 2161/2294/2209 2094/2222/2142 
f 2161/2294/2209 2162/2295/2210 2095/2223/2143 
f 2162/2295/2210 2163/2296/2211 2097/2225/2145 
f 2163/2296/2211 2164/2297/2212 2098/2226/2146 
f 2164/2297/2212 2165/2298/2213 2099/2227/2147 
f 2165/2298/2213 2166/2299/2214 2100/2228/2148 
f 2166/2299/2214 2167/2300/2215 2101/2229/2149 
f 2167/2300/2215 2168/2301/2216 2102/2230/2150 
f 2168/2302/2216 2169/2303/2217 2103/2232/2151 
f 2169/2303/2217 2170/2304/2218 2104/2233/2152 
f 2014/2138/2062 2140/2271/2188 2015/2139/2063 
f 1961/2083/2009 1964/2086/2012 2135/2266/2183 
f 1964/2086/2012 1966/2088/2014 2134/2265/2182 
f 1966/2092/2014 1968/2091/2016 2133/2263/2181 
f 1968/2091/2016 1970/2094/2018 2132/2262/2180 
f 1970/2094/2018 1971/2095/2019 2131/2261/2179 
f 1971/2095/2019 1974/2098/2022 2130/2260/2178 
f 1974/2098/2022 1976/2100/2024 2128/2258/2176 
f 1976/2100/2024 1977/2101/2025 2127/2257/2175 
f 1977/2101/2025 1980/2104/2028 2126/2256/2174 
f 1980/2104/2028 1982/2106/2030 2125/2255/2173 
f 1982/2106/2030 1983/2107/2031 2124/2254/2172 
f 1983/2107/2031 1986/2110/2034 2124/2254/2172 
f 1986/2110/2034 1988/2112/2036 2123/2253/2171 
f 1988/2112/2036 1989/2113/2037 2122/2252/2170 
f 1989/2113/2037 1992/2116/2040 2121/2251/2169 
f 1992/2116/2040 1994/2118/2042 2120/2250/2168 
f 1994/2118/2042 1995/2119/2043 2119/2249/2167 
f 1995/2119/2043 1998/2122/2046 2119/2249/2167 
f 1998/2122/2046 2000/2124/2048 2118/2248/2166 
f 2000/2124/2048 2001/2125/2049 2117/2247/2165 
f 2001/2125/2049 2004/2128/2052 2116/2246/2164 
f 2004/2128/2052 2006/2130/2054 2115/2245/2163 
f 2006/2130/2054 2007/2131/2055 2038/2163/2086 
f 2010/2134/2058 2009/2133/2057 2042/2167/2090 
f 2008/2132/2056 2010/2134/2058 2112/2242/2160 
f 2011/2135/2059 2013/2137/2061 2107/2236/2155 
f 2016/2140/2064 2015/2139/2063 2052/2273/2100 
f 2038/2163/2086 2008/2132/2056 2112/2242/2160 
f 2042/2167/2090 2044/2169/2092 2110/2240/2158 
f 2044/2169/2092 2046/2171/2094 2109/2239/2157 
f 2046/2171/2094 2049/2174/2097 2108/2238/2156 
f 2049/2177/2097 2011/2135/2059 2107/2236/2155 
f 2053/2180/2101 2052/2179/2100 2142/2275/2190 
f 2054/2181/2102 2053/2180/2101 2143/2276/2191 
f 2055/2182/2103 2054/2181/2102 2144/2277/2192 
f 2056/2183/2104 2055/2182/2103 2145/2278/2193 
f 2057/2184/2105 2056/2183/2104 2146/2279/2194 
f 2058/2185/2106 2057/2184/2105 2147/2280/2195 
f 2059/2186/2107 2058/2185/2106 2148/2281/2196 
f 2060/2187/2108 2059/2186/2107 2149/2282/2197 
f 2083/2211/2131 2060/2187/2108 2149/2282/2197 
f 2084/2212/2132 2083/2211/2131 2151/2284/2199 
f 2085/2213/2133 2084/2212/2132 2152/2285/2200 
f 2086/2214/2134 2085/2213/2133 2153/2286/2201 
f 2087/2215/2135 2086/2214/2134 2154/2287/2202 
f 2088/2216/2136 2087/2215/2135 2155/2288/2203 
f 2089/2217/2137 2088/2216/2136 2156/2289/2204 
f 2090/2218/2138 2089/2217/2137 2157/2290/2205 
f 2091/2219/2139 2090/2218/2138 2157/2290/2205 
f 2092/2220/2140 2091/2219/2139 2158/2291/2206 
f 2093/2221/2141 2092/2220/2140 2159/2292/2207 
f 2094/2222/2142 2093/2221/2141 2160/2293/2208 
f 2095/2223/2143 2094/2222/2142 2161/2294/2209 
f 2096/2224/2144 2095/2223/2143 2162/2295/2210 
f 2097/2225/2145 2096/2224/2144 2162/2295/2210 
f 2098/2226/2146 2097/2225/2145 2163/2296/2211 
f 2099/2227/2147 2098/2226/2146 2164/2297/2212 
f 2100/2228/2148 2099/2227/2147 2165/2298/2213 
f 2101/2229/2149 2100/2228/2148 2166/2299/2214 
f 2102/2230/2150 2101/2229/2149 2167/2300/2215 
f 2103/2232/2151 2102/2231/2150 2168/2302/2216 
f 2104/2233/2152 2103/2232/2151 2169/2303/2217 
f 2110/2240/2158 2010/2134/2058 2042/2167/2090 
f 2038/2163/2086 2113/2243/2161 2006/2130/2054 
f 2140/2271/2188 2139/2270/2187 2015/2139/2063 
f 2139/2270/2187 2052/2273/2100 2015/2139/2063 
# 105 polygons - 134 triangles

#
# object Letrero009
#

v  3.7977 2.1239 -0.0000
v  3.7969 2.1190 0.1028
v  3.9810 2.0273 0.0984
v  3.9818 2.0320 -0.0000
v  3.7947 2.1049 0.2005
v  3.9788 2.0138 0.1919
v  3.7906 2.0789 0.3062
v  3.9747 1.9890 0.2931
v  3.7855 2.0463 0.3991
v  3.9695 1.9578 0.3820
v  3.7782 1.9997 0.4989
v  3.9621 1.9133 0.4775
v  3.7704 1.9505 0.5819
v  3.9543 1.8663 0.5569
v  3.7604 1.8868 0.6690
v  3.9442 1.8054 0.6403
v  3.7501 1.8213 0.7423
v  3.9338 1.7427 0.7104
v  3.7378 1.7435 0.8137
v  3.9214 1.6684 0.7788
v  3.7251 1.6629 0.8743
v  3.9086 1.5914 0.8367
v  3.7115 1.5766 0.9268
v  3.8949 1.5089 0.8870
v  3.6968 1.4830 0.9718
v  3.8801 1.4194 0.9301
v  3.6810 1.3829 1.0080
v  3.8642 1.3237 0.9647
v  3.6662 1.2889 1.0317
v  3.8493 1.2339 0.9874
v  3.6505 1.1893 1.0469
v  3.8335 1.1387 1.0020
v  3.6340 1.0845 1.0523
v  3.8168 1.0385 1.0071
v  3.8007 0.9415 1.0023
v  4.0449 1.9989 -0.0000
v  4.0441 1.9942 0.0968
v  4.0419 1.9810 0.1888
v  4.0378 1.9566 0.2883
v  4.0326 1.9259 0.3758
v  4.0252 1.8821 0.4697
v  4.0174 1.8359 0.5479
v  4.0073 1.7760 0.6299
v  3.9969 1.7144 0.6989
v  3.9845 1.6413 0.7662
v  3.9717 1.5656 0.8232
v  3.9580 1.4845 0.8727
v  3.9431 1.3965 0.9151
v  3.9272 1.3024 0.9491
v  3.9123 1.2141 0.9714
v  3.8965 1.1204 0.9857
v  3.8798 1.0220 0.9908
v  3.8637 0.9265 0.9860
v  3.7854 0.8492 0.9886
v  3.8484 0.8358 0.9726
v  3.7688 0.7494 0.9635
v  3.8318 0.7377 0.9479
v  3.7543 0.6617 0.9318
v  3.8172 0.6514 0.9168
v  3.7386 0.5675 0.8867
v  3.8016 0.5588 0.8724
v  3.7256 0.4891 0.8391
v  3.7886 0.4817 0.8255
v  3.7120 0.4069 0.7774
v  3.7749 0.4009 0.7648
v  3.7005 0.3377 0.7138
v  3.7634 0.3328 0.7023
v  3.6893 0.2702 0.6385
v  3.7522 0.2665 0.6282
v  3.6798 0.2131 0.5604
v  3.7427 0.2103 0.5514
v  3.6715 0.1634 0.4768
v  3.7344 0.1615 0.4691
v  3.6645 0.1210 0.3861
v  3.7274 0.1197 0.3799
v  3.6588 0.0869 0.2891
v  3.7217 0.0862 0.2845
v  3.6551 0.0644 0.1981
v  3.7180 0.0641 0.1949
v  3.6527 0.0501 0.1015
v  3.7156 0.0500 0.0999
v  3.6519 0.0450 -0.0000
v  3.7148 0.0450 -0.0000
v  4.1833 1.9183 0.0931
v  4.1841 1.9228 -0.0000
v  4.1811 1.9056 0.1816
v  4.1770 1.8821 0.2774
v  4.1718 1.8526 0.3615
v  4.1644 1.8105 0.4519
v  4.1566 1.7662 0.5271
v  4.1465 1.7086 0.6060
v  4.1361 1.6494 0.6724
v  4.1238 1.5791 0.7371
v  4.1111 1.5064 0.7920
v  4.0974 1.4284 0.8396
v  4.0826 1.3439 0.8803
v  4.0667 1.2534 0.9131
v  4.0518 1.1686 0.9346
v  4.0360 1.0785 0.9483
v  4.0194 0.9839 0.9532
v  4.0033 0.8922 0.9486
v  3.9880 0.8050 0.9357
v  3.9715 0.7107 0.9119
v  3.9570 0.6278 0.8820
v  3.9413 0.5388 0.8393
v  3.9284 0.4647 0.7942
v  3.9147 0.3870 0.7358
v  3.9033 0.3216 0.6756
v  3.8921 0.2578 0.6043
v  3.8826 0.2038 0.5304
v  3.8744 0.1569 0.4513
v  3.8673 0.1168 0.3655
v  3.8617 0.0846 0.2737
v  3.8580 0.0634 0.1875
v  3.8556 0.0498 0.0961
v  3.8547 0.0450 -0.0000
v  4.2649 1.8765 -0.0000
v  4.2641 1.8721 0.0909
v  4.2619 1.8597 0.1772
v  4.2578 1.8369 0.2707
v  4.2526 1.8081 0.3528
v  4.2453 1.7671 0.4411
v  4.2375 1.7238 0.5144
v  4.2275 1.6676 0.5915
v  4.2171 1.6099 0.6562
v  4.2049 1.5414 0.7194
v  4.1921 1.4704 0.7730
v  4.1785 1.3944 0.8194
v  4.1638 1.3119 0.8592
v  4.1480 1.2237 0.8911
v  4.1331 1.1409 0.9121
v  4.1174 1.0531 0.9256
v  4.1009 0.9608 0.9303
v  4.0849 0.8713 0.9259
v  4.0696 0.7863 0.9133
v  4.0532 0.6943 0.8900
v  4.0387 0.6135 0.8608
v  4.0231 0.5266 0.8191
v  4.0102 0.4544 0.7751
v  3.9966 0.3786 0.7181
v  3.9852 0.3148 0.6594
v  3.9741 0.2526 0.5898
v  3.9646 0.1999 0.5177
v  3.9564 0.1542 0.4405
v  3.9494 0.1150 0.3567
v  3.9438 0.0836 0.2671
v  3.9401 0.0629 0.1830
v  3.9377 0.0497 0.0938
v  3.9369 0.0450 -0.0000
v  4.3817 1.8024 0.0875
v  4.3825 1.8066 -0.0000
v  4.3795 1.7905 0.1706
v  4.3755 1.7685 0.2606
v  4.3703 1.7408 0.3397
v  4.3631 1.7013 0.4246
v  4.3554 1.6597 0.4953
v  4.3454 1.6057 0.5694
v  4.3352 1.5501 0.6318
v  4.3230 1.4842 0.6926
v  4.3104 1.4159 0.7441
v  4.2970 1.3428 0.7889
v  4.2823 1.2635 0.8272
v  4.2667 1.1787 0.8579
v  4.2520 1.0990 0.8781
v  4.2364 1.0146 0.8911
v  4.2201 0.9258 0.8956
v  4.2042 0.8398 0.8913
v  4.1891 0.7580 0.8792
v  4.1728 0.6695 0.8569
v  4.1584 0.5917 0.8287
v  4.1430 0.5082 0.7886
v  4.1302 0.4388 0.7462
v  4.1168 0.3658 0.6913
v  4.1055 0.3045 0.6348
v  4.0944 0.2447 0.5678
v  4.0851 0.1940 0.4984
v  4.0770 0.1500 0.4241
v  4.0700 0.1123 0.3434
v  4.0645 0.0821 0.2571
v  4.0608 0.0622 0.1762
v  4.0585 0.0495 0.0903
v  4.0576 0.0450 -0.0000
v  4.5036 1.7314 -0.0000
v  4.5028 1.7274 0.0838
v  4.5007 1.7160 0.1635
v  4.4967 1.6950 0.2498
v  4.4916 1.6684 0.3255
v  4.4845 1.6307 0.4069
v  4.4769 1.5908 0.4746
v  4.4671 1.5391 0.5457
v  4.4570 1.4859 0.6054
v  4.4450 1.4228 0.6637
v  4.4326 1.3575 0.7131
v  4.4193 1.2875 0.7560
v  4.4049 1.2115 0.7927
v  4.3895 1.1303 0.8221
v  4.3750 1.0541 0.8415
v  4.3596 0.9732 0.8539
v  4.3435 0.8882 0.8583
v  4.3279 0.8059 0.8542
v  4.3130 0.7276 0.8426
v  4.2969 0.6429 0.8211
v  4.2828 0.5684 0.7941
v  4.2676 0.4885 0.7557
v  4.2550 0.4220 0.7151
v  4.2417 0.3522 0.6625
v  4.2306 0.2934 0.6084
v  4.2197 0.2362 0.5441
v  4.2105 0.1877 0.4776
v  4.2025 0.1455 0.4064
v  4.1956 0.1095 0.3291
v  4.1902 0.0805 0.2464
v  4.1865 0.0615 0.1688
v  4.1842 0.0493 0.0865
v  4.1834 0.0450 -0.0000
v  4.5988 1.0439 0.7580
v  4.6137 1.1187 0.7308
v  4.5848 0.9738 0.7759
v  4.5700 0.8994 0.7873
v  4.5544 0.8211 0.7913
v  4.5394 0.7453 0.7875
v  4.5250 0.6733 0.7768
v  4.5095 0.5953 0.7571
v  4.4958 0.5268 0.7322
v  4.4812 0.4532 0.6967
v  4.4690 0.3920 0.6593
v  4.4562 0.3277 0.6108
v  4.4455 0.2737 0.5609
v  4.4350 0.2209 0.5017
v  4.4261 0.1763 0.4404
v  4.4183 0.1375 0.3747
v  4.4117 0.1043 0.3034
v  4.4064 0.0777 0.2272
v  4.4029 0.0602 0.1556
v  4.4007 0.0490 0.0798
v  4.3999 0.0450 -0.0000
v  4.5869 0.6569 0.7570
v  4.6010 0.7271 0.7674
v  4.5715 0.5809 0.7377
v  4.5581 0.5142 0.7135
v  4.5436 0.4425 0.6789
v  4.5316 0.3829 0.6425
v  4.5189 0.3204 0.5952
v  4.5083 0.2677 0.5466
v  4.4980 0.2164 0.4889
v  4.4892 0.1729 0.4291
v  4.4816 0.1351 0.3651
v  4.4750 0.1028 0.2957
v  4.4698 0.0769 0.2214
v  4.4664 0.0598 0.1517
v  4.4642 0.0489 0.0777
v  4.4634 0.0450 -0.0000
v  3.5672 0.0450 -0.0000
v  3.5672 0.0491 0.0919
v  3.5672 0.0612 0.1830
v  3.5672 0.0814 0.2730
v  3.5672 0.1094 0.3608
v  3.5672 0.1474 0.4509
v  3.5672 0.1935 0.5371
v  3.5672 0.2475 0.6189
v  3.5672 0.3088 0.6955
v  3.5672 0.3854 0.7742
v  3.5672 0.4697 0.8450
v  3.5672 0.5608 0.9068
v  3.5672 0.6574 0.9593
v  3.5672 0.7144 0.9847
v  3.5672 0.7728 1.0068
v  3.5672 0.8322 1.0256
v  3.5672 0.8925 1.0411
v  3.5672 0.9534 1.0531
v  3.5672 1.0149 1.0618
v  3.5672 1.0766 1.0669
v  3.5672 1.1385 1.0687
v  3.5672 1.2007 1.0670
v  3.5672 1.2627 1.0619
v  3.5672 1.3243 1.0533
v  3.5672 1.3853 1.0413
v  3.5672 1.4455 1.0259
v  3.5672 1.5046 1.0072
v  3.5672 1.5627 0.9852
v  3.5672 1.6194 0.9599
v  3.5672 1.7161 0.9075
v  3.5672 1.8070 0.8456
v  3.5672 1.8912 0.7749
v  3.5672 1.9678 0.6960
v  3.5672 2.0288 0.6195
v  3.5672 2.0825 0.5378
v  3.5672 2.1286 0.4514
v  3.5672 2.1665 0.3612
v  3.5672 2.1944 0.2734
v  3.5672 2.2145 0.1835
v  3.5672 2.2266 0.0921
v  3.5672 2.2307 -0.0000
v  4.6417 1.6421 -0.0000
v  4.6417 1.6385 0.0724
v  4.6417 1.6278 0.1441
v  4.6417 1.6102 0.2144
v  4.6417 1.5857 0.2826
v  4.6417 1.5537 0.3501
v  4.6417 1.5152 0.4141
v  4.6417 1.4706 0.4739
v  4.6417 1.4204 0.5292
v  4.6417 1.3623 0.5817
v  4.6417 1.2992 0.6283
v  4.6417 1.2319 0.6684
v  4.6417 1.1610 0.7018
v  4.6417 1.0845 0.7290
v  4.6417 1.0056 0.7486
v  4.6417 0.9252 0.7604
v  4.6417 0.8439 0.7642
v  4.6417 0.7630 0.7602
v  4.6417 0.6828 0.7483
v  4.6417 0.6040 0.7286
v  4.6417 0.5276 0.7013
v  4.6417 0.4566 0.6679
v  4.6417 0.3892 0.6278
v  4.6417 0.3260 0.5813
v  4.6417 0.2677 0.5287
v  4.6417 0.2174 0.4736
v  4.6417 0.1727 0.4138
v  4.6417 0.1340 0.3500
v  4.6417 0.1019 0.2826
v  4.6417 0.0772 0.2144
v  4.6417 0.0594 0.1440
v  4.6417 0.0486 0.0724
v  4.6417 0.0450 -0.0000
# 326 vertices

vn 0.4339 0.8998 0.0460
vn 0.4336 0.8963 0.0924
vn 0.4546 0.8859 0.0921
vn 0.4551 0.8892 0.0466
vn 0.4315 0.8831 0.1843
vn 0.4515 0.8731 0.1839
vn 0.4269 0.8610 0.2765
vn 0.4465 0.8514 0.2752
vn 0.4202 0.8305 0.3657
vn 0.4394 0.8211 0.3644
vn 0.4114 0.7914 0.4521
vn 0.4304 0.7825 0.4500
vn 0.4008 0.7452 0.5329
vn 0.4196 0.7363 0.5308
vn 0.3885 0.6911 0.6095
vn 0.4070 0.6828 0.6068
vn 0.3749 0.6304 0.6798
vn 0.3928 0.6222 0.6772
vn 0.3600 0.5625 0.7443
vn 0.3770 0.5551 0.7414
vn 0.3441 0.4895 0.8012
vn 0.3598 0.4825 0.7986
vn 0.3286 0.4118 0.8500
vn 0.3415 0.4049 0.8482
vn 0.3112 0.3258 0.8927
vn 0.3216 0.3210 0.8908
vn 0.2916 0.2378 0.9265
vn 0.3008 0.2335 0.9247
vn 0.2722 0.1502 0.9505
vn 0.2798 0.1457 0.9489
vn 0.2525 0.0590 0.9658
vn 0.2581 0.0554 0.9645
vn 0.2308 -0.0414 0.9721
vn 0.2357 -0.0382 0.9711
vn 0.2134 -0.1299 0.9683
vn 0.4717 0.8806 0.0464
vn 0.4711 0.8773 0.0917
vn 0.4681 0.8646 0.1829
vn 0.4628 0.8431 0.2739
vn 0.4555 0.8130 0.3626
vn 0.4463 0.7748 0.4479
vn 0.4351 0.7290 0.5284
vn 0.4222 0.6759 0.6041
vn 0.4075 0.6159 0.6743
vn 0.3912 0.5493 0.7384
vn 0.3735 0.4772 0.7955
vn 0.3545 0.4001 0.8451
vn 0.3339 0.3167 0.8878
vn 0.3124 0.2298 0.9217
vn 0.2906 0.1425 0.9462
vn 0.2682 0.0526 0.9619
vn 0.2449 -0.0406 0.9687
vn 0.2218 -0.1326 0.9660
vn 0.1932 -0.2219 0.9557
vn 0.1988 -0.2238 0.9541
vn 0.1712 -0.3138 0.9339
vn 0.1758 -0.3148 0.9327
vn 0.1499 -0.4025 0.9031
vn 0.1532 -0.4038 0.9019
vn 0.1285 -0.4885 0.8630
vn 0.1315 -0.4893 0.8621
vn 0.1090 -0.5689 0.8151
vn 0.1109 -0.5700 0.8142
vn 0.0905 -0.6452 0.7586
vn 0.0915 -0.6457 0.7581
vn 0.0732 -0.7151 0.6951
vn 0.0735 -0.7158 0.6945
vn 0.0580 -0.7792 0.6241
vn 0.0571 -0.7795 0.6238
vn 0.0438 -0.8356 0.5476
vn 0.0425 -0.8359 0.5472
vn 0.0318 -0.8843 0.4658
vn 0.0300 -0.8846 0.4654
vn 0.0215 -0.9258 0.3775
vn 0.0192 -0.9260 0.3771
vn 0.0131 -0.9584 0.2850
vn 0.0108 -0.9584 0.2851
vn 0.0068 -0.9811 0.1934
vn 0.0049 -0.9812 0.1930
vn 0.0030 -0.9951 0.0985
vn 0.0013 -0.9951 0.0984
vn 0.0015 -0.9988 0.0483
vn -0.0000 -0.9988 0.0498
vn 0.4873 0.8685 0.0913
vn 0.4878 0.8717 0.0462
vn 0.4841 0.8559 0.1822
vn 0.4787 0.8345 0.2727
vn 0.4712 0.8047 0.3611
vn 0.4616 0.7668 0.4461
vn 0.4501 0.7214 0.5263
vn 0.4367 0.6687 0.6018
vn 0.4216 0.6091 0.6718
vn 0.4047 0.5430 0.7358
vn 0.3864 0.4713 0.7928
vn 0.3668 0.3947 0.8424
vn 0.3456 0.3119 0.8850
vn 0.3233 0.2254 0.9191
vn 0.3009 0.1386 0.9435
vn 0.2777 0.0491 0.9594
vn 0.2536 -0.0436 0.9663
vn 0.2297 -0.1352 0.9638
vn 0.2059 -0.2260 0.9521
vn 0.1821 -0.3167 0.9309
vn 0.1587 -0.4054 0.9003
vn 0.1362 -0.4906 0.8607
vn 0.1149 -0.5710 0.8129
vn 0.0948 -0.6465 0.7570
vn 0.0762 -0.7164 0.6935
vn 0.0592 -0.7800 0.6230
vn 0.0441 -0.8363 0.5466
vn 0.0310 -0.8848 0.4649
vn 0.0199 -0.9261 0.3767
vn 0.0112 -0.9585 0.2848
vn 0.0051 -0.9812 0.1928
vn 0.0013 -0.9952 0.0983
vn -0.0000 -0.9988 0.0497
vn 0.5033 0.8629 0.0459
vn 0.5028 0.8596 0.0908
vn 0.4995 0.8471 0.1813
vn 0.4940 0.8260 0.2714
vn 0.4863 0.7965 0.3594
vn 0.4764 0.7589 0.4440
vn 0.4646 0.7139 0.5239
vn 0.4509 0.6616 0.5991
vn 0.4353 0.6025 0.6689
vn 0.4180 0.5369 0.7328
vn 0.3992 0.4658 0.7897
vn 0.3790 0.3897 0.8393
vn 0.3571 0.3074 0.8820
vn 0.3342 0.2215 0.9161
vn 0.3111 0.1351 0.9407
vn 0.2872 0.0461 0.9568
vn 0.2623 -0.0461 0.9639
vn 0.2376 -0.1374 0.9616
vn 0.2130 -0.2279 0.9501
vn 0.1885 -0.3182 0.9291
vn 0.1643 -0.4066 0.8987
vn 0.1410 -0.4916 0.8593
vn 0.1189 -0.5718 0.8117
vn 0.0982 -0.6472 0.7560
vn 0.0789 -0.7169 0.6927
vn 0.0613 -0.7803 0.6224
vn 0.0457 -0.8365 0.5461
vn 0.0321 -0.8850 0.4645
vn 0.0206 -0.9262 0.3764
vn 0.0116 -0.9586 0.2846
vn 0.0052 -0.9813 0.1926
vn 0.5179 0.8506 0.0904
vn 0.5185 0.8538 0.0457
vn 0.5146 0.8382 0.1804
vn 0.5089 0.8173 0.2701
vn 0.5010 0.7881 0.3577
vn 0.4909 0.7508 0.4420
vn 0.4788 0.7062 0.5216
vn 0.4647 0.6543 0.5966
vn 0.4487 0.5957 0.6663
vn 0.4309 0.5305 0.7300
vn 0.4115 0.4599 0.7868
vn 0.3908 0.3844 0.8364
vn 0.3683 0.3026 0.8791
vn 0.3447 0.2172 0.9132
vn 0.3209 0.1313 0.9380
vn 0.2962 0.0428 0.9542
vn 0.2706 -0.0491 0.9614
vn 0.2452 -0.1399 0.9593
vn 0.2199 -0.2300 0.9480
vn 0.1945 -0.3200 0.9272
vn 0.1696 -0.4081 0.8971
vn 0.1456 -0.4928 0.8579
vn 0.1228 -0.5728 0.8105
vn 0.1014 -0.6479 0.7549
vn 0.0814 -0.7175 0.6918
vn 0.0633 -0.7808 0.6216
vn 0.0471 -0.8368 0.5454
vn 0.0332 -0.8852 0.4640
vn 0.0213 -0.9264 0.3760
vn 0.0120 -0.9587 0.2843
vn 0.0054 -0.9813 0.1925
vn 0.0014 -0.9952 0.0982
vn -0.0000 -0.9988 0.0496
vn 0.5341 0.8442 0.0450
vn 0.5334 0.8411 0.0899
vn 0.5296 0.8291 0.1793
vn 0.5235 0.8084 0.2690
vn 0.5153 0.7795 0.3560
vn 0.5051 0.7423 0.4403
vn 0.4929 0.6981 0.5193
vn 0.4786 0.6464 0.5942
vn 0.4626 0.5882 0.6633
vn 0.4445 0.5234 0.7269
vn 0.4250 0.4533 0.7835
vn 0.4049 0.3774 0.8328
vn 0.3817 0.2968 0.8753
vn 0.3573 0.2121 0.9096
vn 0.3327 0.1268 0.9345
vn 0.3072 0.0389 0.9508
vn 0.2807 -0.0524 0.9584
vn 0.2544 -0.1428 0.9565
vn 0.2282 -0.2324 0.9455
vn 0.2019 -0.3220 0.9250
vn 0.1761 -0.4097 0.8951
vn 0.1511 -0.4942 0.8561
vn 0.1275 -0.5739 0.8090
vn 0.1053 -0.6488 0.7537
vn 0.0846 -0.7181 0.6908
vn 0.0657 -0.7812 0.6208
vn 0.0490 -0.8372 0.5447
vn 0.0345 -0.8854 0.4635
vn 0.0221 -0.9265 0.3756
vn 0.0124 -0.9587 0.2840
vn 0.0056 -0.9813 0.1923
vn 0.0014 -0.9952 0.0981
vn 0.3679 0.2062 0.9067
vn 0.3947 0.2991 0.8688
vn 0.3424 0.1216 0.9316
vn 0.3155 0.0340 0.9483
vn 0.2933 -0.0603 0.9541
vn 0.2629 -0.1467 0.9536
vn 0.2358 -0.2358 0.9428
vn 0.2086 -0.3250 0.9224
vn 0.1819 -0.4122 0.8927
vn 0.1562 -0.4962 0.8540
vn 0.1318 -0.5756 0.8071
vn 0.1088 -0.6501 0.7520
vn 0.0874 -0.7192 0.6893
vn 0.0679 -0.7821 0.6195
vn 0.0506 -0.8378 0.5437
vn 0.0356 -0.8859 0.4626
vn 0.0229 -0.9268 0.3749
vn 0.0128 -0.9589 0.2835
vn 0.0058 -0.9814 0.1919
vn 0.0015 -0.9952 0.0979
vn -0.0000 -0.9988 0.0495
vn 0.2389 -0.2375 0.9415
vn 0.2697 -0.1422 0.9524
vn 0.2107 -0.3269 0.9213
vn 0.1836 -0.4133 0.8919
vn 0.1573 -0.4976 0.8530
vn 0.1329 -0.5763 0.8064
vn 0.1095 -0.6510 0.7511
vn 0.0881 -0.7196 0.6887
vn 0.0682 -0.7825 0.6189
vn 0.0508 -0.8381 0.5432
vn 0.0357 -0.8861 0.4622
vn 0.0227 -0.9269 0.3747
vn 0.0126 -0.9590 0.2831
vn 0.0058 -0.9814 0.1917
vn 0.0015 -0.9952 0.0978
vn 0.0000 -0.9990 0.0441
vn 0.0003 -0.9962 0.0867
vn 0.0016 -0.9845 0.1751
vn 0.0055 -0.9650 0.2621
vn 0.0125 -0.9378 0.3469
vn 0.0203 -0.9014 0.4325
vn 0.0308 -0.8570 0.5143
vn 0.0433 -0.8055 0.5910
vn 0.0575 -0.7458 0.6637
vn 0.0736 -0.6748 0.7344
vn 0.0934 -0.5960 0.7975
vn 0.1137 -0.5114 0.8518
vn 0.1350 -0.4329 0.8913
vn 0.1518 -0.3722 0.9157
vn 0.1632 -0.3213 0.9328
vn 0.1761 -0.2671 0.9474
vn 0.1882 -0.2131 0.9587
vn 0.2124 -0.1459 0.9662
vn 0.2618 -0.1206 0.9576
vn 0.2208 -0.0566 0.9737
vn 0.2359 0.0047 0.9718
vn 0.2417 0.0553 0.9688
vn 0.2557 0.1096 0.9605
vn 0.2660 0.1647 0.9498
vn 0.2767 0.2132 0.9370
vn 0.2903 0.2685 0.9185
vn 0.2983 0.3143 0.9013
vn 0.3095 0.3658 0.8777
vn 0.3196 0.4220 0.8484
vn 0.3349 0.4951 0.8017
vn 0.3510 0.5693 0.7434
vn 0.3647 0.6374 0.6787
vn 0.3775 0.6979 0.6086
vn 0.3873 0.7475 0.5397
vn 0.3950 0.7911 0.4670
vn 0.4020 0.8277 0.3915
vn 0.4075 0.8577 0.3135
vn 0.4126 0.8798 0.2359
vn 0.4160 0.8955 0.1579
vn 0.4189 0.9046 0.0787
vn 0.4198 0.9067 0.0399
vn 0.5428 0.8388 0.0415
vn 0.5427 0.8358 0.0830
vn 0.5406 0.8248 0.1660
vn 0.5363 0.8071 0.2470
vn 0.5303 0.7820 0.3274
vn 0.5216 0.7503 0.4062
vn 0.5113 0.7113 0.4824
vn 0.4983 0.6663 0.5547
vn 0.4841 0.6142 0.6232
vn 0.4673 0.5548 0.6884
vn 0.4488 0.4890 0.7480
vn 0.4188 0.4070 0.8117
vn 0.3090 0.3911 0.8669
vn 0.3880 0.2575 0.8850
vn 0.3681 0.1717 0.9138
vn 0.3420 0.0823 0.9361
vn 0.3074 -0.0212 0.9513
vn 0.2385 -0.0746 0.9683
vn 0.2601 -0.1951 0.9457
vn 0.2307 -0.2889 0.9291
vn 0.2035 -0.3812 0.9018
vn 0.1749 -0.4686 0.8659
vn 0.1489 -0.5531 0.8197
vn 0.1228 -0.6327 0.7646
vn 0.0988 -0.7067 0.7006
vn 0.0770 -0.7721 0.6308
vn 0.0580 -0.8306 0.5538
vn 0.0409 -0.8816 0.4703
vn 0.0266 -0.9239 0.3818
vn 0.0157 -0.9568 0.2902
vn 0.0076 -0.9808 0.1949
vn 0.0020 -0.9952 0.0980
vn 0.0001 -0.9988 0.0497
# 322 vertex normals

vt 0.5000 0.2158 0.6662
vt 0.3302 0.2159 0.6648
vt 0.3375 0.2021 0.6393
vt 0.5000 0.2020 0.6406
vt 0.1689 0.2160 0.6609
vt 0.1831 0.2023 0.6355
vt 0.6609 0.2160 0.1689
vt 0.6537 0.2163 -0.0057
vt 0.6286 0.2026 0.0160
vt 0.6355 0.2023 0.1831
vt 0.6446 0.2167 -0.1592
vt 0.6199 0.2030 -0.1309
vt 0.6316 0.2173 -0.3239
vt 0.6074 0.2035 -0.2886
vt 0.6178 0.2179 -0.4610
vt 0.5943 0.2041 -0.4198
vt 0.6001 0.2186 -0.6049
vt 0.5773 0.2049 -0.5575
vt 0.5818 0.2194 -0.7259
vt 0.5599 0.2056 -0.6733
vt 0.5601 0.2203 -0.8440
vt 0.5391 0.2066 -0.7863
vt 0.5376 0.2213 -0.9440
vt 0.5176 0.2075 -0.8820
vt 0.5135 0.2223 -1.0308
vt 0.4946 0.2085 -0.9651
vt 0.4874 0.2234 -1.1051
vt 0.4697 0.2097 -1.0362
vt 0.4595 0.2246 -1.1648
vt 0.4430 0.2108 -1.0933
vt 0.4332 0.2257 -1.2040
vt 0.4179 0.2120 -1.1308
vt 0.4054 0.2268 -1.2291
vt 0.3913 0.2131 -1.1548
vt 0.3762 0.2281 -1.2379
vt 0.3634 0.2144 -1.1633
vt 0.3363 0.2156 -1.1554
vt 0.5000 0.1973 0.6313
vt 0.3402 0.1974 0.6300
vt 0.1882 0.1975 0.6263
vt 0.6263 0.1975 0.1882
vt 0.6195 0.1979 0.0238
vt 0.6110 0.1982 -0.1207
vt 0.5988 0.1988 -0.2758
vt 0.5859 0.1994 -0.4049
vt 0.5692 0.2001 -0.5404
vt 0.5520 0.2009 -0.6543
vt 0.5316 0.2018 -0.7655
vt 0.5104 0.2028 -0.8596
vt 0.4878 0.2038 -0.9413
vt 0.4633 0.2049 -1.0113
vt 0.4370 0.2061 -1.0675
vt 0.4124 0.2072 -1.1044
vt 0.3862 0.2084 -1.1280
vt 0.3588 0.2097 -1.1364
vt 0.3321 0.2109 -1.1286
vt 0.3106 0.2167 -1.1328
vt 0.3068 0.2120 -1.1064
vt 0.2827 0.2180 -1.0913
vt 0.2794 0.2133 -1.0656
vt 0.2582 0.2191 -1.0390
vt 0.2554 0.2144 -1.0141
vt 0.2320 0.2202 -0.9645
vt 0.2295 0.2155 -0.9408
vt 0.2101 0.2212 -0.8859
vt 0.2080 0.2165 -0.8634
vt 0.1871 0.2222 -0.7839
vt 0.1855 0.2175 -0.7631
vt 0.1678 0.2231 -0.6790
vt 0.1665 0.2184 -0.6599
vt 0.1490 0.2239 -0.5545
vt 0.1480 0.2192 -0.5375
vt 0.1331 0.2246 -0.4256
vt 0.1323 0.2199 -0.4106
vt 0.1192 0.2253 -0.2875
vt 0.1187 0.2206 -0.2748
vt 0.1074 0.2258 -0.1378
vt 0.1070 0.2211 -0.1274
vt 0.0978 0.2262 0.0225
vt 0.0976 0.2215 0.0302
vt 0.0916 0.2265 0.1729
vt 0.0915 0.2218 0.1782
vt 0.8218 0.2218 0.0915
vt 0.8271 0.2265 0.0916
vt 0.6677 0.2267 0.0876
vt 0.6650 0.2220 0.0876
vt 0.5000 0.2267 0.0862
vt 0.5000 0.2220 0.0862
vt 0.3462 0.1870 0.6088
vt 0.5000 0.1869 0.6101
vt 0.2001 0.1871 0.6053
vt 0.5988 0.1874 0.0419
vt 0.6053 0.1871 0.2001
vt 0.5905 0.1878 -0.0971
vt 0.5788 0.1884 -0.2464
vt 0.5664 0.1890 -0.3705
vt 0.5503 0.1897 -0.5009
vt 0.5338 0.1905 -0.6105
vt 0.5142 0.1914 -0.7175
vt 0.4939 0.1924 -0.8080
vt 0.4722 0.1934 -0.8867
vt 0.4486 0.1945 -0.9540
vt 0.4233 0.1957 -1.0080
vt 0.3997 0.1968 -1.0435
vt 0.3745 0.1980 -1.0663
vt 0.3481 0.1992 -1.0743
vt 0.3225 0.2004 -1.0668
vt 0.2982 0.2016 -1.0455
vt 0.2719 0.2028 -1.0062
vt 0.2488 0.2039 -0.9567
vt 0.2239 0.2051 -0.8861
vt 0.2033 0.2060 -0.8117
vt 0.1816 0.2071 -0.7152
vt 0.1633 0.2079 -0.6159
vt 0.1455 0.2088 -0.4981
vt 0.1305 0.2095 -0.3761
vt 0.1174 0.2101 -0.2454
vt 0.1062 0.2106 -0.1036
vt 0.0972 0.2110 0.0480
vt 0.0913 0.2113 0.1904
vt 0.6587 0.2115 0.0875
vt 0.8096 0.2113 0.0913
vt 0.5000 0.2116 0.0862
vt 0.5000 0.1809 0.5972
vt 0.3499 0.1809 0.5960
vt 0.2073 0.1811 0.5925
vt 0.5925 0.1811 0.2073
vt 0.5861 0.1814 0.0529
vt 0.5781 0.1818 -0.0828
vt 0.5667 0.1823 -0.2285
vt 0.5546 0.1829 -0.3496
vt 0.5389 0.1837 -0.4769
vt 0.5228 0.1844 -0.5838
vt 0.5037 0.1854 -0.6882
vt 0.4839 0.1863 -0.7766
vt 0.4627 0.1873 -0.8534
vt 0.4397 0.1884 -0.9191
vt 0.4150 0.1896 -0.9718
vt 0.3919 0.1907 -1.0065
vt 0.3674 0.1919 -1.0287
vt 0.3417 0.1931 -1.0365
vt 0.3167 0.1943 -1.0292
vt 0.2930 0.1955 -1.0084
vt 0.2673 0.1967 -0.9700
vt 0.2448 0.1978 -0.9217
vt 0.2205 0.1990 -0.8528
vt 0.2004 0.1999 -0.7802
vt 0.1792 0.2009 -0.6860
vt 0.1614 0.2018 -0.5891
vt 0.1441 0.2026 -0.4741
vt 0.1294 0.2033 -0.3550
vt 0.1166 0.2039 -0.2275
vt 0.1057 0.2045 -0.0891
vt 0.0969 0.2049 0.0589
vt 0.0912 0.2052 0.1978
vt 0.6549 0.2053 0.0875
vt 0.8022 0.2052 0.0912
vt 0.5000 0.2054 0.0862
vt 0.3555 0.1721 0.5765
vt 0.5000 0.1721 0.5777
vt 0.2182 0.1723 0.5732
vt 0.5670 0.1726 0.0695
vt 0.5732 0.1723 0.2182
vt 0.5593 0.1730 -0.0610
vt 0.5483 0.1735 -0.2013
vt 0.5367 0.1741 -0.3180
vt 0.5216 0.1748 -0.4404
vt 0.5061 0.1756 -0.5434
vt 0.4877 0.1765 -0.6439
vt 0.4687 0.1775 -0.7290
vt 0.4483 0.1785 -0.8029
vt 0.4262 0.1796 -0.8662
vt 0.4025 0.1807 -0.9170
vt 0.3803 0.1818 -0.9503
vt 0.3567 0.1830 -0.9717
vt 0.3319 0.1842 -0.9792
vt 0.3079 0.1854 -0.9722
vt 0.2851 0.1865 -0.9521
vt 0.2604 0.1878 -0.9152
vt 0.2387 0.1888 -0.8687
vt 0.2154 0.1900 -0.8024
vt 0.1960 0.1909 -0.7325
vt 0.1757 0.1919 -0.6418
vt 0.1586 0.1928 -0.5485
vt 0.1419 0.1936 -0.4378
vt 0.1277 0.1943 -0.3232
vt 0.1155 0.1949 -0.2004
vt 0.1050 0.1954 -0.0672
vt 0.0965 0.1959 0.0753
vt 0.0910 0.1961 0.2091
vt 0.6491 0.1963 0.0874
vt 0.7909 0.1961 0.0910
vt 0.5000 0.1964 0.0862
vt 0.5000 0.1630 0.5567
vt 0.3615 0.1631 0.5556
vt 0.2299 0.1632 0.5524
vt 0.5465 0.1635 0.0875
vt 0.5524 0.1632 0.2299
vt 0.5391 0.1639 -0.0376
vt 0.5286 0.1644 -0.1720
vt 0.5175 0.1650 -0.2839
vt 0.5030 0.1657 -0.4012
vt 0.4882 0.1665 -0.4999
vt 0.4706 0.1674 -0.5962
vt 0.4524 0.1683 -0.6778
vt 0.4328 0.1693 -0.7486
vt 0.4117 0.1704 -0.8092
vt 0.3890 0.1715 -0.8578
vt 0.3677 0.1726 -0.8898
vt 0.3452 0.1738 -0.9103
vt 0.3214 0.1750 -0.9175
vt 0.2985 0.1761 -0.9107
vt 0.2766 0.1773 -0.8916
vt 0.2530 0.1785 -0.8562
vt 0.2322 0.1795 -0.8116
vt 0.2099 0.1807 -0.7481
vt 0.1913 0.1816 -0.6811
vt 0.1719 0.1826 -0.5942
vt 0.1555 0.1834 -0.5048
vt 0.1395 0.1842 -0.3987
vt 0.1260 0.1849 -0.2888
vt 0.1142 0.1855 -0.1712
vt 0.1042 0.1860 -0.0435
vt 0.0961 0.1865 0.0930
vt 0.0908 0.1867 0.2212
vt 0.6429 0.1869 0.0874
vt 0.7788 0.1867 0.0908
vt 0.5000 0.1870 0.0862
vt 0.3649 0.1559 -0.7519
vt 0.3857 0.1548 -0.7071
vt 0.3453 0.1569 -0.7814
vt 0.3245 0.1580 -0.8003
vt 0.3027 0.1592 -0.8069
vt 0.2816 0.1603 -0.8007
vt 0.2615 0.1614 -0.7830
vt 0.2397 0.1626 -0.7504
vt 0.2206 0.1636 -0.7093
vt 0.2001 0.1647 -0.6507
vt 0.1830 0.1656 -0.5889
vt 0.1650 0.1665 -0.5088
vt 0.1500 0.1673 -0.4264
vt 0.1353 0.1681 -0.3286
vt 0.1228 0.1688 -0.2273
vt 0.1120 0.1694 -0.1188
vt 0.1027 0.1699 -0.0011
vt 0.0953 0.1703 0.1248
vt 0.0904 0.1705 0.2429
vt 0.7571 0.1705 0.0904
vt 0.6317 0.1707 0.0873
vt 0.5000 0.1708 0.0862
vt 0.2569 0.1568 -0.7503
vt 0.2765 0.1557 -0.7675
vt 0.2357 0.1579 -0.7185
vt 0.2171 0.1589 -0.6784
vt 0.1971 0.1600 -0.6213
vt 0.1804 0.1609 -0.5611
vt 0.1630 0.1618 -0.4831
vt 0.1483 0.1626 -0.4027
vt 0.1340 0.1634 -0.3075
vt 0.1218 0.1641 -0.2087
vt 0.1113 0.1646 -0.1030
vt 0.1023 0.1651 0.0117
vt 0.0950 0.1655 0.1343
vt 0.0903 0.1658 0.2495
vt 0.6284 0.1659 0.0872
vt 0.7505 0.1658 0.0903
vt 0.5000 0.1660 0.0862
vt 0.5000 0.2331 0.0862
vt 0.6517 0.2331 0.0873
vt 0.8023 0.2331 0.0907
vt 0.0907 0.2331 0.1977
vt 0.0963 0.2331 0.0492
vt 0.1041 0.2331 -0.0959
vt 0.1147 0.2331 -0.2447
vt 0.1276 0.2331 -0.3871
vt 0.1427 0.2331 -0.5221
vt 0.1598 0.2331 -0.6487
vt 0.1811 0.2331 -0.7787
vt 0.2047 0.2331 -0.8955
vt 0.2301 0.2331 -0.9977
vt 0.2570 0.2331 -1.0843
vt 0.2729 0.2331 -1.1263
vt 0.2892 0.2331 -1.1629
vt 0.3058 0.2331 -1.1939
vt 0.3226 0.2331 -1.2195
vt 0.3396 0.2331 -1.2394
vt 0.3568 0.2331 -1.2536
vt 0.3740 0.2331 -1.2622
vt 0.3913 0.2331 -1.2651
vt 0.4086 0.2331 -1.2623
vt 0.4259 0.2331 -1.2538
vt 0.4431 0.2331 -1.2396
vt 0.4601 0.2331 -1.2198
vt 0.4769 0.2331 -1.1944
vt 0.4934 0.2331 -1.1635
vt 0.5096 0.2331 -1.1271
vt 0.5254 0.2331 -1.0854
vt 0.5524 0.2331 -0.9989
vt 0.5778 0.2331 -0.8967
vt 0.6013 0.2331 -0.7799
vt 0.6227 0.2331 -0.6495
vt 0.6397 0.2331 -0.5232
vt 0.6547 0.2331 -0.3883
vt 0.6675 0.2331 -0.2456
vt 0.6781 0.2331 -0.0965
vt 0.6859 0.2331 0.0485
vt 0.6915 0.2331 0.1969
vt 0.1969 0.2331 0.6915
vt 0.3479 0.2331 0.6949
vt 0.5000 0.2331 0.6960
vt 0.5000 0.1527 0.5318
vt 0.3804 0.1527 0.5308
vt 0.2620 0.1527 0.5278
vt 0.5278 0.1527 0.2620
vt 0.5229 0.1527 0.1459
vt 0.5161 0.1527 0.0333
vt 0.5071 0.1527 -0.0782
vt 0.4964 0.1527 -0.1838
vt 0.4839 0.1527 -0.2827
vt 0.4699 0.1527 -0.3740
vt 0.4537 0.1527 -0.4608
vt 0.4361 0.1527 -0.5376
vt 0.4173 0.1527 -0.6039
vt 0.3976 0.1527 -0.6591
vt 0.3762 0.1527 -0.7041
vt 0.3542 0.1527 -0.7364
vt 0.3317 0.1527 -0.7558
vt 0.3091 0.1527 -0.7622
vt 0.2865 0.1527 -0.7555
vt 0.2641 0.1527 -0.7359
vt 0.2421 0.1527 -0.7034
vt 0.2208 0.1527 -0.6583
vt 0.2010 0.1527 -0.6031
vt 0.1822 0.1527 -0.5368
vt 0.1646 0.1527 -0.4600
vt 0.1483 0.1527 -0.3732
vt 0.1343 0.1527 -0.2821
vt 0.1218 0.1527 -0.1834
vt 0.1110 0.1527 -0.0780
vt 0.1020 0.1527 0.0332
vt 0.0951 0.1527 0.1459
vt 0.0902 0.1527 0.2621
vt 0.7379 0.1527 0.0902
vt 0.6195 0.1527 0.0872
vt 0.5000 0.1527 0.0862
# 345 texture coords

o Letrero009
g Letrero009
usemtl blanco
s 1
f 2171/2305/2219 2172/2306/2220 2173/2307/2221 2174/2308/2222 
f 2173/2307/2221 2172/2306/2220 2175/2309/2223 2176/2310/2224 
f 2175/2311/2223 2177/2312/2225 2178/2313/2226 2176/2314/2224 
f 2177/2312/2225 2179/2315/2227 2180/2316/2228 2178/2313/2226 
f 2180/2316/2228 2179/2315/2227 2181/2317/2229 2182/2318/2230 
f 2181/2317/2229 2183/2319/2231 2184/2320/2232 2182/2318/2230 
f 2183/2319/2231 2185/2321/2233 2186/2322/2234 2184/2320/2232 
f 2186/2322/2234 2185/2321/2233 2187/2323/2235 2188/2324/2236 
f 2187/2323/2235 2189/2325/2237 2190/2326/2238 2188/2324/2236 
f 2189/2325/2237 2191/2327/2239 2192/2328/2240 2190/2326/2238 
f 2192/2328/2240 2191/2327/2239 2193/2329/2241 2194/2330/2242 
f 2193/2329/2241 2195/2331/2243 2196/2332/2244 2194/2330/2242 
f 2195/2331/2243 2197/2333/2245 2198/2334/2246 2196/2332/2244 
f 2198/2334/2246 2197/2333/2245 2199/2335/2247 2200/2336/2248 
f 2199/2335/2247 2201/2337/2249 2202/2338/2250 2200/2336/2248 
f 2201/2337/2249 2203/2339/2251 2204/2340/2252 2202/2338/2250 
f 2203/2339/2251 2205/2341/2253 2204/2340/2252 
f 2206/2342/2254 2174/2308/2222 2173/2307/2221 2207/2343/2255 
f 2176/2310/2224 2208/2344/2256 2207/2343/2255 2173/2307/2221 
f 2208/2345/2256 2176/2314/2224 2178/2313/2226 2209/2346/2257 
f 2209/2346/2257 2178/2313/2226 2180/2316/2228 2210/2347/2258 
f 2180/2316/2228 2182/2318/2230 2211/2348/2259 2210/2347/2258 
f 2211/2348/2259 2182/2318/2230 2184/2320/2232 2212/2349/2260 
f 2212/2349/2260 2184/2320/2232 2186/2322/2234 2213/2350/2261 
f 2186/2322/2234 2188/2324/2236 2214/2351/2262 2213/2350/2261 
f 2214/2351/2262 2188/2324/2236 2190/2326/2238 2215/2352/2263 
f 2215/2352/2263 2190/2326/2238 2192/2328/2240 2216/2353/2264 
f 2192/2328/2240 2194/2330/2242 2217/2354/2265 2216/2353/2264 
f 2217/2354/2265 2194/2330/2242 2196/2332/2244 2218/2355/2266 
f 2218/2355/2266 2196/2332/2244 2198/2334/2246 2219/2356/2267 
f 2198/2334/2246 2200/2336/2248 2220/2357/2268 2219/2356/2267 
f 2220/2357/2268 2200/2336/2248 2202/2338/2250 2221/2358/2269 
f 2221/2358/2269 2202/2338/2250 2204/2340/2252 2222/2359/2270 
f 2204/2340/2252 2205/2341/2253 2223/2360/2271 2222/2359/2270 
f 2224/2361/2272 2225/2362/2273 2223/2360/2271 2205/2341/2253 
f 2226/2363/2274 2227/2364/2275 2225/2362/2273 2224/2361/2272 
f 2226/2363/2274 2228/2365/2276 2229/2366/2277 2227/2364/2275 
f 2228/2365/2276 2230/2367/2278 2231/2368/2279 2229/2366/2277 
f 2231/2368/2279 2230/2367/2278 2232/2369/2280 2233/2370/2281 
f 2232/2369/2280 2234/2371/2282 2235/2372/2283 2233/2370/2281 
f 2234/2371/2282 2236/2373/2284 2237/2374/2285 2235/2372/2283 
f 2237/2374/2285 2236/2373/2284 2238/2375/2286 2239/2376/2287 
f 2238/2375/2286 2240/2377/2288 2241/2378/2289 2239/2376/2287 
f 2240/2377/2288 2242/2379/2290 2243/2380/2291 2241/2378/2289 
f 2243/2380/2291 2242/2379/2290 2244/2381/2292 2245/2382/2293 
f 2244/2381/2292 2246/2383/2294 2247/2384/2295 2245/2382/2293 
f 2246/2383/2294 2248/2385/2296 2249/2386/2297 2247/2384/2295 
f 2249/2387/2297 2248/2388/2296 2250/2389/2298 2251/2390/2299 
f 2250/2389/2298 2252/2391/2300 2253/2392/2301 2251/2390/2299 
f 2254/2393/2302 2255/2394/2303 2206/2342/2254 2207/2343/2255 
f 2254/2393/2302 2207/2343/2255 2208/2344/2256 2256/2395/2304 
f 2208/2345/2256 2209/2346/2257 2257/2396/2305 2256/2397/2304 
f 2257/2396/2305 2209/2346/2257 2210/2347/2258 2258/2398/2306 
f 2210/2347/2258 2211/2348/2259 2259/2399/2307 2258/2398/2306 
f 2211/2348/2259 2212/2349/2260 2260/2400/2308 2259/2399/2307 
f 2260/2400/2308 2212/2349/2260 2213/2350/2261 2261/2401/2309 
f 2213/2350/2261 2214/2351/2262 2262/2402/2310 2261/2401/2309 
f 2214/2351/2262 2215/2352/2263 2263/2403/2311 2262/2402/2310 
f 2263/2403/2311 2215/2352/2263 2216/2353/2264 2264/2404/2312 
f 2216/2353/2264 2217/2354/2265 2265/2405/2313 2264/2404/2312 
f 2217/2354/2265 2218/2355/2266 2266/2406/2314 2265/2405/2313 
f 2266/2406/2314 2218/2355/2266 2219/2356/2267 2267/2407/2315 
f 2220/2357/2268 2268/2408/2316 2267/2407/2315 2219/2356/2267 
f 2268/2408/2316 2220/2357/2268 2221/2358/2269 2269/2409/2317 
f 2221/2358/2269 2222/2359/2270 2270/2410/2318 2269/2409/2317 
f 2223/2360/2271 2271/2411/2319 2270/2410/2318 2222/2359/2270 
f 2271/2411/2319 2223/2360/2271 2225/2362/2273 2272/2412/2320 
f 2227/2364/2275 2273/2413/2321 2272/2412/2320 2225/2362/2273 
f 2273/2413/2321 2227/2364/2275 2229/2366/2277 2274/2414/2322 
f 2229/2366/2277 2231/2368/2279 2275/2415/2323 2274/2414/2322 
f 2233/2370/2281 2276/2416/2324 2275/2415/2323 2231/2368/2279 
f 2276/2416/2324 2233/2370/2281 2235/2372/2283 2277/2417/2325 
f 2237/2374/2285 2278/2418/2326 2277/2417/2325 2235/2372/2283 
f 2239/2376/2287 2279/2419/2327 2278/2418/2326 2237/2374/2285 
f 2239/2376/2287 2241/2378/2289 2280/2420/2328 2279/2419/2327 
f 2241/2378/2289 2243/2380/2291 2281/2421/2329 2280/2420/2328 
f 2243/2380/2291 2245/2382/2293 2282/2422/2330 2281/2421/2329 
f 2245/2382/2293 2247/2384/2295 2283/2423/2331 2282/2422/2330 
f 2247/2384/2295 2249/2386/2297 2284/2424/2332 2283/2423/2331 
f 2249/2387/2297 2251/2390/2299 2285/2425/2333 2284/2426/2332 
f 2251/2390/2299 2253/2392/2301 2286/2427/2334 2285/2425/2333 
f 2287/2428/2335 2255/2394/2303 2254/2393/2302 2288/2429/2336 
f 2289/2430/2337 2288/2429/2336 2254/2393/2302 2256/2395/2304 
f 2289/2431/2337 2256/2397/2304 2257/2396/2305 2290/2432/2338 
f 2291/2433/2339 2290/2432/2338 2257/2396/2305 2258/2398/2306 
f 2259/2399/2307 2292/2434/2340 2291/2433/2339 2258/2398/2306 
f 2260/2400/2308 2293/2435/2341 2292/2434/2340 2259/2399/2307 
f 2294/2436/2342 2293/2435/2341 2260/2400/2308 2261/2401/2309 
f 2294/2436/2342 2261/2401/2309 2262/2402/2310 2295/2437/2343 
f 2295/2437/2343 2262/2402/2310 2263/2403/2311 2296/2438/2344 
f 2297/2439/2345 2296/2438/2344 2263/2403/2311 2264/2404/2312 
f 2297/2439/2345 2264/2404/2312 2265/2405/2313 2298/2440/2346 
f 2298/2440/2346 2265/2405/2313 2266/2406/2314 2299/2441/2347 
f 2299/2441/2347 2266/2406/2314 2267/2407/2315 2300/2442/2348 
f 2300/2442/2348 2267/2407/2315 2268/2408/2316 2301/2443/2349 
f 2301/2443/2349 2268/2408/2316 2269/2409/2317 2302/2444/2350 
f 2303/2445/2351 2302/2444/2350 2269/2409/2317 2270/2410/2318 
f 2270/2410/2318 2271/2411/2319 2304/2446/2352 2303/2445/2351 
f 2271/2411/2319 2272/2412/2320 2305/2447/2353 2304/2446/2352 
f 2272/2412/2320 2273/2413/2321 2306/2448/2354 2305/2447/2353 
f 2273/2413/2321 2274/2414/2322 2307/2449/2355 2306/2448/2354 
f 2274/2414/2322 2275/2415/2323 2308/2450/2356 2307/2449/2355 
f 2309/2451/2357 2308/2450/2356 2275/2415/2323 2276/2416/2324 
f 2310/2452/2358 2309/2451/2357 2276/2416/2324 2277/2417/2325 
f 2311/2453/2359 2310/2452/2358 2277/2417/2325 2278/2418/2326 
f 2312/2454/2360 2311/2453/2359 2278/2418/2326 2279/2419/2327 
f 2280/2420/2328 2313/2455/2361 2312/2454/2360 2279/2419/2327 
f 2281/2421/2329 2314/2456/2362 2313/2455/2361 2280/2420/2328 
f 2282/2422/2330 2315/2457/2363 2314/2456/2362 2281/2421/2329 
f 2283/2423/2331 2316/2458/2364 2315/2457/2363 2282/2422/2330 
f 2284/2424/2332 2317/2459/2365 2316/2458/2364 2283/2423/2331 
f 2285/2425/2333 2318/2460/2333 2317/2461/2365 2284/2426/2332 
f 2318/2460/2333 2285/2425/2333 2286/2427/2334 2319/2462/2334 
f 2320/2463/2366 2321/2464/2367 2287/2428/2335 2288/2429/2336 
f 2320/2463/2366 2288/2429/2336 2289/2430/2337 2322/2465/2368 
f 2289/2431/2337 2290/2432/2338 2323/2466/2369 2322/2467/2368 
f 2290/2432/2338 2291/2433/2339 2324/2468/2370 2323/2466/2369 
f 2291/2433/2339 2292/2434/2340 2325/2469/2371 2324/2468/2370 
f 2292/2434/2340 2293/2435/2341 2326/2470/2372 2325/2469/2371 
f 2293/2435/2341 2294/2436/2342 2327/2471/2373 2326/2470/2372 
f 2294/2436/2342 2295/2437/2343 2328/2472/2374 2327/2471/2373 
f 2329/2473/2375 2328/2472/2374 2295/2437/2343 2296/2438/2344 
f 2330/2474/2376 2329/2473/2375 2296/2438/2344 2297/2439/2345 
f 2331/2475/2377 2330/2474/2376 2297/2439/2345 2298/2440/2346 
f 2332/2476/2378 2331/2475/2377 2298/2440/2346 2299/2441/2347 
f 2333/2477/2379 2332/2476/2378 2299/2441/2347 2300/2442/2348 
f 2333/2477/2379 2300/2442/2348 2301/2443/2349 2334/2478/2380 
f 2335/2479/2381 2334/2478/2380 2301/2443/2349 2302/2444/2350 
f 2302/2444/2350 2303/2445/2351 2336/2480/2382 2335/2479/2381 
f 2304/2446/2352 2337/2481/2383 2336/2480/2382 2303/2445/2351 
f 2305/2447/2353 2338/2482/2384 2337/2481/2383 2304/2446/2352 
f 2338/2482/2384 2305/2447/2353 2306/2448/2354 2339/2483/2385 
f 2307/2449/2355 2340/2484/2386 2339/2483/2385 2306/2448/2354 
f 2341/2485/2387 2340/2484/2386 2307/2449/2355 2308/2450/2356 
f 2341/2485/2387 2308/2450/2356 2309/2451/2357 2342/2486/2388 
f 2310/2452/2358 2343/2487/2389 2342/2486/2388 2309/2451/2357 
f 2344/2488/2390 2343/2487/2389 2310/2452/2358 2311/2453/2359 
f 2344/2488/2390 2311/2453/2359 2312/2454/2360 2345/2489/2391 
f 2313/2455/2361 2346/2490/2392 2345/2489/2391 2312/2454/2360 
f 2347/2491/2393 2346/2490/2392 2313/2455/2361 2314/2456/2362 
f 2314/2456/2362 2315/2457/2363 2348/2492/2394 2347/2491/2393 
f 2348/2492/2394 2315/2457/2363 2316/2458/2364 2349/2493/2395 
f 2350/2494/2396 2349/2493/2395 2316/2458/2364 2317/2459/2365 
f 2317/2461/2365 2318/2460/2333 2351/2495/2397 2350/2496/2396 
f 2319/2462/2334 2352/2497/2398 2351/2495/2397 2318/2460/2333 
f 2353/2498/2399 2321/2464/2367 2320/2463/2366 2354/2499/2400 
f 2354/2499/2400 2320/2463/2366 2322/2465/2368 2355/2500/2401 
f 2356/2501/2402 2355/2502/2401 2322/2467/2368 2323/2466/2369 
f 2356/2501/2402 2323/2466/2369 2324/2468/2370 2357/2503/2403 
f 2325/2469/2371 2358/2504/2404 2357/2503/2403 2324/2468/2370 
f 2359/2505/2405 2358/2504/2404 2325/2469/2371 2326/2470/2372 
f 2359/2505/2405 2326/2470/2372 2327/2471/2373 2360/2506/2406 
f 2360/2506/2406 2327/2471/2373 2328/2472/2374 2361/2507/2407 
f 2329/2473/2375 2362/2508/2408 2361/2507/2407 2328/2472/2374 
f 2330/2474/2376 2363/2509/2409 2362/2508/2408 2329/2473/2375 
f 2363/2509/2409 2330/2474/2376 2331/2475/2377 2364/2510/2410 
f 2332/2476/2378 2365/2511/2411 2364/2510/2410 2331/2475/2377 
f 2333/2477/2379 2366/2512/2412 2365/2511/2411 2332/2476/2378 
f 2366/2512/2412 2333/2477/2379 2334/2478/2380 2367/2513/2413 
f 2367/2513/2413 2334/2478/2380 2335/2479/2381 2368/2514/2414 
f 2336/2480/2382 2369/2515/2415 2368/2514/2414 2335/2479/2381 
f 2337/2481/2383 2370/2516/2416 2369/2515/2415 2336/2480/2382 
f 2338/2482/2384 2371/2517/2417 2370/2516/2416 2337/2481/2383 
f 2338/2482/2384 2339/2483/2385 2372/2518/2418 2371/2517/2417 
f 2340/2484/2386 2373/2519/2419 2372/2518/2418 2339/2483/2385 
f 2373/2519/2419 2340/2484/2386 2341/2485/2387 2374/2520/2420 
f 2341/2485/2387 2342/2486/2388 2375/2521/2421 2374/2520/2420 
f 2342/2486/2388 2343/2487/2389 2376/2522/2422 2375/2521/2421 
f 2376/2522/2422 2343/2487/2389 2344/2488/2390 2377/2523/2423 
f 2344/2488/2390 2345/2489/2391 2378/2524/2424 2377/2523/2423 
f 2345/2489/2391 2346/2490/2392 2379/2525/2425 2378/2524/2424 
f 2379/2525/2425 2346/2490/2392 2347/2491/2393 2380/2526/2426 
f 2347/2491/2393 2348/2492/2394 2381/2527/2427 2380/2526/2426 
f 2348/2492/2394 2349/2493/2395 2382/2528/2428 2381/2527/2427 
f 2382/2528/2428 2349/2493/2395 2350/2494/2396 2383/2529/2429 
f 2350/2496/2396 2351/2495/2397 2384/2530/2430 2383/2531/2429 
f 2351/2495/2397 2352/2497/2398 2385/2532/2398 2384/2530/2430 
f 2366/2512/2412 2386/2533/2431 2387/2534/2432 2365/2511/2411 
f 2366/2512/2412 2367/2513/2413 2388/2535/2433 2386/2533/2431 
f 2388/2535/2433 2367/2513/2413 2368/2514/2414 2389/2536/2434 
f 2389/2536/2434 2368/2514/2414 2369/2515/2415 2390/2537/2435 
f 2369/2515/2415 2370/2516/2416 2391/2538/2436 2390/2537/2435 
f 2391/2538/2436 2370/2516/2416 2371/2517/2417 2392/2539/2437 
f 2392/2539/2437 2371/2517/2417 2372/2518/2418 2393/2540/2438 
f 2372/2518/2418 2373/2519/2419 2394/2541/2439 2393/2540/2438 
f 2394/2541/2439 2373/2519/2419 2374/2520/2420 2395/2542/2440 
f 2395/2542/2440 2374/2520/2420 2375/2521/2421 2396/2543/2441 
f 2375/2521/2421 2376/2522/2422 2397/2544/2442 2396/2543/2441 
f 2397/2544/2442 2376/2522/2422 2377/2523/2423 2398/2545/2443 
f 2398/2545/2443 2377/2523/2423 2378/2524/2424 2399/2546/2444 
f 2378/2524/2424 2379/2525/2425 2400/2547/2445 2399/2546/2444 
f 2400/2547/2445 2379/2525/2425 2380/2526/2426 2401/2548/2446 
f 2401/2548/2446 2380/2526/2426 2381/2527/2427 2402/2549/2447 
f 2381/2527/2427 2382/2528/2428 2403/2550/2448 2402/2549/2447 
f 2403/2550/2448 2382/2528/2428 2383/2529/2429 2404/2551/2449 
f 2404/2552/2449 2383/2531/2429 2384/2530/2430 2405/2553/2450 
f 2384/2530/2430 2385/2532/2398 2406/2554/2451 2405/2553/2450 
f 2392/2539/2437 2407/2555/2452 2408/2556/2453 2391/2538/2436 
f 2393/2540/2438 2409/2557/2454 2407/2555/2452 2392/2539/2437 
f 2410/2558/2455 2409/2557/2454 2393/2540/2438 2394/2541/2439 
f 2410/2558/2455 2394/2541/2439 2395/2542/2440 2411/2559/2456 
f 2396/2543/2441 2412/2560/2457 2411/2559/2456 2395/2542/2440 
f 2413/2561/2458 2412/2560/2457 2396/2543/2441 2397/2544/2442 
f 2413/2561/2458 2397/2544/2442 2398/2545/2443 2414/2562/2459 
f 2399/2546/2444 2415/2563/2460 2414/2562/2459 2398/2545/2443 
f 2416/2564/2461 2415/2563/2460 2399/2546/2444 2400/2547/2445 
f 2416/2564/2461 2400/2547/2445 2401/2548/2446 2417/2565/2462 
f 2402/2549/2447 2418/2566/2463 2417/2565/2462 2401/2548/2446 
f 2419/2567/2464 2418/2566/2463 2402/2549/2447 2403/2550/2448 
f 2419/2567/2464 2403/2550/2448 2404/2551/2449 2420/2568/2465 
f 2405/2553/2450 2421/2569/2466 2420/2570/2465 2404/2552/2449 
f 2422/2571/2451 2421/2569/2466 2405/2553/2450 2406/2554/2451 
f 2423/2572/2467 2252/2391/2300 2424/2573/2468 
f 2424/2573/2468 2250/2389/2298 2425/2574/2469 
f 2425/2575/2469 2248/2385/2296 2426/2576/2470 
f 2426/2576/2470 2246/2383/2294 2427/2577/2471 
f 2427/2577/2471 2244/2381/2292 2428/2578/2472 
f 2428/2578/2472 2242/2379/2290 2429/2579/2473 
f 2429/2579/2473 2240/2377/2288 2430/2580/2474 
f 2430/2580/2474 2238/2375/2286 2431/2581/2475 
f 2431/2581/2475 2236/2373/2284 2432/2582/2476 
f 2432/2582/2476 2234/2371/2282 2433/2583/2477 
f 2433/2583/2477 2232/2369/2280 2434/2584/2478 
f 2434/2584/2478 2230/2367/2278 2435/2585/2479 
f 2435/2585/2479 2228/2365/2276 2436/2586/2480 
f 2436/2586/2480 2226/2363/2274 2437/2587/2481 
f 2437/2587/2481 2226/2363/2274 2438/2588/2482 
f 2438/2588/2482 2224/2361/2272 2439/2589/2483 
f 2439/2589/2483 2224/2361/2272 2440/2590/2484 
f 2440/2590/2484 2203/2339/2251 2441/2591/2485 
f 2441/2591/2485 2203/2339/2251 2442/2592/2486 
f 2442/2592/2486 2203/2339/2251 2443/2593/2487 
f 2443/2593/2487 2201/2337/2249 2444/2594/2488 
f 2444/2594/2488 2201/2337/2249 2445/2595/2489 
f 2445/2595/2489 2199/2335/2247 2446/2596/2490 
f 2446/2596/2490 2199/2335/2247 2447/2597/2491 
f 2447/2597/2491 2197/2333/2245 2448/2598/2492 
f 2448/2598/2492 2195/2331/2243 2449/2599/2493 
f 2449/2599/2493 2195/2331/2243 2450/2600/2494 
f 2450/2600/2494 2193/2329/2241 2451/2601/2495 
f 2451/2601/2495 2193/2329/2241 2452/2602/2496 
f 2452/2602/2496 2189/2325/2237 2453/2603/2497 
f 2453/2603/2497 2187/2323/2235 2454/2604/2498 
f 2454/2604/2498 2185/2321/2233 2455/2605/2499 
f 2455/2605/2499 2185/2321/2233 2456/2606/2500 
f 2456/2606/2500 2183/2319/2231 2457/2607/2501 
f 2457/2607/2501 2181/2317/2229 2458/2608/2502 
f 2458/2608/2502 2179/2315/2227 2459/2609/2503 
f 2459/2609/2503 2177/2312/2225 2460/2610/2504 
f 2460/2610/2504 2175/2311/2223 2461/2611/2505 
f 2461/2612/2505 2172/2306/2220 2462/2613/2506 
f 2462/2613/2506 2171/2305/2219 2463/2614/2507 
f 2464/2615/2508 2353/2498/2399 2465/2616/2509 
f 2465/2616/2509 2354/2499/2400 2466/2617/2510 
f 2466/2618/2510 2355/2502/2401 2467/2619/2511 
f 2467/2619/2511 2356/2501/2402 2468/2620/2512 
f 2468/2620/2512 2357/2503/2403 2469/2621/2513 
f 2469/2621/2513 2358/2504/2404 2470/2622/2514 
f 2470/2622/2514 2359/2505/2405 2471/2623/2515 
f 2471/2623/2515 2360/2506/2406 2472/2624/2516 
f 2472/2624/2516 2361/2507/2407 2473/2625/2517 
f 2473/2625/2517 2362/2508/2408 2474/2626/2518 
f 2474/2626/2518 2363/2509/2409 2475/2627/2519 
f 2475/2627/2519 2387/2534/2432 2476/2628/2520 
f 2476/2628/2520 2387/2534/2432 2477/2629/2521 
f 2477/2629/2521 2386/2533/2431 2478/2630/2522 
f 2478/2630/2522 2388/2535/2433 2479/2631/2523 
f 2479/2631/2523 2389/2536/2434 2480/2632/2524 
f 2480/2632/2524 2408/2556/2453 2481/2633/2525 
f 2481/2633/2525 2408/2556/2453 2482/2634/2526 
f 2482/2634/2526 2407/2555/2452 2483/2635/2527 
f 2483/2635/2527 2409/2557/2454 2484/2636/2528 
f 2484/2636/2528 2410/2558/2455 2485/2637/2529 
f 2485/2637/2529 2411/2559/2456 2486/2638/2530 
f 2486/2638/2530 2412/2560/2457 2487/2639/2531 
f 2487/2639/2531 2413/2561/2458 2488/2640/2532 
f 2488/2640/2532 2414/2562/2459 2489/2641/2533 
f 2489/2641/2533 2415/2563/2460 2490/2642/2534 
f 2490/2642/2534 2416/2564/2461 2491/2643/2535 
f 2491/2643/2535 2417/2565/2462 2492/2644/2536 
f 2492/2644/2536 2418/2566/2463 2493/2645/2537 
f 2493/2645/2537 2419/2567/2464 2494/2646/2538 
f 2494/2647/2538 2420/2570/2465 2495/2648/2539 
f 2495/2648/2539 2421/2569/2466 2496/2649/2540 
f 2496/2649/2540 2421/2569/2466 2422/2571/2451 
f 2171/2305/2219 2462/2613/2506 2172/2306/2220 
f 2172/2306/2220 2461/2612/2505 2175/2309/2223 
f 2175/2311/2223 2460/2610/2504 2177/2312/2225 
f 2177/2312/2225 2459/2609/2503 2179/2315/2227 
f 2179/2315/2227 2458/2608/2502 2181/2317/2229 
f 2181/2317/2229 2457/2607/2501 2183/2319/2231 
f 2183/2319/2231 2456/2606/2500 2185/2321/2233 
f 2185/2321/2233 2454/2604/2498 2187/2323/2235 
f 2187/2323/2235 2453/2603/2497 2189/2325/2237 
f 2189/2325/2237 2452/2602/2496 2191/2327/2239 
f 2191/2327/2239 2452/2602/2496 2193/2329/2241 
f 2193/2329/2241 2450/2600/2494 2195/2331/2243 
f 2195/2331/2243 2448/2598/2492 2197/2333/2245 
f 2197/2333/2245 2447/2597/2491 2199/2335/2247 
f 2199/2335/2247 2445/2595/2489 2201/2337/2249 
f 2201/2337/2249 2443/2593/2487 2203/2339/2251 
f 2203/2339/2251 2440/2590/2484 2205/2341/2253 
f 2205/2341/2253 2440/2590/2484 2224/2361/2272 
f 2224/2361/2272 2438/2588/2482 2226/2363/2274 
f 2226/2363/2274 2436/2586/2480 2228/2365/2276 
f 2228/2365/2276 2435/2585/2479 2230/2367/2278 
f 2230/2367/2278 2434/2584/2478 2232/2369/2280 
f 2232/2369/2280 2433/2583/2477 2234/2371/2282 
f 2234/2371/2282 2432/2582/2476 2236/2373/2284 
f 2236/2373/2284 2431/2581/2475 2238/2375/2286 
f 2238/2375/2286 2430/2580/2474 2240/2377/2288 
f 2240/2377/2288 2429/2579/2473 2242/2379/2290 
f 2242/2379/2290 2428/2578/2472 2244/2381/2292 
f 2244/2381/2292 2427/2577/2471 2246/2383/2294 
f 2246/2383/2294 2426/2576/2470 2248/2385/2296 
f 2248/2388/2296 2425/2574/2469 2250/2389/2298 
f 2250/2389/2298 2424/2573/2468 2252/2391/2300 
f 2354/2499/2400 2465/2616/2509 2353/2498/2399 
f 2355/2500/2401 2466/2617/2510 2354/2499/2400 
f 2356/2501/2402 2467/2619/2511 2355/2502/2401 
f 2357/2503/2403 2468/2620/2512 2356/2501/2402 
f 2358/2504/2404 2469/2621/2513 2357/2503/2403 
f 2359/2505/2405 2470/2622/2514 2358/2504/2404 
f 2360/2506/2406 2471/2623/2515 2359/2505/2405 
f 2361/2507/2407 2472/2624/2516 2360/2506/2406 
f 2362/2508/2408 2473/2625/2517 2361/2507/2407 
f 2363/2509/2409 2474/2626/2518 2362/2508/2408 
f 2364/2510/2410 2475/2627/2519 2363/2509/2409 
f 2365/2511/2411 2387/2534/2432 2364/2510/2410 
f 2386/2533/2431 2477/2629/2521 2387/2534/2432 
f 2388/2535/2433 2478/2630/2522 2386/2533/2431 
f 2389/2536/2434 2479/2631/2523 2388/2535/2433 
f 2390/2537/2435 2480/2632/2524 2389/2536/2434 
f 2391/2538/2436 2408/2556/2453 2390/2537/2435 
f 2407/2555/2452 2482/2634/2526 2408/2556/2453 
f 2409/2557/2454 2483/2635/2527 2407/2555/2452 
f 2410/2558/2455 2484/2636/2528 2409/2557/2454 
f 2411/2559/2456 2485/2637/2529 2410/2558/2455 
f 2412/2560/2457 2486/2638/2530 2411/2559/2456 
f 2413/2561/2458 2487/2639/2531 2412/2560/2457 
f 2414/2562/2459 2488/2640/2532 2413/2561/2458 
f 2415/2563/2460 2489/2641/2533 2414/2562/2459 
f 2416/2564/2461 2490/2642/2534 2415/2563/2460 
f 2417/2565/2462 2491/2643/2535 2416/2564/2461 
f 2418/2566/2463 2492/2644/2536 2417/2565/2462 
f 2419/2567/2464 2493/2645/2537 2418/2566/2463 
f 2420/2568/2465 2494/2646/2538 2419/2567/2464 
f 2421/2569/2466 2495/2648/2539 2420/2570/2465 
f 2475/2627/2519 2364/2510/2410 2387/2534/2432 
f 2480/2632/2524 2390/2537/2435 2408/2556/2453 
# 211 polygons - 139 triangles

#
# object Letrero010
#

v  2.7103 2.5636 -0.0000
v  2.7096 2.5576 0.1237
v  2.7740 2.5358 0.1227
v  2.7747 2.5418 -0.0000
v  2.7078 2.5405 0.2414
v  2.7721 2.5189 0.2393
v  2.7043 2.5091 0.3686
v  2.7686 2.4877 0.3656
v  2.7000 2.4695 0.4805
v  2.7642 2.4485 0.4765
v  2.6938 2.4131 0.6006
v  2.7579 2.3926 0.5956
v  2.6873 2.3536 0.7005
v  2.7513 2.3335 0.6946
v  2.6788 2.2763 0.8054
v  2.7427 2.2570 0.7986
v  2.6701 2.1969 0.8936
v  2.7339 2.1783 0.8861
v  2.6598 2.1027 0.9797
v  2.7234 2.0849 0.9715
v  2.6491 2.0051 1.0525
v  2.7126 1.9881 1.0437
v  2.6377 1.9006 1.1158
v  2.7009 1.8845 1.1065
v  2.6253 1.7872 1.1700
v  2.6883 1.7721 1.1602
v  2.6120 1.6659 1.2135
v  2.6748 1.6518 1.2033
v  2.5995 1.5520 1.2421
v  2.6622 1.5389 1.2317
v  2.5863 1.4313 1.2604
v  2.6487 1.4192 1.2498
v  2.5724 1.3043 1.2668
v  2.6346 1.2934 1.2562
v  2.5590 1.1813 1.2608
v  2.6209 1.1715 1.2502
v  2.5462 1.0644 1.2436
v  2.6079 1.0556 1.2332
v  2.5323 0.9379 1.2120
v  2.5939 0.9301 1.2018
v  2.5201 0.8267 1.1722
v  2.5815 0.8199 1.1623
v  2.5071 0.7073 1.1154
v  2.5682 0.7016 1.1060
v  2.4962 0.6080 1.0555
v  2.5572 0.6031 1.0467
v  2.5456 0.4997 0.9696
v  2.5263 0.3280 0.7964
v  2.4579 0.2580 0.7050
v  2.5183 0.2562 0.6990
v  2.4953 0.0514 0.1266
v  2.4346 0.0450 -0.0000
v  2.4946 0.0450 -0.0000
v  3.1419 2.4015 0.1163
v  3.1426 2.4072 -0.0000
v  3.1399 2.3855 0.2269
v  3.1361 2.3561 0.3465
v  3.1313 2.3189 0.4516
v  3.1246 2.2660 0.5645
v  3.1174 2.2102 0.6584
v  3.1082 2.1378 0.7570
v  3.0986 2.0633 0.8399
v  3.0873 1.9749 0.9208
v  3.0756 1.8833 0.9893
v  3.0631 1.7853 1.0488
v  3.0494 1.6790 1.0997
v  3.0349 1.5652 1.1406
v  3.0212 1.4584 1.1674
v  3.0067 1.3452 1.1846
v  2.9915 1.2261 1.1907
v  2.9767 1.1107 1.1850
v  2.9627 1.0011 1.1689
v  2.9475 0.8824 1.1392
v  2.9342 0.7781 1.1017
v  2.9198 0.6662 1.0484
v  2.9079 0.5730 0.9921
v  2.8954 0.4752 0.9191
v  2.5358 0.4128 0.8904
v  2.8849 0.3930 0.8440
v  2.8746 0.3127 0.7549
v  2.8659 0.2448 0.6626
v  2.5113 0.1938 0.5948
v  2.8584 0.1858 0.5638
v  2.5053 0.1404 0.4817
v  2.8519 0.1353 0.4565
v  2.5005 0.0976 0.3607
v  2.8467 0.0948 0.3419
v  2.4973 0.0694 0.2471
v  2.8433 0.0681 0.2342
v  2.8411 0.0510 0.1200
v  2.8403 0.0450 -0.0000
v  3.5149 2.2030 0.3243
v  3.5189 2.2305 0.2123
v  3.5099 2.1683 0.4227
v  3.5027 2.1189 0.5283
v  3.4952 2.0668 0.6162
v  3.4854 1.9991 0.7085
v  3.4753 1.9296 0.7861
v  3.4633 1.8471 0.8618
v  3.4510 1.7616 0.9259
v  3.4377 1.6701 0.9815
v  3.4233 1.5707 1.0292
v  3.4079 1.4645 1.0674
v  3.3935 1.3648 1.0926
v  3.3782 1.2590 1.1087
v  3.3621 1.1479 1.1144
v  3.3465 1.0402 1.1090
v  3.3316 0.9378 1.0939
v  3.3156 0.8269 1.0661
v  3.3015 0.7296 1.0311
v  3.2863 0.6250 0.9812
v  3.2737 0.5380 0.9285
v  3.2605 0.4467 0.8602
v  3.2494 0.3699 0.7899
v  3.2385 0.2950 0.7065
v  3.2293 0.2316 0.6201
v  3.2214 0.1765 0.5276
v  3.2145 0.1293 0.4273
v  3.2090 0.0915 0.3199
v  3.2054 0.0666 0.2192
v  3.2031 0.0507 0.1123
v  3.2023 0.0450 -0.0000
v  3.4827 1.6553 0.9729
v  3.4682 1.5569 1.0201
v  3.4527 1.4516 1.0580
v  3.4382 1.3528 1.0830
v  3.4228 1.2480 1.0989
v  3.4066 1.1379 1.1045
v  3.3910 1.0311 1.0993
v  3.3761 0.9296 1.0843
v  3.3599 0.8198 1.0567
v  3.3458 0.7234 1.0220
v  3.3305 0.6197 0.9725
v  3.3179 0.5335 0.9203
v  3.3046 0.4431 0.8526
v  3.2934 0.3670 0.7829
v  3.2825 0.2927 0.7003
v  3.2733 0.2299 0.6147
v  3.2652 0.1753 0.5230
v  3.2584 0.1286 0.4235
v  3.2529 0.0910 0.3171
v  3.2492 0.0664 0.2172
v  3.2469 0.0506 0.1113
v  3.2461 0.0450 -0.0000
v  2.4184 0.0450 -0.0000
v  2.4184 0.0495 0.1069
v  2.4184 0.0629 0.2130
v  2.4184 0.0852 0.3179
v  2.4184 0.1163 0.4208
v  2.4184 0.1588 0.5272
v  2.4184 0.2403 0.6793
v  2.4184 0.3408 0.8187
v  2.4184 0.4298 0.9157
v  2.4184 0.5283 1.0033
v  2.4184 0.6352 1.0805
v  2.4184 0.7492 1.1466
v  2.4184 0.8925 1.2097
v  2.4184 1.0419 1.2554
v  2.4184 1.1954 1.2829
v  2.4184 1.3504 1.2922
v  2.4184 1.5067 1.2830
v  2.4184 1.6608 1.2554
v  2.4184 1.8101 1.2098
v  2.4184 1.9529 1.1467
v  2.4184 2.0668 1.0807
v  2.4184 2.1735 1.0035
v  2.4184 2.2719 0.9159
v  2.4184 2.3608 0.8188
v  2.4184 2.4298 0.7273
v  2.4184 2.4905 0.6301
v  2.4184 2.5423 0.5277
v  2.4184 2.5848 0.4212
v  2.4184 2.6157 0.3186
v  2.4184 2.6380 0.2137
v  2.4184 2.6513 0.1098
v  2.4184 2.6560 0.0051
v  2.4185 2.6560 -0.0000
v  3.5672 2.2307 -0.0000
v  3.5218 2.2507 -0.0000
v  3.5672 2.2266 0.0921
v  3.5672 2.2145 0.1835
v  3.5672 2.1944 0.2734
v  3.5672 2.1665 0.3612
v  3.5672 2.1286 0.4514
v  3.5672 2.0825 0.5378
v  3.5672 2.0288 0.6195
v  3.5672 1.9678 0.6960
v  3.5672 1.8912 0.7749
v  3.5672 1.8070 0.8456
v  3.5672 1.7161 0.9075
v  3.5672 1.6194 0.9599
v  3.5672 1.5046 1.0072
v  3.5672 1.3853 1.0413
v  3.5672 1.2627 1.0619
v  3.5672 1.1385 1.0687
v  3.5672 1.0149 1.0618
v  3.5672 0.8925 1.0411
v  3.5672 0.7728 1.0068
v  3.5672 0.7144 0.9847
v  3.5672 0.5608 0.9068
v  3.5672 0.4697 0.8450
v  3.5672 0.3461 0.7358
v  3.5672 0.2475 0.6189
v  3.5672 0.1935 0.5371
v  3.5672 0.1474 0.4509
v  3.5672 0.1094 0.3608
v  3.5672 0.0814 0.2730
v  3.5672 0.0612 0.1830
v  3.5672 0.0491 0.0919
v  3.5672 0.0450 -0.0000
# 210 vertices

vn 0.3122 0.9489 0.0471
vn 0.3121 0.9454 0.0944
vn 0.3316 0.9387 0.0942
vn 0.3320 0.9421 0.0477
vn 0.3107 0.9317 0.1884
vn 0.3294 0.9253 0.1880
vn 0.3073 0.9087 0.2826
vn 0.3257 0.9026 0.2814
vn 0.3022 0.8770 0.3736
vn 0.3205 0.8710 0.3724
vn 0.2955 0.8364 0.4617
vn 0.3139 0.8307 0.4597
vn 0.2879 0.7884 0.5436
vn 0.3059 0.7827 0.5421
vn 0.2794 0.7319 0.6215
vn 0.2967 0.7269 0.6193
vn 0.2696 0.6687 0.6929
vn 0.2862 0.6640 0.6908
vn 0.2588 0.5985 0.7582
vn 0.2746 0.5943 0.7559
vn 0.2469 0.5227 0.8160
vn 0.2620 0.5190 0.8137
vn 0.2341 0.4419 0.8660
vn 0.2485 0.4386 0.8636
vn 0.2212 0.3556 0.9081
vn 0.2340 0.3518 0.9064
vn 0.2077 0.2644 0.9418
vn 0.2187 0.2614 0.9401
vn 0.1934 0.1732 0.9657
vn 0.2034 0.1709 0.9641
vn 0.1783 0.0791 0.9808
vn 0.1876 0.0779 0.9792
vn 0.1619 -0.0181 0.9866
vn 0.1712 -0.0183 0.9851
vn 0.1469 -0.1113 0.9829
vn 0.1549 -0.1132 0.9814
vn 0.1326 -0.2042 0.9699
vn 0.1388 -0.2071 0.9684
vn 0.1171 -0.2991 0.9470
vn 0.1227 -0.3006 0.9458
vn 0.1013 -0.3913 0.9147
vn 0.1069 -0.3918 0.9138
vn 0.0881 -0.4801 0.8728
vn 0.0917 -0.4794 0.8728
vn 0.0731 -0.5706 0.8180
vn 0.0773 -0.5619 0.8236
vn -0.0288 -0.6474 0.7616
vn 0.0395 -0.7764 0.6289
vn 0.0162 -0.8321 0.5544
vn 0.0296 -0.8331 0.5523
vn -0.0165 -0.9953 0.0953
vn 0.0031 -0.9986 0.0530
vn -0.0000 -0.9987 0.0502
vn 0.3618 0.9275 0.0938
vn 0.3620 0.9310 0.0475
vn 0.3592 0.9143 0.1872
vn 0.3551 0.8918 0.2802
vn 0.3494 0.8604 0.3709
vn 0.3422 0.8205 0.4579
vn 0.3335 0.7728 0.5399
vn 0.3235 0.7175 0.6169
vn 0.3120 0.6550 0.6882
vn 0.2994 0.5858 0.7531
vn 0.2857 0.5110 0.8107
vn 0.2710 0.4312 0.8606
vn 0.2551 0.3450 0.9033
vn 0.2385 0.2552 0.9370
vn 0.2218 0.1653 0.9610
vn 0.2045 0.0728 0.9762
vn 0.1867 -0.0228 0.9822
vn 0.1689 -0.1172 0.9786
vn 0.1514 -0.2105 0.9658
vn 0.1338 -0.3035 0.9434
vn 0.1165 -0.3943 0.9116
vn 0.1000 -0.4815 0.8707
vn 0.0843 -0.5636 0.8217
vn 0.0695 -0.6406 0.7647
vn 0.0464 -0.7036 0.7091
vn 0.0558 -0.7118 0.7002
vn 0.0433 -0.7765 0.6286
vn 0.0323 -0.8337 0.5512
vn 0.0079 -0.8804 0.4742
vn 0.0227 -0.8831 0.4687
vn 0.0163 -0.9247 0.3803
vn 0.0146 -0.9250 0.3796
vn 0.0107 -0.9578 0.2871
vn 0.0082 -0.9579 0.2869
vn 0.0062 -0.9808 0.1950
vn 0.0037 -0.9810 0.1942
vn 0.0009 -0.9951 0.0990
vn -0.0000 -0.9987 0.0501
vn 0.3824 0.8806 0.2799
vn 0.3867 0.9044 0.1806
vn 0.3768 0.8496 0.3690
vn 0.3689 0.8095 0.4568
vn 0.3604 0.7622 0.5377
vn 0.3503 0.7061 0.6154
vn 0.3390 0.6448 0.6851
vn 0.3252 0.5758 0.7502
vn 0.3259 0.4944 0.8058
vn 0.2935 0.4227 0.8574
vn 0.2763 0.3371 0.9000
vn 0.2583 0.2479 0.9337
vn 0.2402 0.1586 0.9577
vn 0.2215 0.0668 0.9729
vn 0.2022 -0.0283 0.9789
vn 0.1830 -0.1220 0.9755
vn 0.1639 -0.2148 0.9628
vn 0.1449 -0.3072 0.9405
vn 0.1262 -0.3975 0.9089
vn 0.1082 -0.4842 0.8683
vn 0.0912 -0.5658 0.8195
vn 0.0752 -0.6424 0.7626
vn 0.0604 -0.7132 0.6983
vn 0.0469 -0.7776 0.6270
vn 0.0349 -0.8345 0.5499
vn 0.0246 -0.8836 0.4675
vn 0.0158 -0.9254 0.3787
vn 0.0088 -0.9581 0.2862
vn 0.0040 -0.9810 0.1938
vn 0.0010 -0.9951 0.0988
vn -0.0000 -0.9987 0.0500
vn 0.3069 0.4258 0.8512
vn 0.2870 0.3347 0.8976
vn 0.2680 0.2453 0.9317
vn 0.2492 0.1561 0.9558
vn 0.2296 0.0642 0.9712
vn 0.2099 -0.0308 0.9772
vn 0.1911 -0.1246 0.9736
vn 0.1720 -0.2160 0.9611
vn 0.1518 -0.3082 0.9391
vn 0.1333 -0.3999 0.9068
vn 0.1155 -0.4837 0.8676
vn 0.0946 -0.5663 0.8188
vn 0.0793 -0.6437 0.7612
vn 0.0639 -0.7134 0.6978
vn 0.0494 -0.7775 0.6269
vn 0.0354 -0.8347 0.5496
vn 0.0245 -0.8837 0.4673
vn 0.0151 -0.9254 0.3786
vn 0.0080 -0.9582 0.2860
vn 0.0032 -0.9811 0.1937
vn 0.0002 -0.9951 0.0987
vn -0.0007 -0.9988 0.0494
vn 0.0000 -0.9991 0.0419
vn 0.4647 -0.8790 0.1070
vn 0.0045 -0.9878 0.1554
vn 0.0038 -0.9686 0.2486
vn 0.0096 -0.9434 0.3315
vn 0.0105 -0.9050 0.4253
vn 0.0597 -0.8612 0.5048
vn 0.0329 -0.7690 0.6384
vn 0.0697 -0.6819 0.7281
vn 0.1498 -0.6404 0.7533
vn 0.0716 -0.5392 0.8391
vn 0.0855 -0.4484 0.8897
vn 0.0983 -0.3421 0.9345
vn 0.1184 -0.2280 0.9664
vn 0.1388 -0.1107 0.9841
vn 0.1565 0.0039 0.9877
vn 0.1724 0.1209 0.9776
vn 0.1901 0.2360 0.9530
vn 0.2091 0.3462 0.9146
vn 0.2266 0.4464 0.8657
vn 0.2399 0.5317 0.8122
vn 0.2511 0.6092 0.7522
vn 0.2610 0.6799 0.6853
vn 0.2710 0.7423 0.6129
vn 0.2789 0.7926 0.5422
vn 0.2846 0.8360 0.4692
vn 0.2890 0.8729 0.3932
vn 0.2924 0.9031 0.3144
vn 0.2958 0.9255 0.2366
vn 0.2983 0.9412 0.1587
vn 0.3010 0.9502 0.0806
vn 0.3020 0.9530 0.0225
vn 0.3017 0.9534 0.0019
vn 0.4038 0.9139 0.0403
vn 0.3896 0.9197 0.0482
vn 0.3858 0.9186 0.0860
vn 0.3907 0.9083 0.1494
vn 0.3935 0.8879 0.2384
vn 0.3939 0.8620 0.3190
vn 0.3861 0.8311 0.4003
vn 0.3823 0.7923 0.4755
vn 0.3715 0.7479 0.5501
vn 0.3624 0.6975 0.6182
vn 0.3501 0.6345 0.6890
vn 0.3310 0.5562 0.7623
vn 0.2523 0.5240 0.8135
vn 0.3085 0.4040 0.8612
vn 0.2905 0.3082 0.9059
vn 0.2715 0.2063 0.9401
vn 0.2494 0.1002 0.9632
vn 0.2255 -0.0079 0.9742
vn 0.2007 -0.1171 0.9726
vn 0.1761 -0.2251 0.9583
vn 0.1523 -0.3191 0.9354
vn 0.1374 -0.4026 0.9050
vn 0.1165 -0.5121 0.8510
vn 0.0947 -0.6145 0.7832
vn 0.0721 -0.7186 0.6917
vn 0.0501 -0.8036 0.5930
vn 0.0353 -0.8602 0.5087
vn 0.0252 -0.9035 0.4278
vn 0.0165 -0.9389 0.3439
vn 0.0099 -0.9656 0.2597
vn 0.0050 -0.9847 0.1741
vn 0.0014 -0.9962 0.0871
vn -0.0000 -0.9990 0.0441
# 210 vertex normals

vt 0.5000 0.2972 0.7889
vt 0.2956 0.2972 0.7872
vt 0.2973 0.2924 0.7811
vt 0.5000 0.2924 0.7828
vt 0.1014 0.2974 0.7825
vt 0.1047 0.2926 0.7764
vt 0.7825 0.2974 0.1014
vt 0.7737 0.2976 -0.1089
vt 0.7677 0.2928 -0.1038
vt 0.7764 0.2926 0.1047
vt 0.7627 0.2980 -0.2936
vt 0.7568 0.2932 -0.2869
vt 0.7469 0.2984 -0.4919
vt 0.7412 0.2936 -0.4836
vt 0.7303 0.2989 -0.6570
vt 0.7247 0.2941 -0.6473
vt 0.7088 0.2995 -0.8302
vt 0.7034 0.2948 -0.8190
vt 0.6866 0.3002 -0.9759
vt 0.6814 0.2954 -0.9635
vt 0.6603 0.3010 -1.1180
vt 0.6553 0.2962 -1.1045
vt 0.6331 0.3018 -1.2384
vt 0.6283 0.2970 -1.2238
vt 0.6039 0.3026 -1.3429
vt 0.5994 0.2979 -1.3274
vt 0.5723 0.3036 -1.4324
vt 0.5680 0.2988 -1.4162
vt 0.5384 0.3045 -1.5042
vt 0.5345 0.2998 -1.4874
vt 0.5066 0.3055 -1.5514
vt 0.5030 0.3008 -1.5342
vt 0.4730 0.3065 -1.5816
vt 0.4696 0.3018 -1.5642
vt 0.4375 0.3075 -1.5923
vt 0.4345 0.3029 -1.5747
vt 0.4032 0.3085 -1.5823
vt 0.4005 0.3039 -1.5648
vt 0.3706 0.3095 -1.5539
vt 0.3681 0.3048 -1.5367
vt 0.3353 0.3105 -1.5017
vt 0.3331 0.3059 -1.4850
vt 0.3043 0.3114 -1.4359
vt 0.3024 0.3068 -1.4197
vt 0.2710 0.3124 -1.3422
vt 0.2694 0.3078 -1.3268
vt 0.2432 0.3132 -1.2433
vt 0.2419 0.3086 -1.2287
vt 0.2130 0.3095 -1.1015
vt 0.1651 0.3110 -0.8154
vt 0.1456 0.3161 -0.6643
vt 0.1451 0.3116 -0.6546
vt 0.7091 0.3133 0.0879
vt 0.5000 0.3178 0.0862
vt 0.5000 0.3133 0.0862
vt 0.3079 0.2649 0.7437
vt 0.5000 0.2648 0.7453
vt 0.1253 0.2650 0.7392
vt 0.7392 0.2650 0.1253
vt 0.7310 0.2653 -0.0723
vt 0.7206 0.2657 -0.2459
vt 0.7059 0.2662 -0.4324
vt 0.6903 0.2667 -0.5875
vt 0.6701 0.2674 -0.7503
vt 0.6493 0.2681 -0.8872
vt 0.6246 0.2690 -1.0208
vt 0.5991 0.2699 -1.1340
vt 0.5717 0.2708 -1.2322
vt 0.5421 0.2718 -1.3163
vt 0.5103 0.2729 -1.3838
vt 0.4805 0.2739 -1.4282
vt 0.4489 0.2750 -1.4566
vt 0.4157 0.2761 -1.4666
vt 0.3835 0.2773 -1.4572
vt 0.3529 0.2783 -1.4306
vt 0.3198 0.2794 -1.3815
vt 0.2907 0.2804 -1.3196
vt 0.2595 0.2815 -1.2315
vt 0.2335 0.2824 -1.1385
vt 0.2062 0.2833 -1.0180
vt 0.1888 0.3102 -0.9706
vt 0.1833 0.2841 -0.8939
vt 0.1609 0.2849 -0.7468
vt 0.1419 0.2855 -0.5944
vt 0.1277 0.3121 -0.4823
vt 0.1254 0.2861 -0.4311
vt 0.1128 0.3125 -0.2955
vt 0.1114 0.2866 -0.2540
vt 0.1008 0.3129 -0.0957
vt 0.1000 0.2870 -0.0646
vt 0.0930 0.3131 0.0919
vt 0.0926 0.2872 0.1132
vt 0.9081 0.3131 0.0930
vt 0.6982 0.2874 0.0878
vt 0.8868 0.2872 0.0926
vt 0.5000 0.2875 0.0862
vt 0.6883 0.2370 -0.0356
vt 0.6960 0.2367 0.1494
vt 0.6786 0.2374 -0.1981
vt 0.6648 0.2379 -0.3726
vt 0.6503 0.2385 -0.5177
vt 0.6314 0.2392 -0.6701
vt 0.6120 0.2399 -0.7983
vt 0.5890 0.2408 -0.9233
vt 0.5651 0.2418 -1.0292
vt 0.5396 0.2428 -1.1211
vt 0.5119 0.2438 -1.1998
vt 0.4822 0.2450 -1.2630
vt 0.4544 0.2461 -1.3045
vt 0.4249 0.2472 -1.3311
vt 0.3939 0.2484 -1.3405
vt 0.3638 0.2496 -1.3317
vt 0.3353 0.2507 -1.3068
vt 0.3043 0.2519 -1.2608
vt 0.2772 0.2530 -1.2030
vt 0.2480 0.2541 -1.1205
vt 0.2237 0.2550 -1.0335
vt 0.1983 0.2560 -0.9206
vt 0.1768 0.2569 -0.8046
vt 0.1559 0.2577 -0.6669
vt 0.1382 0.2584 -0.5242
vt 0.1228 0.2589 -0.3714
vt 0.1097 0.2595 -0.2057
vt 0.0991 0.2599 -0.0284
vt 0.0922 0.2601 0.1380
vt 0.8620 0.2601 0.0922
vt 0.6855 0.2603 0.0877
vt 0.5000 0.2604 0.0862
vt 0.5355 0.2394 -1.1068
vt 0.5080 0.2405 -1.1848
vt 0.4786 0.2416 -1.2475
vt 0.4511 0.2427 -1.2886
vt 0.4218 0.2439 -1.3150
vt 0.3911 0.2451 -1.3243
vt 0.3613 0.2463 -1.3156
vt 0.3330 0.2474 -1.2909
vt 0.3024 0.2486 -1.2453
vt 0.2754 0.2496 -1.1880
vt 0.2465 0.2508 -1.1062
vt 0.2225 0.2517 -1.0200
vt 0.1972 0.2527 -0.9081
vt 0.1760 0.2536 -0.7931
vt 0.1553 0.2544 -0.6566
vt 0.1377 0.2551 -0.5152
vt 0.1225 0.2557 -0.3638
vt 0.1095 0.2562 -0.1995
vt 0.0990 0.2566 -0.0238
vt 0.0921 0.2569 0.1412
vt 0.6839 0.2570 0.0877
vt 0.8588 0.2569 0.0921
vt 0.5000 0.2571 0.0862
vt 0.5000 0.3190 0.0862
vt 0.6765 0.3190 0.0874
vt 0.8518 0.3190 0.0912
vt 0.0912 0.3190 0.1482
vt 0.0974 0.3190 -0.0251
vt 0.1061 0.3190 -0.1950
vt 0.1179 0.3190 -0.3708
vt 0.1406 0.3190 -0.6220
vt 0.1687 0.3190 -0.8521
vt 0.1935 0.3190 -1.0123
vt 0.2210 0.3190 -1.1570
vt 0.2508 0.3190 -1.2845
vt 0.2826 0.3190 -1.3937
vt 0.3226 0.3190 -1.4980
vt 0.3643 0.3190 -1.5734
vt 0.4072 0.3190 -1.6189
vt 0.4504 0.3190 -1.6342
vt 0.4940 0.3190 -1.6190
vt 0.5370 0.3190 -1.5734
vt 0.5787 0.3190 -1.4981
vt 0.6185 0.3190 -1.3940
vt 0.6503 0.3190 -1.2849
vt 0.6801 0.3190 -1.1574
vt 0.7075 0.3190 -1.0127
vt 0.7323 0.3190 -0.8523
vt 0.7516 0.3190 -0.7012
vt 0.7685 0.3190 -0.5406
vt 0.7830 0.3190 -0.3716
vt 0.7948 0.3190 -0.1956
vt 0.8035 0.3190 -0.0261
vt 0.8097 0.3190 0.1470
vt 0.1470 0.3190 0.8097
vt 0.3187 0.3190 0.8134
vt 0.4916 0.3190 0.8147
vt 0.5000 0.3190 0.8147
vt 0.5000 0.2331 0.6960
vt 0.5000 0.2365 0.7016
vt 0.3479 0.2331 0.6949
vt 0.1494 0.2367 0.6960
vt 0.1969 0.2331 0.6915
vt 0.6915 0.2331 0.1969
vt 0.6859 0.2331 0.0485
vt 0.6781 0.2331 -0.0965
vt 0.6675 0.2331 -0.2456
vt 0.6547 0.2331 -0.3883
vt 0.6397 0.2331 -0.5232
vt 0.6227 0.2331 -0.6495
vt 0.6013 0.2331 -0.7799
vt 0.5778 0.2331 -0.8967
vt 0.5524 0.2331 -0.9989
vt 0.5254 0.2331 -1.0854
vt 0.4934 0.2331 -1.1635
vt 0.4601 0.2331 -1.2198
vt 0.4259 0.2331 -1.2538
vt 0.3913 0.2331 -1.2651
vt 0.3568 0.2331 -1.2536
vt 0.3226 0.2331 -1.2195
vt 0.2892 0.2331 -1.1629
vt 0.2729 0.2331 -1.1263
vt 0.2301 0.2331 -0.9977
vt 0.2047 0.2331 -0.8955
vt 0.1702 0.2331 -0.7153
vt 0.1427 0.2331 -0.5221
vt 0.1276 0.2331 -0.3871
vt 0.1147 0.2331 -0.2447
vt 0.1041 0.2331 -0.0959
vt 0.0963 0.2331 0.0492
vt 0.0907 0.2331 0.1977
vt 0.8023 0.2331 0.0907
vt 0.6517 0.2331 0.0873
vt 0.5000 0.2331 0.0862
# 222 texture coords

o Letrero010
g Letrero010
usemtl blanco
s 1
f 2497/2650/2541 2498/2651/2542 2499/2652/2543 2500/2653/2544 
f 2499/2652/2543 2498/2651/2542 2501/2654/2545 2502/2655/2546 
f 2501/2656/2545 2503/2657/2547 2504/2658/2548 2502/2659/2546 
f 2503/2657/2547 2505/2660/2549 2506/2661/2550 2504/2658/2548 
f 2506/2661/2550 2505/2660/2549 2507/2662/2551 2508/2663/2552 
f 2507/2662/2551 2509/2664/2553 2510/2665/2554 2508/2663/2552 
f 2509/2664/2553 2511/2666/2555 2512/2667/2556 2510/2665/2554 
f 2512/2667/2556 2511/2666/2555 2513/2668/2557 2514/2669/2558 
f 2513/2668/2557 2515/2670/2559 2516/2671/2560 2514/2669/2558 
f 2515/2670/2559 2517/2672/2561 2518/2673/2562 2516/2671/2560 
f 2518/2673/2562 2517/2672/2561 2519/2674/2563 2520/2675/2564 
f 2519/2674/2563 2521/2676/2565 2522/2677/2566 2520/2675/2564 
f 2521/2676/2565 2523/2678/2567 2524/2679/2568 2522/2677/2566 
f 2524/2679/2568 2523/2678/2567 2525/2680/2569 2526/2681/2570 
f 2525/2680/2569 2527/2682/2571 2528/2683/2572 2526/2681/2570 
f 2527/2682/2571 2529/2684/2573 2530/2685/2574 2528/2683/2572 
f 2530/2685/2574 2529/2684/2573 2531/2686/2575 2532/2687/2576 
f 2531/2686/2575 2533/2688/2577 2534/2689/2578 2532/2687/2576 
f 2533/2688/2577 2535/2690/2579 2536/2691/2580 2534/2689/2578 
f 2536/2691/2580 2535/2690/2579 2537/2692/2581 2538/2693/2582 
f 2537/2692/2581 2539/2694/2583 2540/2695/2584 2538/2693/2582 
f 2539/2694/2583 2541/2696/2585 2542/2697/2586 2540/2695/2584 
f 2541/2696/2585 2543/2698/2587 2542/2697/2586 
f 2544/2699/2588 2545/2700/2589 2546/2701/2590 
f 2547/2702/2591 2548/2703/2592 2549/2704/2593 
f 2499/2652/2543 2550/2705/2594 2551/2706/2595 2500/2653/2544 
f 2552/2707/2596 2550/2705/2594 2499/2652/2543 2502/2655/2546 
f 2552/2708/2596 2502/2659/2546 2504/2658/2548 2553/2709/2597 
f 2553/2709/2597 2504/2658/2548 2506/2661/2550 2554/2710/2598 
f 2506/2661/2550 2508/2663/2552 2555/2711/2599 2554/2710/2598 
f 2555/2711/2599 2508/2663/2552 2510/2665/2554 2556/2712/2600 
f 2556/2712/2600 2510/2665/2554 2512/2667/2556 2557/2713/2601 
f 2512/2667/2556 2514/2669/2558 2558/2714/2602 2557/2713/2601 
f 2558/2714/2602 2514/2669/2558 2516/2671/2560 2559/2715/2603 
f 2559/2715/2603 2516/2671/2560 2518/2673/2562 2560/2716/2604 
f 2518/2673/2562 2520/2675/2564 2561/2717/2605 2560/2716/2604 
f 2561/2717/2605 2520/2675/2564 2522/2677/2566 2562/2718/2606 
f 2524/2679/2568 2563/2719/2607 2562/2718/2606 2522/2677/2566 
f 2524/2679/2568 2526/2681/2570 2564/2720/2608 2563/2719/2607 
f 2564/2720/2608 2526/2681/2570 2528/2683/2572 2565/2721/2609 
f 2565/2721/2609 2528/2683/2572 2530/2685/2574 2566/2722/2610 
f 2530/2685/2574 2532/2687/2576 2567/2723/2611 2566/2722/2610 
f 2567/2723/2611 2532/2687/2576 2534/2689/2578 2568/2724/2612 
f 2536/2691/2580 2569/2725/2613 2568/2724/2612 2534/2689/2578 
f 2536/2691/2580 2538/2693/2582 2570/2726/2614 2569/2725/2613 
f 2570/2726/2614 2538/2693/2582 2540/2695/2584 2571/2727/2615 
f 2572/2728/2616 2571/2727/2615 2540/2695/2584 2542/2697/2586 
f 2542/2697/2586 2543/2698/2587 2573/2729/2617 2572/2728/2616 
f 2574/2730/2618 2575/2731/2619 2573/2729/2617 2543/2698/2587 
f 2575/2731/2619 2574/2730/2618 2544/2699/2588 2576/2732/2620 
f 2546/2701/2590 2577/2733/2621 2576/2732/2620 2544/2699/2588 
f 2577/2733/2621 2546/2701/2590 2578/2734/2622 2579/2735/2623 
f 2579/2735/2623 2578/2734/2622 2580/2736/2624 2581/2737/2625 
f 2581/2737/2625 2580/2736/2624 2582/2738/2626 2583/2739/2627 
f 2582/2738/2626 2584/2740/2628 2585/2741/2629 2583/2739/2627 
f 2584/2742/2628 2547/2702/2591 2586/2743/2630 2585/2744/2629 
f 2586/2743/2630 2547/2702/2591 2549/2704/2593 2587/2745/2631 
f 2553/2709/2597 2588/2746/2632 2589/2747/2633 2552/2708/2596 
f 2554/2710/2598 2590/2748/2634 2588/2746/2632 2553/2709/2597 
f 2554/2710/2598 2555/2711/2599 2591/2749/2635 2590/2748/2634 
f 2555/2711/2599 2556/2712/2600 2592/2750/2636 2591/2749/2635 
f 2592/2750/2636 2556/2712/2600 2557/2713/2601 2593/2751/2637 
f 2558/2714/2602 2594/2752/2638 2593/2751/2637 2557/2713/2601 
f 2594/2752/2638 2558/2714/2602 2559/2715/2603 2595/2753/2639 
f 2595/2753/2639 2559/2715/2603 2560/2716/2604 2596/2754/2640 
f 2561/2717/2605 2597/2755/2641 2596/2754/2640 2560/2716/2604 
f 2597/2755/2641 2561/2717/2605 2562/2718/2606 2598/2756/2642 
f 2598/2756/2642 2562/2718/2606 2563/2719/2607 2599/2757/2643 
f 2564/2720/2608 2600/2758/2644 2599/2757/2643 2563/2719/2607 
f 2600/2758/2644 2564/2720/2608 2565/2721/2609 2601/2759/2645 
f 2601/2759/2645 2565/2721/2609 2566/2722/2610 2602/2760/2646 
f 2602/2760/2646 2566/2722/2610 2567/2723/2611 2603/2761/2647 
f 2568/2724/2612 2604/2762/2648 2603/2761/2647 2567/2723/2611 
f 2605/2763/2649 2604/2762/2648 2568/2724/2612 2569/2725/2613 
f 2569/2725/2613 2570/2726/2614 2606/2764/2650 2605/2763/2649 
f 2606/2764/2650 2570/2726/2614 2571/2727/2615 2607/2765/2651 
f 2608/2766/2652 2607/2765/2651 2571/2727/2615 2572/2728/2616 
f 2572/2728/2616 2573/2729/2617 2609/2767/2653 2608/2766/2652 
f 2609/2767/2653 2573/2729/2617 2575/2731/2619 2610/2768/2654 
f 2611/2769/2655 2610/2768/2654 2575/2731/2619 2576/2732/2620 
f 2611/2769/2655 2576/2732/2620 2577/2733/2621 2612/2770/2656 
f 2613/2771/2657 2612/2770/2656 2577/2733/2621 2579/2735/2623 
f 2579/2735/2623 2581/2737/2625 2614/2772/2658 2613/2771/2657 
f 2581/2737/2625 2583/2739/2627 2615/2773/2659 2614/2772/2658 
f 2583/2739/2627 2585/2741/2629 2616/2774/2660 2615/2773/2659 
f 2616/2775/2660 2585/2744/2629 2586/2743/2630 2617/2776/2661 
f 2618/2777/2662 2617/2776/2661 2586/2743/2630 2587/2745/2631 
f 2619/2778/2663 2596/2754/2640 2597/2755/2641 
f 2619/2778/2663 2597/2755/2641 2598/2756/2642 2620/2779/2664 
f 2620/2779/2664 2598/2756/2642 2599/2757/2643 2621/2780/2665 
f 2621/2780/2665 2599/2757/2643 2600/2758/2644 2622/2781/2666 
f 2622/2781/2666 2600/2758/2644 2601/2759/2645 2623/2782/2667 
f 2623/2782/2667 2601/2759/2645 2602/2760/2646 2624/2783/2668 
f 2624/2783/2668 2602/2760/2646 2603/2761/2647 2625/2784/2669 
f 2604/2762/2648 2626/2785/2670 2625/2784/2669 2603/2761/2647 
f 2626/2785/2670 2604/2762/2648 2605/2763/2649 2627/2786/2671 
f 2605/2763/2649 2606/2764/2650 2628/2787/2672 2627/2786/2671 
f 2628/2787/2672 2606/2764/2650 2607/2765/2651 2629/2788/2673 
f 2629/2788/2673 2607/2765/2651 2608/2766/2652 2630/2789/2674 
f 2630/2789/2674 2608/2766/2652 2609/2767/2653 2631/2790/2675 
f 2631/2790/2675 2609/2767/2653 2610/2768/2654 2632/2791/2676 
f 2632/2791/2676 2610/2768/2654 2611/2769/2655 2633/2792/2677 
f 2634/2793/2678 2633/2792/2677 2611/2769/2655 2612/2770/2656 
f 2613/2771/2657 2635/2794/2679 2634/2793/2678 2612/2770/2656 
f 2614/2772/2658 2636/2795/2680 2635/2794/2679 2613/2771/2657 
f 2615/2773/2659 2637/2796/2681 2636/2795/2680 2614/2772/2658 
f 2616/2774/2660 2638/2797/2682 2637/2796/2681 2615/2773/2659 
f 2617/2776/2661 2639/2798/2683 2638/2799/2682 2616/2775/2660 
f 2639/2798/2683 2617/2776/2661 2618/2777/2662 2640/2800/2684 
f 2641/2801/2685 2548/2703/2592 2642/2802/2686 
f 2642/2802/2686 2548/2703/2592 2643/2803/2687 
f 2643/2804/2687 2584/2740/2628 2644/2805/2688 
f 2644/2805/2688 2582/2738/2626 2645/2806/2689 
f 2645/2806/2689 2580/2736/2624 2646/2807/2690 
f 2646/2807/2690 2545/2700/2589 2647/2808/2691 
f 2647/2808/2691 2545/2700/2589 2648/2809/2692 
f 2648/2809/2692 2574/2730/2618 2649/2810/2693 
f 2649/2810/2693 2541/2696/2585 2650/2811/2694 
f 2650/2811/2694 2541/2696/2585 2651/2812/2695 
f 2651/2812/2695 2539/2694/2583 2652/2813/2696 
f 2652/2813/2696 2537/2692/2581 2653/2814/2697 
f 2653/2814/2697 2535/2690/2579 2654/2815/2698 
f 2654/2815/2698 2533/2688/2577 2655/2816/2699 
f 2655/2816/2699 2529/2684/2573 2656/2817/2700 
f 2656/2817/2700 2527/2682/2571 2657/2818/2701 
f 2657/2818/2701 2525/2680/2569 2658/2819/2702 
f 2658/2819/2702 2523/2678/2567 2659/2820/2703 
f 2659/2820/2703 2521/2676/2565 2660/2821/2704 
f 2660/2821/2704 2517/2672/2561 2661/2822/2705 
f 2661/2822/2705 2515/2670/2559 2662/2823/2706 
f 2662/2823/2706 2513/2668/2557 2663/2824/2707 
f 2663/2824/2707 2511/2666/2555 2664/2825/2708 
f 2664/2825/2708 2509/2664/2553 2665/2826/2709 
f 2665/2826/2709 2509/2664/2553 2666/2827/2710 
f 2666/2827/2710 2507/2662/2551 2667/2828/2711 
f 2667/2828/2711 2505/2660/2549 2668/2829/2712 
f 2668/2829/2712 2503/2657/2547 2669/2830/2713 
f 2669/2830/2713 2501/2656/2545 2670/2831/2714 
f 2670/2832/2714 2498/2651/2542 2671/2833/2715 
f 2671/2833/2715 2497/2650/2541 2672/2834/2716 
f 2672/2834/2716 2497/2650/2541 2673/2835/2717 
f 2674/2836/2718 2675/2837/2719 2676/2838/2720 
f 2676/2838/2720 2589/2839/2633 2677/2840/2721 
f 2677/2841/2721 2589/2747/2633 2678/2842/2722 
f 2678/2842/2722 2588/2746/2632 2679/2843/2723 
f 2679/2843/2723 2590/2748/2634 2680/2844/2724 
f 2680/2844/2724 2591/2749/2635 2681/2845/2725 
f 2681/2845/2725 2592/2750/2636 2682/2846/2726 
f 2682/2846/2726 2593/2751/2637 2683/2847/2727 
f 2683/2847/2727 2594/2752/2638 2684/2848/2728 
f 2684/2848/2728 2595/2753/2639 2685/2849/2729 
f 2685/2849/2729 2619/2778/2663 2686/2850/2730 
f 2686/2850/2730 2619/2778/2663 2687/2851/2731 
f 2687/2851/2731 2620/2779/2664 2688/2852/2732 
f 2688/2852/2732 2621/2780/2665 2689/2853/2733 
f 2689/2853/2733 2622/2781/2666 2690/2854/2734 
f 2690/2854/2734 2623/2782/2667 2691/2855/2735 
f 2691/2855/2735 2624/2783/2668 2692/2856/2736 
f 2692/2856/2736 2625/2784/2669 2693/2857/2737 
f 2693/2857/2737 2627/2786/2671 2694/2858/2738 
f 2694/2858/2738 2628/2787/2672 2695/2859/2739 
f 2695/2859/2739 2629/2788/2673 2696/2860/2740 
f 2696/2860/2740 2630/2789/2674 2697/2861/2741 
f 2697/2861/2741 2631/2790/2675 2698/2862/2742 
f 2698/2862/2742 2633/2792/2677 2699/2863/2743 
f 2699/2863/2743 2634/2793/2678 2700/2864/2744 
f 2700/2864/2744 2635/2794/2679 2701/2865/2745 
f 2701/2865/2745 2636/2795/2680 2702/2866/2746 
f 2702/2866/2746 2637/2796/2681 2703/2867/2747 
f 2703/2867/2747 2638/2797/2682 2704/2868/2748 
f 2704/2869/2748 2639/2798/2683 2705/2870/2749 
f 2705/2870/2749 2640/2800/2684 2706/2871/2750 
f 2551/2706/2595 2550/2705/2594 2675/2837/2719 
f 2497/2650/2541 2671/2833/2715 2498/2651/2542 
f 2498/2651/2542 2670/2832/2714 2501/2654/2545 
f 2501/2656/2545 2669/2830/2713 2503/2657/2547 
f 2503/2657/2547 2668/2829/2712 2505/2660/2549 
f 2505/2660/2549 2667/2828/2711 2507/2662/2551 
f 2507/2662/2551 2666/2827/2710 2509/2664/2553 
f 2509/2664/2553 2664/2825/2708 2511/2666/2555 
f 2511/2666/2555 2663/2824/2707 2513/2668/2557 
f 2513/2668/2557 2662/2823/2706 2515/2670/2559 
f 2515/2670/2559 2661/2822/2705 2517/2672/2561 
f 2517/2672/2561 2660/2821/2704 2519/2674/2563 
f 2519/2674/2563 2660/2821/2704 2521/2676/2565 
f 2521/2676/2565 2659/2820/2703 2523/2678/2567 
f 2523/2678/2567 2658/2819/2702 2525/2680/2569 
f 2525/2680/2569 2657/2818/2701 2527/2682/2571 
f 2527/2682/2571 2656/2817/2700 2529/2684/2573 
f 2529/2684/2573 2655/2816/2699 2531/2686/2575 
f 2531/2686/2575 2655/2816/2699 2533/2688/2577 
f 2533/2688/2577 2654/2815/2698 2535/2690/2579 
f 2535/2690/2579 2653/2814/2697 2537/2692/2581 
f 2537/2692/2581 2652/2813/2696 2539/2694/2583 
f 2539/2694/2583 2651/2812/2695 2541/2696/2585 
f 2541/2696/2585 2574/2730/2618 2543/2698/2587 
f 2545/2700/2589 2578/2734/2622 2546/2701/2590 
f 2544/2699/2588 2648/2809/2692 2545/2700/2589 
f 2547/2702/2591 2643/2803/2687 2548/2703/2592 
f 2552/2707/2596 2589/2839/2633 2550/2705/2594 
f 2574/2730/2618 2648/2809/2692 2544/2699/2588 
f 2578/2734/2622 2646/2807/2690 2580/2736/2624 
f 2580/2736/2624 2645/2806/2689 2582/2738/2626 
f 2582/2738/2626 2644/2805/2688 2584/2740/2628 
f 2584/2742/2628 2643/2803/2687 2547/2702/2591 
f 2588/2746/2632 2678/2842/2722 2589/2747/2633 
f 2590/2748/2634 2679/2843/2723 2588/2746/2632 
f 2591/2749/2635 2680/2844/2724 2590/2748/2634 
f 2592/2750/2636 2681/2845/2725 2591/2749/2635 
f 2593/2751/2637 2682/2846/2726 2592/2750/2636 
f 2594/2752/2638 2683/2847/2727 2593/2751/2637 
f 2595/2753/2639 2684/2848/2728 2594/2752/2638 
f 2596/2754/2640 2685/2849/2729 2595/2753/2639 
f 2619/2778/2663 2685/2849/2729 2596/2754/2640 
f 2620/2779/2664 2687/2851/2731 2619/2778/2663 
f 2621/2780/2665 2688/2852/2732 2620/2779/2664 
f 2622/2781/2666 2689/2853/2733 2621/2780/2665 
f 2623/2782/2667 2690/2854/2734 2622/2781/2666 
f 2624/2783/2668 2691/2855/2735 2623/2782/2667 
f 2625/2784/2669 2692/2856/2736 2624/2783/2668 
f 2626/2785/2670 2693/2857/2737 2625/2784/2669 
f 2627/2786/2671 2693/2857/2737 2626/2785/2670 
f 2628/2787/2672 2694/2858/2738 2627/2786/2671 
f 2629/2788/2673 2695/2859/2739 2628/2787/2672 
f 2630/2789/2674 2696/2860/2740 2629/2788/2673 
f 2631/2790/2675 2697/2861/2741 2630/2789/2674 
f 2632/2791/2676 2698/2862/2742 2631/2790/2675 
f 2633/2792/2677 2698/2862/2742 2632/2791/2676 
f 2634/2793/2678 2699/2863/2743 2633/2792/2677 
f 2635/2794/2679 2700/2864/2744 2634/2793/2678 
f 2636/2795/2680 2701/2865/2745 2635/2794/2679 
f 2637/2796/2681 2702/2866/2746 2636/2795/2680 
f 2638/2797/2682 2703/2867/2747 2637/2796/2681 
f 2639/2798/2683 2704/2869/2748 2638/2799/2682 
f 2640/2800/2684 2705/2870/2749 2639/2798/2683 
f 2646/2807/2690 2578/2734/2622 2545/2700/2589 
f 2574/2730/2618 2541/2696/2585 2649/2810/2693 
f 2675/2837/2719 2550/2705/2594 2676/2838/2720 
f 2676/2838/2720 2550/2705/2594 2589/2839/2633 
# 105 polygons - 134 triangles

#
# object Letrero011
#

v  0.0000 3.0113 -0.0000
v  0.0000 3.0042 0.1449
v  0.3507 2.9960 0.1445
v  0.3508 3.0030 -0.0000
v  0.0000 2.9842 0.2826
v  0.3504 2.9759 0.2818
v  0.0000 2.9471 0.4316
v  0.3499 2.9390 0.4304
v  0.0000 2.9005 0.5625
v  0.3492 2.8925 0.5610
v  0.0000 2.8341 0.7032
v  0.3483 2.8262 0.7013
v  0.0000 2.7639 0.8201
v  0.3473 2.7563 0.8179
v  0.0000 2.6730 0.9429
v  0.3461 2.6656 0.9404
v  0.0000 2.5795 1.0462
v  0.3448 2.5724 1.0434
v  0.0000 2.4685 1.1470
v  0.3432 2.4617 1.1439
v  0.0000 2.3535 1.2323
v  0.3416 2.3471 1.2290
v  0.0000 2.2304 1.3064
v  0.3399 2.2243 1.3028
v  0.0000 2.0969 1.3698
v  0.3381 2.0911 1.3661
v  0.0000 1.9540 1.4207
v  0.3361 1.9487 1.4169
v  0.0000 1.8199 1.4542
v  0.3342 1.8149 1.4502
v  0.0000 1.6777 1.4756
v  0.3323 1.6731 1.4716
v  0.0000 1.5282 1.4831
v  0.3302 1.5240 1.4791
v  0.0000 1.3833 1.4761
v  0.3282 1.3796 1.4721
v  0.0000 1.2456 1.4560
v  0.3263 1.2423 1.4520
v  0.0000 1.0966 1.4190
v  0.3242 1.0936 1.4151
v  0.0000 0.9657 1.3723
v  0.3224 0.9631 1.3686
v  0.0000 0.8250 1.3059
v  0.3204 0.8228 1.3023
v  0.0000 0.7080 1.2358
v  0.3188 0.7062 1.2324
v  0.0000 0.5852 1.1448
v  0.3171 0.5837 1.1417
v  0.0000 0.4820 1.0513
v  0.3157 0.4808 1.0484
v  0.0000 0.3812 0.9403
v  0.3143 0.3803 0.9378
v  0.0000 0.2959 0.8253
v  0.3131 0.2952 0.8231
v  0.0000 0.2218 0.7022
v  0.3121 0.2213 0.7003
v  0.0000 0.1584 0.5687
v  0.3112 0.1581 0.5671
v  0.0000 0.1075 0.4258
v  0.3105 0.1073 0.4247
v  0.0000 0.0740 0.2917
v  0.3100 0.0739 0.2909
v  0.0000 0.0526 0.1495
v  0.3097 0.0526 0.1491
v  0.0000 0.0450 -0.0000
v  0.3096 0.0450 -0.0000
v  0.6874 2.9817 -0.0000
v  0.6873 2.9746 0.1435
v  0.6867 2.9548 0.2798
v  0.6857 2.9181 0.4274
v  0.6845 2.8719 0.5571
v  0.6827 2.8062 0.6964
v  0.6808 2.7367 0.8122
v  0.6783 2.6467 0.9339
v  0.6758 2.5541 1.0361
v  0.6728 2.4443 1.1359
v  0.6697 2.3304 1.2204
v  0.6664 2.2086 1.2938
v  0.6628 2.0763 1.3566
v  0.6589 1.9349 1.4070
v  0.6553 1.8021 1.4402
v  0.6514 1.6614 1.4614
v  0.6474 1.5133 1.4689
v  0.6435 1.3699 1.4618
v  0.6398 1.2336 1.4420
v  0.6357 1.0861 1.4053
v  0.6322 0.9564 1.3591
v  0.6284 0.8172 1.2933
v  0.6253 0.7014 1.2238
v  0.6219 0.5798 1.1338
v  0.6192 0.4776 1.0412
v  0.6164 0.3779 0.9313
v  0.6141 0.2934 0.8174
v  0.6121 0.2200 0.6955
v  0.6104 0.1573 0.5632
v  0.6090 0.1068 0.4217
v  0.6081 0.0737 0.2889
v  0.6076 0.0525 0.1481
v  0.6074 0.0450 -0.0000
v  1.0311 2.9462 -0.0000
v  1.0308 2.9392 0.1418
v  1.0300 2.9196 0.2766
v  1.0285 2.8834 0.4225
v  1.0266 2.8378 0.5506
v  1.0240 2.7728 0.6883
v  1.0212 2.7042 0.8028
v  1.0175 2.6153 0.9230
v  1.0138 2.5238 1.0241
v  1.0093 2.4153 1.1227
v  1.0047 2.3028 1.2062
v  0.9998 2.1824 1.2787
v  0.9944 2.0518 1.3408
v  0.9887 1.9121 1.3907
v  0.9833 1.7809 1.4234
v  0.9776 1.6418 1.4444
v  0.9716 1.4956 1.4518
v  0.9658 1.3539 1.4448
v  0.9603 1.2192 1.4252
v  0.9543 1.0735 1.3890
v  0.9491 0.9454 1.3433
v  0.9435 0.8079 1.2783
v  0.9388 0.6935 1.2096
v  0.9339 0.5734 1.1206
v  0.9297 0.4724 1.0291
v  0.9257 0.3738 0.9204
v  0.9223 0.2904 0.8079
v  0.9193 0.2179 0.6874
v  0.9168 0.1559 0.5567
v  0.9147 0.1061 0.4168
v  0.9134 0.0734 0.2855
v  0.9125 0.0524 0.1463
v  0.9122 0.0450 -0.0000
v  1.2222 2.9204 -0.0000
v  1.2222 2.9156 0.1162
v  1.2222 2.9015 0.2316
v  1.2222 2.8781 0.3453
v  1.2222 2.8456 0.4566
v  1.2222 2.8007 0.5729
v  1.2222 2.7459 0.6848
v  1.2222 2.6464 0.8422
v  1.2222 2.5128 1.0005
v  1.2222 2.4063 1.0991
v  1.2222 2.2905 1.1863
v  1.2222 2.1666 1.2615
v  1.2222 2.0057 1.3359
v  1.2222 1.8368 1.3899
v  1.2222 1.6620 1.4228
v  1.2222 1.4834 1.4340
v  1.2222 1.3064 1.4231
v  1.2222 1.1314 1.3905
v  1.2222 0.9610 1.3362
v  1.2222 0.7986 1.2611
v  1.2222 0.6746 1.1859
v  1.2222 0.5588 1.0986
v  1.2222 0.4525 1.0001
v  1.2222 0.3191 0.8420
v  1.2222 0.2192 0.6840
v  1.2222 0.1645 0.5722
v  1.2222 0.1198 0.4563
v  1.2222 0.0872 0.3445
v  1.2222 0.0638 0.2307
v  1.2222 0.0497 0.1157
v  1.2222 0.0450 -0.0000
# 163 vertices

vn 0.0236 0.9985 0.0489
vn 0.0236 0.9950 0.0966
vn 0.0434 0.9944 0.0966
vn 0.0434 0.9979 0.0489
vn 0.0235 0.9810 0.1928
vn 0.0431 0.9803 0.1928
vn 0.0232 0.9572 0.2885
vn 0.0426 0.9566 0.2884
vn 0.0228 0.9240 0.3816
vn 0.0419 0.9234 0.3816
vn 0.0224 0.8819 0.4710
vn 0.0410 0.8812 0.4709
vn 0.0218 0.8316 0.5550
vn 0.0400 0.8309 0.5549
vn 0.0211 0.7733 0.6337
vn 0.0388 0.7727 0.6336
vn 0.0204 0.7076 0.7063
vn 0.0374 0.7070 0.7062
vn 0.0196 0.6350 0.7723
vn 0.0359 0.6344 0.7722
vn 0.0187 0.5566 0.8306
vn 0.0342 0.5560 0.8305
vn 0.0177 0.4731 0.8808
vn 0.0324 0.4725 0.8807
vn 0.0167 0.3831 0.9236
vn 0.0305 0.3826 0.9234
vn 0.0156 0.2896 0.9570
vn 0.0285 0.2891 0.9569
vn 0.0145 0.1961 0.9805
vn 0.0265 0.1956 0.9803
vn 0.0134 0.1002 0.9949
vn 0.0244 0.0998 0.9947
vn 0.0122 0.0012 0.9999
vn 0.0223 0.0008 0.9998
vn 0.0110 -0.0963 0.9953
vn 0.0202 -0.0967 0.9951
vn 0.0099 -0.1925 0.9812
vn 0.0181 -0.1928 0.9811
vn 0.0087 -0.2883 0.9575
vn 0.0160 -0.2885 0.9573
vn 0.0076 -0.3815 0.9243
vn 0.0139 -0.3818 0.9241
vn 0.0065 -0.4709 0.8821
vn 0.0119 -0.4711 0.8820
vn 0.0055 -0.5550 0.8318
vn 0.0100 -0.5552 0.8317
vn 0.0045 -0.6338 0.7735
vn 0.0083 -0.6339 0.7734
vn 0.0037 -0.7065 0.7077
vn 0.0067 -0.7066 0.7076
vn 0.0028 -0.7725 0.6351
vn 0.0052 -0.7725 0.6350
vn 0.0021 -0.8308 0.5566
vn 0.0039 -0.8308 0.5565
vn 0.0015 -0.8811 0.4730
vn 0.0027 -0.8811 0.4729
vn 0.0010 -0.9238 0.3830
vn 0.0017 -0.9238 0.3829
vn 0.0005 -0.9572 0.2894
vn 0.0010 -0.9572 0.2893
vn 0.0002 -0.9806 0.1958
vn 0.0004 -0.9806 0.1958
vn 0.0001 -0.9950 0.0999
vn 0.0001 -0.9950 0.0998
vn 0.0000 -0.9987 0.0505
vn -0.0000 -0.9987 0.0505
vn 0.0829 0.9954 0.0488
vn 0.0828 0.9919 0.0965
vn 0.0823 0.9778 0.1926
vn 0.0813 0.9541 0.2881
vn 0.0800 0.9210 0.3812
vn 0.0783 0.8790 0.4704
vn 0.0763 0.8288 0.5543
vn 0.0740 0.7706 0.6330
vn 0.0713 0.7051 0.7055
vn 0.0684 0.6326 0.7715
vn 0.0652 0.5543 0.8297
vn 0.0619 0.4710 0.8800
vn 0.0582 0.3812 0.9227
vn 0.0544 0.2879 0.9561
vn 0.0505 0.1945 0.9796
vn 0.0466 0.0988 0.9940
vn 0.0425 -0.0001 0.9991
vn 0.0384 -0.0974 0.9945
vn 0.0344 -0.1935 0.9805
vn 0.0304 -0.2891 0.9568
vn 0.0265 -0.3822 0.9237
vn 0.0227 -0.4715 0.8816
vn 0.0191 -0.5555 0.8313
vn 0.0158 -0.6341 0.7731
vn 0.0127 -0.7067 0.7074
vn 0.0098 -0.7727 0.6347
vn 0.0073 -0.8309 0.5563
vn 0.0052 -0.8812 0.4728
vn 0.0033 -0.9238 0.3828
vn 0.0019 -0.9572 0.2893
vn 0.0008 -0.9807 0.1957
vn 0.0002 -0.9950 0.0998
vn -0.0000 -0.9987 0.0504
vn 0.1165 0.9921 0.0473
vn 0.1159 0.9886 0.0962
vn 0.1143 0.9747 0.1920
vn 0.1131 0.9509 0.2882
vn 0.1119 0.9179 0.3807
vn 0.1106 0.8754 0.4705
vn 0.1088 0.8264 0.5525
vn 0.1061 0.7669 0.6329
vn 0.1010 0.7022 0.7048
vn 0.0970 0.6297 0.7708
vn 0.0930 0.5516 0.8289
vn 0.0889 0.4682 0.8791
vn 0.0836 0.3800 0.9212
vn 0.0773 0.2863 0.9550
vn 0.0719 0.1926 0.9786
vn 0.0667 0.0963 0.9931
vn 0.0615 -0.0018 0.9981
vn 0.0556 -0.0977 0.9937
vn 0.0488 -0.1941 0.9798
vn 0.0430 -0.2905 0.9559
vn 0.0381 -0.3836 0.9227
vn 0.0332 -0.4722 0.8809
vn 0.0277 -0.5557 0.8309
vn 0.0225 -0.6346 0.7725
vn 0.0179 -0.7069 0.7071
vn 0.0141 -0.7726 0.6347
vn 0.0101 -0.8315 0.5554
vn 0.0067 -0.8811 0.4728
vn 0.0032 -0.9238 0.3829
vn 0.0007 -0.9573 0.2891
vn -0.0008 -0.9807 0.1957
vn -0.0014 -0.9950 0.0996
vn -0.0014 -0.9988 0.0493
vn 0.1337 0.9902 0.0403
vn 0.1344 0.9878 0.0792
vn 0.1354 0.9778 0.1599
vn 0.1340 0.9616 0.2395
vn 0.1334 0.9385 0.3184
vn 0.1298 0.9078 0.3989
vn 0.1307 0.8666 0.4815
vn 0.1320 0.7995 0.5860
vn 0.1238 0.7138 0.6893
vn 0.1143 0.6363 0.7629
vn 0.1090 0.5560 0.8240
vn 0.1042 0.4664 0.8784
vn 0.1000 0.3599 0.9276
vn 0.0946 0.2424 0.9656
vn 0.0855 0.1203 0.9890
vn 0.0753 -0.0023 0.9972
vn 0.0687 -0.1238 0.9899
vn 0.0613 -0.2460 0.9673
vn 0.0517 -0.3652 0.9295
vn 0.0410 -0.4722 0.8805
vn 0.0332 -0.5626 0.8261
vn 0.0279 -0.6425 0.7658
vn 0.0261 -0.7224 0.6910
vn 0.0223 -0.8081 0.5887
vn 0.0129 -0.8746 0.4846
vn 0.0076 -0.9165 0.3999
vn 0.0061 -0.9474 0.3201
vn 0.0048 -0.9706 0.2406
vn 0.0031 -0.9870 0.1608
vn 0.0010 -0.9968 0.0799
vn -0.0000 -0.9992 0.0405
# 163 vertex normals

vt 0.5000 0.5000 0.9138
vt 0.2607 0.5000 0.9119
vt 0.2614 0.4738 0.9095
vt 0.5000 0.4738 0.9115
vt 0.0333 0.5000 0.9063
vt 0.0346 0.4738 0.9040
vt 0.9063 0.5000 0.0333
vt 0.8959 0.5000 -0.2128
vt 0.8937 0.4738 -0.2109
vt 0.9040 0.4738 0.0346
vt 0.8829 0.5000 -0.4291
vt 0.8807 0.4739 -0.4266
vt 0.8644 0.5000 -0.6613
vt 0.8622 0.4739 -0.6582
vt 0.8448 0.5000 -0.8546
vt 0.8427 0.4740 -0.8509
vt 0.8194 0.5000 -1.0574
vt 0.8174 0.4741 -1.0531
vt 0.7933 0.5000 -1.2279
vt 0.7914 0.4742 -1.2232
vt 0.7624 0.5000 -1.3943
vt 0.7605 0.4743 -1.3892
vt 0.7303 0.5000 -1.5353
vt 0.7285 0.4744 -1.5297
vt 0.6959 0.5000 -1.6576
vt 0.6942 0.4746 -1.6518
vt 0.6587 0.5000 -1.7624
vt 0.6571 0.4747 -1.7562
vt 0.6188 0.5000 -1.8464
vt 0.6173 0.4748 -1.8401
vt 0.5814 0.5000 -1.9017
vt 0.5800 0.4750 -1.8952
vt 0.5417 0.5000 -1.9371
vt 0.5404 0.4751 -1.9305
vt 0.5000 0.5000 -1.9496
vt 0.4988 0.4753 -1.9429
vt 0.4596 0.5000 -1.9379
vt 0.4585 0.4754 -1.9313
vt 0.4212 0.5000 -1.9047
vt 0.4202 0.4756 -1.8982
vt 0.3796 0.5000 -1.8436
vt 0.3788 0.4757 -1.8372
vt 0.3430 0.5000 -1.7665
vt 0.3423 0.4759 -1.7604
vt 0.3038 0.5000 -1.6568
vt 0.3032 0.4760 -1.6509
vt 0.2712 0.5000 -1.5410
vt 0.2706 0.4761 -1.5355
vt 0.2369 0.5000 -1.3908
vt 0.2365 0.4763 -1.3857
vt 0.2081 0.5000 -1.2363
vt 0.2077 0.4764 -1.2316
vt 0.1800 0.5000 -1.0530
vt 0.1797 0.4765 -1.0488
vt 0.1562 0.5000 -0.8631
vt 0.1560 0.4766 -0.8594
vt 0.1355 0.5000 -0.6598
vt 0.1354 0.4766 -0.6567
vt 0.1178 0.5000 -0.4392
vt 0.1177 0.4767 -0.4367
vt 0.1036 0.5000 -0.2033
vt 0.1035 0.4768 -0.2014
vt 0.0943 0.5000 0.0182
vt 0.0942 0.4768 0.0195
vt 0.9818 0.5000 0.0943
vt 0.7469 0.5000 0.0883
vt 0.7463 0.4768 0.0883
vt 0.9805 0.4768 0.0942
vt 0.5000 0.5000 0.0862
vt 0.5000 0.4768 0.0862
vt 0.5000 0.4486 0.9056
vt 0.2630 0.4486 0.9036
vt 0.0378 0.4486 0.8980
vt 0.8980 0.4486 0.0378
vt 0.8878 0.4487 -0.2060
vt 0.8749 0.4488 -0.4201
vt 0.8566 0.4489 -0.6502
vt 0.8372 0.4491 -0.8415
vt 0.8121 0.4492 -1.0423
vt 0.7863 0.4494 -1.2113
vt 0.7556 0.4497 -1.3761
vt 0.7238 0.4499 -1.5156
vt 0.6898 0.4501 -1.6368
vt 0.6529 0.4504 -1.7406
vt 0.6135 0.4507 -1.8238
vt 0.5764 0.4510 -1.8786
vt 0.5372 0.4513 -1.9136
vt 0.4959 0.4516 -1.9260
vt 0.4558 0.4518 -1.9144
vt 0.4178 0.4521 -1.8815
vt 0.3766 0.4524 -1.8210
vt 0.3405 0.4527 -1.7447
vt 0.3016 0.4530 -1.6360
vt 0.2693 0.4532 -1.5213
vt 0.2354 0.4535 -1.3726
vt 0.2069 0.4537 -1.2196
vt 0.1790 0.4539 -1.0381
vt 0.1555 0.4540 -0.8500
vt 0.1350 0.4542 -0.6486
vt 0.1175 0.4543 -0.4302
vt 0.1034 0.4544 -0.1965
vt 0.0942 0.4545 0.0229
vt 0.7445 0.4545 0.0883
vt 0.9771 0.4545 0.0942
vt 0.5000 0.4546 0.0862
vt 0.5000 0.4228 0.8957
vt 0.2658 0.4229 0.8937
vt 0.0432 0.4229 0.8882
vt 0.8882 0.4229 0.0432
vt 0.8781 0.4230 -0.1978
vt 0.8654 0.4232 -0.4094
vt 0.8473 0.4234 -0.6368
vt 0.8281 0.4236 -0.8259
vt 0.8033 0.4239 -1.0244
vt 0.7778 0.4241 -1.1914
vt 0.7475 0.4245 -1.3543
vt 0.7161 0.4248 -1.4922
vt 0.6825 0.4252 -1.6120
vt 0.6461 0.4256 -1.7145
vt 0.6071 0.4260 -1.7968
vt 0.5705 0.4264 -1.8509
vt 0.5317 0.4268 -1.8856
vt 0.4909 0.4273 -1.8978
vt 0.4514 0.4277 -1.8863
vt 0.4138 0.4281 -1.8539
vt 0.3731 0.4286 -1.7940
vt 0.3374 0.4290 -1.7186
vt 0.2990 0.4294 -1.6112
vt 0.2671 0.4298 -1.4978
vt 0.2336 0.4301 -1.3508
vt 0.2054 0.4304 -1.1996
vt 0.1779 0.4307 -1.0202
vt 0.1546 0.4310 -0.8343
vt 0.1344 0.4312 -0.6353
vt 0.1171 0.4314 -0.4194
vt 0.1032 0.4316 -0.1884
vt 0.0941 0.4317 0.0284
vt 0.9716 0.4317 0.0941
vt 0.7417 0.4317 0.0882
vt 0.5000 0.4317 0.0862
vt 0.5000 0.4085 0.8884
vt 0.3081 0.4085 0.8871
vt 0.1174 0.4085 0.8832
vt 0.8832 0.4085 0.1174
vt 0.8766 0.4085 -0.0703
vt 0.8676 0.4085 -0.2541
vt 0.8551 0.4085 -0.4462
vt 0.8398 0.4085 -0.6309
vt 0.8120 0.4085 -0.8910
vt 0.7747 0.4085 -1.1524
vt 0.7450 0.4085 -1.3152
vt 0.7127 0.4085 -1.4594
vt 0.6781 0.4085 -1.5835
vt 0.6332 0.4085 -1.7063
vt 0.5861 0.4085 -1.7955
vt 0.5373 0.4085 -1.8500
vt 0.4875 0.4085 -1.8684
vt 0.4381 0.4085 -1.8505
vt 0.3893 0.4085 -1.7965
vt 0.3418 0.4085 -1.7068
vt 0.2964 0.4085 -1.5829
vt 0.2618 0.4085 -1.4586
vt 0.2295 0.4085 -1.3144
vt 0.1999 0.4085 -1.1517
vt 0.1626 0.4085 -0.8906
vt 0.1348 0.4085 -0.6297
vt 0.1195 0.4085 -0.4450
vt 0.1070 0.4085 -0.2536
vt 0.0979 0.4085 -0.0690
vt 0.0914 0.4085 0.1189
vt 0.8811 0.4085 0.0914
vt 0.6912 0.4085 0.0875
vt 0.5000 0.4085 0.0862
# 173 texture coords

o Letrero011
g Letrero011
usemtl blanco
s 1
f 2707/2872/2751 2708/2873/2752 2709/2874/2753 2710/2875/2754 
f 2709/2874/2753 2708/2873/2752 2711/2876/2755 2712/2877/2756 
f 2711/2878/2755 2713/2879/2757 2714/2880/2758 2712/2881/2756 
f 2713/2879/2757 2715/2882/2759 2716/2883/2760 2714/2880/2758 
f 2716/2883/2760 2715/2882/2759 2717/2884/2761 2718/2885/2762 
f 2717/2884/2761 2719/2886/2763 2720/2887/2764 2718/2885/2762 
f 2719/2886/2763 2721/2888/2765 2722/2889/2766 2720/2887/2764 
f 2722/2889/2766 2721/2888/2765 2723/2890/2767 2724/2891/2768 
f 2723/2890/2767 2725/2892/2769 2726/2893/2770 2724/2891/2768 
f 2725/2892/2769 2727/2894/2771 2728/2895/2772 2726/2893/2770 
f 2728/2895/2772 2727/2894/2771 2729/2896/2773 2730/2897/2774 
f 2729/2896/2773 2731/2898/2775 2732/2899/2776 2730/2897/2774 
f 2731/2898/2775 2733/2900/2777 2734/2901/2778 2732/2899/2776 
f 2734/2901/2778 2733/2900/2777 2735/2902/2779 2736/2903/2780 
f 2735/2902/2779 2737/2904/2781 2738/2905/2782 2736/2903/2780 
f 2737/2904/2781 2739/2906/2783 2740/2907/2784 2738/2905/2782 
f 2740/2907/2784 2739/2906/2783 2741/2908/2785 2742/2909/2786 
f 2741/2908/2785 2743/2910/2787 2744/2911/2788 2742/2909/2786 
f 2743/2910/2787 2745/2912/2789 2746/2913/2790 2744/2911/2788 
f 2746/2913/2790 2745/2912/2789 2747/2914/2791 2748/2915/2792 
f 2747/2914/2791 2749/2916/2793 2750/2917/2794 2748/2915/2792 
f 2749/2916/2793 2751/2918/2795 2752/2919/2796 2750/2917/2794 
f 2752/2919/2796 2751/2918/2795 2753/2920/2797 2754/2921/2798 
f 2753/2920/2797 2755/2922/2799 2756/2923/2800 2754/2921/2798 
f 2755/2922/2799 2757/2924/2801 2758/2925/2802 2756/2923/2800 
f 2758/2925/2802 2757/2924/2801 2759/2926/2803 2760/2927/2804 
f 2759/2926/2803 2761/2928/2805 2762/2929/2806 2760/2927/2804 
f 2761/2928/2805 2763/2930/2807 2764/2931/2808 2762/2929/2806 
f 2764/2931/2808 2763/2930/2807 2765/2932/2809 2766/2933/2810 
f 2765/2932/2809 2767/2934/2811 2768/2935/2812 2766/2933/2810 
f 2767/2936/2811 2769/2937/2813 2770/2938/2814 2768/2939/2812 
f 2770/2938/2814 2769/2937/2813 2771/2940/2815 2772/2941/2816 
f 2773/2942/2817 2710/2875/2754 2709/2874/2753 2774/2943/2818 
f 2709/2874/2753 2712/2877/2756 2775/2944/2819 2774/2943/2818 
f 2775/2945/2819 2712/2881/2756 2714/2880/2758 2776/2946/2820 
f 2716/2883/2760 2777/2947/2821 2776/2946/2820 2714/2880/2758 
f 2718/2885/2762 2778/2948/2822 2777/2947/2821 2716/2883/2760 
f 2720/2887/2764 2779/2949/2823 2778/2948/2822 2718/2885/2762 
f 2722/2889/2766 2780/2950/2824 2779/2949/2823 2720/2887/2764 
f 2724/2891/2768 2781/2951/2825 2780/2950/2824 2722/2889/2766 
f 2726/2893/2770 2782/2952/2826 2781/2951/2825 2724/2891/2768 
f 2728/2895/2772 2783/2953/2827 2782/2952/2826 2726/2893/2770 
f 2730/2897/2774 2784/2954/2828 2783/2953/2827 2728/2895/2772 
f 2732/2899/2776 2785/2955/2829 2784/2954/2828 2730/2897/2774 
f 2734/2901/2778 2786/2956/2830 2785/2955/2829 2732/2899/2776 
f 2736/2903/2780 2787/2957/2831 2786/2956/2830 2734/2901/2778 
f 2738/2905/2782 2788/2958/2832 2787/2957/2831 2736/2903/2780 
f 2740/2907/2784 2789/2959/2833 2788/2958/2832 2738/2905/2782 
f 2742/2909/2786 2790/2960/2834 2789/2959/2833 2740/2907/2784 
f 2744/2911/2788 2791/2961/2835 2790/2960/2834 2742/2909/2786 
f 2746/2913/2790 2792/2962/2836 2791/2961/2835 2744/2911/2788 
f 2748/2915/2792 2793/2963/2837 2792/2962/2836 2746/2913/2790 
f 2750/2917/2794 2794/2964/2838 2793/2963/2837 2748/2915/2792 
f 2794/2964/2838 2750/2917/2794 2752/2919/2796 2795/2965/2839 
f 2754/2921/2798 2796/2966/2840 2795/2965/2839 2752/2919/2796 
f 2756/2923/2800 2797/2967/2841 2796/2966/2840 2754/2921/2798 
f 2797/2967/2841 2756/2923/2800 2758/2925/2802 2798/2968/2842 
f 2760/2927/2804 2799/2969/2843 2798/2968/2842 2758/2925/2802 
f 2762/2929/2806 2800/2970/2844 2799/2969/2843 2760/2927/2804 
f 2800/2970/2844 2762/2929/2806 2764/2931/2808 2801/2971/2845 
f 2766/2933/2810 2802/2972/2846 2801/2971/2845 2764/2931/2808 
f 2802/2972/2846 2766/2933/2810 2768/2935/2812 2803/2973/2847 
f 2768/2939/2812 2770/2938/2814 2804/2974/2848 2803/2975/2847 
f 2770/2938/2814 2772/2941/2816 2805/2976/2849 2804/2974/2848 
f 2806/2977/2850 2773/2942/2817 2774/2943/2818 2807/2978/2851 
f 2807/2978/2851 2774/2943/2818 2775/2944/2819 2808/2979/2852 
f 2808/2980/2852 2775/2945/2819 2776/2946/2820 2809/2981/2853 
f 2777/2947/2821 2810/2982/2854 2809/2981/2853 2776/2946/2820 
f 2810/2982/2854 2777/2947/2821 2778/2948/2822 2811/2983/2855 
f 2811/2983/2855 2778/2948/2822 2779/2949/2823 2812/2984/2856 
f 2780/2950/2824 2813/2985/2857 2812/2984/2856 2779/2949/2823 
f 2813/2985/2857 2780/2950/2824 2781/2951/2825 2814/2986/2858 
f 2815/2987/2859 2814/2986/2858 2781/2951/2825 2782/2952/2826 
f 2782/2952/2826 2783/2953/2827 2816/2988/2860 2815/2987/2859 
f 2816/2988/2860 2783/2953/2827 2784/2954/2828 2817/2989/2861 
f 2818/2990/2862 2817/2989/2861 2784/2954/2828 2785/2955/2829 
f 2785/2955/2829 2786/2956/2830 2819/2991/2863 2818/2990/2862 
f 2819/2991/2863 2786/2956/2830 2787/2957/2831 2820/2992/2864 
f 2821/2993/2865 2820/2992/2864 2787/2957/2831 2788/2958/2832 
f 2788/2958/2832 2789/2959/2833 2822/2994/2866 2821/2993/2865 
f 2822/2994/2866 2789/2959/2833 2790/2960/2834 2823/2995/2867 
f 2824/2996/2868 2823/2995/2867 2790/2960/2834 2791/2961/2835 
f 2791/2961/2835 2792/2962/2836 2825/2997/2869 2824/2996/2868 
f 2825/2997/2869 2792/2962/2836 2793/2963/2837 2826/2998/2870 
f 2827/2999/2871 2826/2998/2870 2793/2963/2837 2794/2964/2838 
f 2795/2965/2839 2828/3000/2872 2827/2999/2871 2794/2964/2838 
f 2796/2966/2840 2829/3001/2873 2828/3000/2872 2795/2965/2839 
f 2830/3002/2874 2829/3001/2873 2796/2966/2840 2797/2967/2841 
f 2830/3002/2874 2797/2967/2841 2798/2968/2842 2831/3003/2875 
f 2831/3003/2875 2798/2968/2842 2799/2969/2843 2832/3004/2876 
f 2833/3005/2877 2832/3004/2876 2799/2969/2843 2800/2970/2844 
f 2833/3005/2877 2800/2970/2844 2801/2971/2845 2834/3006/2878 
f 2834/3006/2878 2801/2971/2845 2802/2972/2846 2835/3007/2879 
f 2835/3007/2879 2802/2972/2846 2803/2973/2847 2836/3008/2880 
f 2836/3009/2880 2803/2975/2847 2804/2974/2848 2837/3010/2881 
f 2837/3010/2881 2804/2974/2848 2805/2976/2849 2838/3011/2882 
f 2839/3012/2883 2806/2977/2850 2840/3013/2884 
f 2840/3013/2884 2807/2978/2851 2841/3014/2885 
f 2841/3015/2885 2808/2980/2852 2842/3016/2886 
f 2842/3016/2886 2809/2981/2853 2843/3017/2887 
f 2843/3017/2887 2810/2982/2854 2844/3018/2888 
f 2844/3018/2888 2811/2983/2855 2845/3019/2889 
f 2845/3019/2889 2812/2984/2856 2846/3020/2890 
f 2846/3020/2890 2813/2985/2857 2847/3021/2891 
f 2847/3021/2891 2814/2986/2858 2848/3022/2892 
f 2848/3022/2892 2815/2987/2859 2849/3023/2893 
f 2849/3023/2893 2816/2988/2860 2850/3024/2894 
f 2850/3024/2894 2818/2990/2862 2851/3025/2895 
f 2851/3025/2895 2819/2991/2863 2852/3026/2896 
f 2852/3026/2896 2820/2992/2864 2853/3027/2897 
f 2853/3027/2897 2821/2993/2865 2854/3028/2898 
f 2854/3028/2898 2823/2995/2867 2855/3029/2899 
f 2855/3029/2899 2824/2996/2868 2856/3030/2900 
f 2856/3030/2900 2825/2997/2869 2857/3031/2901 
f 2857/3031/2901 2826/2998/2870 2858/3032/2902 
f 2858/3032/2902 2828/3000/2872 2859/3033/2903 
f 2859/3033/2903 2829/3001/2873 2860/3034/2904 
f 2860/3034/2904 2830/3002/2874 2861/3035/2905 
f 2861/3035/2905 2831/3003/2875 2862/3036/2906 
f 2862/3036/2906 2832/3004/2876 2863/3037/2907 
f 2863/3037/2907 2833/3005/2877 2864/3038/2908 
f 2864/3038/2908 2834/3006/2878 2865/3039/2909 
f 2865/3039/2909 2835/3007/2879 2866/3040/2910 
f 2866/3040/2910 2836/3008/2880 2867/3041/2911 
f 2867/3042/2911 2837/3010/2881 2868/3043/2912 
f 2868/3043/2912 2838/3011/2882 2869/3044/2913 
f 2807/2978/2851 2840/3013/2884 2806/2977/2850 
f 2808/2979/2852 2841/3014/2885 2807/2978/2851 
f 2809/2981/2853 2842/3016/2886 2808/2980/2852 
f 2810/2982/2854 2843/3017/2887 2809/2981/2853 
f 2811/2983/2855 2844/3018/2888 2810/2982/2854 
f 2812/2984/2856 2845/3019/2889 2811/2983/2855 
f 2813/2985/2857 2846/3020/2890 2812/2984/2856 
f 2814/2986/2858 2847/3021/2891 2813/2985/2857 
f 2815/2987/2859 2848/3022/2892 2814/2986/2858 
f 2816/2988/2860 2849/3023/2893 2815/2987/2859 
f 2817/2989/2861 2850/3024/2894 2816/2988/2860 
f 2818/2990/2862 2850/3024/2894 2817/2989/2861 
f 2819/2991/2863 2851/3025/2895 2818/2990/2862 
f 2820/2992/2864 2852/3026/2896 2819/2991/2863 
f 2821/2993/2865 2853/3027/2897 2820/2992/2864 
f 2822/2994/2866 2854/3028/2898 2821/2993/2865 
f 2823/2995/2867 2854/3028/2898 2822/2994/2866 
f 2824/2996/2868 2855/3029/2899 2823/2995/2867 
f 2825/2997/2869 2856/3030/2900 2824/2996/2868 
f 2826/2998/2870 2857/3031/2901 2825/2997/2869 
f 2827/2999/2871 2858/3032/2902 2826/2998/2870 
f 2828/3000/2872 2858/3032/2902 2827/2999/2871 
f 2829/3001/2873 2859/3033/2903 2828/3000/2872 
f 2830/3002/2874 2860/3034/2904 2829/3001/2873 
f 2831/3003/2875 2861/3035/2905 2830/3002/2874 
f 2832/3004/2876 2862/3036/2906 2831/3003/2875 
f 2833/3005/2877 2863/3037/2907 2832/3004/2876 
f 2834/3006/2878 2864/3038/2908 2833/3005/2877 
f 2835/3007/2879 2865/3039/2909 2834/3006/2878 
f 2836/3008/2880 2866/3040/2910 2835/3007/2879 
f 2837/3010/2881 2867/3042/2911 2836/3009/2880 
f 2838/3011/2882 2868/3043/2912 2837/3010/2881 
# 96 polygons - 62 triangles

#
# object Letrero012
#

v  3.7977 2.1239 -0.0000
v  3.9818 2.0320 -0.0000
v  3.9810 2.0273 -0.0984
v  3.7969 2.1190 -0.1028
v  3.9788 2.0138 -0.1919
v  3.7947 2.1049 -0.2005
v  3.9747 1.9890 -0.2931
v  3.7906 2.0789 -0.3062
v  3.9695 1.9578 -0.3820
v  3.7855 2.0463 -0.3991
v  3.7782 1.9997 -0.4989
v  3.9621 1.9133 -0.4775
v  3.9543 1.8663 -0.5569
v  3.7704 1.9505 -0.5819
v  3.9442 1.8054 -0.6403
v  3.7604 1.8868 -0.6690
v  3.7501 1.8213 -0.7423
v  3.9338 1.7427 -0.7104
v  3.9214 1.6684 -0.7788
v  3.7378 1.7435 -0.8137
v  3.9086 1.5914 -0.8367
v  3.7251 1.6629 -0.8743
v  3.7115 1.5766 -0.9268
v  3.8949 1.5089 -0.8870
v  3.8801 1.4194 -0.9301
v  3.6968 1.4830 -0.9718
v  3.8642 1.3237 -0.9647
v  3.6810 1.3829 -1.0080
v  3.6662 1.2889 -1.0317
v  3.8493 1.2339 -0.9874
v  3.8335 1.1387 -1.0020
v  3.6505 1.1893 -1.0469
v  3.8168 1.0385 -1.0071
v  3.6340 1.0845 -1.0523
v  3.8007 0.9415 -1.0023
v  4.0449 1.9989 -0.0000
v  4.0441 1.9942 -0.0968
v  4.0419 1.9810 -0.1888
v  4.0378 1.9566 -0.2883
v  4.0326 1.9259 -0.3758
v  4.0252 1.8821 -0.4697
v  4.0174 1.8359 -0.5479
v  4.0073 1.7760 -0.6299
v  3.9969 1.7144 -0.6989
v  3.9845 1.6413 -0.7662
v  3.9717 1.5656 -0.8232
v  3.9580 1.4845 -0.8727
v  3.9431 1.3965 -0.9151
v  3.9272 1.3024 -0.9491
v  3.9123 1.2141 -0.9714
v  3.8965 1.1204 -0.9857
v  3.8798 1.0220 -0.9908
v  3.8637 0.9265 -0.9860
v  3.7854 0.8492 -0.9886
v  3.8484 0.8358 -0.9726
v  3.7688 0.7494 -0.9635
v  3.8318 0.7377 -0.9479
v  3.8172 0.6514 -0.9168
v  3.7543 0.6617 -0.9318
v  3.8016 0.5588 -0.8724
v  3.7386 0.5675 -0.8867
v  3.7256 0.4891 -0.8391
v  3.7886 0.4817 -0.8255
v  3.7749 0.4009 -0.7648
v  3.7120 0.4069 -0.7774
v  3.7634 0.3328 -0.7023
v  3.7005 0.3377 -0.7138
v  3.6893 0.2702 -0.6385
v  3.7522 0.2665 -0.6282
v  3.7427 0.2103 -0.5513
v  3.6798 0.2131 -0.5604
v  3.7344 0.1615 -0.4691
v  3.6715 0.1634 -0.4768
v  3.6645 0.1210 -0.3861
v  3.7274 0.1197 -0.3799
v  3.7217 0.0862 -0.2845
v  3.6588 0.0869 -0.2891
v  3.7180 0.0641 -0.1949
v  3.6551 0.0644 -0.1981
v  3.6527 0.0501 -0.1015
v  3.7156 0.0500 -0.0999
v  3.7148 0.0450 -0.0000
v  3.6519 0.0450 -0.0000
v  4.1841 1.9228 -0.0000
v  4.1833 1.9183 -0.0931
v  4.1811 1.9056 -0.1816
v  4.1770 1.8821 -0.2774
v  4.1718 1.8526 -0.3615
v  4.1644 1.8105 -0.4519
v  4.1566 1.7662 -0.5271
v  4.1465 1.7086 -0.6060
v  4.1361 1.6494 -0.6724
v  4.1238 1.5791 -0.7371
v  4.1111 1.5064 -0.7920
v  4.0974 1.4284 -0.8396
v  4.0826 1.3439 -0.8803
v  4.0667 1.2534 -0.9131
v  4.0518 1.1686 -0.9346
v  4.0360 1.0785 -0.9483
v  4.0194 0.9839 -0.9532
v  4.0033 0.8922 -0.9486
v  3.9880 0.8050 -0.9357
v  3.9715 0.7107 -0.9119
v  3.9570 0.6278 -0.8820
v  3.9413 0.5388 -0.8393
v  3.9284 0.4647 -0.7942
v  3.9147 0.3870 -0.7358
v  3.9033 0.3216 -0.6756
v  3.8921 0.2578 -0.6043
v  3.8826 0.2038 -0.5304
v  3.8744 0.1569 -0.4513
v  3.8673 0.1168 -0.3655
v  3.8617 0.0846 -0.2737
v  3.8580 0.0634 -0.1875
v  3.8556 0.0498 -0.0961
v  3.8547 0.0450 -0.0000
v  4.2641 1.8721 -0.0909
v  4.2649 1.8765 -0.0000
v  4.2619 1.8597 -0.1772
v  4.2578 1.8369 -0.2707
v  4.2526 1.8081 -0.3528
v  4.2453 1.7671 -0.4411
v  4.2375 1.7238 -0.5144
v  4.2275 1.6676 -0.5915
v  4.2171 1.6099 -0.6562
v  4.2049 1.5414 -0.7194
v  4.1921 1.4704 -0.7730
v  4.1785 1.3944 -0.8194
v  4.1638 1.3119 -0.8592
v  4.1480 1.2237 -0.8911
v  4.1331 1.1409 -0.9121
v  4.1174 1.0531 -0.9256
v  4.1009 0.9608 -0.9303
v  4.0849 0.8713 -0.9259
v  4.0696 0.7863 -0.9133
v  4.0532 0.6943 -0.8900
v  4.0387 0.6135 -0.8608
v  4.0231 0.5266 -0.8191
v  4.0102 0.4544 -0.7751
v  3.9966 0.3786 -0.7181
v  3.9852 0.3148 -0.6594
v  3.9741 0.2526 -0.5898
v  3.9646 0.1999 -0.5177
v  3.9564 0.1542 -0.4405
v  3.9494 0.1150 -0.3567
v  3.9438 0.0836 -0.2671
v  3.9401 0.0629 -0.1830
v  3.9377 0.0497 -0.0938
v  3.9369 0.0450 -0.0000
v  4.3817 1.8024 -0.0875
v  4.3825 1.8066 -0.0000
v  4.3795 1.7905 -0.1706
v  4.3755 1.7685 -0.2606
v  4.3703 1.7408 -0.3397
v  4.3631 1.7013 -0.4246
v  4.3554 1.6597 -0.4953
v  4.3454 1.6057 -0.5694
v  4.3352 1.5501 -0.6318
v  4.3230 1.4842 -0.6926
v  4.3104 1.4159 -0.7441
v  4.2970 1.3428 -0.7889
v  4.2823 1.2635 -0.8272
v  4.2667 1.1787 -0.8579
v  4.2520 1.0990 -0.8781
v  4.2364 1.0146 -0.8911
v  4.2201 0.9258 -0.8956
v  4.2042 0.8398 -0.8913
v  4.1891 0.7580 -0.8792
v  4.1728 0.6695 -0.8569
v  4.1584 0.5917 -0.8287
v  4.1430 0.5082 -0.7886
v  4.1302 0.4388 -0.7462
v  4.1168 0.3658 -0.6913
v  4.1055 0.3045 -0.6348
v  4.0944 0.2447 -0.5678
v  4.0851 0.1940 -0.4984
v  4.0770 0.1500 -0.4241
v  4.0700 0.1123 -0.3434
v  4.0645 0.0821 -0.2571
v  4.0608 0.0622 -0.1762
v  4.0585 0.0495 -0.0903
v  4.0576 0.0450 -0.0000
v  4.5036 1.7314 -0.0000
v  4.5028 1.7274 -0.0838
v  4.5007 1.7160 -0.1635
v  4.4967 1.6950 -0.2498
v  4.4916 1.6684 -0.3255
v  4.4845 1.6307 -0.4069
v  4.4769 1.5908 -0.4746
v  4.4671 1.5391 -0.5457
v  4.4570 1.4859 -0.6054
v  4.4450 1.4228 -0.6637
v  4.4326 1.3575 -0.7131
v  4.4193 1.2875 -0.7560
v  4.4049 1.2115 -0.7927
v  4.3895 1.1303 -0.8221
v  4.3750 1.0541 -0.8415
v  4.3596 0.9732 -0.8539
v  4.3435 0.8882 -0.8583
v  4.3279 0.8059 -0.8542
v  4.3130 0.7276 -0.8426
v  4.2969 0.6429 -0.8211
v  4.2828 0.5684 -0.7941
v  4.2676 0.4885 -0.7557
v  4.2550 0.4220 -0.7151
v  4.2417 0.3522 -0.6625
v  4.2306 0.2934 -0.6084
v  4.2197 0.2362 -0.5441
v  4.2105 0.1877 -0.4776
v  4.2025 0.1455 -0.4064
v  4.1956 0.1095 -0.3291
v  4.1902 0.0805 -0.2464
v  4.1865 0.0615 -0.1688
v  4.1842 0.0493 -0.0865
v  4.1834 0.0450 -0.0000
v  4.6137 1.1187 -0.7308
v  4.5988 1.0439 -0.7580
v  4.5848 0.9738 -0.7759
v  4.5700 0.8994 -0.7873
v  4.5544 0.8211 -0.7913
v  4.5394 0.7453 -0.7875
v  4.5250 0.6733 -0.7768
v  4.5095 0.5953 -0.7571
v  4.4958 0.5268 -0.7322
v  4.4812 0.4532 -0.6967
v  4.4690 0.3920 -0.6593
v  4.4562 0.3277 -0.6108
v  4.4455 0.2737 -0.5609
v  4.4350 0.2209 -0.5017
v  4.4261 0.1763 -0.4404
v  4.4183 0.1375 -0.3747
v  4.4117 0.1043 -0.3034
v  4.4064 0.0777 -0.2272
v  4.4029 0.0602 -0.1556
v  4.4007 0.0490 -0.0798
v  4.3999 0.0450 -0.0000
v  4.5869 0.6569 -0.7570
v  4.6010 0.7271 -0.7674
v  4.5715 0.5809 -0.7377
v  4.5581 0.5142 -0.7135
v  4.5436 0.4425 -0.6789
v  4.5316 0.3829 -0.6425
v  4.5189 0.3204 -0.5952
v  4.5083 0.2677 -0.5466
v  4.4980 0.2164 -0.4889
v  4.4892 0.1729 -0.4291
v  4.4816 0.1351 -0.3651
v  4.4750 0.1028 -0.2957
v  4.4698 0.0769 -0.2214
v  4.4664 0.0598 -0.1517
v  4.4642 0.0489 -0.0777
v  4.4634 0.0450 -0.0000
v  3.5672 0.0450 -0.0000
v  3.5672 0.0491 -0.0919
v  3.5672 0.0612 -0.1830
v  3.5672 0.0814 -0.2730
v  3.5672 0.1094 -0.3608
v  3.5672 0.1474 -0.4509
v  3.5672 0.1935 -0.5371
v  3.5672 0.2475 -0.6189
v  3.5672 0.3088 -0.6955
v  3.5672 0.3854 -0.7742
v  3.5672 0.4697 -0.8450
v  3.5672 0.5608 -0.9068
v  3.5672 0.6574 -0.9593
v  3.5672 0.7144 -0.9847
v  3.5672 0.7728 -1.0068
v  3.5672 0.8322 -1.0256
v  3.5672 0.8925 -1.0411
v  3.5672 0.9534 -1.0531
v  3.5672 1.0149 -1.0618
v  3.5672 1.0766 -1.0669
v  3.5672 1.1385 -1.0687
v  3.5672 1.2007 -1.0670
v  3.5672 1.2627 -1.0619
v  3.5672 1.3243 -1.0533
v  3.5672 1.3853 -1.0413
v  3.5672 1.4455 -1.0259
v  3.5672 1.5046 -1.0072
v  3.5672 1.5627 -0.9852
v  3.5672 1.6194 -0.9599
v  3.5672 1.7161 -0.9075
v  3.5672 1.8070 -0.8456
v  3.5672 1.8912 -0.7749
v  3.5672 1.9678 -0.6960
v  3.5672 2.0288 -0.6195
v  3.5672 2.0825 -0.5378
v  3.5672 2.1286 -0.4514
v  3.5672 2.1665 -0.3612
v  3.5672 2.1944 -0.2734
v  3.5672 2.2145 -0.1835
v  3.5672 2.2266 -0.0921
v  3.5672 2.2307 -0.0000
v  4.6417 1.6421 -0.0000
v  4.6417 1.6385 -0.0724
v  4.6417 1.6278 -0.1441
v  4.6417 1.6102 -0.2144
v  4.6417 1.5857 -0.2826
v  4.6417 1.5537 -0.3501
v  4.6417 1.5152 -0.4140
v  4.6417 1.4706 -0.4739
v  4.6417 1.4204 -0.5292
v  4.6417 1.3623 -0.5817
v  4.6417 1.2992 -0.6283
v  4.6417 1.2319 -0.6684
v  4.6417 1.1610 -0.7018
v  4.6417 1.0845 -0.7290
v  4.6417 1.0056 -0.7486
v  4.6417 0.9252 -0.7604
v  4.6417 0.8439 -0.7642
v  4.6417 0.7630 -0.7602
v  4.6417 0.6828 -0.7483
v  4.6417 0.6040 -0.7286
v  4.6417 0.5276 -0.7013
v  4.6417 0.4566 -0.6679
v  4.6417 0.3892 -0.6278
v  4.6417 0.3260 -0.5813
v  4.6417 0.2677 -0.5287
v  4.6417 0.2174 -0.4736
v  4.6417 0.1727 -0.4138
v  4.6417 0.1340 -0.3500
v  4.6417 0.1019 -0.2826
v  4.6417 0.0772 -0.2144
v  4.6417 0.0594 -0.1440
v  4.6417 0.0486 -0.0724
v  4.6417 0.0450 -0.0000
# 326 vertices

vn 0.4339 0.8998 -0.0460
vn 0.4551 0.8892 -0.0466
vn 0.4546 0.8859 -0.0921
vn 0.4336 0.8963 -0.0924
vn 0.4515 0.8731 -0.1839
vn 0.4315 0.8831 -0.1843
vn 0.4465 0.8514 -0.2752
vn 0.4269 0.8610 -0.2765
vn 0.4394 0.8211 -0.3644
vn 0.4202 0.8305 -0.3657
vn 0.4114 0.7914 -0.4521
vn 0.4304 0.7825 -0.4500
vn 0.4196 0.7363 -0.5308
vn 0.4008 0.7452 -0.5329
vn 0.4070 0.6828 -0.6068
vn 0.3885 0.6911 -0.6095
vn 0.3749 0.6304 -0.6798
vn 0.3928 0.6222 -0.6772
vn 0.3770 0.5551 -0.7414
vn 0.3600 0.5625 -0.7443
vn 0.3598 0.4825 -0.7986
vn 0.3441 0.4895 -0.8012
vn 0.3286 0.4118 -0.8500
vn 0.3415 0.4049 -0.8482
vn 0.3216 0.3210 -0.8908
vn 0.3112 0.3258 -0.8927
vn 0.3008 0.2335 -0.9247
vn 0.2916 0.2378 -0.9265
vn 0.2722 0.1502 -0.9505
vn 0.2798 0.1457 -0.9489
vn 0.2581 0.0554 -0.9645
vn 0.2525 0.0590 -0.9658
vn 0.2357 -0.0382 -0.9711
vn 0.2308 -0.0414 -0.9721
vn 0.2134 -0.1299 -0.9683
vn 0.4717 0.8806 -0.0464
vn 0.4711 0.8773 -0.0917
vn 0.4681 0.8646 -0.1829
vn 0.4628 0.8431 -0.2739
vn 0.4555 0.8130 -0.3626
vn 0.4463 0.7748 -0.4479
vn 0.4351 0.7290 -0.5284
vn 0.4222 0.6759 -0.6041
vn 0.4075 0.6159 -0.6743
vn 0.3912 0.5493 -0.7384
vn 0.3735 0.4772 -0.7955
vn 0.3545 0.4001 -0.8451
vn 0.3339 0.3167 -0.8878
vn 0.3124 0.2298 -0.9217
vn 0.2906 0.1425 -0.9462
vn 0.2682 0.0526 -0.9619
vn 0.2449 -0.0406 -0.9687
vn 0.2218 -0.1326 -0.9660
vn 0.1932 -0.2219 -0.9557
vn 0.1988 -0.2238 -0.9541
vn 0.1712 -0.3138 -0.9339
vn 0.1758 -0.3148 -0.9327
vn 0.1532 -0.4038 -0.9019
vn 0.1499 -0.4025 -0.9031
vn 0.1315 -0.4893 -0.8621
vn 0.1285 -0.4885 -0.8630
vn 0.1090 -0.5689 -0.8151
vn 0.1109 -0.5700 -0.8142
vn 0.0915 -0.6457 -0.7581
vn 0.0905 -0.6452 -0.7586
vn 0.0735 -0.7158 -0.6945
vn 0.0732 -0.7151 -0.6951
vn 0.0580 -0.7792 -0.6241
vn 0.0571 -0.7795 -0.6238
vn 0.0425 -0.8359 -0.5472
vn 0.0438 -0.8356 -0.5476
vn 0.0300 -0.8846 -0.4654
vn 0.0318 -0.8843 -0.4658
vn 0.0215 -0.9258 -0.3775
vn 0.0192 -0.9260 -0.3771
vn 0.0108 -0.9584 -0.2851
vn 0.0131 -0.9584 -0.2850
vn 0.0049 -0.9812 -0.1930
vn 0.0068 -0.9811 -0.1934
vn 0.0030 -0.9951 -0.0985
vn 0.0013 -0.9951 -0.0984
vn -0.0000 -0.9988 -0.0498
vn 0.0015 -0.9988 -0.0483
vn 0.4878 0.8717 -0.0462
vn 0.4873 0.8685 -0.0913
vn 0.4841 0.8559 -0.1822
vn 0.4787 0.8345 -0.2727
vn 0.4712 0.8047 -0.3611
vn 0.4616 0.7668 -0.4461
vn 0.4501 0.7214 -0.5263
vn 0.4367 0.6687 -0.6018
vn 0.4216 0.6091 -0.6718
vn 0.4047 0.5430 -0.7358
vn 0.3864 0.4713 -0.7928
vn 0.3668 0.3947 -0.8424
vn 0.3456 0.3119 -0.8850
vn 0.3233 0.2254 -0.9191
vn 0.3009 0.1386 -0.9435
vn 0.2777 0.0491 -0.9594
vn 0.2536 -0.0436 -0.9663
vn 0.2297 -0.1352 -0.9638
vn 0.2059 -0.2260 -0.9521
vn 0.1821 -0.3167 -0.9309
vn 0.1587 -0.4054 -0.9003
vn 0.1362 -0.4906 -0.8607
vn 0.1149 -0.5710 -0.8129
vn 0.0948 -0.6465 -0.7570
vn 0.0762 -0.7164 -0.6935
vn 0.0592 -0.7800 -0.6230
vn 0.0441 -0.8363 -0.5466
vn 0.0310 -0.8848 -0.4649
vn 0.0199 -0.9261 -0.3767
vn 0.0112 -0.9585 -0.2848
vn 0.0051 -0.9812 -0.1928
vn 0.0013 -0.9952 -0.0983
vn -0.0000 -0.9988 -0.0497
vn 0.5028 0.8596 -0.0908
vn 0.5033 0.8629 -0.0459
vn 0.4995 0.8471 -0.1813
vn 0.4940 0.8260 -0.2714
vn 0.4863 0.7965 -0.3594
vn 0.4764 0.7589 -0.4440
vn 0.4646 0.7139 -0.5239
vn 0.4509 0.6616 -0.5991
vn 0.4353 0.6025 -0.6689
vn 0.4180 0.5369 -0.7328
vn 0.3992 0.4658 -0.7897
vn 0.3790 0.3897 -0.8393
vn 0.3571 0.3074 -0.8820
vn 0.3342 0.2215 -0.9161
vn 0.3111 0.1351 -0.9407
vn 0.2872 0.0461 -0.9568
vn 0.2623 -0.0461 -0.9639
vn 0.2376 -0.1374 -0.9616
vn 0.2130 -0.2279 -0.9501
vn 0.1885 -0.3182 -0.9291
vn 0.1643 -0.4066 -0.8987
vn 0.1410 -0.4916 -0.8593
vn 0.1189 -0.5718 -0.8117
vn 0.0982 -0.6472 -0.7560
vn 0.0789 -0.7169 -0.6927
vn 0.0613 -0.7803 -0.6224
vn 0.0457 -0.8365 -0.5461
vn 0.0321 -0.8850 -0.4645
vn 0.0206 -0.9262 -0.3764
vn 0.0116 -0.9586 -0.2846
vn 0.0052 -0.9813 -0.1926
vn 0.5179 0.8506 -0.0904
vn 0.5185 0.8538 -0.0457
vn 0.5146 0.8382 -0.1804
vn 0.5089 0.8173 -0.2701
vn 0.5010 0.7881 -0.3577
vn 0.4909 0.7508 -0.4420
vn 0.4788 0.7062 -0.5216
vn 0.4647 0.6543 -0.5966
vn 0.4487 0.5957 -0.6663
vn 0.4309 0.5305 -0.7300
vn 0.4115 0.4599 -0.7868
vn 0.3908 0.3844 -0.8364
vn 0.3683 0.3026 -0.8791
vn 0.3447 0.2172 -0.9132
vn 0.3209 0.1313 -0.9380
vn 0.2962 0.0428 -0.9542
vn 0.2706 -0.0491 -0.9614
vn 0.2452 -0.1399 -0.9593
vn 0.2199 -0.2300 -0.9480
vn 0.1945 -0.3200 -0.9272
vn 0.1696 -0.4081 -0.8971
vn 0.1456 -0.4928 -0.8579
vn 0.1228 -0.5728 -0.8105
vn 0.1014 -0.6479 -0.7549
vn 0.0814 -0.7175 -0.6918
vn 0.0633 -0.7808 -0.6216
vn 0.0471 -0.8368 -0.5454
vn 0.0332 -0.8852 -0.4640
vn 0.0213 -0.9264 -0.3760
vn 0.0120 -0.9587 -0.2843
vn 0.0054 -0.9813 -0.1925
vn 0.0014 -0.9952 -0.0982
vn -0.0000 -0.9988 -0.0496
vn 0.5341 0.8442 -0.0450
vn 0.5334 0.8411 -0.0899
vn 0.5296 0.8291 -0.1793
vn 0.5235 0.8084 -0.2690
vn 0.5153 0.7795 -0.3560
vn 0.5051 0.7423 -0.4403
vn 0.4929 0.6981 -0.5193
vn 0.4786 0.6464 -0.5942
vn 0.4626 0.5882 -0.6633
vn 0.4445 0.5234 -0.7269
vn 0.4250 0.4533 -0.7835
vn 0.4049 0.3774 -0.8328
vn 0.3817 0.2968 -0.8753
vn 0.3573 0.2121 -0.9096
vn 0.3327 0.1268 -0.9345
vn 0.3072 0.0389 -0.9508
vn 0.2807 -0.0524 -0.9584
vn 0.2544 -0.1428 -0.9565
vn 0.2282 -0.2324 -0.9455
vn 0.2019 -0.3220 -0.9250
vn 0.1761 -0.4097 -0.8951
vn 0.1511 -0.4942 -0.8561
vn 0.1275 -0.5739 -0.8090
vn 0.1053 -0.6488 -0.7537
vn 0.0846 -0.7181 -0.6908
vn 0.0657 -0.7812 -0.6208
vn 0.0490 -0.8372 -0.5447
vn 0.0345 -0.8854 -0.4635
vn 0.0221 -0.9265 -0.3756
vn 0.0124 -0.9587 -0.2840
vn 0.0056 -0.9813 -0.1923
vn 0.0014 -0.9952 -0.0981
vn 0.3947 0.2991 -0.8688
vn 0.3679 0.2062 -0.9067
vn 0.3424 0.1216 -0.9316
vn 0.3155 0.0340 -0.9483
vn 0.2933 -0.0603 -0.9541
vn 0.2629 -0.1467 -0.9536
vn 0.2358 -0.2358 -0.9428
vn 0.2086 -0.3250 -0.9224
vn 0.1819 -0.4122 -0.8927
vn 0.1562 -0.4962 -0.8540
vn 0.1318 -0.5756 -0.8071
vn 0.1088 -0.6501 -0.7520
vn 0.0874 -0.7192 -0.6893
vn 0.0679 -0.7821 -0.6195
vn 0.0506 -0.8378 -0.5437
vn 0.0356 -0.8859 -0.4626
vn 0.0229 -0.9268 -0.3749
vn 0.0128 -0.9589 -0.2835
vn 0.0058 -0.9814 -0.1919
vn 0.0015 -0.9952 -0.0979
vn -0.0000 -0.9988 -0.0495
vn 0.2389 -0.2375 -0.9415
vn 0.2697 -0.1422 -0.9524
vn 0.2107 -0.3269 -0.9213
vn 0.1836 -0.4133 -0.8919
vn 0.1573 -0.4976 -0.8530
vn 0.1329 -0.5763 -0.8064
vn 0.1095 -0.6510 -0.7511
vn 0.0881 -0.7196 -0.6887
vn 0.0682 -0.7825 -0.6189
vn 0.0508 -0.8381 -0.5432
vn 0.0357 -0.8861 -0.4622
vn 0.0227 -0.9269 -0.3747
vn 0.0126 -0.9590 -0.2831
vn 0.0058 -0.9814 -0.1917
vn 0.0015 -0.9952 -0.0978
vn 0.0000 -0.9990 -0.0441
vn 0.0003 -0.9962 -0.0867
vn 0.0016 -0.9845 -0.1751
vn 0.0055 -0.9650 -0.2621
vn 0.0125 -0.9378 -0.3469
vn 0.0203 -0.9014 -0.4325
vn 0.0308 -0.8570 -0.5143
vn 0.0433 -0.8055 -0.5910
vn 0.0575 -0.7458 -0.6637
vn 0.0736 -0.6748 -0.7344
vn 0.0934 -0.5960 -0.7975
vn 0.1137 -0.5114 -0.8518
vn 0.1350 -0.4329 -0.8913
vn 0.1518 -0.3722 -0.9157
vn 0.1632 -0.3213 -0.9328
vn 0.1761 -0.2671 -0.9474
vn 0.1882 -0.2131 -0.9587
vn 0.2124 -0.1459 -0.9662
vn 0.2618 -0.1206 -0.9576
vn 0.2208 -0.0566 -0.9737
vn 0.2359 0.0047 -0.9718
vn 0.2417 0.0553 -0.9688
vn 0.2557 0.1096 -0.9605
vn 0.2660 0.1647 -0.9498
vn 0.2767 0.2132 -0.9370
vn 0.2903 0.2685 -0.9185
vn 0.2983 0.3143 -0.9013
vn 0.3095 0.3658 -0.8777
vn 0.3196 0.4220 -0.8484
vn 0.3349 0.4951 -0.8017
vn 0.3510 0.5693 -0.7434
vn 0.3647 0.6374 -0.6787
vn 0.3775 0.6979 -0.6086
vn 0.3873 0.7475 -0.5397
vn 0.3950 0.7911 -0.4670
vn 0.4020 0.8277 -0.3915
vn 0.4075 0.8577 -0.3135
vn 0.4126 0.8798 -0.2359
vn 0.4160 0.8955 -0.1579
vn 0.4189 0.9046 -0.0787
vn 0.4198 0.9067 -0.0399
vn 0.5428 0.8388 -0.0415
vn 0.5427 0.8358 -0.0830
vn 0.5406 0.8248 -0.1660
vn 0.5363 0.8071 -0.2470
vn 0.5303 0.7820 -0.3274
vn 0.5216 0.7503 -0.4062
vn 0.5113 0.7113 -0.4824
vn 0.4983 0.6663 -0.5547
vn 0.4841 0.6142 -0.6232
vn 0.4673 0.5548 -0.6884
vn 0.4488 0.4890 -0.7480
vn 0.4188 0.4070 -0.8117
vn 0.3090 0.3911 -0.8669
vn 0.3880 0.2575 -0.8850
vn 0.3681 0.1717 -0.9138
vn 0.3420 0.0823 -0.9361
vn 0.3074 -0.0212 -0.9513
vn 0.2385 -0.0746 -0.9683
vn 0.2601 -0.1951 -0.9457
vn 0.2307 -0.2889 -0.9291
vn 0.2035 -0.3812 -0.9018
vn 0.1749 -0.4686 -0.8659
vn 0.1489 -0.5531 -0.8197
vn 0.1228 -0.6327 -0.7646
vn 0.0988 -0.7067 -0.7006
vn 0.0770 -0.7721 -0.6308
vn 0.0580 -0.8306 -0.5538
vn 0.0409 -0.8816 -0.4703
vn 0.0266 -0.9239 -0.3818
vn 0.0157 -0.9568 -0.2902
vn 0.0076 -0.9808 -0.1949
vn 0.0020 -0.9952 -0.0980
vn 0.0001 -0.9988 -0.0497
# 322 vertex normals

vt 0.5000 0.2158 0.6662
vt 0.5000 0.2020 0.6406
vt 0.6625 0.2021 0.6393
vt 0.6698 0.2159 0.6648
vt 0.8169 0.2023 0.6355
vt 0.8311 0.2160 0.6609
vt 0.3645 0.2023 0.8169
vt 0.3714 0.2026 0.9840
vt 0.3463 0.2163 1.0057
vt 0.3391 0.2160 0.8311
vt 0.3801 0.2030 1.1309
vt 0.3554 0.2167 1.1592
vt 0.3684 0.2173 1.3239
vt 0.3926 0.2035 1.2886
vt 0.4057 0.2041 1.4198
vt 0.3822 0.2179 1.4610
vt 0.4227 0.2049 1.5575
vt 0.3999 0.2186 1.6049
vt 0.4182 0.2194 1.7259
vt 0.4401 0.2056 1.6733
vt 0.4609 0.2066 1.7863
vt 0.4399 0.2203 1.8440
vt 0.4824 0.2075 1.8820
vt 0.4624 0.2213 1.9440
vt 0.4865 0.2223 2.0308
vt 0.5054 0.2085 1.9651
vt 0.5303 0.2097 2.0362
vt 0.5126 0.2234 2.1051
vt 0.5570 0.2108 2.0933
vt 0.5405 0.2246 2.1648
vt 0.5668 0.2257 2.2040
vt 0.5821 0.2120 2.1308
vt 0.6087 0.2131 2.1548
vt 0.5946 0.2268 2.2291
vt 0.6366 0.2144 2.1633
vt 0.6238 0.2281 2.2379
vt 0.6637 0.2156 2.1554
vt 0.5000 0.1973 0.6313
vt 0.6598 0.1974 0.6300
vt 0.8118 0.1975 0.6263
vt 0.3805 0.1979 0.9762
vt 0.3737 0.1975 0.8118
vt 0.3890 0.1982 1.1206
vt 0.4012 0.1988 1.2758
vt 0.4141 0.1994 1.4049
vt 0.4308 0.2001 1.5404
vt 0.4480 0.2009 1.6543
vt 0.4684 0.2018 1.7655
vt 0.4896 0.2028 1.8596
vt 0.5122 0.2038 1.9413
vt 0.5367 0.2049 2.0113
vt 0.5630 0.2061 2.0675
vt 0.5876 0.2072 2.1044
vt 0.6138 0.2084 2.1280
vt 0.6412 0.2097 2.1364
vt 0.6679 0.2109 2.1286
vt 0.6894 0.2167 2.1328
vt 0.6932 0.2120 2.1064
vt 0.7173 0.2180 2.0913
vt 0.7206 0.2133 2.0656
vt 0.7446 0.2144 2.0141
vt 0.7418 0.2191 2.0390
vt 0.7705 0.2155 1.9408
vt 0.7680 0.2202 1.9645
vt 0.7899 0.2212 1.8859
vt 0.7920 0.2165 1.8634
vt 0.8145 0.2175 1.7631
vt 0.8129 0.2222 1.7839
vt 0.8335 0.2184 1.6599
vt 0.8322 0.2231 1.6790
vt 0.8510 0.2239 1.5545
vt 0.8520 0.2192 1.5375
vt 0.8677 0.2199 1.4106
vt 0.8669 0.2246 1.4256
vt 0.8813 0.2206 1.2748
vt 0.8808 0.2253 1.2875
vt 0.8926 0.2258 1.1378
vt 0.8930 0.2211 1.1274
vt 0.9024 0.2215 0.9698
vt 0.9022 0.2262 0.9775
vt 0.9085 0.2218 0.8218
vt 0.9084 0.2265 0.8271
vt 0.3323 0.2267 0.0876
vt 0.1729 0.2265 0.0916
vt 0.1782 0.2218 0.0915
vt 0.3350 0.2220 0.0876
vt 0.5000 0.2220 0.0862
vt 0.5000 0.2267 0.0862
vt 0.5000 0.1869 0.6101
vt 0.6538 0.1870 0.6088
vt 0.7999 0.1871 0.6053
vt 0.3947 0.1871 0.7999
vt 0.4012 0.1874 0.9581
vt 0.4095 0.1878 1.0971
vt 0.4212 0.1884 1.2464
vt 0.4336 0.1890 1.3705
vt 0.4497 0.1897 1.5009
vt 0.4662 0.1905 1.6105
vt 0.4858 0.1914 1.7175
vt 0.5061 0.1924 1.8080
vt 0.5278 0.1934 1.8866
vt 0.5514 0.1945 1.9540
vt 0.5767 0.1957 2.0080
vt 0.6003 0.1968 2.0435
vt 0.6255 0.1980 2.0663
vt 0.6519 0.1992 2.0743
vt 0.6775 0.2004 2.0668
vt 0.7018 0.2016 2.0455
vt 0.7281 0.2028 2.0062
vt 0.7512 0.2039 1.9567
vt 0.7761 0.2051 1.8861
vt 0.7967 0.2060 1.8117
vt 0.8184 0.2071 1.7152
vt 0.8367 0.2079 1.6159
vt 0.8545 0.2088 1.4981
vt 0.8695 0.2095 1.3761
vt 0.8826 0.2101 1.2454
vt 0.8938 0.2106 1.1036
vt 0.9028 0.2110 0.9520
vt 0.9087 0.2113 0.8096
vt 0.3413 0.2115 0.0875
vt 0.1904 0.2113 0.0913
vt 0.5000 0.2116 0.0862
vt 0.6501 0.1809 0.5960
vt 0.5000 0.1809 0.5972
vt 0.7927 0.1811 0.5925
vt 0.4075 0.1811 0.7927
vt 0.4139 0.1814 0.9471
vt 0.4219 0.1818 1.0828
vt 0.4333 0.1823 1.2285
vt 0.4454 0.1829 1.3496
vt 0.4611 0.1837 1.4769
vt 0.4772 0.1844 1.5838
vt 0.4963 0.1854 1.6882
vt 0.5161 0.1863 1.7766
vt 0.5373 0.1873 1.8534
vt 0.5603 0.1884 1.9191
vt 0.5850 0.1896 1.9718
vt 0.6081 0.1907 2.0065
vt 0.6326 0.1919 2.0287
vt 0.6583 0.1931 2.0365
vt 0.6833 0.1943 2.0292
vt 0.7070 0.1955 2.0084
vt 0.7327 0.1967 1.9700
vt 0.7552 0.1978 1.9217
vt 0.7795 0.1990 1.8528
vt 0.7996 0.1999 1.7802
vt 0.8208 0.2009 1.6860
vt 0.8386 0.2018 1.5891
vt 0.8559 0.2026 1.4741
vt 0.8706 0.2033 1.3550
vt 0.8834 0.2039 1.2275
vt 0.8943 0.2045 1.0891
vt 0.9031 0.2049 0.9411
vt 0.9088 0.2052 0.8022
vt 0.1978 0.2052 0.0912
vt 0.3451 0.2053 0.0875
vt 0.5000 0.2054 0.0862
vt 0.6445 0.1721 0.5765
vt 0.5000 0.1721 0.5777
vt 0.7818 0.1723 0.5732
vt 0.4268 0.1723 0.7818
vt 0.4330 0.1726 0.9305
vt 0.4407 0.1730 1.0610
vt 0.4517 0.1735 1.2013
vt 0.4633 0.1741 1.3180
vt 0.4784 0.1748 1.4404
vt 0.4939 0.1756 1.5434
vt 0.5123 0.1765 1.6439
vt 0.5313 0.1775 1.7290
vt 0.5517 0.1785 1.8029
vt 0.5738 0.1796 1.8662
vt 0.5975 0.1807 1.9169
vt 0.6197 0.1818 1.9503
vt 0.6433 0.1830 1.9717
vt 0.6681 0.1842 1.9792
vt 0.6921 0.1854 1.9722
vt 0.7149 0.1865 1.9521
vt 0.7396 0.1878 1.9152
vt 0.7613 0.1888 1.8687
vt 0.7846 0.1900 1.8024
vt 0.8040 0.1909 1.7325
vt 0.8243 0.1919 1.6418
vt 0.8414 0.1928 1.5485
vt 0.8581 0.1936 1.4378
vt 0.8723 0.1943 1.3232
vt 0.8845 0.1949 1.2004
vt 0.8950 0.1954 1.0672
vt 0.9035 0.1959 0.9247
vt 0.9090 0.1961 0.7909
vt 0.3509 0.1963 0.0874
vt 0.2091 0.1961 0.0910
vt 0.5000 0.1964 0.0862
vt 0.5000 0.1630 0.5567
vt 0.6385 0.1631 0.5556
vt 0.7701 0.1632 0.5524
vt 0.4535 0.1635 0.9125
vt 0.4476 0.1632 0.7701
vt 0.4609 0.1639 1.0376
vt 0.4714 0.1644 1.1720
vt 0.4825 0.1650 1.2839
vt 0.4970 0.1657 1.4012
vt 0.5118 0.1665 1.4999
vt 0.5294 0.1674 1.5962
vt 0.5476 0.1683 1.6778
vt 0.5672 0.1693 1.7486
vt 0.5883 0.1704 1.8092
vt 0.6110 0.1715 1.8578
vt 0.6323 0.1726 1.8898
vt 0.6548 0.1738 1.9103
vt 0.6786 0.1750 1.9175
vt 0.7015 0.1761 1.9107
vt 0.7234 0.1773 1.8916
vt 0.7470 0.1785 1.8562
vt 0.7678 0.1795 1.8116
vt 0.7901 0.1807 1.7481
vt 0.8087 0.1816 1.6811
vt 0.8281 0.1826 1.5942
vt 0.8445 0.1834 1.5048
vt 0.8605 0.1842 1.3987
vt 0.8740 0.1849 1.2888
vt 0.8858 0.1855 1.1712
vt 0.8958 0.1860 1.0435
vt 0.9039 0.1865 0.9070
vt 0.9092 0.1867 0.7788
vt 0.2212 0.1867 0.0908
vt 0.3571 0.1869 0.0874
vt 0.5000 0.1870 0.0862
vt 0.6143 0.1548 1.7071
vt 0.6351 0.1559 1.7519
vt 0.6547 0.1569 1.7814
vt 0.6755 0.1580 1.8003
vt 0.6973 0.1592 1.8069
vt 0.7184 0.1603 1.8007
vt 0.7385 0.1614 1.7830
vt 0.7603 0.1626 1.7504
vt 0.7794 0.1636 1.7093
vt 0.7999 0.1647 1.6507
vt 0.8170 0.1656 1.5889
vt 0.8350 0.1665 1.5088
vt 0.8500 0.1673 1.4264
vt 0.8647 0.1681 1.3286
vt 0.8772 0.1688 1.2273
vt 0.8880 0.1694 1.1188
vt 0.8973 0.1699 1.0011
vt 0.9047 0.1703 0.8752
vt 0.9096 0.1705 0.7571
vt 0.2429 0.1705 0.0904
vt 0.3683 0.1707 0.0873
vt 0.5000 0.1708 0.0862
vt 0.7431 0.1568 1.7502
vt 0.7235 0.1557 1.7675
vt 0.7643 0.1579 1.7185
vt 0.7829 0.1589 1.6784
vt 0.8029 0.1600 1.6213
vt 0.8196 0.1609 1.5611
vt 0.8370 0.1618 1.4831
vt 0.8517 0.1626 1.4027
vt 0.8660 0.1634 1.3074
vt 0.8782 0.1641 1.2087
vt 0.8887 0.1646 1.1030
vt 0.8977 0.1651 0.9883
vt 0.9050 0.1655 0.8656
vt 0.9097 0.1658 0.7505
vt 0.2495 0.1658 0.0903
vt 0.3716 0.1659 0.0872
vt 0.5000 0.1660 0.0862
vt 0.5000 0.2331 0.0862
vt 0.3483 0.2331 0.0873
vt 0.1977 0.2331 0.0907
vt 0.9093 0.2331 0.8023
vt 0.9037 0.2331 0.9508
vt 0.8959 0.2331 1.0959
vt 0.8853 0.2331 1.2447
vt 0.8724 0.2331 1.3871
vt 0.8573 0.2331 1.5221
vt 0.8402 0.2331 1.6487
vt 0.8189 0.2331 1.7787
vt 0.7953 0.2331 1.8955
vt 0.7699 0.2331 1.9977
vt 0.7430 0.2331 2.0843
vt 0.7271 0.2331 2.1263
vt 0.7108 0.2331 2.1629
vt 0.6942 0.2331 2.1939
vt 0.6774 0.2331 2.2195
vt 0.6604 0.2331 2.2394
vt 0.6432 0.2331 2.2536
vt 0.6260 0.2331 2.2622
vt 0.6087 0.2331 2.2651
vt 0.5914 0.2331 2.2623
vt 0.5741 0.2331 2.2538
vt 0.5569 0.2331 2.2396
vt 0.5399 0.2331 2.2198
vt 0.5231 0.2331 2.1944
vt 0.5066 0.2331 2.1635
vt 0.4904 0.2331 2.1271
vt 0.4746 0.2331 2.0854
vt 0.4476 0.2331 1.9988
vt 0.4222 0.2331 1.8967
vt 0.3987 0.2331 1.7799
vt 0.3773 0.2331 1.6495
vt 0.3603 0.2331 1.5232
vt 0.3453 0.2331 1.3883
vt 0.3325 0.2331 1.2456
vt 0.3219 0.2331 1.0965
vt 0.3141 0.2331 0.9515
vt 0.3085 0.2331 0.8031
vt 0.8031 0.2331 0.6915
vt 0.6521 0.2331 0.6949
vt 0.5000 0.2331 0.6960
vt 0.5000 0.1527 0.5318
vt 0.6196 0.1527 0.5308
vt 0.7380 0.1527 0.5278
vt 0.4722 0.1527 0.7380
vt 0.4771 0.1527 0.8541
vt 0.4839 0.1527 0.9667
vt 0.4929 0.1527 1.0782
vt 0.5036 0.1527 1.1838
vt 0.5161 0.1527 1.2827
vt 0.5301 0.1527 1.3740
vt 0.5463 0.1527 1.4608
vt 0.5639 0.1527 1.5376
vt 0.5827 0.1527 1.6039
vt 0.6024 0.1527 1.6591
vt 0.6238 0.1527 1.7041
vt 0.6458 0.1527 1.7364
vt 0.6683 0.1527 1.7558
vt 0.6909 0.1527 1.7622
vt 0.7135 0.1527 1.7555
vt 0.7359 0.1527 1.7359
vt 0.7579 0.1527 1.7034
vt 0.7792 0.1527 1.6583
vt 0.7990 0.1527 1.6031
vt 0.8178 0.1527 1.5368
vt 0.8354 0.1527 1.4600
vt 0.8517 0.1527 1.3732
vt 0.8657 0.1527 1.2821
vt 0.8782 0.1527 1.1834
vt 0.8890 0.1527 1.0780
vt 0.8980 0.1527 0.9668
vt 0.9049 0.1527 0.8540
vt 0.9098 0.1527 0.7379
vt 0.2621 0.1527 0.0902
vt 0.3805 0.1527 0.0872
vt 0.5000 0.1527 0.0862
# 345 texture coords

o Letrero012
g Letrero012
usemtl blanco
s 1
f 2870/3045/2914 2871/3046/2915 2872/3047/2916 2873/3048/2917 
f 2873/3048/2917 2872/3047/2916 2874/3049/2918 2875/3050/2919 
f 2874/3051/2918 2876/3052/2920 2877/3053/2921 2875/3054/2919 
f 2877/3053/2921 2876/3052/2920 2878/3055/2922 2879/3056/2923 
f 2880/3057/2924 2879/3056/2923 2878/3055/2922 2881/3058/2925 
f 2881/3058/2925 2882/3059/2926 2883/3060/2927 2880/3057/2924 
f 2883/3060/2927 2882/3059/2926 2884/3061/2928 2885/3062/2929 
f 2886/3063/2930 2885/3062/2929 2884/3061/2928 2887/3064/2931 
f 2887/3064/2931 2888/3065/2932 2889/3066/2933 2886/3063/2930 
f 2889/3066/2933 2888/3065/2932 2890/3067/2934 2891/3068/2935 
f 2892/3069/2936 2891/3068/2935 2890/3067/2934 2893/3070/2937 
f 2893/3070/2937 2894/3071/2938 2895/3072/2939 2892/3069/2936 
f 2895/3072/2939 2894/3071/2938 2896/3073/2940 2897/3074/2941 
f 2898/3075/2942 2897/3074/2941 2896/3073/2940 2899/3076/2943 
f 2899/3076/2943 2900/3077/2944 2901/3078/2945 2898/3075/2942 
f 2901/3078/2945 2900/3077/2944 2902/3079/2946 2903/3080/2947 
f 2903/3080/2947 2902/3079/2946 2904/3081/2948 
f 2905/3082/2949 2906/3083/2950 2872/3047/2916 2871/3046/2915 
f 2872/3047/2916 2906/3083/2950 2907/3084/2951 2874/3049/2918 
f 2908/3085/2952 2876/3052/2920 2874/3051/2918 2907/3086/2951 
f 2876/3052/2920 2908/3085/2952 2909/3087/2953 2878/3055/2922 
f 2909/3087/2953 2910/3088/2954 2881/3058/2925 2878/3055/2922 
f 2911/3089/2955 2882/3059/2926 2881/3058/2925 2910/3088/2954 
f 2882/3059/2926 2911/3089/2955 2912/3090/2956 2884/3061/2928 
f 2912/3090/2956 2913/3091/2957 2887/3064/2931 2884/3061/2928 
f 2914/3092/2958 2888/3065/2932 2887/3064/2931 2913/3091/2957 
f 2888/3065/2932 2914/3092/2958 2915/3093/2959 2890/3067/2934 
f 2915/3093/2959 2916/3094/2960 2893/3070/2937 2890/3067/2934 
f 2917/3095/2961 2894/3071/2938 2893/3070/2937 2916/3094/2960 
f 2894/3071/2938 2917/3095/2961 2918/3096/2962 2896/3073/2940 
f 2918/3096/2962 2919/3097/2963 2899/3076/2943 2896/3073/2940 
f 2920/3098/2964 2900/3077/2944 2899/3076/2943 2919/3097/2963 
f 2900/3077/2944 2920/3098/2964 2921/3099/2965 2902/3079/2946 
f 2921/3099/2965 2922/3100/2966 2904/3081/2948 2902/3079/2946 
f 2923/3101/2967 2904/3081/2948 2922/3100/2966 2924/3102/2968 
f 2925/3103/2969 2923/3101/2967 2924/3102/2968 2926/3104/2970 
f 2926/3104/2970 2927/3105/2971 2928/3106/2972 2925/3103/2969 
f 2928/3106/2972 2927/3105/2971 2929/3107/2973 2930/3108/2974 
f 2931/3109/2975 2930/3108/2974 2929/3107/2973 2932/3110/2976 
f 2932/3110/2976 2933/3111/2977 2934/3112/2978 2931/3109/2975 
f 2934/3112/2978 2933/3111/2977 2935/3113/2979 2936/3114/2980 
f 2937/3115/2981 2936/3114/2980 2935/3113/2979 2938/3116/2982 
f 2938/3116/2982 2939/3117/2983 2940/3118/2984 2937/3115/2981 
f 2940/3118/2984 2939/3117/2983 2941/3119/2985 2942/3120/2986 
f 2943/3121/2987 2942/3120/2986 2941/3119/2985 2944/3122/2988 
f 2944/3122/2988 2945/3123/2989 2946/3124/2990 2943/3121/2987 
f 2946/3124/2990 2945/3123/2989 2947/3125/2991 2948/3126/2992 
f 2949/3127/2993 2948/3128/2992 2947/3129/2991 2950/3130/2994 
f 2950/3130/2994 2951/3131/2995 2952/3132/2996 2949/3127/2993 
f 2905/3082/2949 2953/3133/2997 2954/3134/2998 2906/3083/2950 
f 2954/3134/2998 2955/3135/2999 2907/3084/2951 2906/3083/2950 
f 2907/3086/2951 2955/3136/2999 2956/3137/3000 2908/3085/2952 
f 2909/3087/2953 2908/3085/2952 2956/3137/3000 2957/3138/3001 
f 2909/3087/2953 2957/3138/3001 2958/3139/3002 2910/3088/2954 
f 2910/3088/2954 2958/3139/3002 2959/3140/3003 2911/3089/2955 
f 2912/3090/2956 2911/3089/2955 2959/3140/3003 2960/3141/3004 
f 2912/3090/2956 2960/3141/3004 2961/3142/3005 2913/3091/2957 
f 2913/3091/2957 2961/3142/3005 2962/3143/3006 2914/3092/2958 
f 2915/3093/2959 2914/3092/2958 2962/3143/3006 2963/3144/3007 
f 2915/3093/2959 2963/3144/3007 2964/3145/3008 2916/3094/2960 
f 2916/3094/2960 2964/3145/3008 2965/3146/3009 2917/3095/2961 
f 2966/3147/3010 2918/3096/2962 2917/3095/2961 2965/3146/3009 
f 2919/3097/2963 2918/3096/2962 2966/3147/3010 2967/3148/3011 
f 2968/3149/3012 2920/3098/2964 2919/3097/2963 2967/3148/3011 
f 2969/3150/3013 2921/3099/2965 2920/3098/2964 2968/3149/3012 
f 2922/3100/2966 2921/3099/2965 2969/3150/3013 2970/3151/3014 
f 2924/3102/2968 2922/3100/2966 2970/3151/3014 2971/3152/3015 
f 2972/3153/3016 2926/3104/2970 2924/3102/2968 2971/3152/3015 
f 2973/3154/3017 2927/3105/2971 2926/3104/2970 2972/3153/3016 
f 2929/3107/2973 2927/3105/2971 2973/3154/3017 2974/3155/3018 
f 2975/3156/3019 2932/3110/2976 2929/3107/2973 2974/3155/3018 
f 2933/3111/2977 2932/3110/2976 2975/3156/3019 2976/3157/3020 
f 2935/3113/2979 2933/3111/2977 2976/3157/3020 2977/3158/3021 
f 2935/3113/2979 2977/3158/3021 2978/3159/3022 2938/3116/2982 
f 2938/3116/2982 2978/3159/3022 2979/3160/3023 2939/3117/2983 
f 2980/3161/3024 2941/3119/2985 2939/3117/2983 2979/3160/3023 
f 2981/3162/3025 2944/3122/2988 2941/3119/2985 2980/3161/3024 
f 2982/3163/3026 2945/3123/2989 2944/3122/2988 2981/3162/3025 
f 2983/3164/3027 2947/3125/2991 2945/3123/2989 2982/3163/3026 
f 2984/3165/3028 2950/3130/2994 2947/3129/2991 2983/3166/3027 
f 2985/3167/3029 2951/3131/2995 2950/3130/2994 2984/3165/3028 
f 2986/3168/3030 2954/3134/2998 2953/3133/2997 2987/3169/3031 
f 2988/3170/3032 2955/3135/2999 2954/3134/2998 2986/3168/3030 
f 2988/3171/3032 2989/3172/3033 2956/3137/3000 2955/3136/2999 
f 2990/3173/3034 2957/3138/3001 2956/3137/3000 2989/3172/3033 
f 2990/3173/3034 2991/3174/3035 2958/3139/3002 2957/3138/3001 
f 2991/3174/3035 2992/3175/3036 2959/3140/3003 2958/3139/3002 
f 2993/3176/3037 2960/3141/3004 2959/3140/3003 2992/3175/3036 
f 2961/3142/3005 2960/3141/3004 2993/3176/3037 2994/3177/3038 
f 2962/3143/3006 2961/3142/3005 2994/3177/3038 2995/3178/3039 
f 2996/3179/3040 2963/3144/3007 2962/3143/3006 2995/3178/3039 
f 2964/3145/3008 2963/3144/3007 2996/3179/3040 2997/3180/3041 
f 2965/3146/3009 2964/3145/3008 2997/3180/3041 2998/3181/3042 
f 2966/3147/3010 2965/3146/3009 2998/3181/3042 2999/3182/3043 
f 2967/3148/3011 2966/3147/3010 2999/3182/3043 3000/3183/3044 
f 3001/3184/3045 2968/3149/3012 2967/3148/3011 3000/3183/3044 
f 3002/3185/3046 2969/3150/3013 2968/3149/3012 3001/3184/3045 
f 2969/3150/3013 3002/3185/3046 3003/3186/3047 2970/3151/3014 
f 2970/3151/3014 3003/3186/3047 3004/3187/3048 2971/3152/3015 
f 2971/3152/3015 3004/3187/3048 3005/3188/3049 2972/3153/3016 
f 2972/3153/3016 3005/3188/3049 3006/3189/3050 2973/3154/3017 
f 2973/3154/3017 3006/3189/3050 3007/3190/3051 2974/3155/3018 
f 3008/3191/3052 2975/3156/3019 2974/3155/3018 3007/3190/3051 
f 3009/3192/3053 2976/3157/3020 2975/3156/3019 3008/3191/3052 
f 3010/3193/3054 2977/3158/3021 2976/3157/3020 3009/3192/3053 
f 3011/3194/3055 2978/3159/3022 2977/3158/3021 3010/3193/3054 
f 2978/3159/3022 3011/3194/3055 3012/3195/3056 2979/3160/3023 
f 2979/3160/3023 3012/3195/3056 3013/3196/3057 2980/3161/3024 
f 2980/3161/3024 3013/3196/3057 3014/3197/3058 2981/3162/3025 
f 2981/3162/3025 3014/3197/3058 3015/3198/3059 2982/3163/3026 
f 2982/3163/3026 3015/3198/3059 3016/3199/3060 2983/3164/3027 
f 2983/3166/3027 3016/3200/3060 3017/3201/3028 2984/3165/3028 
f 2985/3167/3029 2984/3165/3028 3017/3201/3028 3018/3202/3029 
f 3019/3203/3061 2986/3168/3030 2987/3169/3031 3020/3204/3062 
f 2988/3170/3032 2986/3168/3030 3019/3203/3061 3021/3205/3063 
f 2988/3171/3032 3021/3206/3063 3022/3207/3064 2989/3172/3033 
f 2989/3172/3033 3022/3207/3064 3023/3208/3065 2990/3173/3034 
f 2990/3173/3034 3023/3208/3065 3024/3209/3066 2991/3174/3035 
f 2991/3174/3035 3024/3209/3066 3025/3210/3067 2992/3175/3036 
f 2992/3175/3036 3025/3210/3067 3026/3211/3068 2993/3176/3037 
f 2993/3176/3037 3026/3211/3068 3027/3212/3069 2994/3177/3038 
f 3028/3213/3070 2995/3178/3039 2994/3177/3038 3027/3212/3069 
f 3029/3214/3071 2996/3179/3040 2995/3178/3039 3028/3213/3070 
f 3030/3215/3072 2997/3180/3041 2996/3179/3040 3029/3214/3071 
f 3031/3216/3073 2998/3181/3042 2997/3180/3041 3030/3215/3072 
f 3032/3217/3074 2999/3182/3043 2998/3181/3042 3031/3216/3073 
f 3033/3218/3075 3000/3183/3044 2999/3182/3043 3032/3217/3074 
f 3034/3219/3076 3001/3184/3045 3000/3183/3044 3033/3218/3075 
f 3001/3184/3045 3034/3219/3076 3035/3220/3077 3002/3185/3046 
f 3002/3185/3046 3035/3220/3077 3036/3221/3078 3003/3186/3047 
f 3036/3221/3078 3037/3222/3079 3004/3187/3048 3003/3186/3047 
f 3005/3188/3049 3004/3187/3048 3037/3222/3079 3038/3223/3080 
f 3038/3223/3080 3039/3224/3081 3006/3189/3050 3005/3188/3049 
f 3040/3225/3082 3007/3190/3051 3006/3189/3050 3039/3224/3081 
f 3008/3191/3052 3007/3190/3051 3040/3225/3082 3041/3226/3083 
f 3041/3226/3083 3042/3227/3084 3009/3192/3053 3008/3191/3052 
f 3043/3228/3085 3010/3193/3054 3009/3192/3053 3042/3227/3084 
f 3011/3194/3055 3010/3193/3054 3043/3228/3085 3044/3229/3086 
f 3044/3229/3086 3045/3230/3087 3012/3195/3056 3011/3194/3055 
f 3046/3231/3088 3013/3196/3057 3012/3195/3056 3045/3230/3087 
f 3047/3232/3089 3014/3197/3058 3013/3196/3057 3046/3231/3088 
f 3048/3233/3090 3015/3198/3059 3014/3197/3058 3047/3232/3089 
f 3049/3234/3091 3016/3199/3060 3015/3198/3059 3048/3233/3090 
f 3050/3235/3092 3017/3201/3028 3016/3200/3060 3049/3236/3091 
f 3050/3235/3092 3051/3237/3093 3018/3202/3029 3017/3201/3028 
f 3019/3203/3061 3020/3204/3062 3052/3238/3094 3053/3239/3095 
f 3054/3240/3096 3021/3205/3063 3019/3203/3061 3053/3239/3095 
f 3055/3241/3097 3022/3207/3064 3021/3206/3063 3054/3242/3096 
f 3023/3208/3065 3022/3207/3064 3055/3241/3097 3056/3243/3098 
f 3056/3243/3098 3057/3244/3099 3024/3209/3066 3023/3208/3065 
f 3058/3245/3100 3025/3210/3067 3024/3209/3066 3057/3244/3099 
f 3026/3211/3068 3025/3210/3067 3058/3245/3100 3059/3246/3101 
f 3027/3212/3069 3026/3211/3068 3059/3246/3101 3060/3247/3102 
f 3027/3212/3069 3060/3247/3102 3061/3248/3103 3028/3213/3070 
f 3061/3248/3103 3062/3249/3104 3029/3214/3071 3028/3213/3070 
f 3030/3215/3072 3029/3214/3071 3062/3249/3104 3063/3250/3105 
f 3030/3215/3072 3063/3250/3105 3064/3251/3106 3031/3216/3073 
f 3064/3251/3106 3065/3252/3107 3032/3217/3074 3031/3216/3073 
f 3033/3218/3075 3032/3217/3074 3065/3252/3107 3066/3253/3108 
f 3067/3254/3109 3034/3219/3076 3033/3218/3075 3066/3253/3108 
f 3034/3219/3076 3067/3254/3109 3068/3255/3110 3035/3220/3077 
f 3035/3220/3077 3068/3255/3110 3069/3256/3111 3036/3221/3078 
f 3069/3256/3111 3070/3257/3112 3037/3222/3079 3036/3221/3078 
f 3071/3258/3113 3038/3223/3080 3037/3222/3079 3070/3257/3112 
f 3071/3258/3113 3072/3259/3114 3039/3224/3081 3038/3223/3080 
f 3040/3225/3082 3039/3224/3081 3072/3259/3114 3073/3260/3115 
f 3040/3225/3082 3073/3260/3115 3074/3261/3116 3041/3226/3083 
f 3041/3226/3083 3074/3261/3116 3075/3262/3117 3042/3227/3084 
f 3043/3228/3085 3042/3227/3084 3075/3262/3117 3076/3263/3118 
f 3043/3228/3085 3076/3263/3118 3077/3264/3119 3044/3229/3086 
f 3044/3229/3086 3077/3264/3119 3078/3265/3120 3045/3230/3087 
f 3046/3231/3088 3045/3230/3087 3078/3265/3120 3079/3266/3121 
f 3046/3231/3088 3079/3266/3121 3080/3267/3122 3047/3232/3089 
f 3047/3232/3089 3080/3267/3122 3081/3268/3123 3048/3233/3090 
f 3049/3234/3091 3048/3233/3090 3081/3268/3123 3082/3269/3124 
f 3049/3236/3091 3082/3270/3124 3083/3271/3125 3050/3235/3092 
f 3050/3235/3092 3083/3271/3125 3084/3272/3093 3051/3237/3093 
f 3085/3273/3126 3086/3274/3127 3065/3252/3107 3064/3251/3106 
f 3065/3252/3107 3086/3274/3127 3087/3275/3128 3066/3253/3108 
f 3067/3254/3109 3066/3253/3108 3087/3275/3128 3088/3276/3129 
f 3068/3255/3110 3067/3254/3109 3088/3276/3129 3089/3277/3130 
f 3068/3255/3110 3089/3277/3130 3090/3278/3131 3069/3256/3111 
f 3070/3257/3112 3069/3256/3111 3090/3278/3131 3091/3279/3132 
f 3071/3258/3113 3070/3257/3112 3091/3279/3132 3092/3280/3133 
f 3071/3258/3113 3092/3280/3133 3093/3281/3134 3072/3259/3114 
f 3073/3260/3115 3072/3259/3114 3093/3281/3134 3094/3282/3135 
f 3074/3261/3116 3073/3260/3115 3094/3282/3135 3095/3283/3136 
f 3074/3261/3116 3095/3283/3136 3096/3284/3137 3075/3262/3117 
f 3076/3263/3118 3075/3262/3117 3096/3284/3137 3097/3285/3138 
f 3077/3264/3119 3076/3263/3118 3097/3285/3138 3098/3286/3139 
f 3077/3264/3119 3098/3286/3139 3099/3287/3140 3078/3265/3120 
f 3079/3266/3121 3078/3265/3120 3099/3287/3140 3100/3288/3141 
f 3080/3267/3122 3079/3266/3121 3100/3288/3141 3101/3289/3142 
f 3080/3267/3122 3101/3289/3142 3102/3290/3143 3081/3268/3123 
f 3082/3269/3124 3081/3268/3123 3102/3290/3143 3103/3291/3144 
f 3083/3271/3125 3082/3270/3124 3103/3292/3144 3104/3293/3145 
f 3083/3271/3125 3104/3293/3145 3105/3294/3146 3084/3272/3093 
f 3106/3295/3147 3091/3279/3132 3090/3278/3131 3107/3296/3148 
f 3106/3295/3147 3108/3297/3149 3092/3280/3133 3091/3279/3132 
f 3092/3280/3133 3108/3297/3149 3109/3298/3150 3093/3281/3134 
f 3110/3299/3151 3094/3282/3135 3093/3281/3134 3109/3298/3150 
f 3110/3299/3151 3111/3300/3152 3095/3283/3136 3094/3282/3135 
f 3095/3283/3136 3111/3300/3152 3112/3301/3153 3096/3284/3137 
f 3113/3302/3154 3097/3285/3138 3096/3284/3137 3112/3301/3153 
f 3113/3302/3154 3114/3303/3155 3098/3286/3139 3097/3285/3138 
f 3098/3286/3139 3114/3303/3155 3115/3304/3156 3099/3287/3140 
f 3116/3305/3157 3100/3288/3141 3099/3287/3140 3115/3304/3156 
f 3116/3305/3157 3117/3306/3158 3101/3289/3142 3100/3288/3141 
f 3101/3289/3142 3117/3306/3158 3118/3307/3159 3102/3290/3143 
f 3119/3308/3160 3103/3291/3144 3102/3290/3143 3118/3307/3159 
f 3119/3309/3160 3120/3310/3161 3104/3293/3145 3103/3292/3144 
f 3104/3293/3145 3120/3310/3161 3121/3311/3146 3105/3294/3146 
f 3122/3312/3162 3123/3313/3163 2952/3132/2996 
f 3123/3313/3163 3124/3314/3164 2949/3127/2993 
f 3124/3315/3164 3125/3316/3165 2948/3126/2992 
f 3125/3316/3165 3126/3317/3166 2946/3124/2990 
f 3126/3317/3166 3127/3318/3167 2943/3121/2987 
f 3127/3318/3167 3128/3319/3168 2942/3120/2986 
f 3128/3319/3168 3129/3320/3169 2940/3118/2984 
f 3129/3320/3169 3130/3321/3170 2937/3115/2981 
f 3130/3321/3170 3131/3322/3171 2936/3114/2980 
f 3131/3322/3171 3132/3323/3172 2934/3112/2978 
f 3132/3323/3172 3133/3324/3173 2931/3109/2975 
f 3133/3324/3173 3134/3325/3174 2930/3108/2974 
f 3134/3325/3174 3135/3326/3175 2928/3106/2972 
f 3135/3326/3175 3136/3327/3176 2925/3103/2969 
f 3136/3327/3176 3137/3328/3177 2925/3103/2969 
f 3137/3328/3177 3138/3329/3178 2923/3101/2967 
f 3138/3329/3178 3139/3330/3179 2923/3101/2967 
f 3139/3330/3179 3140/3331/3180 2903/3080/2947 
f 3140/3331/3180 3141/3332/3181 2903/3080/2947 
f 3141/3332/3181 3142/3333/3182 2903/3080/2947 
f 3142/3333/3182 3143/3334/3183 2901/3078/2945 
f 3143/3334/3183 3144/3335/3184 2901/3078/2945 
f 3144/3335/3184 3145/3336/3185 2898/3075/2942 
f 3145/3336/3185 3146/3337/3186 2898/3075/2942 
f 3146/3337/3186 3147/3338/3187 2897/3074/2941 
f 3147/3338/3187 3148/3339/3188 2895/3072/2939 
f 3148/3339/3188 3149/3340/3189 2895/3072/2939 
f 3149/3340/3189 3150/3341/3190 2892/3069/2936 
f 3150/3341/3190 3151/3342/3191 2892/3069/2936 
f 3151/3342/3191 3152/3343/3192 2889/3066/2933 
f 3152/3343/3192 3153/3344/3193 2886/3063/2930 
f 3153/3344/3193 3154/3345/3194 2885/3062/2929 
f 3154/3345/3194 3155/3346/3195 2885/3062/2929 
f 3155/3346/3195 3156/3347/3196 2883/3060/2927 
f 3156/3347/3196 3157/3348/3197 2880/3057/2924 
f 3157/3348/3197 3158/3349/3198 2879/3056/2923 
f 3158/3349/3198 3159/3350/3199 2877/3053/2921 
f 3159/3350/3199 3160/3351/3200 2875/3054/2919 
f 3160/3352/3200 3161/3353/3201 2873/3048/2917 
f 3161/3353/3201 3162/3354/3202 2870/3045/2914 
f 3163/3355/3203 3164/3356/3204 3052/3238/3094 
f 3164/3356/3204 3165/3357/3205 3053/3239/3095 
f 3165/3358/3205 3166/3359/3206 3054/3242/3096 
f 3166/3359/3206 3167/3360/3207 3055/3241/3097 
f 3167/3360/3207 3168/3361/3208 3056/3243/3098 
f 3168/3361/3208 3169/3362/3209 3057/3244/3099 
f 3169/3362/3209 3170/3363/3210 3058/3245/3100 
f 3170/3363/3210 3171/3364/3211 3059/3246/3101 
f 3171/3364/3211 3172/3365/3212 3060/3247/3102 
f 3172/3365/3212 3173/3366/3213 3061/3248/3103 
f 3173/3366/3213 3174/3367/3214 3062/3249/3104 
f 3174/3367/3214 3175/3368/3215 3085/3273/3126 
f 3175/3368/3215 3176/3369/3216 3085/3273/3126 
f 3176/3369/3216 3177/3370/3217 3086/3274/3127 
f 3177/3370/3217 3178/3371/3218 3087/3275/3128 
f 3178/3371/3218 3179/3372/3219 3088/3276/3129 
f 3179/3372/3219 3180/3373/3220 3107/3296/3148 
f 3180/3373/3220 3181/3374/3221 3107/3296/3148 
f 3181/3374/3221 3182/3375/3222 3106/3295/3147 
f 3182/3375/3222 3183/3376/3223 3108/3297/3149 
f 3183/3376/3223 3184/3377/3224 3109/3298/3150 
f 3184/3377/3224 3185/3378/3225 3110/3299/3151 
f 3185/3378/3225 3186/3379/3226 3111/3300/3152 
f 3186/3379/3226 3187/3380/3227 3112/3301/3153 
f 3187/3380/3227 3188/3381/3228 3113/3302/3154 
f 3188/3381/3228 3189/3382/3229 3114/3303/3155 
f 3189/3382/3229 3190/3383/3230 3115/3304/3156 
f 3190/3383/3230 3191/3384/3231 3116/3305/3157 
f 3191/3384/3231 3192/3385/3232 3117/3306/3158 
f 3192/3385/3232 3193/3386/3233 3118/3307/3159 
f 3193/3387/3233 3194/3388/3234 3119/3309/3160 
f 3194/3388/3234 3195/3389/3235 3120/3310/3161 
f 3195/3389/3235 3121/3311/3146 3120/3310/3161 
f 2870/3045/2914 2873/3048/2917 3161/3353/3201 
f 2873/3048/2917 2875/3050/2919 3160/3352/3200 
f 2875/3054/2919 2877/3053/2921 3159/3350/3199 
f 2877/3053/2921 2879/3056/2923 3158/3349/3198 
f 2879/3056/2923 2880/3057/2924 3157/3348/3197 
f 2880/3057/2924 2883/3060/2927 3156/3347/3196 
f 2883/3060/2927 2885/3062/2929 3155/3346/3195 
f 2885/3062/2929 2886/3063/2930 3153/3344/3193 
f 2886/3063/2930 2889/3066/2933 3152/3343/3192 
f 2889/3066/2933 2891/3068/2935 3151/3342/3191 
f 2891/3068/2935 2892/3069/2936 3151/3342/3191 
f 2892/3069/2936 2895/3072/2939 3149/3340/3189 
f 2895/3072/2939 2897/3074/2941 3147/3338/3187 
f 2897/3074/2941 2898/3075/2942 3146/3337/3186 
f 2898/3075/2942 2901/3078/2945 3144/3335/3184 
f 2901/3078/2945 2903/3080/2947 3142/3333/3182 
f 2903/3080/2947 2904/3081/2948 3139/3330/3179 
f 2904/3081/2948 2923/3101/2967 3139/3330/3179 
f 2923/3101/2967 2925/3103/2969 3137/3328/3177 
f 2925/3103/2969 2928/3106/2972 3135/3326/3175 
f 2928/3106/2972 2930/3108/2974 3134/3325/3174 
f 2930/3108/2974 2931/3109/2975 3133/3324/3173 
f 2931/3109/2975 2934/3112/2978 3132/3323/3172 
f 2934/3112/2978 2936/3114/2980 3131/3322/3171 
f 2936/3114/2980 2937/3115/2981 3130/3321/3170 
f 2937/3115/2981 2940/3118/2984 3129/3320/3169 
f 2940/3118/2984 2942/3120/2986 3128/3319/3168 
f 2942/3120/2986 2943/3121/2987 3127/3318/3167 
f 2943/3121/2987 2946/3124/2990 3126/3317/3166 
f 2946/3124/2990 2948/3126/2992 3125/3316/3165 
f 2948/3128/2992 2949/3127/2993 3124/3314/3164 
f 2949/3127/2993 2952/3132/2996 3123/3313/3163 
f 3053/3239/3095 3052/3238/3094 3164/3356/3204 
f 3054/3240/3096 3053/3239/3095 3165/3357/3205 
f 3055/3241/3097 3054/3242/3096 3166/3359/3206 
f 3056/3243/3098 3055/3241/3097 3167/3360/3207 
f 3057/3244/3099 3056/3243/3098 3168/3361/3208 
f 3058/3245/3100 3057/3244/3099 3169/3362/3209 
f 3059/3246/3101 3058/3245/3100 3170/3363/3210 
f 3060/3247/3102 3059/3246/3101 3171/3364/3211 
f 3061/3248/3103 3060/3247/3102 3172/3365/3212 
f 3062/3249/3104 3061/3248/3103 3173/3366/3213 
f 3063/3250/3105 3062/3249/3104 3174/3367/3214 
f 3064/3251/3106 3063/3250/3105 3085/3273/3126 
f 3086/3274/3127 3085/3273/3126 3176/3369/3216 
f 3087/3275/3128 3086/3274/3127 3177/3370/3217 
f 3088/3276/3129 3087/3275/3128 3178/3371/3218 
f 3089/3277/3130 3088/3276/3129 3179/3372/3219 
f 3090/3278/3131 3089/3277/3130 3107/3296/3148 
f 3106/3295/3147 3107/3296/3148 3181/3374/3221 
f 3108/3297/3149 3106/3295/3147 3182/3375/3222 
f 3109/3298/3150 3108/3297/3149 3183/3376/3223 
f 3110/3299/3151 3109/3298/3150 3184/3377/3224 
f 3111/3300/3152 3110/3299/3151 3185/3378/3225 
f 3112/3301/3153 3111/3300/3152 3186/3379/3226 
f 3113/3302/3154 3112/3301/3153 3187/3380/3227 
f 3114/3303/3155 3113/3302/3154 3188/3381/3228 
f 3115/3304/3156 3114/3303/3155 3189/3382/3229 
f 3116/3305/3157 3115/3304/3156 3190/3383/3230 
f 3117/3306/3158 3116/3305/3157 3191/3384/3231 
f 3118/3307/3159 3117/3306/3158 3192/3385/3232 
f 3119/3308/3160 3118/3307/3159 3193/3386/3233 
f 3120/3310/3161 3119/3309/3160 3194/3388/3234 
f 3174/3367/3214 3085/3273/3126 3063/3250/3105 
f 3179/3372/3219 3107/3296/3148 3089/3277/3130 
# 211 polygons - 139 triangles

#
# object Letrero013
#

v  0.0000 3.0113 -0.0000
v  0.3508 3.0030 -0.0000
v  0.3507 2.9960 -0.1445
v  0.0000 3.0042 -0.1449
v  0.3504 2.9759 -0.2818
v  0.0000 2.9842 -0.2826
v  0.3499 2.9390 -0.4304
v  0.0000 2.9471 -0.4316
v  0.3492 2.8925 -0.5610
v  0.0000 2.9005 -0.5625
v  0.0000 2.8341 -0.7032
v  0.3483 2.8262 -0.7013
v  0.3473 2.7563 -0.8179
v  0.0000 2.7639 -0.8201
v  0.3461 2.6656 -0.9404
v  0.0000 2.6730 -0.9429
v  0.0000 2.5795 -1.0462
v  0.3448 2.5724 -1.0434
v  0.3432 2.4617 -1.1439
v  0.0000 2.4685 -1.1470
v  0.3416 2.3471 -1.2290
v  0.0000 2.3535 -1.2323
v  0.0000 2.2304 -1.3064
v  0.3399 2.2243 -1.3028
v  0.3381 2.0911 -1.3661
v  0.0000 2.0969 -1.3698
v  0.3361 1.9487 -1.4169
v  0.0000 1.9540 -1.4207
v  0.0000 1.8199 -1.4542
v  0.3342 1.8149 -1.4502
v  0.3323 1.6731 -1.4716
v  0.0000 1.6777 -1.4756
v  0.3302 1.5240 -1.4791
v  0.0000 1.5282 -1.4831
v  0.0000 1.3833 -1.4761
v  0.3282 1.3796 -1.4721
v  0.3263 1.2423 -1.4520
v  0.0000 1.2456 -1.4560
v  0.3242 1.0936 -1.4151
v  0.0000 1.0966 -1.4190
v  0.0000 0.9657 -1.3723
v  0.3224 0.9631 -1.3686
v  0.3204 0.8228 -1.3023
v  0.0000 0.8250 -1.3059
v  0.3188 0.7062 -1.2324
v  0.0000 0.7080 -1.2358
v  0.0000 0.5852 -1.1448
v  0.3171 0.5837 -1.1417
v  0.3157 0.4808 -1.0484
v  0.0000 0.4820 -1.0513
v  0.3143 0.3803 -0.9378
v  0.0000 0.3812 -0.9403
v  0.0000 0.2959 -0.8253
v  0.3131 0.2952 -0.8231
v  0.3121 0.2213 -0.7003
v  0.0000 0.2218 -0.7022
v  0.3112 0.1581 -0.5671
v  0.0000 0.1584 -0.5687
v  0.0000 0.1075 -0.4258
v  0.3105 0.1073 -0.4247
v  0.3100 0.0739 -0.2909
v  0.0000 0.0740 -0.2917
v  0.3097 0.0526 -0.1491
v  0.0000 0.0526 -0.1495
v  0.0000 0.0450 -0.0000
v  0.3096 0.0450 -0.0000
v  0.6874 2.9817 -0.0000
v  0.6873 2.9746 -0.1435
v  0.6867 2.9548 -0.2798
v  0.6857 2.9181 -0.4274
v  0.6845 2.8719 -0.5571
v  0.6827 2.8062 -0.6964
v  0.6808 2.7367 -0.8122
v  0.6783 2.6467 -0.9338
v  0.6758 2.5541 -1.0361
v  0.6728 2.4443 -1.1359
v  0.6697 2.3304 -1.2204
v  0.6664 2.2086 -1.2938
v  0.6628 2.0763 -1.3566
v  0.6589 1.9349 -1.4070
v  0.6553 1.8021 -1.4402
v  0.6514 1.6614 -1.4614
v  0.6474 1.5133 -1.4689
v  0.6435 1.3699 -1.4618
v  0.6398 1.2336 -1.4420
v  0.6357 1.0861 -1.4053
v  0.6322 0.9564 -1.3591
v  0.6284 0.8172 -1.2933
v  0.6253 0.7014 -1.2238
v  0.6219 0.5798 -1.1338
v  0.6192 0.4776 -1.0412
v  0.6164 0.3779 -0.9313
v  0.6141 0.2934 -0.8174
v  0.6121 0.2200 -0.6955
v  0.6104 0.1573 -0.5632
v  0.6090 0.1068 -0.4217
v  0.6081 0.0737 -0.2889
v  0.6076 0.0525 -0.1481
v  0.6074 0.0450 -0.0000
v  1.0308 2.9392 -0.1418
v  1.0311 2.9462 -0.0000
v  1.0300 2.9196 -0.2766
v  1.0285 2.8834 -0.4225
v  1.0266 2.8378 -0.5506
v  1.0240 2.7728 -0.6883
v  1.0212 2.7042 -0.8028
v  1.0175 2.6153 -0.9230
v  1.0138 2.5238 -1.0241
v  1.0093 2.4153 -1.1227
v  1.0047 2.3028 -1.2062
v  0.9998 2.1824 -1.2787
v  0.9944 2.0518 -1.3408
v  0.9887 1.9121 -1.3907
v  0.9833 1.7809 -1.4234
v  0.9776 1.6418 -1.4444
v  0.9716 1.4956 -1.4518
v  0.9658 1.3539 -1.4448
v  0.9603 1.2192 -1.4252
v  0.9543 1.0735 -1.3890
v  0.9491 0.9454 -1.3433
v  0.9435 0.8079 -1.2783
v  0.9388 0.6935 -1.2096
v  0.9339 0.5734 -1.1206
v  0.9297 0.4724 -1.0291
v  0.9257 0.3738 -0.9204
v  0.9223 0.2904 -0.8079
v  0.9193 0.2179 -0.6874
v  0.9168 0.1559 -0.5567
v  0.9147 0.1061 -0.4168
v  0.9134 0.0734 -0.2855
v  0.9125 0.0524 -0.1463
v  0.9122 0.0450 -0.0000
v  1.2222 2.9204 -0.0000
v  1.2222 2.9156 -0.1162
v  1.2222 2.9015 -0.2316
v  1.2222 2.8781 -0.3453
v  1.2222 2.8456 -0.4566
v  1.2222 2.8007 -0.5729
v  1.2222 2.7459 -0.6847
v  1.2222 2.6464 -0.8422
v  1.2222 2.5128 -1.0005
v  1.2222 2.4063 -1.0991
v  1.2222 2.2905 -1.1863
v  1.2222 2.1666 -1.2615
v  1.2222 2.0057 -1.3359
v  1.2222 1.8368 -1.3899
v  1.2222 1.6620 -1.4228
v  1.2222 1.4834 -1.4340
v  1.2222 1.3064 -1.4231
v  1.2222 1.1314 -1.3905
v  1.2222 0.9610 -1.3362
v  1.2222 0.7986 -1.2611
v  1.2222 0.6746 -1.1859
v  1.2222 0.5588 -1.0986
v  1.2222 0.4525 -1.0001
v  1.2222 0.3191 -0.8420
v  1.2222 0.2192 -0.6840
v  1.2222 0.1645 -0.5722
v  1.2222 0.1198 -0.4563
v  1.2222 0.0872 -0.3445
v  1.2222 0.0638 -0.2307
v  1.2222 0.0497 -0.1157
v  1.2222 0.0450 -0.0000
# 163 vertices

vn 0.0236 0.9985 -0.0489
vn 0.0434 0.9979 -0.0489
vn 0.0434 0.9944 -0.0966
vn 0.0236 0.9950 -0.0966
vn 0.0431 0.9803 -0.1928
vn 0.0235 0.9810 -0.1928
vn 0.0426 0.9566 -0.2884
vn 0.0232 0.9572 -0.2885
vn 0.0419 0.9234 -0.3816
vn 0.0228 0.9240 -0.3816
vn 0.0224 0.8819 -0.4710
vn 0.0410 0.8812 -0.4709
vn 0.0400 0.8309 -0.5549
vn 0.0218 0.8316 -0.5550
vn 0.0388 0.7727 -0.6336
vn 0.0211 0.7733 -0.6337
vn 0.0204 0.7076 -0.7063
vn 0.0374 0.7070 -0.7062
vn 0.0359 0.6344 -0.7722
vn 0.0196 0.6350 -0.7723
vn 0.0342 0.5560 -0.8305
vn 0.0187 0.5566 -0.8306
vn 0.0177 0.4731 -0.8808
vn 0.0324 0.4725 -0.8807
vn 0.0305 0.3826 -0.9234
vn 0.0167 0.3831 -0.9236
vn 0.0285 0.2891 -0.9569
vn 0.0156 0.2896 -0.9570
vn 0.0145 0.1961 -0.9805
vn 0.0265 0.1956 -0.9803
vn 0.0244 0.0998 -0.9947
vn 0.0134 0.1002 -0.9949
vn 0.0223 0.0008 -0.9998
vn 0.0122 0.0012 -0.9999
vn 0.0110 -0.0963 -0.9953
vn 0.0202 -0.0967 -0.9951
vn 0.0181 -0.1928 -0.9811
vn 0.0099 -0.1925 -0.9812
vn 0.0160 -0.2885 -0.9573
vn 0.0087 -0.2883 -0.9575
vn 0.0076 -0.3815 -0.9243
vn 0.0139 -0.3818 -0.9241
vn 0.0119 -0.4711 -0.8820
vn 0.0065 -0.4709 -0.8821
vn 0.0100 -0.5552 -0.8317
vn 0.0055 -0.5550 -0.8318
vn 0.0045 -0.6338 -0.7735
vn 0.0083 -0.6339 -0.7734
vn 0.0067 -0.7066 -0.7076
vn 0.0037 -0.7065 -0.7077
vn 0.0052 -0.7725 -0.6350
vn 0.0028 -0.7725 -0.6351
vn 0.0021 -0.8308 -0.5566
vn 0.0039 -0.8308 -0.5565
vn 0.0027 -0.8811 -0.4729
vn 0.0015 -0.8811 -0.4730
vn 0.0017 -0.9238 -0.3829
vn 0.0010 -0.9238 -0.3830
vn 0.0005 -0.9572 -0.2894
vn 0.0010 -0.9572 -0.2893
vn 0.0004 -0.9806 -0.1958
vn 0.0002 -0.9806 -0.1958
vn 0.0001 -0.9950 -0.0998
vn 0.0001 -0.9950 -0.0999
vn 0.0000 -0.9987 -0.0505
vn -0.0000 -0.9987 -0.0505
vn 0.0829 0.9954 -0.0488
vn 0.0828 0.9919 -0.0965
vn 0.0823 0.9778 -0.1926
vn 0.0813 0.9541 -0.2881
vn 0.0800 0.9210 -0.3812
vn 0.0783 0.8790 -0.4704
vn 0.0763 0.8288 -0.5543
vn 0.0740 0.7706 -0.6330
vn 0.0713 0.7051 -0.7055
vn 0.0684 0.6326 -0.7715
vn 0.0652 0.5543 -0.8297
vn 0.0619 0.4710 -0.8800
vn 0.0582 0.3812 -0.9227
vn 0.0544 0.2879 -0.9561
vn 0.0505 0.1945 -0.9796
vn 0.0466 0.0988 -0.9940
vn 0.0425 -0.0001 -0.9991
vn 0.0384 -0.0974 -0.9945
vn 0.0344 -0.1935 -0.9805
vn 0.0304 -0.2891 -0.9568
vn 0.0265 -0.3822 -0.9237
vn 0.0227 -0.4715 -0.8816
vn 0.0191 -0.5555 -0.8313
vn 0.0158 -0.6341 -0.7731
vn 0.0127 -0.7067 -0.7074
vn 0.0098 -0.7727 -0.6347
vn 0.0073 -0.8309 -0.5563
vn 0.0052 -0.8812 -0.4728
vn 0.0033 -0.9238 -0.3828
vn 0.0019 -0.9572 -0.2893
vn 0.0008 -0.9807 -0.1957
vn 0.0002 -0.9950 -0.0998
vn -0.0000 -0.9987 -0.0504
vn 0.1159 0.9886 -0.0962
vn 0.1165 0.9921 -0.0473
vn 0.1143 0.9747 -0.1920
vn 0.1131 0.9509 -0.2882
vn 0.1119 0.9179 -0.3807
vn 0.1106 0.8754 -0.4705
vn 0.1088 0.8264 -0.5525
vn 0.1061 0.7669 -0.6329
vn 0.1010 0.7022 -0.7048
vn 0.0970 0.6297 -0.7708
vn 0.0930 0.5516 -0.8289
vn 0.0889 0.4682 -0.8791
vn 0.0836 0.3800 -0.9212
vn 0.0773 0.2863 -0.9550
vn 0.0719 0.1926 -0.9786
vn 0.0667 0.0963 -0.9931
vn 0.0615 -0.0018 -0.9981
vn 0.0556 -0.0977 -0.9937
vn 0.0488 -0.1941 -0.9798
vn 0.0430 -0.2905 -0.9559
vn 0.0381 -0.3836 -0.9227
vn 0.0332 -0.4722 -0.8809
vn 0.0277 -0.5557 -0.8309
vn 0.0225 -0.6346 -0.7725
vn 0.0179 -0.7069 -0.7071
vn 0.0141 -0.7726 -0.6347
vn 0.0101 -0.8315 -0.5554
vn 0.0067 -0.8811 -0.4728
vn 0.0032 -0.9238 -0.3829
vn 0.0007 -0.9573 -0.2891
vn -0.0008 -0.9807 -0.1957
vn -0.0014 -0.9950 -0.0996
vn -0.0014 -0.9988 -0.0493
vn 0.1337 0.9902 -0.0403
vn 0.1344 0.9878 -0.0792
vn 0.1354 0.9778 -0.1599
vn 0.1340 0.9616 -0.2395
vn 0.1334 0.9385 -0.3184
vn 0.1298 0.9078 -0.3989
vn 0.1307 0.8666 -0.4815
vn 0.1320 0.7995 -0.5860
vn 0.1238 0.7138 -0.6893
vn 0.1143 0.6363 -0.7629
vn 0.1090 0.5560 -0.8240
vn 0.1042 0.4664 -0.8784
vn 0.1000 0.3599 -0.9276
vn 0.0946 0.2424 -0.9656
vn 0.0855 0.1203 -0.9890
vn 0.0753 -0.0023 -0.9972
vn 0.0687 -0.1238 -0.9899
vn 0.0613 -0.2460 -0.9673
vn 0.0517 -0.3652 -0.9295
vn 0.0410 -0.4722 -0.8805
vn 0.0332 -0.5626 -0.8261
vn 0.0279 -0.6425 -0.7658
vn 0.0261 -0.7224 -0.6910
vn 0.0223 -0.8081 -0.5887
vn 0.0129 -0.8746 -0.4846
vn 0.0076 -0.9165 -0.3999
vn 0.0061 -0.9474 -0.3201
vn 0.0048 -0.9706 -0.2406
vn 0.0031 -0.9870 -0.1608
vn 0.0010 -0.9968 -0.0799
vn 0.0000 -0.9992 -0.0405
# 163 vertex normals

vt 0.5000 0.5000 0.9138
vt 0.5000 0.4738 0.9115
vt 0.7386 0.4738 0.9095
vt 0.7393 0.5000 0.9119
vt 0.9654 0.4738 0.9040
vt 0.9667 0.5000 0.9063
vt 0.0960 0.4738 0.9654
vt 0.1063 0.4738 1.2109
vt 0.1041 0.5000 1.2128
vt 0.0937 0.5000 0.9667
vt 0.1193 0.4739 1.4266
vt 0.1171 0.5000 1.4291
vt 0.1356 0.5000 1.6613
vt 0.1378 0.4739 1.6582
vt 0.1573 0.4740 1.8509
vt 0.1552 0.5000 1.8546
vt 0.1826 0.4741 2.0531
vt 0.1806 0.5000 2.0574
vt 0.2067 0.5000 2.2279
vt 0.2086 0.4742 2.2232
vt 0.2395 0.4743 2.3892
vt 0.2376 0.5000 2.3943
vt 0.2715 0.4744 2.5297
vt 0.2697 0.5000 2.5353
vt 0.3041 0.5000 2.6576
vt 0.3058 0.4746 2.6518
vt 0.3429 0.4747 2.7562
vt 0.3413 0.5000 2.7624
vt 0.3827 0.4748 2.8401
vt 0.3812 0.5000 2.8464
vt 0.4186 0.5000 2.9017
vt 0.4200 0.4750 2.8952
vt 0.4596 0.4751 2.9305
vt 0.4583 0.5000 2.9371
vt 0.5012 0.4753 2.9429
vt 0.5000 0.5000 2.9496
vt 0.5404 0.5000 2.9379
vt 0.5415 0.4754 2.9313
vt 0.5798 0.4756 2.8982
vt 0.5788 0.5000 2.9047
vt 0.6212 0.4757 2.8372
vt 0.6204 0.5000 2.8436
vt 0.6570 0.5000 2.7665
vt 0.6577 0.4759 2.7604
vt 0.6968 0.4760 2.6509
vt 0.6962 0.5000 2.6568
vt 0.7294 0.4761 2.5355
vt 0.7288 0.5000 2.5410
vt 0.7631 0.5000 2.3908
vt 0.7635 0.4763 2.3857
vt 0.7923 0.4764 2.2316
vt 0.7919 0.5000 2.2363
vt 0.8203 0.4765 2.0488
vt 0.8200 0.5000 2.0530
vt 0.8438 0.5000 1.8631
vt 0.8440 0.4766 1.8594
vt 0.8646 0.4766 1.6567
vt 0.8645 0.5000 1.6598
vt 0.8823 0.4767 1.4367
vt 0.8822 0.5000 1.4392
vt 0.8964 0.5000 1.2033
vt 0.8965 0.4768 1.2014
vt 0.9058 0.4768 0.9805
vt 0.9057 0.5000 0.9818
vt 0.0182 0.5000 0.0943
vt 0.0195 0.4768 0.0942
vt 0.2537 0.4768 0.0883
vt 0.2531 0.5000 0.0883
vt 0.5000 0.5000 0.0862
vt 0.5000 0.4768 0.0862
vt 0.5000 0.4486 0.9056
vt 0.7370 0.4486 0.9036
vt 0.9622 0.4486 0.8980
vt 0.1020 0.4486 0.9622
vt 0.1122 0.4487 1.2060
vt 0.1251 0.4488 1.4201
vt 0.1434 0.4489 1.6502
vt 0.1628 0.4491 1.8415
vt 0.1879 0.4492 2.0423
vt 0.2137 0.4494 2.2113
vt 0.2444 0.4497 2.3761
vt 0.2762 0.4499 2.5156
vt 0.3102 0.4501 2.6368
vt 0.3471 0.4504 2.7406
vt 0.3865 0.4507 2.8238
vt 0.4236 0.4510 2.8786
vt 0.4628 0.4513 2.9136
vt 0.5041 0.4516 2.9260
vt 0.5442 0.4518 2.9144
vt 0.5822 0.4521 2.8815
vt 0.6234 0.4524 2.8210
vt 0.6595 0.4527 2.7447
vt 0.6984 0.4530 2.6360
vt 0.7307 0.4532 2.5213
vt 0.7646 0.4535 2.3726
vt 0.7931 0.4537 2.2196
vt 0.8210 0.4539 2.0381
vt 0.8445 0.4540 1.8500
vt 0.8650 0.4542 1.6486
vt 0.8825 0.4543 1.4302
vt 0.8966 0.4544 1.1965
vt 0.9058 0.4545 0.9771
vt 0.0229 0.4545 0.0942
vt 0.2555 0.4545 0.0883
vt 0.5000 0.4546 0.0862
vt 0.7342 0.4229 0.8937
vt 0.5000 0.4228 0.8957
vt 0.9568 0.4229 0.8882
vt 0.1219 0.4230 1.1978
vt 0.1118 0.4229 0.9568
vt 0.1346 0.4232 1.4094
vt 0.1527 0.4234 1.6368
vt 0.1719 0.4236 1.8259
vt 0.1967 0.4239 2.0244
vt 0.2222 0.4241 2.1914
vt 0.2525 0.4245 2.3543
vt 0.2839 0.4248 2.4922
vt 0.3175 0.4252 2.6120
vt 0.3539 0.4256 2.7145
vt 0.3929 0.4260 2.7968
vt 0.4295 0.4264 2.8509
vt 0.4683 0.4268 2.8856
vt 0.5091 0.4273 2.8978
vt 0.5486 0.4277 2.8863
vt 0.5862 0.4281 2.8539
vt 0.6269 0.4286 2.7940
vt 0.6626 0.4290 2.7186
vt 0.7010 0.4294 2.6112
vt 0.7329 0.4298 2.4978
vt 0.7664 0.4301 2.3508
vt 0.7946 0.4304 2.1996
vt 0.8221 0.4307 2.0202
vt 0.8454 0.4310 1.8343
vt 0.8656 0.4312 1.6353
vt 0.8829 0.4314 1.4194
vt 0.8968 0.4316 1.1884
vt 0.9059 0.4317 0.9716
vt 0.0284 0.4317 0.0941
vt 0.2583 0.4317 0.0882
vt 0.5000 0.4317 0.0862
vt 0.5000 0.4085 0.8884
vt 0.6919 0.4085 0.8871
vt 0.8826 0.4085 0.8832
vt 0.1168 0.4085 0.8826
vt 0.1234 0.4085 1.0703
vt 0.1324 0.4085 1.2541
vt 0.1449 0.4085 1.4462
vt 0.1602 0.4085 1.6309
vt 0.1880 0.4085 1.8910
vt 0.2253 0.4085 2.1524
vt 0.2550 0.4085 2.3152
vt 0.2873 0.4085 2.4594
vt 0.3219 0.4085 2.5835
vt 0.3668 0.4085 2.7063
vt 0.4139 0.4085 2.7955
vt 0.4627 0.4085 2.8500
vt 0.5125 0.4085 2.8684
vt 0.5619 0.4085 2.8505
vt 0.6107 0.4085 2.7965
vt 0.6582 0.4085 2.7068
vt 0.7036 0.4085 2.5829
vt 0.7382 0.4085 2.4586
vt 0.7705 0.4085 2.3144
vt 0.8001 0.4085 2.1517
vt 0.8374 0.4085 1.8906
vt 0.8652 0.4085 1.6297
vt 0.8805 0.4085 1.4450
vt 0.8930 0.4085 1.2536
vt 0.9021 0.4085 1.0690
vt 0.9086 0.4085 0.8811
vt 0.1189 0.4085 0.0914
vt 0.3088 0.4085 0.0875
vt 0.5000 0.4085 0.0862
# 173 texture coords

o Letrero013
g Letrero013
usemtl blanco
s 1
f 3196/3390/3236 3197/3391/3237 3198/3392/3238 3199/3393/3239 
f 3199/3393/3239 3198/3392/3238 3200/3394/3240 3201/3395/3241 
f 3200/3396/3240 3202/3397/3242 3203/3398/3243 3201/3399/3241 
f 3203/3398/3243 3202/3397/3242 3204/3400/3244 3205/3401/3245 
f 3206/3402/3246 3205/3401/3245 3204/3400/3244 3207/3403/3247 
f 3207/3403/3247 3208/3404/3248 3209/3405/3249 3206/3402/3246 
f 3209/3405/3249 3208/3404/3248 3210/3406/3250 3211/3407/3251 
f 3212/3408/3252 3211/3407/3251 3210/3406/3250 3213/3409/3253 
f 3213/3409/3253 3214/3410/3254 3215/3411/3255 3212/3408/3252 
f 3215/3411/3255 3214/3410/3254 3216/3412/3256 3217/3413/3257 
f 3218/3414/3258 3217/3413/3257 3216/3412/3256 3219/3415/3259 
f 3219/3415/3259 3220/3416/3260 3221/3417/3261 3218/3414/3258 
f 3221/3417/3261 3220/3416/3260 3222/3418/3262 3223/3419/3263 
f 3224/3420/3264 3223/3419/3263 3222/3418/3262 3225/3421/3265 
f 3225/3421/3265 3226/3422/3266 3227/3423/3267 3224/3420/3264 
f 3227/3423/3267 3226/3422/3266 3228/3424/3268 3229/3425/3269 
f 3230/3426/3270 3229/3425/3269 3228/3424/3268 3231/3427/3271 
f 3231/3427/3271 3232/3428/3272 3233/3429/3273 3230/3426/3270 
f 3233/3429/3273 3232/3428/3272 3234/3430/3274 3235/3431/3275 
f 3236/3432/3276 3235/3431/3275 3234/3430/3274 3237/3433/3277 
f 3237/3433/3277 3238/3434/3278 3239/3435/3279 3236/3432/3276 
f 3239/3435/3279 3238/3434/3278 3240/3436/3280 3241/3437/3281 
f 3242/3438/3282 3241/3437/3281 3240/3436/3280 3243/3439/3283 
f 3243/3439/3283 3244/3440/3284 3245/3441/3285 3242/3438/3282 
f 3245/3441/3285 3244/3440/3284 3246/3442/3286 3247/3443/3287 
f 3248/3444/3288 3247/3443/3287 3246/3442/3286 3249/3445/3289 
f 3249/3445/3289 3250/3446/3290 3251/3447/3291 3248/3444/3288 
f 3251/3447/3291 3250/3446/3290 3252/3448/3292 3253/3449/3293 
f 3254/3450/3294 3253/3449/3293 3252/3448/3292 3255/3451/3295 
f 3255/3451/3295 3256/3452/3296 3257/3453/3297 3254/3450/3294 
f 3257/3454/3297 3256/3455/3296 3258/3456/3298 3259/3457/3299 
f 3260/3458/3300 3259/3457/3299 3258/3456/3298 3261/3459/3301 
f 3197/3391/3237 3262/3460/3302 3263/3461/3303 3198/3392/3238 
f 3198/3392/3238 3263/3461/3303 3264/3462/3304 3200/3394/3240 
f 3202/3397/3242 3200/3396/3240 3264/3463/3304 3265/3464/3305 
f 3202/3397/3242 3265/3464/3305 3266/3465/3306 3204/3400/3244 
f 3204/3400/3244 3266/3465/3306 3267/3466/3307 3207/3403/3247 
f 3267/3466/3307 3268/3467/3308 3208/3404/3248 3207/3403/3247 
f 3208/3404/3248 3268/3467/3308 3269/3468/3309 3210/3406/3250 
f 3210/3406/3250 3269/3468/3309 3270/3469/3310 3213/3409/3253 
f 3270/3469/3310 3271/3470/3311 3214/3410/3254 3213/3409/3253 
f 3214/3410/3254 3271/3470/3311 3272/3471/3312 3216/3412/3256 
f 3216/3412/3256 3272/3471/3312 3273/3472/3313 3219/3415/3259 
f 3273/3472/3313 3274/3473/3314 3220/3416/3260 3219/3415/3259 
f 3220/3416/3260 3274/3473/3314 3275/3474/3315 3222/3418/3262 
f 3222/3418/3262 3275/3474/3315 3276/3475/3316 3225/3421/3265 
f 3276/3475/3316 3277/3476/3317 3226/3422/3266 3225/3421/3265 
f 3226/3422/3266 3277/3476/3317 3278/3477/3318 3228/3424/3268 
f 3228/3424/3268 3278/3477/3318 3279/3478/3319 3231/3427/3271 
f 3279/3478/3319 3280/3479/3320 3232/3428/3272 3231/3427/3271 
f 3232/3428/3272 3280/3479/3320 3281/3480/3321 3234/3430/3274 
f 3234/3430/3274 3281/3480/3321 3282/3481/3322 3237/3433/3277 
f 3282/3481/3322 3283/3482/3323 3238/3434/3278 3237/3433/3277 
f 3238/3434/3278 3283/3482/3323 3284/3483/3324 3240/3436/3280 
f 3240/3436/3280 3284/3483/3324 3285/3484/3325 3243/3439/3283 
f 3285/3484/3325 3286/3485/3326 3244/3440/3284 3243/3439/3283 
f 3244/3440/3284 3286/3485/3326 3287/3486/3327 3246/3442/3286 
f 3246/3442/3286 3287/3486/3327 3288/3487/3328 3249/3445/3289 
f 3288/3487/3328 3289/3488/3329 3250/3446/3290 3249/3445/3289 
f 3250/3446/3290 3289/3488/3329 3290/3489/3330 3252/3448/3292 
f 3252/3448/3292 3290/3489/3330 3291/3490/3331 3255/3451/3295 
f 3292/3491/3332 3256/3452/3296 3255/3451/3295 3291/3490/3331 
f 3258/3456/3298 3256/3455/3296 3292/3492/3332 3293/3493/3333 
f 3261/3459/3301 3258/3456/3298 3293/3493/3333 3294/3494/3334 
f 3295/3495/3335 3263/3461/3303 3262/3460/3302 3296/3496/3336 
f 3264/3462/3304 3263/3461/3303 3295/3495/3335 3297/3497/3337 
f 3298/3498/3338 3265/3464/3305 3264/3463/3304 3297/3499/3337 
f 3266/3465/3306 3265/3464/3305 3298/3498/3338 3299/3500/3339 
f 3267/3466/3307 3266/3465/3306 3299/3500/3339 3300/3501/3340 
f 3301/3502/3341 3268/3467/3308 3267/3466/3307 3300/3501/3340 
f 3268/3467/3308 3301/3502/3341 3302/3503/3342 3269/3468/3309 
f 3303/3504/3343 3270/3469/3310 3269/3468/3309 3302/3503/3342 
f 3304/3505/3344 3271/3470/3311 3270/3469/3310 3303/3504/3343 
f 3305/3506/3345 3272/3471/3312 3271/3470/3311 3304/3505/3344 
f 3306/3507/3346 3273/3472/3313 3272/3471/3312 3305/3506/3345 
f 3307/3508/3347 3274/3473/3314 3273/3472/3313 3306/3507/3346 
f 3308/3509/3348 3275/3474/3315 3274/3473/3314 3307/3508/3347 
f 3309/3510/3349 3276/3475/3316 3275/3474/3315 3308/3509/3348 
f 3310/3511/3350 3277/3476/3317 3276/3475/3316 3309/3510/3349 
f 3311/3512/3351 3278/3477/3318 3277/3476/3317 3310/3511/3350 
f 3312/3513/3352 3279/3478/3319 3278/3477/3318 3311/3512/3351 
f 3313/3514/3353 3280/3479/3320 3279/3478/3319 3312/3513/3352 
f 3314/3515/3354 3281/3480/3321 3280/3479/3320 3313/3514/3353 
f 3314/3515/3354 3315/3516/3355 3282/3481/3322 3281/3480/3321 
f 3316/3517/3356 3283/3482/3323 3282/3481/3322 3315/3516/3355 
f 3316/3517/3356 3317/3518/3357 3284/3483/3324 3283/3482/3323 
f 3317/3518/3357 3318/3519/3358 3285/3484/3325 3284/3483/3324 
f 3319/3520/3359 3286/3485/3326 3285/3484/3325 3318/3519/3358 
f 3287/3486/3327 3286/3485/3326 3319/3520/3359 3320/3521/3360 
f 3288/3487/3328 3287/3486/3327 3320/3521/3360 3321/3522/3361 
f 3322/3523/3362 3289/3488/3329 3288/3487/3328 3321/3522/3361 
f 3290/3489/3330 3289/3488/3329 3322/3523/3362 3323/3524/3363 
f 3291/3490/3331 3290/3489/3330 3323/3524/3363 3324/3525/3364 
f 3292/3491/3332 3291/3490/3331 3324/3525/3364 3325/3526/3365 
f 3293/3493/3333 3292/3492/3332 3325/3527/3365 3326/3528/3366 
f 3327/3529/3367 3294/3494/3334 3293/3493/3333 3326/3528/3366 
f 3328/3530/3368 3329/3531/3369 3296/3496/3336 
f 3329/3531/3369 3330/3532/3370 3295/3495/3335 
f 3330/3533/3370 3331/3534/3371 3297/3499/3337 
f 3331/3534/3371 3332/3535/3372 3298/3498/3338 
f 3332/3535/3372 3333/3536/3373 3299/3500/3339 
f 3333/3536/3373 3334/3537/3374 3300/3501/3340 
f 3334/3537/3374 3335/3538/3375 3301/3502/3341 
f 3335/3538/3375 3336/3539/3376 3302/3503/3342 
f 3336/3539/3376 3337/3540/3377 3303/3504/3343 
f 3337/3540/3377 3338/3541/3378 3304/3505/3344 
f 3338/3541/3378 3339/3542/3379 3305/3506/3345 
f 3339/3542/3379 3340/3543/3380 3307/3508/3347 
f 3340/3543/3380 3341/3544/3381 3308/3509/3348 
f 3341/3544/3381 3342/3545/3382 3309/3510/3349 
f 3342/3545/3382 3343/3546/3383 3310/3511/3350 
f 3343/3546/3383 3344/3547/3384 3312/3513/3352 
f 3344/3547/3384 3345/3548/3385 3313/3514/3353 
f 3345/3548/3385 3346/3549/3386 3314/3515/3354 
f 3346/3549/3386 3347/3550/3387 3315/3516/3355 
f 3347/3550/3387 3348/3551/3388 3317/3518/3357 
f 3348/3551/3388 3349/3552/3389 3318/3519/3358 
f 3349/3552/3389 3350/3553/3390 3319/3520/3359 
f 3350/3553/3390 3351/3554/3391 3320/3521/3360 
f 3351/3554/3391 3352/3555/3392 3321/3522/3361 
f 3352/3555/3392 3353/3556/3393 3322/3523/3362 
f 3353/3556/3393 3354/3557/3394 3323/3524/3363 
f 3354/3557/3394 3355/3558/3395 3324/3525/3364 
f 3355/3558/3395 3356/3559/3396 3325/3526/3365 
f 3356/3560/3396 3357/3561/3397 3326/3528/3366 
f 3357/3561/3397 3358/3562/3398 3327/3529/3367 
f 3295/3495/3335 3296/3496/3336 3329/3531/3369 
f 3297/3497/3337 3295/3495/3335 3330/3532/3370 
f 3298/3498/3338 3297/3499/3337 3331/3534/3371 
f 3299/3500/3339 3298/3498/3338 3332/3535/3372 
f 3300/3501/3340 3299/3500/3339 3333/3536/3373 
f 3301/3502/3341 3300/3501/3340 3334/3537/3374 
f 3302/3503/3342 3301/3502/3341 3335/3538/3375 
f 3303/3504/3343 3302/3503/3342 3336/3539/3376 
f 3304/3505/3344 3303/3504/3343 3337/3540/3377 
f 3305/3506/3345 3304/3505/3344 3338/3541/3378 
f 3306/3507/3346 3305/3506/3345 3339/3542/3379 
f 3307/3508/3347 3306/3507/3346 3339/3542/3379 
f 3308/3509/3348 3307/3508/3347 3340/3543/3380 
f 3309/3510/3349 3308/3509/3348 3341/3544/3381 
f 3310/3511/3350 3309/3510/3349 3342/3545/3382 
f 3311/3512/3351 3310/3511/3350 3343/3546/3383 
f 3312/3513/3352 3311/3512/3351 3343/3546/3383 
f 3313/3514/3353 3312/3513/3352 3344/3547/3384 
f 3314/3515/3354 3313/3514/3353 3345/3548/3385 
f 3315/3516/3355 3314/3515/3354 3346/3549/3386 
f 3316/3517/3356 3315/3516/3355 3347/3550/3387 
f 3317/3518/3357 3316/3517/3356 3347/3550/3387 
f 3318/3519/3358 3317/3518/3357 3348/3551/3388 
f 3319/3520/3359 3318/3519/3358 3349/3552/3389 
f 3320/3521/3360 3319/3520/3359 3350/3553/3390 
f 3321/3522/3361 3320/3521/3360 3351/3554/3391 
f 3322/3523/3362 3321/3522/3361 3352/3555/3392 
f 3323/3524/3363 3322/3523/3362 3353/3556/3393 
f 3324/3525/3364 3323/3524/3363 3354/3557/3394 
f 3325/3526/3365 3324/3525/3364 3355/3558/3395 
f 3326/3528/3366 3325/3527/3365 3356/3560/3396 
f 3327/3529/3367 3326/3528/3366 3357/3561/3397 
# 96 polygons - 62 triangles

#
# object Letrero014
#

v  4.7685 1.5568 -0.0000
v  4.8407 1.5068 -0.0000
v  4.8400 1.5033 -0.0729
v  4.7677 1.5532 -0.0753
v  4.8379 1.4934 -0.1421
v  4.7657 1.5429 -0.1469
v  4.8342 1.4752 -0.2171
v  4.7619 1.5241 -0.2244
v  4.8295 1.4522 -0.2830
v  4.7571 1.5003 -0.2925
v  4.7502 1.4664 -0.3656
v  4.8228 1.4195 -0.3537
v  4.8157 1.3849 -0.4126
v  4.7430 1.4307 -0.4264
v  4.8065 1.3401 -0.4744
v  4.7337 1.3844 -0.4902
v  4.7240 1.3367 -0.5439
v  4.7970 1.2940 -0.5263
v  4.7858 1.2393 -0.5770
v  4.7126 1.2801 -0.5963
v  4.7742 1.1827 -0.6199
v  4.7008 1.2215 -0.6407
v  4.6881 1.1588 -0.6792
v  4.7618 1.1220 -0.6572
v  4.7483 1.0562 -0.6891
v  4.6744 1.0907 -0.7122
v  5.0372 1.3661 -0.0000
v  5.0365 1.3629 -0.0660
v  5.0346 1.3540 -0.1287
v  5.0311 1.3375 -0.1966
v  5.0266 1.3167 -0.2562
v  5.0203 1.2871 -0.3203
v  5.0136 1.2559 -0.3735
v  5.0049 1.2154 -0.4295
v  4.9960 1.1738 -0.4765
v  4.9854 1.1243 -0.5224
v  4.9744 1.0731 -0.5613
v  4.9627 1.0183 -0.5950
v  4.9500 0.9588 -0.6239
v  4.9363 0.8952 -0.6471
v  4.7338 0.9858 -0.7147
v  4.9235 0.8355 -0.6623
v  4.7203 0.9197 -0.7315
v  4.7059 0.8496 -0.7423
v  4.9100 0.7722 -0.6721
v  4.8957 0.7056 -0.6755
v  4.6908 0.7759 -0.7461
v  4.8819 0.6410 -0.6723
v  4.6761 0.7045 -0.7425
v  4.6622 0.6367 -0.7324
v  4.8687 0.5797 -0.6631
v  5.2351 1.2176 -0.0000
v  5.2345 1.2148 -0.0587
v  5.2327 1.2069 -0.1145
v  5.2294 1.1922 -0.1748
v  5.2253 1.1738 -0.2279
v  5.2194 1.1475 -0.2848
v  5.2132 1.1198 -0.3322
v  5.2051 1.0839 -0.3820
v  5.1969 1.0469 -0.4238
v  5.1870 1.0030 -0.4646
v  5.1769 0.9576 -0.4992
v  5.1660 0.9089 -0.5292
v  5.1541 0.8561 -0.5549
v  5.1415 0.7996 -0.5755
v  5.1296 0.7466 -0.5891
v  5.1170 0.6904 -0.5977
v  5.1038 0.6313 -0.6008
v  5.0910 0.5740 -0.5979
v  5.0788 0.5196 -0.5898
v  4.8545 0.5133 -0.6463
v  5.0656 0.4607 -0.5748
v  5.0540 0.4089 -0.5559
v  4.8420 0.4550 -0.6250
v  5.0416 0.3534 -0.5290
v  4.8286 0.3924 -0.5948
v  4.8174 0.3403 -0.5628
v  5.0312 0.3071 -0.5006
v  5.0203 0.2586 -0.4637
v  4.8057 0.2856 -0.5214
v  5.0112 0.2178 -0.4259
v  4.7959 0.2396 -0.4788
v  4.7863 0.1948 -0.4283
v  5.0023 0.1779 -0.3809
v  4.9947 0.1442 -0.3343
v  4.7781 0.1568 -0.3759
v  4.9882 0.1149 -0.2845
v  4.7711 0.1238 -0.3198
v  4.7650 0.0955 -0.2590
v  4.9826 0.0898 -0.2304
v  4.9781 0.0697 -0.1725
v  4.7601 0.0728 -0.1939
v  4.9751 0.0565 -0.1182
v  4.7569 0.0579 -0.1329
v  4.7549 0.0484 -0.0681
v  4.9732 0.0480 -0.0606
v  4.9725 0.0450 -0.0000
v  4.7542 0.0450 -0.0000
v  5.4252 1.0683 -0.0000
v  5.4246 1.0658 -0.0513
v  5.4230 1.0589 -0.1001
v  5.4200 1.0461 -0.1529
v  5.4162 1.0300 -0.1993
v  5.4109 1.0071 -0.2491
v  5.4052 0.9829 -0.2905
v  5.3979 0.9516 -0.3340
v  5.3903 0.9193 -0.3706
v  5.3814 0.8810 -0.4063
v  5.3721 0.8414 -0.4366
v  5.3622 0.7989 -0.4628
v  5.3514 0.7528 -0.4853
v  5.3399 0.7035 -0.5033
v  5.3291 0.6573 -0.5152
v  5.3176 0.6082 -0.5228
v  5.3055 0.5566 -0.5254
v  5.2938 0.5067 -0.5229
v  5.2827 0.4592 -0.5158
v  5.2707 0.4078 -0.5027
v  5.2601 0.3626 -0.4862
v  5.2488 0.3141 -0.4626
v  5.2393 0.2737 -0.4378
v  5.2294 0.2314 -0.4056
v  5.2211 0.1958 -0.3724
v  5.2130 0.1610 -0.3331
v  5.2061 0.1316 -0.2924
v  5.2001 0.1060 -0.2488
v  5.1950 0.0841 -0.2015
v  5.1909 0.0666 -0.1509
v  5.1882 0.0550 -0.1033
v  5.1864 0.0476 -0.0530
v  5.1858 0.0450 -0.0000
v  5.5723 0.7166 -0.3691
v  5.5636 0.6808 -0.3912
v  5.5541 0.6419 -0.4102
v  5.5439 0.6004 -0.4255
v  5.5343 0.5613 -0.4355
v  5.5242 0.5200 -0.4419
v  5.5136 0.4765 -0.4442
v  5.5032 0.4343 -0.4421
v  5.4934 0.3943 -0.4361
v  5.4828 0.3509 -0.4250
v  5.4735 0.3128 -0.4110
v  5.4635 0.2719 -0.3911
v  5.4552 0.2379 -0.3701
v  5.4464 0.2022 -0.3429
v  5.4391 0.1721 -0.3149
v  5.4319 0.1428 -0.2816
v  5.4258 0.1180 -0.2472
v  5.4205 0.0965 -0.2103
v  5.4160 0.0780 -0.1703
v  5.4124 0.0632 -0.1275
v  5.4100 0.0535 -0.0874
v  5.4085 0.0472 -0.0448
v  5.4079 0.0450 -0.0000
v  4.6417 0.0450 -0.0000
v  4.6417 0.0486 -0.0724
v  4.6417 0.0594 -0.1440
v  4.6417 0.0772 -0.2144
v  4.6417 0.1019 -0.2826
v  4.6417 0.1340 -0.3500
v  4.6417 0.1727 -0.4138
v  4.6417 0.2174 -0.4736
v  4.6417 0.2677 -0.5287
v  4.6417 0.3260 -0.5813
v  4.6417 0.3892 -0.6278
v  4.6417 0.4566 -0.6679
v  4.6417 0.5276 -0.7013
v  4.6417 0.6040 -0.7286
v  4.6417 0.6828 -0.7483
v  4.6417 0.7630 -0.7602
v  4.6417 0.8439 -0.7642
v  4.6417 0.9252 -0.7604
v  4.6417 1.0056 -0.7486
v  4.6417 1.0845 -0.7290
v  4.6417 1.1610 -0.7018
v  4.6417 1.2319 -0.6684
v  4.6417 1.2992 -0.6283
v  4.6417 1.3623 -0.5817
v  4.6417 1.4204 -0.5292
v  4.6417 1.4706 -0.4739
v  4.6417 1.5152 -0.4140
v  4.6417 1.5537 -0.3501
v  4.6417 1.5857 -0.2826
v  4.6417 1.6102 -0.2144
v  4.6417 1.6278 -0.1441
v  4.6417 1.6385 -0.0724
v  4.6417 1.6421 -0.0000
v  5.6210 0.9064 -0.0000
v  5.6210 0.9041 -0.0418
v  5.6210 0.8972 -0.0831
v  5.6210 0.8858 -0.1234
v  5.6210 0.8700 -0.1623
v  5.6210 0.8483 -0.2024
v  5.6210 0.8221 -0.2398
v  5.6210 0.7918 -0.2739
v  5.6210 0.7580 -0.3045
v  5.6210 0.7211 -0.3313
v  5.6210 0.6817 -0.3540
v  5.6210 0.6402 -0.3725
v  5.6210 0.5969 -0.3866
v  5.6210 0.5160 -0.4010
v  5.6210 0.4338 -0.4007
v  5.6210 0.3561 -0.3866
v  5.6210 0.2819 -0.3593
v  5.6210 0.2122 -0.3181
v  5.6210 0.1513 -0.2645
v  5.6210 0.1044 -0.2036
v  5.6210 0.0700 -0.1348
v  5.6210 0.0513 -0.0685
v  5.6210 0.0450 -0.0000
# 210 vertices

vn 0.5636 0.8249 -0.0445
vn 0.5749 0.8170 -0.0448
vn 0.5743 0.8138 -0.0887
vn 0.5631 0.8216 -0.0889
vn 0.5706 0.8019 -0.1770
vn 0.5602 0.8092 -0.1773
vn 0.5645 0.7817 -0.2651
vn 0.5546 0.7885 -0.2661
vn 0.5558 0.7535 -0.3511
vn 0.5465 0.7599 -0.3520
vn 0.5358 0.7233 -0.4356
vn 0.5448 0.7175 -0.4340
vn 0.5315 0.6745 -0.5125
vn 0.5231 0.6801 -0.5136
vn 0.5161 0.6243 -0.5864
vn 0.5081 0.6293 -0.5881
vn 0.4911 0.5725 -0.6566
vn 0.4985 0.5675 -0.6553
vn 0.4790 0.5044 -0.7184
vn 0.4723 0.5087 -0.7198
vn 0.4577 0.4359 -0.7749
vn 0.4516 0.4401 -0.7761
vn 0.4295 0.3667 -0.8252
vn 0.4349 0.3624 -0.8243
vn 0.4101 0.2827 -0.8671
vn 0.4034 0.2846 -0.8697
vn 0.5906 0.8058 -0.0446
vn 0.5899 0.8026 -0.0883
vn 0.5862 0.7908 -0.1762
vn 0.5798 0.7708 -0.2638
vn 0.5709 0.7429 -0.3495
vn 0.5596 0.7072 -0.4321
vn 0.5460 0.6645 -0.5102
vn 0.5302 0.6148 -0.5839
vn 0.5122 0.5585 -0.6525
vn 0.4922 0.4959 -0.7155
vn 0.4704 0.4279 -0.7718
vn 0.4469 0.3550 -0.8211
vn 0.4214 0.2759 -0.8639
vn 0.3947 0.1932 -0.8983
vn 0.3844 0.2007 -0.9011
vn 0.3677 0.1098 -0.9234
vn 0.3597 0.1159 -0.9258
vn 0.3331 0.0294 -0.9424
vn 0.3397 0.0238 -0.9402
vn 0.3105 -0.0657 -0.9483
vn 0.3047 -0.0603 -0.9505
vn 0.2815 -0.1543 -0.9471
vn 0.2744 -0.1485 -0.9501
vn 0.2383 -0.2312 -0.9433
vn 0.2526 -0.2424 -0.9367
vn 0.6083 0.7925 -0.0444
vn 0.6076 0.7894 -0.0877
vn 0.6038 0.7777 -0.1751
vn 0.5973 0.7579 -0.2623
vn 0.5882 0.7303 -0.3475
vn 0.5765 0.6950 -0.4296
vn 0.5626 0.6528 -0.5074
vn 0.5463 0.6036 -0.5807
vn 0.5278 0.5479 -0.6491
vn 0.5072 0.4859 -0.7118
vn 0.4848 0.4185 -0.7680
vn 0.4607 0.3463 -0.8172
vn 0.4344 0.2680 -0.8599
vn 0.4069 0.1859 -0.8943
vn 0.3791 0.1033 -0.9196
vn 0.3503 0.0179 -0.9365
vn 0.3202 -0.0709 -0.9447
vn 0.2904 -0.1589 -0.9436
vn 0.2605 -0.2463 -0.9335
vn 0.2246 -0.3300 -0.9169
vn 0.2306 -0.3339 -0.9140
vn 0.2012 -0.4197 -0.8851
vn 0.1969 -0.4168 -0.8874
vn 0.1728 -0.5024 -0.8472
vn 0.1693 -0.5002 -0.8492
vn 0.1433 -0.5786 -0.8029
vn 0.1458 -0.5806 -0.8010
vn 0.1204 -0.6542 -0.7467
vn 0.1185 -0.6528 -0.7482
vn 0.0968 -0.7223 -0.6847
vn 0.0956 -0.7211 -0.6862
vn 0.0746 -0.7836 -0.6167
vn 0.0752 -0.7844 -0.6156
vn 0.0561 -0.8395 -0.5405
vn 0.0557 -0.8389 -0.5414
vn 0.0395 -0.8871 -0.4600
vn 0.0394 -0.8866 -0.4608
vn 0.0257 -0.9272 -0.3736
vn 0.0253 -0.9275 -0.3729
vn 0.0142 -0.9593 -0.2820
vn 0.0146 -0.9592 -0.2822
vn 0.0064 -0.9816 -0.1910
vn 0.0065 -0.9815 -0.1911
vn 0.0017 -0.9952 -0.0976
vn 0.0017 -0.9952 -0.0974
vn -0.0000 -0.9988 -0.0493
vn 0.0000 -0.9988 -0.0494
vn 0.6267 0.7780 -0.0440
vn 0.6260 0.7749 -0.0872
vn 0.6220 0.7635 -0.1739
vn 0.6153 0.7440 -0.2607
vn 0.6060 0.7166 -0.3453
vn 0.5942 0.6816 -0.4270
vn 0.5801 0.6398 -0.5041
vn 0.5635 0.5911 -0.5771
vn 0.5446 0.5360 -0.6451
vn 0.5235 0.4748 -0.7075
vn 0.4998 0.4084 -0.7638
vn 0.4750 0.3370 -0.8129
vn 0.4480 0.2594 -0.8556
vn 0.4197 0.1781 -0.8900
vn 0.3911 0.0963 -0.9153
vn 0.3614 0.0116 -0.9323
vn 0.3304 -0.0764 -0.9407
vn 0.2996 -0.1637 -0.9399
vn 0.2689 -0.2506 -0.9300
vn 0.2381 -0.3375 -0.9107
vn 0.2077 -0.4228 -0.8821
vn 0.1784 -0.5050 -0.8445
vn 0.1506 -0.5827 -0.7986
vn 0.1243 -0.6559 -0.7446
vn 0.1000 -0.7237 -0.6829
vn 0.0777 -0.7854 -0.6140
vn 0.0579 -0.8402 -0.5391
vn 0.0408 -0.8876 -0.4589
vn 0.0262 -0.9279 -0.3720
vn 0.0147 -0.9595 -0.2814
vn 0.0067 -0.9817 -0.1905
vn 0.0017 -0.9953 -0.0972
vn -0.0000 -0.9988 -0.0492
vn 0.5152 0.4144 -0.7502
vn 0.4867 0.3282 -0.8095
vn 0.4590 0.2512 -0.8522
vn 0.4324 0.1686 -0.8858
vn 0.4023 0.0894 -0.9111
vn 0.3726 0.0041 -0.9280
vn 0.3400 -0.0823 -0.9368
vn 0.3092 -0.1694 -0.9358
vn 0.2769 -0.2554 -0.9263
vn 0.2461 -0.3416 -0.9071
vn 0.2141 -0.4265 -0.8788
vn 0.1850 -0.5078 -0.8414
vn 0.1554 -0.5852 -0.7958
vn 0.1293 -0.6578 -0.7420
vn 0.1033 -0.7251 -0.6809
vn 0.0808 -0.7867 -0.6120
vn 0.0599 -0.8410 -0.5378
vn 0.0428 -0.8883 -0.4572
vn 0.0273 -0.9281 -0.3714
vn 0.0154 -0.9598 -0.2803
vn 0.0069 -0.9817 -0.1903
vn 0.0020 -0.9953 -0.0968
vn -0.0000 -0.9988 -0.0490
vn -0.0001 -0.9988 -0.0496
vn 0.0011 -0.9950 -0.0999
vn 0.0050 -0.9800 -0.1988
vn 0.0130 -0.9551 -0.2960
vn 0.0243 -0.9209 -0.3891
vn 0.0383 -0.8770 -0.4789
vn 0.0553 -0.8245 -0.5631
vn 0.0753 -0.7643 -0.6405
vn 0.0970 -0.6968 -0.7106
vn 0.1219 -0.6211 -0.7742
vn 0.1482 -0.5398 -0.8286
vn 0.1763 -0.4544 -0.8732
vn 0.2049 -0.3654 -0.9080
vn 0.2279 -0.2825 -0.9318
vn 0.2601 -0.1843 -0.9478
vn 0.2860 -0.0885 -0.9541
vn 0.3144 0.0057 -0.9493
vn 0.3423 0.0981 -0.9345
vn 0.3749 0.1929 -0.9068
vn 0.4035 0.2561 -0.8784
vn 0.4167 0.3508 -0.8386
vn 0.4382 0.4267 -0.7911
vn 0.4585 0.4964 -0.7371
vn 0.4774 0.5602 -0.6770
vn 0.4939 0.6179 -0.6118
vn 0.5088 0.6673 -0.5439
vn 0.5208 0.7111 -0.4724
vn 0.5321 0.7477 -0.3972
vn 0.5407 0.7781 -0.3198
vn 0.5483 0.8009 -0.2408
vn 0.5534 0.8171 -0.1615
vn 0.5570 0.8266 -0.0806
vn 0.5579 0.8289 -0.0410
vn 0.6366 0.7701 -0.0423
vn 0.6359 0.7669 -0.0863
vn 0.6321 0.7556 -0.1719
vn 0.6259 0.7368 -0.2558
vn 0.6169 0.7098 -0.3399
vn 0.6048 0.6742 -0.4240
vn 0.5893 0.6299 -0.5058
vn 0.5717 0.5784 -0.5820
vn 0.5413 0.5139 -0.6656
vn 0.5107 0.4776 -0.7149
vn 0.5153 0.3804 -0.7679
vn 0.4885 0.3046 -0.8176
vn 0.4606 0.2070 -0.8632
vn 0.4103 0.0590 -0.9100
vn 0.3485 -0.1054 -0.9314
vn 0.2864 -0.2707 -0.9191
vn 0.2250 -0.4351 -0.8718
vn 0.1654 -0.5940 -0.7873
vn 0.1111 -0.7362 -0.6676
vn 0.0665 -0.8518 -0.5196
vn 0.0335 -0.9354 -0.3520
vn 0.0141 -0.9839 -0.1780
vn 0.0078 -0.9963 -0.0860
# 210 vertex normals

vt 0.5000 0.1432 0.5080
vt 0.5000 0.1378 0.4940
vt 0.6204 0.1378 0.4931
vt 0.6244 0.1432 0.5070
vt 0.7348 0.1380 0.4903
vt 0.7426 0.1434 0.5041
vt 0.5097 0.1380 0.7348
vt 0.5148 0.1383 0.8586
vt 0.5011 0.1437 0.8706
vt 0.4959 0.1434 0.7426
vt 0.5212 0.1386 0.9674
vt 0.5078 0.1440 0.9830
vt 0.5172 0.1445 1.1038
vt 0.5303 0.1391 1.0842
vt 0.5400 0.1396 1.1814
vt 0.5272 0.1451 1.2043
vt 0.5525 0.1403 1.2834
vt 0.5401 0.1458 1.3097
vt 0.5534 0.1465 1.3984
vt 0.5653 0.1410 1.3692
vt 0.5806 0.1419 1.4530
vt 0.5692 0.1474 1.4849
vt 0.5964 0.1427 1.5239
vt 0.5856 0.1482 1.5582
vt 0.6031 0.1492 1.6218
vt 0.6133 0.1437 1.5854
vt 0.6317 0.1447 1.6381
vt 0.6221 0.1502 1.6762
vt 0.5000 0.1231 0.4548
vt 0.6090 0.1231 0.4539
vt 0.7126 0.1233 0.4514
vt 0.5532 0.1235 0.8247
vt 0.5486 0.1233 0.7126
vt 0.5590 0.1239 0.9232
vt 0.5673 0.1243 1.0289
vt 0.5760 0.1248 1.1169
vt 0.5873 0.1255 1.2093
vt 0.5989 0.1262 1.2870
vt 0.6127 0.1269 1.3628
vt 0.6270 0.1278 1.4270
vt 0.6423 0.1286 1.4827
vt 0.6589 0.1296 1.5304
vt 0.6766 0.1306 1.5687
vt 0.6513 0.1458 1.6804
vt 0.6933 0.1316 1.5939
vt 0.6698 0.1468 1.7082
vt 0.6893 0.1479 1.7260
vt 0.7109 0.1326 1.6100
vt 0.7295 0.1337 1.6157
vt 0.7099 0.1490 1.7323
vt 0.7475 0.1347 1.6104
vt 0.7298 0.1501 1.7264
vt 0.7487 0.1511 1.7097
vt 0.7646 0.1357 1.5953
vt 0.5000 0.1083 0.4133
vt 0.5969 0.1083 0.4126
vt 0.6890 0.1084 0.4103
vt 0.5897 0.1084 0.6890
vt 0.5937 0.1087 0.7888
vt 0.5989 0.1090 0.8764
vt 0.6062 0.1094 0.9704
vt 0.6139 0.1099 1.0487
vt 0.6240 0.1105 1.1309
vt 0.6343 0.1111 1.2000
vt 0.6465 0.1119 1.2674
vt 0.6592 0.1126 1.3245
vt 0.6728 0.1134 1.3740
vt 0.6875 0.1143 1.4164
vt 0.7033 0.1153 1.4505
vt 0.7181 0.1162 1.4729
vt 0.7338 0.1171 1.4872
vt 0.7502 0.1181 1.4923
vt 0.7662 0.1190 1.4875
vt 0.7814 0.1200 1.4741
vt 0.7832 0.1367 1.5674
vt 0.7978 0.1209 1.4493
vt 0.8123 0.1218 1.4181
vt 0.7994 0.1377 1.5323
vt 0.8278 0.1227 1.3737
vt 0.8169 0.1387 1.4823
vt 0.8314 0.1395 1.4296
vt 0.8407 0.1235 1.3268
vt 0.8542 0.1243 1.2659
vt 0.8467 0.1404 1.3612
vt 0.8656 0.1250 1.2033
vt 0.8595 0.1411 1.2908
vt 0.8721 0.1418 1.2074
vt 0.8768 0.1257 1.1291
vt 0.8862 0.1262 1.0522
vt 0.8827 0.1425 1.1209
vt 0.8943 0.1267 0.9698
vt 0.8919 0.1430 1.0283
vt 0.8997 0.1434 0.9278
vt 0.9013 0.1272 0.8805
vt 0.9069 0.1275 0.7849
vt 0.9061 0.1438 0.8203
vt 0.9106 0.1277 0.6952
vt 0.9102 0.1440 0.7194
vt 0.3875 0.1442 0.0871
vt 0.2806 0.1440 0.0898
vt 0.3048 0.1277 0.0894
vt 0.4000 0.1279 0.0870
vt 0.5000 0.1279 0.0862
vt 0.5000 0.1442 0.0862
vt 0.5000 0.0940 0.3717
vt 0.5848 0.0941 0.3710
vt 0.6653 0.0942 0.3691
vt 0.6345 0.0944 0.7525
vt 0.6309 0.0942 0.6653
vt 0.6390 0.0947 0.8291
vt 0.6454 0.0951 0.9114
vt 0.6521 0.0955 0.9799
vt 0.6609 0.0961 1.0517
vt 0.6699 0.0966 1.1121
vt 0.6806 0.0973 1.1711
vt 0.6916 0.0980 1.2210
vt 0.7035 0.0987 1.2644
vt 0.7163 0.0996 1.3015
vt 0.7301 0.1004 1.3313
vt 0.7430 0.1012 1.3508
vt 0.7567 0.1021 1.3634
vt 0.7711 0.1030 1.3678
vt 0.7850 0.1039 1.3636
vt 0.7983 0.1047 1.3519
vt 0.8126 0.1056 1.3302
vt 0.8252 0.1064 1.3030
vt 0.8388 0.1072 1.2641
vt 0.8500 0.1079 1.2230
vt 0.8618 0.1087 1.1698
vt 0.8718 0.1093 1.1151
vt 0.8815 0.1099 1.0502
vt 0.8897 0.1104 0.9829
vt 0.8968 0.1109 0.9109
vt 0.9029 0.1113 0.8327
vt 0.9078 0.1116 0.7491
vt 0.9110 0.1118 0.6707
vt 0.4125 0.1119 0.0869
vt 0.3293 0.1118 0.0890
vt 0.5000 0.1119 0.0862
vt 0.7265 0.0830 1.1095
vt 0.7364 0.0837 1.1462
vt 0.7473 0.0844 1.1776
vt 0.7589 0.0852 1.2027
vt 0.7698 0.0859 1.2193
vt 0.7813 0.0866 1.2299
vt 0.7934 0.0874 1.2336
vt 0.8052 0.0882 1.2301
vt 0.8164 0.0889 1.2202
vt 0.8285 0.0897 1.2019
vt 0.8391 0.0904 1.1788
vt 0.8505 0.0912 1.1459
vt 0.8600 0.0918 1.1113
vt 0.8700 0.0924 1.0663
vt 0.8784 0.0930 1.0200
vt 0.8865 0.0935 0.9651
vt 0.8935 0.0940 0.9082
vt 0.8995 0.0944 0.8474
vt 0.9046 0.0947 0.7813
vt 0.9088 0.0950 0.7106
vt 0.9115 0.0952 0.6443
vt 0.3557 0.0952 0.0885
vt 0.4260 0.0953 0.0868
vt 0.5000 0.0953 0.0862
vt 0.5000 0.1527 0.0862
vt 0.3805 0.1527 0.0872
vt 0.2621 0.1527 0.0902
vt 0.9098 0.1527 0.7379
vt 0.9049 0.1527 0.8540
vt 0.8980 0.1527 0.9668
vt 0.8890 0.1527 1.0780
vt 0.8782 0.1527 1.1834
vt 0.8657 0.1527 1.2821
vt 0.8517 0.1527 1.3732
vt 0.8354 0.1527 1.4600
vt 0.8178 0.1527 1.5368
vt 0.7990 0.1527 1.6031
vt 0.7792 0.1527 1.6583
vt 0.7579 0.1527 1.7034
vt 0.7359 0.1527 1.7359
vt 0.7135 0.1527 1.7555
vt 0.6909 0.1527 1.7622
vt 0.6683 0.1527 1.7558
vt 0.6458 0.1527 1.7364
vt 0.6238 0.1527 1.7041
vt 0.6024 0.1527 1.6591
vt 0.5827 0.1527 1.6039
vt 0.5639 0.1527 1.5376
vt 0.5463 0.1527 1.4608
vt 0.5301 0.1527 1.3740
vt 0.5161 0.1527 1.2827
vt 0.5036 0.1527 1.1838
vt 0.4929 0.1527 1.0782
vt 0.4839 0.1527 0.9667
vt 0.4771 0.1527 0.8541
vt 0.4722 0.1527 0.7380
vt 0.7380 0.1527 0.5278
vt 0.6196 0.1527 0.5308
vt 0.5000 0.1527 0.5318
vt 0.5000 0.0794 0.3265
vt 0.5690 0.0794 0.3259
vt 0.6372 0.0794 0.3239
vt 0.6761 0.0794 0.6372
vt 0.6792 0.0794 0.7039
vt 0.6836 0.0794 0.7680
vt 0.6897 0.0794 0.8343
vt 0.6970 0.0794 0.8960
vt 0.7055 0.0794 0.9524
vt 0.7149 0.0794 1.0029
vt 0.7252 0.0794 1.0472
vt 0.7362 0.0794 1.0846
vt 0.7478 0.0794 1.1152
vt 0.7598 0.0794 1.1386
vt 0.7824 0.0794 1.1623
vt 0.8054 0.0794 1.1618
vt 0.8270 0.0794 1.1386
vt 0.8477 0.0794 1.0935
vt 0.8672 0.0794 1.0254
vt 0.8842 0.0794 0.9369
vt 0.8973 0.0794 0.8363
vt 0.9069 0.0794 0.7226
vt 0.9121 0.0794 0.6132
vt 0.3868 0.0794 0.0879
vt 0.5000 0.0794 0.0862
vt 0.6290 0.0941 0.5848
# 224 texture coords

o Letrero014
g Letrero014
usemtl blanco
s 1
f 3359/3563/3399 3360/3564/3400 3361/3565/3401 3362/3566/3402 
f 3362/3566/3402 3361/3565/3401 3363/3567/3403 3364/3568/3404 
f 3363/3569/3403 3365/3570/3405 3366/3571/3406 3364/3572/3404 
f 3366/3571/3406 3365/3570/3405 3367/3573/3407 3368/3574/3408 
f 3369/3575/3409 3368/3574/3408 3367/3573/3407 3370/3576/3410 
f 3370/3576/3410 3371/3577/3411 3372/3578/3412 3369/3575/3409 
f 3372/3578/3412 3371/3577/3411 3373/3579/3413 3374/3580/3414 
f 3375/3581/3415 3374/3580/3414 3373/3579/3413 3376/3582/3416 
f 3376/3582/3416 3377/3583/3417 3378/3584/3418 3375/3581/3415 
f 3378/3584/3418 3377/3583/3417 3379/3585/3419 3380/3586/3420 
f 3381/3587/3421 3380/3586/3420 3379/3585/3419 3382/3588/3422 
f 3382/3588/3422 3383/3589/3423 3384/3590/3424 3381/3587/3421 
f 3385/3591/3425 3386/3592/3426 3361/3565/3401 3360/3564/3400 
f 3361/3565/3401 3386/3592/3426 3387/3593/3427 3363/3567/3403 
f 3388/3594/3428 3365/3570/3405 3363/3569/3403 3387/3595/3427 
f 3365/3570/3405 3388/3594/3428 3389/3596/3429 3367/3573/3407 
f 3389/3596/3429 3390/3597/3430 3370/3576/3410 3367/3573/3407 
f 3391/3598/3431 3371/3577/3411 3370/3576/3410 3390/3597/3430 
f 3371/3577/3411 3391/3598/3431 3392/3599/3432 3373/3579/3413 
f 3392/3599/3432 3393/3600/3433 3376/3582/3416 3373/3579/3413 
f 3394/3601/3434 3377/3583/3417 3376/3582/3416 3393/3600/3433 
f 3377/3583/3417 3394/3601/3434 3395/3602/3435 3379/3585/3419 
f 3395/3602/3435 3396/3603/3436 3382/3588/3422 3379/3585/3419 
f 3397/3604/3437 3383/3589/3423 3382/3588/3422 3396/3603/3436 
f 3383/3589/3423 3397/3604/3437 3398/3605/3438 3399/3606/3439 
f 3399/3606/3439 3398/3605/3438 3400/3607/3440 3401/3608/3441 
f 3402/3609/3442 3401/3608/3441 3400/3607/3440 3403/3610/3443 
f 3403/3610/3443 3404/3611/3444 3405/3612/3445 3402/3609/3442 
f 3405/3612/3445 3404/3611/3444 3406/3613/3446 3407/3614/3447 
f 3408/3615/3448 3407/3614/3447 3406/3613/3446 3409/3616/3449 
f 3386/3592/3426 3385/3591/3425 3410/3617/3450 3411/3618/3451 
f 3387/3593/3427 3386/3592/3426 3411/3618/3451 3412/3619/3452 
f 3387/3595/3427 3412/3620/3452 3413/3621/3453 3388/3594/3428 
f 3414/3622/3454 3389/3596/3429 3388/3594/3428 3413/3621/3453 
f 3414/3622/3454 3415/3623/3455 3390/3597/3430 3389/3596/3429 
f 3390/3597/3430 3415/3623/3455 3416/3624/3456 3391/3598/3431 
f 3417/3625/3457 3392/3599/3432 3391/3598/3431 3416/3624/3456 
f 3417/3625/3457 3418/3626/3458 3393/3600/3433 3392/3599/3432 
f 3393/3600/3433 3418/3626/3458 3419/3627/3459 3394/3601/3434 
f 3420/3628/3460 3395/3602/3435 3394/3601/3434 3419/3627/3459 
f 3420/3628/3460 3421/3629/3461 3396/3603/3436 3395/3602/3435 
f 3396/3603/3436 3421/3629/3461 3422/3630/3462 3397/3604/3437 
f 3423/3631/3463 3398/3605/3438 3397/3604/3437 3422/3630/3462 
f 3400/3607/3440 3398/3605/3438 3423/3631/3463 3424/3632/3464 
f 3403/3610/3443 3400/3607/3440 3424/3632/3464 3425/3633/3465 
f 3403/3610/3443 3425/3633/3465 3426/3634/3466 3404/3611/3444 
f 3406/3613/3446 3404/3611/3444 3426/3634/3466 3427/3635/3467 
f 3409/3616/3449 3406/3613/3446 3427/3635/3467 3428/3636/3468 
f 3429/3637/3469 3409/3616/3449 3428/3636/3468 3430/3638/3470 
f 3430/3638/3470 3431/3639/3471 3432/3640/3472 3429/3637/3469 
f 3432/3640/3472 3431/3639/3471 3433/3641/3473 3434/3642/3474 
f 3435/3643/3475 3434/3642/3474 3433/3641/3473 3436/3644/3476 
f 3436/3644/3476 3437/3645/3477 3438/3646/3478 3435/3643/3475 
f 3438/3646/3478 3437/3645/3477 3439/3647/3479 3440/3648/3480 
f 3441/3649/3481 3440/3648/3480 3439/3647/3479 3442/3650/3482 
f 3442/3650/3482 3443/3651/3483 3444/3652/3484 3441/3649/3481 
f 3444/3652/3484 3443/3651/3483 3445/3653/3485 3446/3654/3486 
f 3447/3655/3487 3446/3654/3486 3445/3653/3485 3448/3656/3488 
f 3448/3656/3488 3449/3657/3489 3450/3658/3490 3447/3655/3487 
f 3450/3658/3490 3449/3657/3489 3451/3659/3491 3452/3660/3492 
f 3453/3661/3493 3452/3662/3492 3451/3663/3491 3454/3664/3494 
f 3455/3665/3495 3456/3666/3496 3453/3661/3493 3454/3664/3494 
f 3410/3617/3450 3457/3667/3497 3458/3668/3498 3411/3618/3451 
f 3412/3619/3452 3411/3618/3451 3458/3668/3498 3459/3669/3499 
f 3460/3670/3500 3413/3621/3453 3412/3620/3452 3459/3671/3499 
f 3414/3622/3454 3413/3621/3453 3460/3670/3500 3461/3672/3501 
f 3415/3623/3455 3414/3622/3454 3461/3672/3501 3462/3673/3502 
f 3463/3674/3503 3416/3624/3456 3415/3623/3455 3462/3673/3502 
f 3417/3625/3457 3416/3624/3456 3463/3674/3503 3464/3675/3504 
f 3418/3626/3458 3417/3625/3457 3464/3675/3504 3465/3676/3505 
f 3466/3677/3506 3419/3627/3459 3418/3626/3458 3465/3676/3505 
f 3466/3677/3506 3467/3678/3507 3420/3628/3460 3419/3627/3459 
f 3421/3629/3461 3420/3628/3460 3467/3678/3507 3468/3679/3508 
f 3469/3680/3509 3422/3630/3462 3421/3629/3461 3468/3679/3508 
f 3470/3681/3510 3423/3631/3463 3422/3630/3462 3469/3680/3509 
f 3471/3682/3511 3424/3632/3464 3423/3631/3463 3470/3681/3510 
f 3472/3683/3512 3425/3633/3465 3424/3632/3464 3471/3682/3511 
f 3473/3684/3513 3426/3634/3466 3425/3633/3465 3472/3683/3512 
f 3474/3685/3514 3427/3635/3467 3426/3634/3466 3473/3684/3513 
f 3475/3686/3515 3428/3636/3468 3427/3635/3467 3474/3685/3514 
f 3476/3687/3516 3430/3638/3470 3428/3636/3468 3475/3686/3515 
f 3477/3688/3517 3431/3639/3471 3430/3638/3470 3476/3687/3516 
f 3478/3689/3518 3433/3641/3473 3431/3639/3471 3477/3688/3517 
f 3479/3690/3519 3436/3644/3476 3433/3641/3473 3478/3689/3518 
f 3436/3644/3476 3479/3690/3519 3480/3691/3520 3437/3645/3477 
f 3439/3647/3479 3437/3645/3477 3480/3691/3520 3481/3692/3521 
f 3482/3693/3522 3442/3650/3482 3439/3647/3479 3481/3692/3521 
f 3442/3650/3482 3482/3693/3522 3483/3694/3523 3443/3651/3483 
f 3483/3694/3523 3484/3695/3524 3445/3653/3485 3443/3651/3483 
f 3485/3696/3525 3448/3656/3488 3445/3653/3485 3484/3695/3524 
f 3448/3656/3488 3485/3696/3525 3486/3697/3526 3449/3657/3489 
f 3451/3659/3491 3449/3657/3489 3486/3697/3526 3487/3698/3527 
f 3488/3699/3528 3454/3664/3494 3451/3663/3491 3487/3700/3527 
f 3454/3664/3494 3488/3699/3528 3489/3701/3529 3455/3665/3495 
f 3490/3702/3530 3467/3678/3507 3466/3677/3506 
f 3468/3679/3508 3467/3678/3507 3490/3702/3530 3491/3703/3531 
f 3469/3680/3509 3468/3679/3508 3491/3703/3531 3492/3704/3532 
f 3470/3681/3510 3469/3680/3509 3492/3704/3532 3493/3705/3533 
f 3471/3682/3511 3470/3681/3510 3493/3705/3533 3494/3706/3534 
f 3472/3683/3512 3471/3682/3511 3494/3706/3534 3495/3707/3535 
f 3496/3708/3536 3473/3684/3513 3472/3683/3512 3495/3707/3535 
f 3473/3684/3513 3496/3708/3536 3497/3709/3537 3474/3685/3514 
f 3474/3685/3514 3497/3709/3537 3498/3710/3538 3475/3686/3515 
f 3475/3686/3515 3498/3710/3538 3499/3711/3539 3476/3687/3516 
f 3476/3687/3516 3499/3711/3539 3500/3712/3540 3477/3688/3517 
f 3477/3688/3517 3500/3712/3540 3501/3713/3541 3478/3689/3518 
f 3479/3690/3519 3478/3689/3518 3501/3713/3541 3502/3714/3542 
f 3480/3691/3520 3479/3690/3519 3502/3714/3542 3503/3715/3543 
f 3481/3692/3521 3480/3691/3520 3503/3715/3543 3504/3716/3544 
f 3482/3693/3522 3481/3692/3521 3504/3716/3544 3505/3717/3545 
f 3483/3694/3523 3482/3693/3522 3505/3717/3545 3506/3718/3546 
f 3484/3695/3524 3483/3694/3523 3506/3718/3546 3507/3719/3547 
f 3485/3696/3525 3484/3695/3524 3507/3719/3547 3508/3720/3548 
f 3486/3697/3526 3485/3696/3525 3508/3720/3548 3509/3721/3549 
f 3486/3697/3526 3509/3721/3549 3510/3722/3550 3487/3698/3527 
f 3487/3700/3527 3510/3723/3550 3511/3724/3551 3488/3699/3528 
f 3489/3701/3529 3488/3699/3528 3511/3724/3551 3512/3725/3552 
f 3513/3726/3553 3514/3727/3554 3453/3661/3493 
f 3514/3727/3554 3515/3728/3555 3452/3662/3492 
f 3515/3729/3555 3516/3730/3556 3450/3658/3490 
f 3516/3730/3556 3517/3731/3557 3447/3655/3487 
f 3517/3731/3557 3518/3732/3558 3446/3654/3486 
f 3518/3732/3558 3519/3733/3559 3444/3652/3484 
f 3519/3733/3559 3520/3734/3560 3441/3649/3481 
f 3520/3734/3560 3521/3735/3561 3440/3648/3480 
f 3521/3735/3561 3522/3736/3562 3438/3646/3478 
f 3522/3736/3562 3523/3737/3563 3435/3643/3475 
f 3523/3737/3563 3524/3738/3564 3434/3642/3474 
f 3524/3738/3564 3525/3739/3565 3432/3640/3472 
f 3525/3739/3565 3526/3740/3566 3429/3637/3469 
f 3526/3740/3566 3527/3741/3567 3408/3615/3448 
f 3527/3741/3567 3528/3742/3568 3407/3614/3447 
f 3528/3742/3568 3529/3743/3569 3405/3612/3445 
f 3529/3743/3569 3530/3744/3570 3402/3609/3442 
f 3530/3744/3570 3531/3745/3571 3401/3608/3441 
f 3531/3745/3571 3532/3746/3572 3384/3590/3424 
f 3532/3746/3572 3533/3747/3573 3384/3590/3424 
f 3533/3747/3573 3534/3748/3574 3381/3587/3421 
f 3534/3748/3574 3535/3749/3575 3380/3586/3420 
f 3535/3749/3575 3536/3750/3576 3378/3584/3418 
f 3536/3750/3576 3537/3751/3577 3375/3581/3415 
f 3537/3751/3577 3538/3752/3578 3374/3580/3414 
f 3538/3752/3578 3539/3753/3579 3372/3578/3412 
f 3539/3753/3579 3540/3754/3580 3369/3575/3409 
f 3540/3754/3580 3541/3755/3581 3368/3574/3408 
f 3541/3755/3581 3542/3756/3582 3366/3571/3406 
f 3542/3756/3582 3543/3757/3583 3364/3572/3404 
f 3543/3758/3583 3544/3759/3584 3362/3566/3402 
f 3544/3759/3584 3545/3760/3585 3359/3563/3399 
f 3546/3761/3586 3547/3762/3587 3457/3667/3497 
f 3547/3762/3587 3548/3763/3588 3458/3668/3498 
f 3548/3764/3588 3549/3765/3589 3459/3671/3499 
f 3549/3765/3589 3550/3766/3590 3460/3670/3500 
f 3550/3766/3590 3551/3767/3591 3461/3672/3501 
f 3551/3767/3591 3552/3768/3592 3462/3673/3502 
f 3552/3768/3592 3553/3769/3593 3464/3675/3504 
f 3553/3769/3593 3554/3770/3594 3465/3676/3505 
f 3554/3770/3594 3555/3771/3595 3490/3702/3530 
f 3555/3771/3595 3556/3772/3596 3490/3702/3530 
f 3556/3772/3596 3557/3773/3597 3491/3703/3531 
f 3557/3773/3597 3558/3774/3598 3492/3704/3532 
f 3558/3774/3598 3559/3775/3599 3493/3705/3533 
f 3559/3775/3599 3560/3776/3600 3495/3707/3535 
f 3560/3776/3600 3561/3777/3601 3497/3709/3537 
f 3561/3777/3601 3562/3778/3602 3499/3711/3539 
f 3562/3778/3602 3563/3779/3603 3501/3713/3541 
f 3563/3779/3603 3564/3780/3604 3503/3715/3543 
f 3564/3780/3604 3565/3781/3605 3505/3717/3545 
f 3565/3781/3605 3566/3782/3606 3507/3719/3547 
f 3566/3782/3606 3567/3783/3607 3509/3721/3549 
f 3567/3784/3607 3568/3785/3608 3511/3724/3551 
f 3568/3785/3608 3512/3725/3552 3511/3724/3551 
f 3456/3666/3496 3513/3726/3553 3453/3661/3493 
f 3359/3563/3399 3362/3566/3402 3544/3759/3584 
f 3362/3566/3402 3364/3568/3404 3543/3758/3583 
f 3364/3572/3404 3366/3571/3406 3542/3756/3582 
f 3366/3571/3406 3368/3574/3408 3541/3755/3581 
f 3368/3574/3408 3369/3575/3409 3540/3754/3580 
f 3369/3575/3409 3372/3578/3412 3539/3753/3579 
f 3372/3578/3412 3374/3580/3414 3538/3752/3578 
f 3374/3580/3414 3375/3581/3415 3537/3751/3577 
f 3375/3581/3415 3378/3584/3418 3536/3750/3576 
f 3378/3584/3418 3380/3586/3420 3535/3749/3575 
f 3380/3586/3420 3381/3587/3421 3534/3748/3574 
f 3384/3590/3424 3383/3589/3423 3399/3606/3439 
f 3381/3587/3421 3384/3590/3424 3533/3747/3573 
f 3399/3606/3439 3401/3608/3441 3531/3745/3571 
f 3401/3608/3441 3402/3609/3442 3530/3744/3570 
f 3402/3609/3442 3405/3612/3445 3529/3743/3569 
f 3405/3612/3445 3407/3614/3447 3528/3742/3568 
f 3408/3615/3448 3409/3616/3449 3429/3637/3469 
f 3407/3614/3447 3408/3615/3448 3527/3741/3567 
f 3429/3637/3469 3432/3640/3472 3525/3739/3565 
f 3432/3640/3472 3434/3642/3474 3524/3738/3564 
f 3434/3642/3474 3435/3643/3475 3523/3737/3563 
f 3435/3643/3475 3438/3646/3478 3522/3736/3562 
f 3438/3646/3478 3440/3648/3480 3521/3735/3561 
f 3440/3648/3480 3441/3649/3481 3520/3734/3560 
f 3441/3649/3481 3444/3652/3484 3519/3733/3559 
f 3444/3652/3484 3446/3654/3486 3518/3732/3558 
f 3446/3654/3486 3447/3655/3487 3517/3731/3557 
f 3447/3655/3487 3450/3658/3490 3516/3730/3556 
f 3450/3658/3490 3452/3660/3492 3515/3729/3555 
f 3452/3662/3492 3453/3661/3493 3514/3727/3554 
f 3458/3668/3498 3457/3667/3497 3547/3762/3587 
f 3459/3671/3499 3458/3786/3498 3548/3764/3588 
f 3460/3670/3500 3459/3671/3499 3549/3765/3589 
f 3461/3672/3501 3460/3670/3500 3550/3766/3590 
f 3462/3673/3502 3461/3672/3501 3551/3767/3591 
f 3463/3674/3503 3462/3673/3502 3552/3768/3592 
f 3464/3675/3504 3463/3674/3503 3552/3768/3592 
f 3465/3676/3505 3464/3675/3504 3553/3769/3593 
f 3466/3677/3506 3465/3676/3505 3554/3770/3594 
f 3490/3702/3530 3466/3677/3506 3554/3770/3594 
f 3491/3703/3531 3490/3702/3530 3556/3772/3596 
f 3492/3704/3532 3491/3703/3531 3557/3773/3597 
f 3493/3705/3533 3492/3704/3532 3558/3774/3598 
f 3494/3706/3534 3493/3705/3533 3559/3775/3599 
f 3495/3707/3535 3494/3706/3534 3559/3775/3599 
f 3496/3708/3536 3495/3707/3535 3560/3776/3600 
f 3497/3709/3537 3496/3708/3536 3560/3776/3600 
f 3498/3710/3538 3497/3709/3537 3561/3777/3601 
f 3499/3711/3539 3498/3710/3538 3561/3777/3601 
f 3500/3712/3540 3499/3711/3539 3562/3778/3602 
f 3501/3713/3541 3500/3712/3540 3562/3778/3602 
f 3502/3714/3542 3501/3713/3541 3563/3779/3603 
f 3503/3715/3543 3502/3714/3542 3563/3779/3603 
f 3504/3716/3544 3503/3715/3543 3564/3780/3604 
f 3505/3717/3545 3504/3716/3544 3564/3780/3604 
f 3506/3718/3546 3505/3717/3545 3565/3781/3605 
f 3507/3719/3547 3506/3718/3546 3565/3781/3605 
f 3508/3720/3548 3507/3719/3547 3566/3782/3606 
f 3509/3721/3549 3508/3720/3548 3566/3782/3606 
f 3510/3722/3550 3509/3721/3549 3567/3783/3607 
f 3511/3724/3551 3510/3723/3550 3567/3784/3607 
f 3429/3637/3469 3526/3740/3566 3408/3615/3448 
f 3531/3745/3571 3384/3590/3424 3399/3606/3439 
# 116 polygons - 121 triangles

#
# object Letrero015
#

v  5.7763 0.7712 -0.0000
v  5.8511 0.7037 -0.0000
v  5.8507 0.7021 -0.0332
v  5.7759 0.7695 -0.0366
v  5.8496 0.6977 -0.0648
v  5.7746 0.7646 -0.0714
v  5.8475 0.6894 -0.0990
v  5.7723 0.7555 -0.1090
v  5.8448 0.6791 -0.1290
v  5.7694 0.7441 -0.1421
v  5.7653 0.7278 -0.1776
v  5.8410 0.6643 -0.1613
v  5.8369 0.6488 -0.1881
v  5.7609 0.7107 -0.2072
v  5.8317 0.6286 -0.2163
v  5.7553 0.6884 -0.2382
v  5.7495 0.6655 -0.2643
v  5.8263 0.6078 -0.2400
v  5.8199 0.5832 -0.2631
v  5.7426 0.6383 -0.2897
v  5.8133 0.5576 -0.2826
v  5.7354 0.6102 -0.3113
v  5.7277 0.5800 -0.3300
v  5.8063 0.5303 -0.2996
v  5.7986 0.5006 -0.3142
v  5.7194 0.5473 -0.3460
v  5.7904 0.4689 -0.3259
v  5.7105 0.5124 -0.3589
v  5.7022 0.4795 -0.3673
v  5.7827 0.4391 -0.3335
v  5.7745 0.4076 -0.3385
v  5.6933 0.4447 -0.3727
v  5.7659 0.3744 -0.3402
v  5.6840 0.4081 -0.3746
v  5.6750 0.3727 -0.3728
v  5.7576 0.3422 -0.3386
v  5.7497 0.3116 -0.3340
v  5.6665 0.3390 -0.3678
v  5.7411 0.2785 -0.3255
v  5.9280 0.6325 -0.0000
v  5.9277 0.6311 -0.0297
v  5.9266 0.6271 -0.0579
v  5.9247 0.6198 -0.0884
v  5.9222 0.6106 -0.1152
v  5.9188 0.5974 -0.1440
v  5.9151 0.5835 -0.1680
v  5.9104 0.5655 -0.1931
v  5.9055 0.5470 -0.2143
v  5.8997 0.5250 -0.2349
v  5.8937 0.5022 -0.2524
v  5.8873 0.4778 -0.2676
v  5.8803 0.4514 -0.2806
v  5.8728 0.4231 -0.2910
v  5.8658 0.3965 -0.2978
v  5.8584 0.3684 -0.3022
v  5.8506 0.3388 -0.3038
v  5.8430 0.3101 -0.3023
v  5.8358 0.2828 -0.2982
v  5.8280 0.2533 -0.2906
v  5.7336 0.2495 -0.3148
v  5.8212 0.2274 -0.2811
v  5.7255 0.2182 -0.2995
v  5.8139 0.1995 -0.2675
v  5.8078 0.1763 -0.2531
v  5.7188 0.1923 -0.2834
v  5.8013 0.1520 -0.2345
v  5.7117 0.1650 -0.2626
v  5.7058 0.1421 -0.2411
v  5.7960 0.1316 -0.2153
v  5.7907 0.1116 -0.1926
v  5.7000 0.1197 -0.2157
v  5.7862 0.0947 -0.1690
v  5.6951 0.1007 -0.1893
v  5.6908 0.0843 -0.1611
v  5.7824 0.0800 -0.1438
v  5.7791 0.0675 -0.1165
v  5.6872 0.0702 -0.1304
v  5.7764 0.0574 -0.0872
v  5.6843 0.0589 -0.0977
v  5.6823 0.0515 -0.0669
v  5.7747 0.0508 -0.0597
v  5.7735 0.0465 -0.0306
v  5.6811 0.0467 -0.0343
v  5.7731 0.0450 -0.0000
v  5.6807 0.0450 -0.0000
v  6.0749 0.4910 -0.0000
v  6.0747 0.4899 -0.0226
v  6.0738 0.4869 -0.0440
v  6.0723 0.4814 -0.0673
v  6.0704 0.4743 -0.0877
v  6.0677 0.4644 -0.1096
v  6.0648 0.4538 -0.1278
v  6.0611 0.4401 -0.1470
v  6.0572 0.4261 -0.1631
v  6.0527 0.4094 -0.1788
v  6.0479 0.3921 -0.1921
v  6.0429 0.3736 -0.2036
v  6.0374 0.3535 -0.2135
v  6.0315 0.3320 -0.2214
v  6.0260 0.3119 -0.2266
v  6.0202 0.2905 -0.2300
v  6.0140 0.2680 -0.2312
v  6.0081 0.2462 -0.2300
v  6.0024 0.2255 -0.2269
v  5.9963 0.2031 -0.2211
v  5.9909 0.1834 -0.2139
v  5.9852 0.1623 -0.2035
v  5.9804 0.1447 -0.1926
v  5.9753 0.1263 -0.1784
v  5.9711 0.1107 -0.1638
v  5.9669 0.0956 -0.1466
v  5.9634 0.0827 -0.1286
v  5.9604 0.0716 -0.1094
v  5.9578 0.0621 -0.0886
v  5.9557 0.0544 -0.0664
v  5.9543 0.0494 -0.0455
v  5.9535 0.0462 -0.0233
v  5.9531 0.0450 -0.0000
v  6.1813 0.3837 -0.0000
v  6.1811 0.3829 -0.0172
v  6.1804 0.3806 -0.0335
v  6.1792 0.3764 -0.0512
v  6.1777 0.3711 -0.0667
v  6.1756 0.3635 -0.0834
v  6.1734 0.3555 -0.0972
v  6.1705 0.3451 -0.1118
v  6.1675 0.3344 -0.1241
v  6.1639 0.3217 -0.1360
v  6.1603 0.3086 -0.1461
v  6.1563 0.2946 -0.1549
v  6.1520 0.2793 -0.1624
v  6.1475 0.2630 -0.1685
v  6.1432 0.2477 -0.1724
v  6.1386 0.2315 -0.1750
v  6.1339 0.2144 -0.1759
v  6.1292 0.1978 -0.1750
v  6.1248 0.1821 -0.1726
v  6.1201 0.1651 -0.1683
v  6.1159 0.1502 -0.1627
v  6.1114 0.1341 -0.1548
v  6.1076 0.1207 -0.1465
v  6.1037 0.1067 -0.1357
v  6.1004 0.0949 -0.1247
v  6.0972 0.0834 -0.1115
v  6.0945 0.0737 -0.0979
v  6.0921 0.0652 -0.0833
v  6.0901 0.0580 -0.0674
v  6.0884 0.0522 -0.0505
v  6.0874 0.0483 -0.0346
v  6.0867 0.0459 -0.0177
v  6.0864 0.0450 -0.0000
v  6.2114 0.3525 -0.0000
v  6.2112 0.3518 -0.0156
v  6.2107 0.3497 -0.0304
v  6.2096 0.3459 -0.0465
v  6.2082 0.3410 -0.0606
v  6.2063 0.3341 -0.0757
v  6.2042 0.3269 -0.0883
v  6.2016 0.3175 -0.1016
v  6.1988 0.3078 -0.1127
v  6.1956 0.2963 -0.1235
v  6.1922 0.2843 -0.1327
v  6.1886 0.2716 -0.1407
v  6.1847 0.2577 -0.1475
v  6.1805 0.2429 -0.1530
v  6.1766 0.2290 -0.1566
v  6.1725 0.2143 -0.1589
v  6.1681 0.1988 -0.1597
v  6.1639 0.1838 -0.1590
v  6.1598 0.1695 -0.1568
v  6.1555 0.1540 -0.1528
v  6.1516 0.1405 -0.1478
v  6.1475 0.1259 -0.1406
v  6.1441 0.1138 -0.1331
v  6.1405 0.1010 -0.1233
v  6.1375 0.0903 -0.1132
v  6.1346 0.0799 -0.1013
v  6.1321 0.0710 -0.0889
v  6.1299 0.0634 -0.0756
v  6.1280 0.0568 -0.0613
v  6.1266 0.0515 -0.0459
v  6.1256 0.0480 -0.0314
v  6.1250 0.0458 -0.0161
v  6.1247 0.0450 -0.0000
v  6.3554 0.1987 -0.0000
v  6.3553 0.1984 -0.0078
v  6.3550 0.1973 -0.0153
v  6.3544 0.1954 -0.0233
v  6.3537 0.1930 -0.0304
v  6.3527 0.1896 -0.0380
v  6.3516 0.1859 -0.0443
v  6.3503 0.1812 -0.0509
v  6.3489 0.1764 -0.0565
v  6.3472 0.1706 -0.0619
v  6.3455 0.1647 -0.0665
v  6.3436 0.1583 -0.0705
v  6.3416 0.1514 -0.0739
v  6.3394 0.1440 -0.0767
v  6.3374 0.1370 -0.0785
v  6.3353 0.1296 -0.0796
v  6.3330 0.1219 -0.0801
v  6.3308 0.1144 -0.0797
v  6.3287 0.1072 -0.0786
v  6.3265 0.0995 -0.0766
v  6.3245 0.0927 -0.0741
v  6.3224 0.0855 -0.0705
v  6.3206 0.0794 -0.0667
v  6.3188 0.0730 -0.0618
v  6.3172 0.0677 -0.0567
v  6.3157 0.0625 -0.0508
v  6.3144 0.0580 -0.0445
v  6.3133 0.0542 -0.0379
v  6.3123 0.0509 -0.0307
v  6.3116 0.0483 -0.0230
v  6.3110 0.0465 -0.0157
v  6.3107 0.0454 -0.0081
v  6.3106 0.0450 -0.0000
v  6.4922 0.0450 -0.0000
v  5.6210 0.0450 -0.0000
v  5.6210 0.0466 -0.0345
v  5.6210 0.0513 -0.0685
v  5.6210 0.0591 -0.1020
v  5.6210 0.0700 -0.1348
v  5.6210 0.0855 -0.1701
v  5.6210 0.1044 -0.2036
v  5.6210 0.1264 -0.2352
v  5.6210 0.1513 -0.2645
v  5.6210 0.1805 -0.2928
v  5.6210 0.2122 -0.3181
v  5.6210 0.2461 -0.3403
v  5.6210 0.2819 -0.3593
v  5.6210 0.3184 -0.3746
v  5.6210 0.3561 -0.3866
v  5.6210 0.3946 -0.3954
v  5.6210 0.4338 -0.4007
v  5.6210 0.4749 -0.4027
v  5.6210 0.5160 -0.4010
v  5.6210 0.5567 -0.3957
v  5.6210 0.5969 -0.3866
v  5.6210 0.6402 -0.3725
v  5.6210 0.6817 -0.3540
v  5.6210 0.7211 -0.3313
v  5.6210 0.7580 -0.3045
v  5.6210 0.7918 -0.2739
v  5.6210 0.8221 -0.2398
v  5.6210 0.8483 -0.2024
v  5.6210 0.8700 -0.1623
v  5.6210 0.8858 -0.1234
v  5.6210 0.8972 -0.0831
v  5.6210 0.9041 -0.0418
v  5.6210 0.9064 -0.0000
# 251 vertices

vn 0.6627 0.7476 -0.0433
vn 0.6740 0.7374 -0.0432
vn 0.6733 0.7344 -0.0855
vn 0.6620 0.7446 -0.0859
vn 0.6691 0.7233 -0.1706
vn 0.6580 0.7332 -0.1714
vn 0.6620 0.7046 -0.2557
vn 0.6512 0.7140 -0.2570
vn 0.6520 0.6783 -0.3388
vn 0.6416 0.6874 -0.3404
vn 0.6290 0.6534 -0.4212
vn 0.6393 0.6447 -0.4191
vn 0.6241 0.6044 -0.4951
vn 0.6141 0.6128 -0.4974
vn 0.6063 0.5575 -0.5671
vn 0.5965 0.5653 -0.5697
vn 0.5766 0.5116 -0.6370
vn 0.5860 0.5043 -0.6342
vn 0.5635 0.4450 -0.6961
vn 0.5545 0.4517 -0.6989
vn 0.5388 0.3804 -0.7516
vn 0.5306 0.3866 -0.7543
vn 0.5049 0.3166 -0.8030
vn 0.5123 0.3111 -0.8005
vn 0.4835 0.2357 -0.8430
vn 0.4768 0.2405 -0.8455
vn 0.4531 0.1567 -0.8776
vn 0.4469 0.1607 -0.8800
vn 0.4167 0.0807 -0.9055
vn 0.4224 0.0769 -0.9032
vn 0.3905 -0.0057 -0.9206
vn 0.3853 -0.0024 -0.9228
vn 0.3572 -0.0917 -0.9295
vn 0.3528 -0.0887 -0.9315
vn 0.3203 -0.1747 -0.9311
vn 0.3240 -0.1771 -0.9293
vn 0.2909 -0.2622 -0.9201
vn 0.2856 -0.2763 -0.9177
vn 0.2431 -0.3508 -0.9043
vn 0.6859 0.7264 -0.0430
vn 0.6851 0.7235 -0.0849
vn 0.6809 0.7125 -0.1696
vn 0.6737 0.6940 -0.2541
vn 0.6636 0.6680 -0.3368
vn 0.6507 0.6348 -0.4166
vn 0.6353 0.5950 -0.4923
vn 0.6173 0.5486 -0.5639
vn 0.5967 0.4959 -0.6309
vn 0.5738 0.4372 -0.6925
vn 0.5489 0.3733 -0.7479
vn 0.5220 0.3046 -0.7967
vn 0.4926 0.2298 -0.8393
vn 0.4618 0.1514 -0.8740
vn 0.4305 0.0722 -0.8997
vn 0.3981 -0.0098 -0.9173
vn 0.3642 -0.0952 -0.9264
vn 0.3305 -0.1802 -0.9265
vn 0.2968 -0.2648 -0.9175
vn 0.2629 -0.3496 -0.8993
vn 0.2224 -0.4259 -0.8770
vn 0.2295 -0.4329 -0.8717
vn 0.1938 -0.5121 -0.8368
vn 0.1972 -0.5134 -0.8352
vn 0.1665 -0.5896 -0.7904
vn 0.1637 -0.5884 -0.7918
vn 0.1375 -0.6614 -0.7374
vn 0.1350 -0.6607 -0.7385
vn 0.1084 -0.7272 -0.6778
vn 0.1106 -0.7280 -0.6766
vn 0.0860 -0.7887 -0.6087
vn 0.0843 -0.7882 -0.6097
vn 0.0641 -0.8426 -0.5347
vn 0.0631 -0.8421 -0.5356
vn 0.0450 -0.8888 -0.4560
vn 0.0452 -0.8892 -0.4553
vn 0.0290 -0.9289 -0.3692
vn 0.0295 -0.9286 -0.3698
vn 0.0163 -0.9601 -0.2793
vn 0.0169 -0.9601 -0.2793
vn 0.0079 -0.9819 -0.1895
vn 0.0074 -0.9819 -0.1892
vn 0.0019 -0.9953 -0.0965
vn 0.0025 -0.9953 -0.0966
vn -0.0000 -0.9988 -0.0488
vn 0.0006 -0.9988 -0.0484
vn 0.7012 0.7117 -0.0427
vn 0.7004 0.7087 -0.0843
vn 0.6961 0.6979 -0.1684
vn 0.6888 0.6796 -0.2524
vn 0.6785 0.6540 -0.3345
vn 0.6654 0.6212 -0.4138
vn 0.6497 0.5820 -0.4891
vn 0.6313 0.5361 -0.5604
vn 0.6104 0.4841 -0.6270
vn 0.5871 0.4261 -0.6884
vn 0.5616 0.3629 -0.7436
vn 0.5341 0.2949 -0.7923
vn 0.5042 0.2210 -0.8348
vn 0.4727 0.1433 -0.8695
vn 0.4408 0.0649 -0.8953
vn 0.4077 -0.0163 -0.9130
vn 0.3730 -0.1011 -0.9223
vn 0.3385 -0.1853 -0.9225
vn 0.3040 -0.2692 -0.9138
vn 0.2693 -0.3534 -0.8959
vn 0.2352 -0.4362 -0.8686
vn 0.2021 -0.5161 -0.8324
vn 0.1707 -0.5918 -0.7878
vn 0.1410 -0.6631 -0.7351
vn 0.1134 -0.7294 -0.6747
vn 0.0881 -0.7898 -0.6070
vn 0.0657 -0.8434 -0.5333
vn 0.0463 -0.8897 -0.4541
vn 0.0297 -0.9292 -0.3683
vn 0.0167 -0.9603 -0.2786
vn 0.0076 -0.9820 -0.1887
vn 0.0019 -0.9954 -0.0963
vn -0.0000 -0.9988 -0.0487
vn 0.7139 0.6989 -0.0424
vn 0.7131 0.6960 -0.0838
vn 0.7087 0.6853 -0.1673
vn 0.7013 0.6673 -0.2508
vn 0.6909 0.6420 -0.3324
vn 0.6776 0.6096 -0.4113
vn 0.6617 0.5708 -0.4862
vn 0.6430 0.5255 -0.5571
vn 0.6218 0.4740 -0.6234
vn 0.5981 0.4167 -0.6846
vn 0.5722 0.3541 -0.7397
vn 0.5443 0.2868 -0.7883
vn 0.5139 0.2136 -0.8308
vn 0.4819 0.1366 -0.8655
vn 0.4494 0.0589 -0.8914
vn 0.4157 -0.0217 -0.9092
vn 0.3804 -0.1058 -0.9187
vn 0.3453 -0.1894 -0.9192
vn 0.3102 -0.2728 -0.9107
vn 0.2748 -0.3565 -0.8930
vn 0.2400 -0.4388 -0.8660
vn 0.2062 -0.5183 -0.8300
vn 0.1742 -0.5936 -0.7857
vn 0.1439 -0.6646 -0.7332
vn 0.1157 -0.7305 -0.6731
vn 0.0900 -0.7906 -0.6057
vn 0.0671 -0.8440 -0.5321
vn 0.0473 -0.8902 -0.4532
vn 0.0303 -0.9295 -0.3675
vn 0.0171 -0.9604 -0.2781
vn 0.0077 -0.9821 -0.1884
vn 0.0020 -0.9954 -0.0961
vn -0.0000 -0.9988 -0.0486
vn 0.7239 0.6886 -0.0421
vn 0.7231 0.6858 -0.0832
vn 0.7187 0.6752 -0.1661
vn 0.7112 0.6574 -0.2490
vn 0.7007 0.6325 -0.3301
vn 0.6874 0.6005 -0.4085
vn 0.6713 0.5622 -0.4830
vn 0.6525 0.5175 -0.5536
vn 0.6311 0.4666 -0.6197
vn 0.6072 0.4099 -0.6807
vn 0.5810 0.3480 -0.7357
vn 0.5529 0.2814 -0.7843
vn 0.5221 0.2088 -0.8269
vn 0.4897 0.1325 -0.8618
vn 0.4568 0.0553 -0.8878
vn 0.4226 -0.0248 -0.9060
vn 0.3869 -0.1084 -0.9157
vn 0.3512 -0.1915 -0.9165
vn 0.3155 -0.2745 -0.9083
vn 0.2796 -0.3579 -0.8909
vn 0.2442 -0.4399 -0.8642
vn 0.2099 -0.5191 -0.8285
vn 0.1773 -0.5942 -0.7845
vn 0.1465 -0.6651 -0.7323
vn 0.1179 -0.7308 -0.6723
vn 0.0916 -0.7909 -0.6051
vn 0.0683 -0.8442 -0.5317
vn 0.0481 -0.8903 -0.4528
vn 0.0309 -0.9296 -0.3673
vn 0.0174 -0.9604 -0.2779
vn 0.0079 -0.9821 -0.1883
vn 0.7378 0.6737 -0.0418
vn 0.7370 0.6709 -0.0826
vn 0.7325 0.6605 -0.1649
vn 0.7249 0.6429 -0.2472
vn 0.7143 0.6183 -0.3278
vn 0.7007 0.5868 -0.4057
vn 0.6844 0.5491 -0.4797
vn 0.6653 0.5049 -0.5499
vn 0.6436 0.4547 -0.6157
vn 0.6192 0.3986 -0.6765
vn 0.5927 0.3375 -0.7313
vn 0.5640 0.2716 -0.7798
vn 0.5327 0.1998 -0.8224
vn 0.4997 0.1243 -0.8572
vn 0.4663 0.0479 -0.8833
vn 0.4315 -0.0314 -0.9016
vn 0.3950 -0.1143 -0.9115
vn 0.3587 -0.1967 -0.9125
vn 0.3223 -0.2790 -0.9046
vn 0.2856 -0.3618 -0.8874
vn 0.2495 -0.4431 -0.8610
vn 0.2145 -0.5218 -0.8256
vn 0.1812 -0.5965 -0.7819
vn 0.1497 -0.6669 -0.7300
vn 0.1205 -0.7322 -0.6703
vn 0.0937 -0.7919 -0.6034
vn 0.0699 -0.8449 -0.5303
vn 0.0492 -0.8909 -0.4516
vn 0.0316 -0.9299 -0.3664
vn 0.0178 -0.9606 -0.2773
vn 0.0080 -0.9822 -0.1878
vn 0.0021 -0.9954 -0.0958
vn -0.0000 -0.9988 -0.0485
vn 0.7463 0.6643 -0.0415
vn 0.7434 0.6576 -0.1223
vn 0.7373 0.6438 -0.2048
vn 0.7283 0.6230 -0.2855
vn 0.7160 0.5953 -0.3647
vn 0.7010 0.5610 -0.4403
vn 0.6833 0.5208 -0.5118
vn 0.6627 0.4739 -0.5799
vn 0.6396 0.4216 -0.6428
vn 0.6138 0.3631 -0.7010
vn 0.5862 0.3007 -0.7523
vn 0.5560 0.2328 -0.7979
vn 0.5230 0.1585 -0.8375
vn 0.4895 0.0831 -0.8680
vn 0.4555 0.0070 -0.8902
vn 0.4191 -0.0744 -0.9049
vn 0.3818 -0.1577 -0.9107
vn 0.3456 -0.2385 -0.9076
vn 0.3081 -0.3214 -0.8954
vn 0.2713 -0.4032 -0.8740
vn 0.2349 -0.4835 -0.8432
vn 0.2003 -0.5601 -0.8038
vn 0.1674 -0.6323 -0.7564
vn 0.1365 -0.7005 -0.7005
vn 0.1080 -0.7628 -0.6376
vn 0.0821 -0.8196 -0.5670
vn 0.0597 -0.8687 -0.4918
vn 0.0402 -0.9112 -0.4101
vn 0.0239 -0.9466 -0.3215
vn 0.0121 -0.9726 -0.2322
vn 0.0042 -0.9897 -0.1429
vn 0.0000 -0.9988 -0.0484
vn 0.0000 -0.9989 -0.0460
vn 0.0012 -0.9957 -0.0923
vn 0.0056 -0.9829 -0.1840
vn 0.0139 -0.9618 -0.2735
vn 0.0251 -0.9320 -0.3617
vn 0.0409 -0.8912 -0.4517
vn 0.0614 -0.8415 -0.5368
vn 0.0847 -0.7843 -0.6145
vn 0.1093 -0.7205 -0.6848
vn 0.1370 -0.6482 -0.7491
vn 0.1665 -0.5712 -0.8038
vn 0.1980 -0.4900 -0.8489
vn 0.2504 -0.3916 -0.8854
vn 0.2880 -0.3396 -0.8954
vn 0.2909 -0.2418 -0.9257
vn 0.3227 -0.1588 -0.9331
vn 0.3544 -0.0760 -0.9320
vn 0.3848 0.0062 -0.9230
vn 0.4145 0.0876 -0.9058
vn 0.4434 0.1660 -0.8808
vn 0.4712 0.2430 -0.8479
vn 0.4994 0.3204 -0.8049
vn 0.5265 0.3936 -0.7536
vn 0.5514 0.4610 -0.6953
vn 0.5732 0.5223 -0.6314
vn 0.5929 0.5776 -0.5612
vn 0.6098 0.6257 -0.4864
vn 0.6244 0.6669 -0.4068
vn 0.6361 0.6995 -0.3257
vn 0.6451 0.7238 -0.2449
vn 0.6514 0.7407 -0.1643
vn 0.6552 0.7510 -0.0823
vn 0.6559 0.7537 -0.0414
# 280 vertex normals

vt 0.5000 0.0678 0.2888
vt 0.5000 0.0622 0.2700
vt 0.5549 0.0622 0.2695
vt 0.5604 0.0678 0.2883
vt 0.7117 0.0678 0.5604
vt 0.7305 0.0622 0.5549
vt 0.7317 0.0623 0.6070
vt 0.7131 0.0679 0.6179
vt 0.7340 0.0624 0.6635
vt 0.7156 0.0681 0.6801
vt 0.7369 0.0626 0.7131
vt 0.7188 0.0683 0.7347
vt 0.7233 0.0686 0.7934
vt 0.7410 0.0629 0.7664
vt 0.7454 0.0632 0.8107
vt 0.7281 0.0689 0.8422
vt 0.7510 0.0636 0.8572
vt 0.7343 0.0693 0.8934
vt 0.7407 0.0698 0.9365
vt 0.7568 0.0640 0.8963
vt 0.7637 0.0645 0.9345
vt 0.7483 0.0703 0.9785
vt 0.7708 0.0650 0.9668
vt 0.7561 0.0708 1.0141
vt 0.7646 0.0714 1.0450
vt 0.7784 0.0655 0.9949
vt 0.7867 0.0661 1.0189
vt 0.7737 0.0720 1.0715
vt 0.7956 0.0667 1.0382
vt 0.7834 0.0727 1.0927
vt 0.7926 0.0733 1.1067
vt 0.8039 0.0673 1.0509
vt 0.8127 0.0679 1.0590
vt 0.8023 0.0740 1.1156
vt 0.8219 0.0685 1.0618
vt 0.8125 0.0747 1.1188
vt 0.8224 0.0753 1.1158
vt 0.8309 0.0692 1.0592
vt 0.8394 0.0698 1.0516
vt 0.8318 0.0760 1.1074
vt 0.8487 0.0704 1.0375
vt 0.5000 0.0564 0.2501
vt 0.5490 0.0564 0.2497
vt 0.7503 0.0564 0.5490
vt 0.7514 0.0565 0.5956
vt 0.7535 0.0567 0.6460
vt 0.7560 0.0568 0.6903
vt 0.7597 0.0571 0.7379
vt 0.7636 0.0574 0.7774
vt 0.7686 0.0577 0.8190
vt 0.7738 0.0581 0.8539
vt 0.7799 0.0585 0.8880
vt 0.7863 0.0590 0.9169
vt 0.7931 0.0595 0.9419
vt 0.8004 0.0600 0.9634
vt 0.8083 0.0605 0.9806
vt 0.8158 0.0611 0.9919
vt 0.8236 0.0616 0.9992
vt 0.8319 0.0622 1.0017
vt 0.8399 0.0628 0.9993
vt 0.8475 0.0633 0.9925
vt 0.8557 0.0639 0.9800
vt 0.8568 0.0710 1.0199
vt 0.8630 0.0644 0.9642
vt 0.8655 0.0716 0.9947
vt 0.8707 0.0650 0.9417
vt 0.8772 0.0654 0.9180
vt 0.8728 0.0721 0.9681
vt 0.8840 0.0659 0.8873
vt 0.8804 0.0726 0.9337
vt 0.8868 0.0730 0.8982
vt 0.8897 0.0663 0.8556
vt 0.8953 0.0667 0.8181
vt 0.8930 0.0735 0.8562
vt 0.9000 0.0670 0.7792
vt 0.8983 0.0738 0.8127
vt 0.9029 0.0742 0.7660
vt 0.9041 0.0673 0.7375
vt 0.9076 0.0676 0.6924
vt 0.9068 0.0744 0.7154
vt 0.9104 0.0678 0.6440
vt 0.9100 0.0746 0.6613
vt 0.9120 0.0748 0.6105
vt 0.9122 0.0679 0.5987
vt 0.4013 0.0679 0.0878
vt 0.4494 0.0680 0.0866
vt 0.4434 0.0749 0.0866
vt 0.3895 0.0748 0.0880
vt 0.5000 0.0680 0.0862
vt 0.5000 0.0749 0.0862
vt 0.5000 0.0454 0.2106
vt 0.5373 0.0454 0.2103
vt 0.7897 0.0454 0.5373
vt 0.7905 0.0455 0.5727
vt 0.7921 0.0456 0.6111
vt 0.7940 0.0458 0.6448
vt 0.7968 0.0460 0.6810
vt 0.7998 0.0462 0.7111
vt 0.8036 0.0465 0.7427
vt 0.8075 0.0467 0.7693
vt 0.8122 0.0471 0.7952
vt 0.8170 0.0474 0.8172
vt 0.8222 0.0478 0.8363
vt 0.8278 0.0482 0.8526
vt 0.8338 0.0487 0.8657
vt 0.8394 0.0491 0.8743
vt 0.8453 0.0495 0.8798
vt 0.8516 0.0500 0.8818
vt 0.8577 0.0504 0.8799
vt 0.8635 0.0508 0.8748
vt 0.8697 0.0513 0.8652
vt 0.8752 0.0517 0.8532
vt 0.8811 0.0521 0.8361
vt 0.8860 0.0525 0.8181
vt 0.8912 0.0529 0.7947
vt 0.8955 0.0532 0.7706
vt 0.8997 0.0535 0.7420
vt 0.9033 0.0538 0.7124
vt 0.9064 0.0540 0.6808
vt 0.9091 0.0542 0.6464
vt 0.9112 0.0543 0.6096
vt 0.9126 0.0544 0.5751
vt 0.4615 0.0545 0.0865
vt 0.4249 0.0544 0.0874
vt 0.5000 0.0545 0.0862
vt 0.5000 0.0375 0.1807
vt 0.5284 0.0375 0.1804
vt 0.8196 0.0375 0.5284
vt 0.8202 0.0375 0.5553
vt 0.8214 0.0376 0.5845
vt 0.8229 0.0377 0.6102
vt 0.8250 0.0379 0.6377
vt 0.8272 0.0380 0.6606
vt 0.8301 0.0383 0.6847
vt 0.8331 0.0385 0.7049
vt 0.8366 0.0388 0.7246
vt 0.8403 0.0390 0.7413
vt 0.8442 0.0393 0.7558
vt 0.8485 0.0396 0.7683
vt 0.8530 0.0400 0.7782
vt 0.8573 0.0403 0.7848
vt 0.8618 0.0406 0.7890
vt 0.8666 0.0410 0.7905
vt 0.8712 0.0414 0.7891
vt 0.8756 0.0417 0.7851
vt 0.8803 0.0420 0.7779
vt 0.8845 0.0424 0.7688
vt 0.8890 0.0427 0.7557
vt 0.8927 0.0430 0.7420
vt 0.8966 0.0433 0.7242
vt 0.8999 0.0435 0.7059
vt 0.9031 0.0437 0.6841
vt 0.9058 0.0440 0.6616
vt 0.9082 0.0441 0.6375
vt 0.9102 0.0443 0.6114
vt 0.9118 0.0444 0.5834
vt 0.9129 0.0445 0.5571
vt 0.4429 0.0445 0.0871
vt 0.4707 0.0445 0.0864
vt 0.5000 0.0446 0.0862
vt 0.5000 0.0352 0.1720
vt 0.5258 0.0352 0.1718
vt 0.8282 0.0352 0.5258
vt 0.8288 0.0353 0.5503
vt 0.8299 0.0353 0.5768
vt 0.8312 0.0354 0.6001
vt 0.8332 0.0356 0.6251
vt 0.8352 0.0357 0.6459
vt 0.8378 0.0359 0.6677
vt 0.8405 0.0361 0.6861
vt 0.8437 0.0364 0.7040
vt 0.8471 0.0366 0.7192
vt 0.8506 0.0369 0.7324
vt 0.8545 0.0372 0.7437
vt 0.8586 0.0375 0.7527
vt 0.8625 0.0378 0.7587
vt 0.8666 0.0381 0.7625
vt 0.8709 0.0384 0.7638
vt 0.8751 0.0388 0.7626
vt 0.8791 0.0391 0.7590
vt 0.8834 0.0394 0.7524
vt 0.8872 0.0397 0.7441
vt 0.8913 0.0400 0.7323
vt 0.8947 0.0402 0.7198
vt 0.8982 0.0405 0.7036
vt 0.9012 0.0407 0.6870
vt 0.9041 0.0410 0.6673
vt 0.9066 0.0411 0.6468
vt 0.9087 0.0413 0.6249
vt 0.9106 0.0414 0.6012
vt 0.9120 0.0416 0.5757
vt 0.9130 0.0416 0.5519
vt 0.4734 0.0417 0.0864
vt 0.4481 0.0416 0.0870
vt 0.5000 0.0417 0.0862
vt 0.5000 0.0244 0.1291
vt 0.5129 0.0244 0.1290
vt 0.8710 0.0244 0.5129
vt 0.8713 0.0245 0.5252
vt 0.8719 0.0245 0.5385
vt 0.8725 0.0246 0.5501
vt 0.8735 0.0246 0.5627
vt 0.8745 0.0247 0.5731
vt 0.8758 0.0248 0.5841
vt 0.8772 0.0249 0.5933
vt 0.8788 0.0250 0.6022
vt 0.8805 0.0252 0.6098
vt 0.8822 0.0253 0.6165
vt 0.8842 0.0255 0.6221
vt 0.8862 0.0256 0.6266
vt 0.8882 0.0258 0.6296
vt 0.8902 0.0259 0.6315
vt 0.8924 0.0261 0.6322
vt 0.8945 0.0263 0.6316
vt 0.8965 0.0264 0.6298
vt 0.8986 0.0266 0.6265
vt 0.9005 0.0267 0.6223
vt 0.9026 0.0269 0.6164
vt 0.9042 0.0270 0.6102
vt 0.9060 0.0272 0.6021
vt 0.9075 0.0273 0.5937
vt 0.9090 0.0274 0.5838
vt 0.9102 0.0275 0.5736
vt 0.9113 0.0276 0.5626
vt 0.9122 0.0277 0.5507
vt 0.9129 0.0277 0.5380
vt 0.9134 0.0277 0.5260
vt 0.4740 0.0277 0.0866
vt 0.4867 0.0278 0.0863
vt 0.5000 0.0278 0.0862
vt 0.5000 0.0142 0.0862
vt 0.9138 0.0142 0.5000
vt 0.5000 0.0794 0.0862
vt 0.4431 0.0794 0.0866
vt 0.3868 0.0794 0.0879
vt 0.9121 0.0794 0.6132
vt 0.9099 0.0794 0.6685
vt 0.9069 0.0794 0.7226
vt 0.9025 0.0794 0.7809
vt 0.8973 0.0794 0.8363
vt 0.8911 0.0794 0.8884
vt 0.8842 0.0794 0.9369
vt 0.8760 0.0794 0.9836
vt 0.8672 0.0794 1.0254
vt 0.8577 0.0794 1.0621
vt 0.8477 0.0794 1.0935
vt 0.8375 0.0794 1.1187
vt 0.8270 0.0794 1.1386
vt 0.8163 0.0794 1.1530
vt 0.8054 0.0794 1.1618
vt 0.7939 0.0794 1.1651
vt 0.7824 0.0794 1.1623
vt 0.7711 0.0794 1.1535
vt 0.7598 0.0794 1.1386
vt 0.7478 0.0794 1.1152
vt 0.7362 0.0794 1.0846
vt 0.7252 0.0794 1.0472
vt 0.7149 0.0794 1.0029
vt 0.7055 0.0794 0.9524
vt 0.6970 0.0794 0.8960
vt 0.6897 0.0794 0.8343
vt 0.6836 0.0794 0.7680
vt 0.6792 0.0794 0.7039
vt 0.6761 0.0794 0.6372
vt 0.6372 0.0794 0.3239
vt 0.5690 0.0794 0.3259
vt 0.5000 0.0794 0.3265
# 267 texture coords

o Letrero015
g Letrero015
usemtl blanco
s 1
f 3569/3787/3609 3570/3788/3610 3571/3789/3611 3572/3790/3612 
f 3572/3791/3612 3571/3792/3611 3573/3793/3613 3574/3794/3614 
f 3573/3793/3613 3575/3795/3615 3576/3796/3616 3574/3794/3614 
f 3576/3796/3616 3575/3795/3615 3577/3797/3617 3578/3798/3618 
f 3579/3799/3619 3578/3798/3618 3577/3797/3617 3580/3800/3620 
f 3580/3800/3620 3581/3801/3621 3582/3802/3622 3579/3799/3619 
f 3582/3802/3622 3581/3801/3621 3583/3803/3623 3584/3804/3624 
f 3585/3805/3625 3584/3804/3624 3583/3803/3623 3586/3806/3626 
f 3586/3806/3626 3587/3807/3627 3588/3808/3628 3585/3805/3625 
f 3588/3808/3628 3587/3807/3627 3589/3809/3629 3590/3810/3630 
f 3591/3811/3631 3590/3810/3630 3589/3809/3629 3592/3812/3632 
f 3592/3812/3632 3593/3813/3633 3594/3814/3634 3591/3811/3631 
f 3594/3814/3634 3593/3813/3633 3595/3815/3635 3596/3816/3636 
f 3597/3817/3637 3596/3816/3636 3595/3815/3635 3598/3818/3638 
f 3598/3818/3638 3599/3819/3639 3600/3820/3640 3597/3817/3637 
f 3600/3820/3640 3599/3819/3639 3601/3821/3641 3602/3822/3642 
f 3603/3823/3643 3602/3822/3642 3601/3821/3641 3604/3824/3644 
f 3604/3824/3644 3605/3825/3645 3606/3826/3646 3603/3823/3643 
f 3606/3826/3646 3605/3825/3645 3607/3827/3647 
f 3570/3788/3610 3608/3828/3648 3609/3829/3649 3571/3789/3611 
f 3571/3792/3611 3609/3830/3649 3610/3831/3650 3573/3793/3613 
f 3575/3795/3615 3573/3793/3613 3610/3831/3650 3611/3832/3651 
f 3575/3795/3615 3611/3832/3651 3612/3833/3652 3577/3797/3617 
f 3577/3797/3617 3612/3833/3652 3613/3834/3653 3580/3800/3620 
f 3613/3834/3653 3614/3835/3654 3581/3801/3621 3580/3800/3620 
f 3581/3801/3621 3614/3835/3654 3615/3836/3655 3583/3803/3623 
f 3583/3803/3623 3615/3836/3655 3616/3837/3656 3586/3806/3626 
f 3616/3837/3656 3617/3838/3657 3587/3807/3627 3586/3806/3626 
f 3587/3807/3627 3617/3838/3657 3618/3839/3658 3589/3809/3629 
f 3589/3809/3629 3618/3839/3658 3619/3840/3659 3592/3812/3632 
f 3619/3840/3659 3620/3841/3660 3593/3813/3633 3592/3812/3632 
f 3593/3813/3633 3620/3841/3660 3621/3842/3661 3595/3815/3635 
f 3595/3815/3635 3621/3842/3661 3622/3843/3662 3598/3818/3638 
f 3622/3843/3662 3623/3844/3663 3599/3819/3639 3598/3818/3638 
f 3599/3819/3639 3623/3844/3663 3624/3845/3664 3601/3821/3641 
f 3601/3821/3641 3624/3845/3664 3625/3846/3665 3604/3824/3644 
f 3625/3846/3665 3626/3847/3666 3605/3825/3645 3604/3824/3644 
f 3605/3825/3645 3626/3847/3666 3627/3848/3667 3607/3827/3647 
f 3628/3849/3668 3607/3827/3647 3627/3848/3667 3629/3850/3669 
f 3630/3851/3670 3628/3849/3668 3629/3850/3669 3631/3852/3671 
f 3631/3852/3671 3632/3853/3672 3633/3854/3673 3630/3851/3670 
f 3633/3854/3673 3632/3853/3672 3634/3855/3674 3635/3856/3675 
f 3636/3857/3676 3635/3856/3675 3634/3855/3674 3637/3858/3677 
f 3637/3858/3677 3638/3859/3678 3639/3860/3679 3636/3857/3676 
f 3639/3860/3679 3638/3859/3678 3640/3861/3680 3641/3862/3681 
f 3642/3863/3682 3641/3862/3681 3640/3861/3680 3643/3864/3683 
f 3643/3864/3683 3644/3865/3684 3645/3866/3685 3642/3863/3682 
f 3645/3866/3685 3644/3865/3684 3646/3867/3686 3647/3868/3687 
f 3648/3869/3688 3647/3868/3687 3646/3867/3686 3649/3870/3689 
f 3649/3871/3689 3650/3872/3690 3651/3873/3691 3648/3874/3688 
f 3651/3873/3691 3650/3872/3690 3652/3875/3692 3653/3876/3693 
f 3654/3877/3694 3655/3878/3695 3609/3829/3649 3608/3828/3648 
f 3609/3830/3649 3655/3879/3695 3656/3880/3696 3610/3831/3650 
f 3657/3881/3697 3611/3832/3651 3610/3831/3650 3656/3880/3696 
f 3657/3881/3697 3658/3882/3698 3612/3833/3652 3611/3832/3651 
f 3612/3833/3652 3658/3882/3698 3659/3883/3699 3613/3834/3653 
f 3660/3884/3700 3614/3835/3654 3613/3834/3653 3659/3883/3699 
f 3660/3884/3700 3661/3885/3701 3615/3836/3655 3614/3835/3654 
f 3615/3836/3655 3661/3885/3701 3662/3886/3702 3616/3837/3656 
f 3663/3887/3703 3617/3838/3657 3616/3837/3656 3662/3886/3702 
f 3663/3887/3703 3664/3888/3704 3618/3839/3658 3617/3838/3657 
f 3619/3840/3659 3618/3839/3658 3664/3888/3704 3665/3889/3705 
f 3666/3890/3706 3620/3841/3660 3619/3840/3659 3665/3889/3705 
f 3667/3891/3707 3621/3842/3661 3620/3841/3660 3666/3890/3706 
f 3621/3842/3661 3667/3891/3707 3668/3892/3708 3622/3843/3662 
f 3669/3893/3709 3623/3844/3663 3622/3843/3662 3668/3892/3708 
f 3624/3845/3664 3623/3844/3663 3669/3893/3709 3670/3894/3710 
f 3625/3846/3665 3624/3845/3664 3670/3894/3710 3671/3895/3711 
f 3672/3896/3712 3626/3847/3666 3625/3846/3665 3671/3895/3711 
f 3627/3848/3667 3626/3847/3666 3672/3896/3712 3673/3897/3713 
f 3629/3850/3669 3627/3848/3667 3673/3897/3713 3674/3898/3714 
f 3675/3899/3715 3631/3852/3671 3629/3850/3669 3674/3898/3714 
f 3676/3900/3716 3632/3853/3672 3631/3852/3671 3675/3899/3715 
f 3634/3855/3674 3632/3853/3672 3676/3900/3716 3677/3901/3717 
f 3678/3902/3718 3637/3858/3677 3634/3855/3674 3677/3901/3717 
f 3679/3903/3719 3638/3859/3678 3637/3858/3677 3678/3902/3718 
f 3680/3904/3720 3640/3861/3680 3638/3859/3678 3679/3903/3719 
f 3681/3905/3721 3643/3864/3683 3640/3861/3680 3680/3904/3720 
f 3682/3906/3722 3644/3865/3684 3643/3864/3683 3681/3905/3721 
f 3683/3907/3723 3646/3867/3686 3644/3865/3684 3682/3906/3722 
f 3684/3908/3724 3649/3870/3689 3646/3867/3686 3683/3907/3723 
f 3685/3909/3725 3650/3872/3690 3649/3871/3689 3684/3910/3724 
f 3686/3911/3726 3652/3875/3692 3650/3872/3690 3685/3909/3725 
f 3655/3878/3695 3654/3877/3694 3687/3912/3727 3688/3913/3728 
f 3655/3879/3695 3688/3914/3728 3689/3915/3729 3656/3880/3696 
f 3689/3915/3729 3690/3916/3730 3657/3881/3697 3656/3880/3696 
f 3690/3916/3730 3691/3917/3731 3658/3882/3698 3657/3881/3697 
f 3692/3918/3732 3659/3883/3699 3658/3882/3698 3691/3917/3731 
f 3660/3884/3700 3659/3883/3699 3692/3918/3732 3693/3919/3733 
f 3661/3885/3701 3660/3884/3700 3693/3919/3733 3694/3920/3734 
f 3695/3921/3735 3662/3886/3702 3661/3885/3701 3694/3920/3734 
f 3663/3887/3703 3662/3886/3702 3695/3921/3735 3696/3922/3736 
f 3664/3888/3704 3663/3887/3703 3696/3922/3736 3697/3923/3737 
f 3665/3889/3705 3664/3888/3704 3697/3923/3737 3698/3924/3738 
f 3666/3890/3706 3665/3889/3705 3698/3924/3738 3699/3925/3739 
f 3700/3926/3740 3667/3891/3707 3666/3890/3706 3699/3925/3739 
f 3701/3927/3741 3668/3892/3708 3667/3891/3707 3700/3926/3740 
f 3668/3892/3708 3701/3927/3741 3702/3928/3742 3669/3893/3709 
f 3669/3893/3709 3702/3928/3742 3703/3929/3743 3670/3894/3710 
f 3670/3894/3710 3703/3929/3743 3704/3930/3744 3671/3895/3711 
f 3671/3895/3711 3704/3930/3744 3705/3931/3745 3672/3896/3712 
f 3672/3896/3712 3705/3931/3745 3706/3932/3746 3673/3897/3713 
f 3707/3933/3747 3674/3898/3714 3673/3897/3713 3706/3932/3746 
f 3708/3934/3748 3675/3899/3715 3674/3898/3714 3707/3933/3747 
f 3709/3935/3749 3676/3900/3716 3675/3899/3715 3708/3934/3748 
f 3710/3936/3750 3677/3901/3717 3676/3900/3716 3709/3935/3749 
f 3677/3901/3717 3710/3936/3750 3711/3937/3751 3678/3902/3718 
f 3678/3902/3718 3711/3937/3751 3712/3938/3752 3679/3903/3719 
f 3679/3903/3719 3712/3938/3752 3713/3939/3753 3680/3904/3720 
f 3680/3904/3720 3713/3939/3753 3714/3940/3754 3681/3905/3721 
f 3681/3905/3721 3714/3940/3754 3715/3941/3755 3682/3906/3722 
f 3682/3906/3722 3715/3941/3755 3716/3942/3756 3683/3907/3723 
f 3684/3908/3724 3683/3907/3723 3716/3942/3756 3717/3943/3757 
f 3685/3909/3725 3684/3910/3724 3717/3944/3757 3718/3945/3758 
f 3686/3911/3726 3685/3909/3725 3718/3945/3758 3719/3946/3759 
f 3688/3913/3728 3687/3912/3727 3720/3947/3760 3721/3948/3761 
f 3688/3914/3728 3721/3949/3761 3722/3950/3762 3689/3915/3729 
f 3689/3915/3729 3722/3950/3762 3723/3951/3763 3690/3916/3730 
f 3690/3916/3730 3723/3951/3763 3724/3952/3764 3691/3917/3731 
f 3691/3917/3731 3724/3952/3764 3725/3953/3765 3692/3918/3732 
f 3692/3918/3732 3725/3953/3765 3726/3954/3766 3693/3919/3733 
f 3727/3955/3767 3694/3920/3734 3693/3919/3733 3726/3954/3766 
f 3728/3956/3768 3695/3921/3735 3694/3920/3734 3727/3955/3767 
f 3729/3957/3769 3696/3922/3736 3695/3921/3735 3728/3956/3768 
f 3730/3958/3770 3697/3923/3737 3696/3922/3736 3729/3957/3769 
f 3731/3959/3771 3698/3924/3738 3697/3923/3737 3730/3958/3770 
f 3732/3960/3772 3699/3925/3739 3698/3924/3738 3731/3959/3771 
f 3733/3961/3773 3700/3926/3740 3699/3925/3739 3732/3960/3772 
f 3700/3926/3740 3733/3961/3773 3734/3962/3774 3701/3927/3741 
f 3701/3927/3741 3734/3962/3774 3735/3963/3775 3702/3928/3742 
f 3735/3963/3775 3736/3964/3776 3703/3929/3743 3702/3928/3742 
f 3704/3930/3744 3703/3929/3743 3736/3964/3776 3737/3965/3777 
f 3737/3965/3777 3738/3966/3778 3705/3931/3745 3704/3930/3744 
f 3739/3967/3779 3706/3932/3746 3705/3931/3745 3738/3966/3778 
f 3707/3933/3747 3706/3932/3746 3739/3967/3779 3740/3968/3780 
f 3740/3968/3780 3741/3969/3781 3708/3934/3748 3707/3933/3747 
f 3742/3970/3782 3709/3935/3749 3708/3934/3748 3741/3969/3781 
f 3710/3936/3750 3709/3935/3749 3742/3970/3782 3743/3971/3783 
f 3743/3971/3783 3744/3972/3784 3711/3937/3751 3710/3936/3750 
f 3745/3973/3785 3712/3938/3752 3711/3937/3751 3744/3972/3784 
f 3746/3974/3786 3713/3939/3753 3712/3938/3752 3745/3973/3785 
f 3747/3975/3787 3714/3940/3754 3713/3939/3753 3746/3974/3786 
f 3748/3976/3788 3715/3941/3755 3714/3940/3754 3747/3975/3787 
f 3749/3977/3789 3716/3942/3756 3715/3941/3755 3748/3976/3788 
f 3749/3977/3789 3750/3978/3790 3717/3943/3757 3716/3942/3756 
f 3751/3979/3758 3718/3945/3758 3717/3944/3757 3750/3980/3790 
f 3719/3946/3759 3718/3945/3758 3751/3979/3758 3752/3981/3759 
f 3720/3947/3760 3753/3982/3791 3754/3983/3792 3721/3948/3761 
f 3722/3950/3762 3721/3949/3761 3754/3984/3792 3755/3985/3793 
f 3755/3985/3793 3756/3986/3794 3723/3951/3763 3722/3950/3762 
f 3757/3987/3795 3724/3952/3764 3723/3951/3763 3756/3986/3794 
f 3725/3953/3765 3724/3952/3764 3757/3987/3795 3758/3988/3796 
f 3726/3954/3766 3725/3953/3765 3758/3988/3796 3759/3989/3797 
f 3726/3954/3766 3759/3989/3797 3760/3990/3798 3727/3955/3767 
f 3760/3990/3798 3761/3991/3799 3728/3956/3768 3727/3955/3767 
f 3729/3957/3769 3728/3956/3768 3761/3991/3799 3762/3992/3800 
f 3729/3957/3769 3762/3992/3800 3763/3993/3801 3730/3958/3770 
f 3763/3993/3801 3764/3994/3802 3731/3959/3771 3730/3958/3770 
f 3732/3960/3772 3731/3959/3771 3764/3994/3802 3765/3995/3803 
f 3766/3996/3804 3733/3961/3773 3732/3960/3772 3765/3995/3803 
f 3733/3961/3773 3766/3996/3804 3767/3997/3805 3734/3962/3774 
f 3734/3962/3774 3767/3997/3805 3768/3998/3806 3735/3963/3775 
f 3768/3998/3806 3769/3999/3807 3736/3964/3776 3735/3963/3775 
f 3770/4000/3808 3737/3965/3777 3736/3964/3776 3769/3999/3807 
f 3770/4000/3808 3771/4001/3809 3738/3966/3778 3737/3965/3777 
f 3739/3967/3779 3738/3966/3778 3771/4001/3809 3772/4002/3810 
f 3739/3967/3779 3772/4002/3810 3773/4003/3811 3740/3968/3780 
f 3740/3968/3780 3773/4003/3811 3774/4004/3812 3741/3969/3781 
f 3742/3970/3782 3741/3969/3781 3774/4004/3812 3775/4005/3813 
f 3742/3970/3782 3775/4005/3813 3776/4006/3814 3743/3971/3783 
f 3743/3971/3783 3776/4006/3814 3777/4007/3815 3744/3972/3784 
f 3745/3973/3785 3744/3972/3784 3777/4007/3815 3778/4008/3816 
f 3745/3973/3785 3778/4008/3816 3779/4009/3817 3746/3974/3786 
f 3746/3974/3786 3779/4009/3817 3780/4010/3818 3747/3975/3787 
f 3748/3976/3788 3747/3975/3787 3780/4010/3818 3781/4011/3819 
f 3748/3976/3788 3781/4011/3819 3782/4012/3820 3749/3977/3789 
f 3749/3977/3789 3782/4012/3820 3783/4013/3821 3750/3978/3790 
f 3751/3979/3758 3750/3980/3790 3783/4014/3821 3784/4015/3822 
f 3751/3979/3758 3784/4015/3822 3785/4016/3823 3752/3981/3759 
f 3786/4017/3824 3754/3983/3792 3753/3982/3791 
f 3786/4018/3825 3755/3985/3793 3754/3984/3792 
f 3786/4018/3826 3756/3986/3794 3755/3985/3793 
f 3786/4018/3827 3757/3987/3795 3756/3986/3794 
f 3786/4018/3828 3758/3988/3796 3757/3987/3795 
f 3786/4018/3829 3759/3989/3797 3758/3988/3796 
f 3786/4018/3830 3760/3990/3798 3759/3989/3797 
f 3786/4018/3831 3761/3991/3799 3760/3990/3798 
f 3786/4018/3832 3762/3992/3800 3761/3991/3799 
f 3786/4018/3833 3763/3993/3801 3762/3992/3800 
f 3786/4018/3834 3764/3994/3802 3763/3993/3801 
f 3786/4018/3835 3765/3995/3803 3764/3994/3802 
f 3786/4018/3836 3766/3996/3804 3765/3995/3803 
f 3786/4018/3837 3767/3997/3805 3766/3996/3804 
f 3786/4018/3838 3768/3998/3806 3767/3997/3805 
f 3786/4018/3839 3769/3999/3807 3768/3998/3806 
f 3786/4018/3840 3770/4000/3808 3769/3999/3807 
f 3786/4018/3841 3771/4001/3809 3770/4000/3808 
f 3786/4018/3842 3772/4002/3810 3771/4001/3809 
f 3786/4018/3843 3773/4003/3811 3772/4002/3810 
f 3786/4018/3844 3774/4004/3812 3773/4003/3811 
f 3786/4018/3845 3775/4005/3813 3774/4004/3812 
f 3786/4018/3846 3776/4006/3814 3775/4005/3813 
f 3786/4018/3847 3777/4007/3815 3776/4006/3814 
f 3786/4018/3848 3778/4008/3816 3777/4007/3815 
f 3786/4018/3849 3779/4009/3817 3778/4008/3816 
f 3786/4018/3850 3780/4010/3818 3779/4009/3817 
f 3786/4018/3851 3781/4011/3819 3780/4010/3818 
f 3786/4018/3852 3782/4012/3820 3781/4011/3819 
f 3786/4018/3853 3783/4013/3821 3782/4012/3820 
f 3786/4017/3854 3784/4015/3822 3783/4014/3821 
f 3786/4017/3855 3785/4016/3823 3784/4015/3822 
f 3787/4019/3856 3788/4020/3857 3653/3876/3693 
f 3788/4020/3857 3789/4021/3858 3651/3873/3691 
f 3789/4022/3858 3790/4023/3859 3648/3869/3688 
f 3790/4023/3859 3791/4024/3860 3647/3868/3687 
f 3791/4024/3860 3792/4025/3861 3645/3866/3685 
f 3792/4025/3861 3793/4026/3862 3642/3863/3682 
f 3793/4026/3862 3794/4027/3863 3641/3862/3681 
f 3794/4027/3863 3795/4028/3864 3636/3857/3676 
f 3795/4028/3864 3796/4029/3865 3635/3856/3675 
f 3796/4029/3865 3797/4030/3866 3633/3854/3673 
f 3797/4030/3866 3798/4031/3867 3630/3851/3670 
f 3798/4031/3867 3799/4032/3868 3628/3849/3668 
f 3799/4032/3868 3800/4033/3869 3606/3826/3646 
f 3800/4033/3869 3801/4034/3870 3606/3826/3646 
f 3801/4034/3870 3802/4035/3871 3603/3823/3643 
f 3802/4035/3871 3803/4036/3872 3602/3822/3642 
f 3803/4036/3872 3804/4037/3873 3602/3822/3642 
f 3804/4037/3873 3805/4038/3874 3600/3820/3640 
f 3805/4038/3874 3806/4039/3875 3597/3817/3637 
f 3806/4039/3875 3807/4040/3876 3596/3816/3636 
f 3807/4040/3876 3808/4041/3877 3594/3814/3634 
f 3808/4041/3877 3809/4042/3878 3591/3811/3631 
f 3809/4042/3878 3810/4043/3879 3590/3810/3630 
f 3810/4043/3879 3811/4044/3880 3588/3808/3628 
f 3811/4044/3880 3812/4045/3881 3584/3804/3624 
f 3812/4045/3881 3813/4046/3882 3582/3802/3622 
f 3813/4046/3882 3814/4047/3883 3579/3799/3619 
f 3814/4047/3883 3815/4048/3884 3578/3798/3618 
f 3815/4048/3884 3816/4049/3885 3576/3796/3616 
f 3816/4049/3885 3817/4050/3886 3574/3794/3614 
f 3817/4051/3886 3818/4052/3887 3572/3790/3612 
f 3818/4052/3887 3819/4053/3888 3569/3787/3609 
f 3569/3787/3609 3572/3790/3612 3818/4052/3887 
f 3572/3791/3612 3574/3794/3614 3817/4050/3886 
f 3574/3794/3614 3576/3796/3616 3816/4049/3885 
f 3576/3796/3616 3578/3798/3618 3815/4048/3884 
f 3578/3798/3618 3579/3799/3619 3814/4047/3883 
f 3579/3799/3619 3582/3802/3622 3813/4046/3882 
f 3582/3802/3622 3584/3804/3624 3812/4045/3881 
f 3584/3804/3624 3585/3805/3625 3811/4044/3880 
f 3585/3805/3625 3588/3808/3628 3811/4044/3880 
f 3588/3808/3628 3590/3810/3630 3810/4043/3879 
f 3590/3810/3630 3591/3811/3631 3809/4042/3878 
f 3591/3811/3631 3594/3814/3634 3808/4041/3877 
f 3594/3814/3634 3596/3816/3636 3807/4040/3876 
f 3596/3816/3636 3597/3817/3637 3806/4039/3875 
f 3597/3817/3637 3600/3820/3640 3805/4038/3874 
f 3600/3820/3640 3602/3822/3642 3804/4037/3873 
f 3602/3822/3642 3603/3823/3643 3802/4035/3871 
f 3603/3823/3643 3606/3826/3646 3801/4034/3870 
f 3606/3826/3646 3607/3827/3647 3628/3849/3668 
f 3628/3849/3668 3630/3851/3670 3798/4031/3867 
f 3630/3851/3670 3633/3854/3673 3797/4030/3866 
f 3633/3854/3673 3635/3856/3675 3796/4029/3865 
f 3635/3856/3675 3636/3857/3676 3795/4028/3864 
f 3636/3857/3676 3639/3860/3679 3794/4027/3863 
f 3639/3860/3679 3641/3862/3681 3794/4027/3863 
f 3641/3862/3681 3642/3863/3682 3793/4026/3862 
f 3642/3863/3682 3645/3866/3685 3792/4025/3861 
f 3645/3866/3685 3647/3868/3687 3791/4024/3860 
f 3647/3868/3687 3648/3869/3688 3790/4023/3859 
f 3648/3874/3688 3651/3873/3691 3789/4021/3858 
f 3651/3873/3691 3653/3876/3693 3788/4020/3857 
f 3628/3849/3668 3799/4032/3868 3606/3826/3646 
# 178 polygons - 97 triangles

#
# object Letrero016
#

v  4.7685 1.5568 -0.0000
v  4.7677 1.5532 0.0753
v  4.8400 1.5033 0.0729
v  4.8407 1.5068 -0.0000
v  4.7657 1.5429 0.1469
v  4.8379 1.4934 0.1422
v  4.7619 1.5241 0.2244
v  4.8342 1.4752 0.2171
v  4.7571 1.5003 0.2925
v  4.8295 1.4522 0.2830
v  4.7502 1.4664 0.3656
v  4.8228 1.4195 0.3537
v  4.7430 1.4307 0.4264
v  4.8157 1.3849 0.4126
v  4.7337 1.3844 0.4902
v  4.8065 1.3401 0.4744
v  4.7240 1.3367 0.5439
v  4.7970 1.2940 0.5263
v  4.7126 1.2801 0.5963
v  4.7858 1.2393 0.5770
v  4.7008 1.2215 0.6407
v  4.7742 1.1827 0.6199
v  4.6881 1.1588 0.6792
v  4.7618 1.1220 0.6572
v  4.6744 1.0907 0.7122
v  4.7483 1.0562 0.6891
v  5.0372 1.3661 -0.0000
v  5.0365 1.3629 0.0660
v  5.0346 1.3540 0.1287
v  5.0311 1.3375 0.1966
v  5.0266 1.3167 0.2562
v  5.0203 1.2871 0.3203
v  5.0136 1.2559 0.3735
v  5.0049 1.2154 0.4295
v  4.9960 1.1738 0.4765
v  4.9854 1.1243 0.5224
v  4.9744 1.0731 0.5613
v  4.9627 1.0183 0.5950
v  4.9500 0.9588 0.6239
v  4.9363 0.8952 0.6471
v  4.7338 0.9858 0.7147
v  4.7203 0.9197 0.7315
v  4.9235 0.8355 0.6623
v  4.7059 0.8496 0.7423
v  4.9100 0.7722 0.6721
v  4.6908 0.7759 0.7461
v  4.8957 0.7056 0.6755
v  4.6761 0.7045 0.7425
v  4.8819 0.6410 0.6723
v  4.6622 0.6367 0.7324
v  4.8687 0.5797 0.6632
v  5.2345 1.2148 0.0587
v  5.2351 1.2176 -0.0000
v  5.2327 1.2069 0.1145
v  5.2294 1.1922 0.1748
v  5.2253 1.1738 0.2279
v  5.2194 1.1475 0.2848
v  5.2132 1.1198 0.3322
v  5.2051 1.0839 0.3820
v  5.1969 1.0469 0.4238
v  5.1870 1.0030 0.4646
v  5.1769 0.9576 0.4992
v  5.1660 0.9089 0.5292
v  5.1541 0.8561 0.5549
v  5.1415 0.7996 0.5755
v  5.1296 0.7466 0.5891
v  5.1170 0.6904 0.5977
v  5.1038 0.6313 0.6008
v  5.0910 0.5740 0.5979
v  5.0788 0.5196 0.5898
v  5.0656 0.4607 0.5748
v  4.8545 0.5133 0.6463
v  4.8420 0.4550 0.6250
v  5.0540 0.4089 0.5559
v  4.8286 0.3924 0.5948
v  5.0416 0.3534 0.5290
v  4.8174 0.3403 0.5628
v  5.0312 0.3071 0.5006
v  4.8057 0.2856 0.5214
v  5.0203 0.2586 0.4637
v  4.7959 0.2396 0.4788
v  5.0112 0.2178 0.4259
v  4.7863 0.1948 0.4283
v  5.0023 0.1779 0.3809
v  4.7781 0.1568 0.3759
v  4.9947 0.1442 0.3343
v  4.7711 0.1238 0.3198
v  4.9882 0.1149 0.2845
v  4.7650 0.0955 0.2590
v  4.9826 0.0898 0.2304
v  4.7601 0.0728 0.1939
v  4.9781 0.0697 0.1725
v  4.7569 0.0579 0.1329
v  4.9751 0.0565 0.1182
v  4.7549 0.0484 0.0681
v  4.9732 0.0480 0.0606
v  4.7542 0.0450 -0.0000
v  4.9725 0.0450 -0.0000
v  5.4246 1.0658 0.0513
v  5.4252 1.0683 -0.0000
v  5.4230 1.0589 0.1001
v  5.4200 1.0461 0.1529
v  5.4162 1.0300 0.1993
v  5.4109 1.0071 0.2491
v  5.4052 0.9829 0.2905
v  5.3979 0.9516 0.3340
v  5.3903 0.9193 0.3706
v  5.3814 0.8810 0.4063
v  5.3721 0.8414 0.4366
v  5.3622 0.7989 0.4628
v  5.3514 0.7528 0.4853
v  5.3399 0.7035 0.5033
v  5.3291 0.6573 0.5152
v  5.3176 0.6082 0.5228
v  5.3055 0.5566 0.5254
v  5.2938 0.5067 0.5229
v  5.2827 0.4592 0.5158
v  5.2707 0.4078 0.5027
v  5.2601 0.3626 0.4862
v  5.2488 0.3141 0.4626
v  5.2393 0.2737 0.4378
v  5.2294 0.2314 0.4056
v  5.2211 0.1958 0.3724
v  5.2130 0.1610 0.3331
v  5.2061 0.1316 0.2924
v  5.2001 0.1060 0.2488
v  5.1950 0.0841 0.2015
v  5.1909 0.0666 0.1509
v  5.1882 0.0550 0.1033
v  5.1864 0.0476 0.0530
v  5.1858 0.0450 -0.0000
v  5.5723 0.7166 0.3691
v  5.5636 0.6808 0.3912
v  5.5541 0.6419 0.4102
v  5.5439 0.6004 0.4255
v  5.5343 0.5613 0.4355
v  5.5242 0.5200 0.4419
v  5.5136 0.4765 0.4442
v  5.5032 0.4343 0.4421
v  5.4934 0.3943 0.4361
v  5.4828 0.3509 0.4250
v  5.4735 0.3128 0.4110
v  5.4635 0.2719 0.3911
v  5.4552 0.2379 0.3701
v  5.4464 0.2022 0.3429
v  5.4391 0.1721 0.3149
v  5.4319 0.1428 0.2816
v  5.4258 0.1180 0.2472
v  5.4205 0.0965 0.2103
v  5.4160 0.0780 0.1703
v  5.4124 0.0632 0.1275
v  5.4100 0.0535 0.0874
v  5.4085 0.0472 0.0448
v  5.4079 0.0450 -0.0000
v  4.6417 0.0450 -0.0000
v  4.6417 0.0486 0.0724
v  4.6417 0.0594 0.1440
v  4.6417 0.0772 0.2144
v  4.6417 0.1019 0.2826
v  4.6417 0.1340 0.3500
v  4.6417 0.1727 0.4138
v  4.6417 0.2174 0.4736
v  4.6417 0.2677 0.5287
v  4.6417 0.3260 0.5813
v  4.6417 0.3892 0.6278
v  4.6417 0.4566 0.6679
v  4.6417 0.5276 0.7013
v  4.6417 0.6040 0.7286
v  4.6417 0.6828 0.7483
v  4.6417 0.7630 0.7602
v  4.6417 0.8439 0.7642
v  4.6417 0.9252 0.7604
v  4.6417 1.0056 0.7486
v  4.6417 1.0845 0.7290
v  4.6417 1.1610 0.7018
v  4.6417 1.2319 0.6684
v  4.6417 1.2992 0.6283
v  4.6417 1.3623 0.5817
v  4.6417 1.4204 0.5292
v  4.6417 1.4706 0.4739
v  4.6417 1.5152 0.4141
v  4.6417 1.5537 0.3501
v  4.6417 1.5857 0.2826
v  4.6417 1.6102 0.2144
v  4.6417 1.6278 0.1441
v  4.6417 1.6385 0.0724
v  4.6417 1.6421 -0.0000
v  5.6210 0.9064 -0.0000
v  5.6210 0.9041 0.0418
v  5.6210 0.8972 0.0831
v  5.6210 0.8858 0.1234
v  5.6210 0.8700 0.1623
v  5.6210 0.8483 0.2024
v  5.6210 0.8221 0.2398
v  5.6210 0.7918 0.2739
v  5.6210 0.7580 0.3045
v  5.6210 0.7211 0.3313
v  5.6210 0.6817 0.3540
v  5.6210 0.6402 0.3725
v  5.6210 0.5969 0.3866
v  5.6210 0.5160 0.4010
v  5.6210 0.4338 0.4007
v  5.6210 0.3561 0.3866
v  5.6210 0.2819 0.3593
v  5.6210 0.2122 0.3181
v  5.6210 0.1513 0.2645
v  5.6210 0.1044 0.2036
v  5.6210 0.0700 0.1348
v  5.6210 0.0513 0.0685
v  5.6210 0.0450 -0.0000
# 210 vertices

vn 0.5636 0.8249 0.0445
vn 0.5631 0.8216 0.0889
vn 0.5743 0.8138 0.0887
vn 0.5749 0.8170 0.0448
vn 0.5602 0.8092 0.1773
vn 0.5706 0.8019 0.1770
vn 0.5546 0.7885 0.2661
vn 0.5645 0.7817 0.2651
vn 0.5465 0.7599 0.3520
vn 0.5558 0.7535 0.3511
vn 0.5358 0.7233 0.4356
vn 0.5448 0.7175 0.4340
vn 0.5231 0.6801 0.5136
vn 0.5315 0.6745 0.5125
vn 0.5081 0.6293 0.5881
vn 0.5161 0.6243 0.5864
vn 0.4911 0.5725 0.6566
vn 0.4985 0.5675 0.6553
vn 0.4723 0.5087 0.7198
vn 0.4790 0.5044 0.7184
vn 0.4516 0.4401 0.7761
vn 0.4577 0.4359 0.7749
vn 0.4295 0.3667 0.8252
vn 0.4349 0.3624 0.8243
vn 0.4034 0.2846 0.8697
vn 0.4101 0.2827 0.8671
vn 0.5906 0.8058 0.0446
vn 0.5899 0.8026 0.0883
vn 0.5862 0.7908 0.1762
vn 0.5798 0.7708 0.2638
vn 0.5709 0.7429 0.3495
vn 0.5596 0.7072 0.4321
vn 0.5460 0.6645 0.5102
vn 0.5302 0.6148 0.5839
vn 0.5122 0.5585 0.6525
vn 0.4922 0.4959 0.7155
vn 0.4704 0.4279 0.7718
vn 0.4469 0.3550 0.8211
vn 0.4214 0.2759 0.8639
vn 0.3947 0.1932 0.8983
vn 0.3844 0.2007 0.9011
vn 0.3597 0.1159 0.9258
vn 0.3677 0.1098 0.9234
vn 0.3331 0.0294 0.9424
vn 0.3397 0.0238 0.9402
vn 0.3047 -0.0603 0.9505
vn 0.3105 -0.0657 0.9483
vn 0.2744 -0.1485 0.9501
vn 0.2815 -0.1543 0.9471
vn 0.2383 -0.2312 0.9433
vn 0.2526 -0.2424 0.9367
vn 0.6076 0.7894 0.0877
vn 0.6083 0.7925 0.0444
vn 0.6038 0.7777 0.1751
vn 0.5973 0.7579 0.2623
vn 0.5882 0.7303 0.3475
vn 0.5765 0.6950 0.4296
vn 0.5626 0.6528 0.5074
vn 0.5463 0.6036 0.5807
vn 0.5278 0.5479 0.6491
vn 0.5072 0.4859 0.7118
vn 0.4848 0.4185 0.7680
vn 0.4607 0.3463 0.8172
vn 0.4344 0.2680 0.8599
vn 0.4069 0.1859 0.8943
vn 0.3791 0.1033 0.9196
vn 0.3503 0.0179 0.9365
vn 0.3202 -0.0709 0.9447
vn 0.2904 -0.1589 0.9436
vn 0.2605 -0.2463 0.9335
vn 0.2306 -0.3339 0.9140
vn 0.2246 -0.3300 0.9169
vn 0.1969 -0.4168 0.8874
vn 0.2012 -0.4197 0.8851
vn 0.1693 -0.5002 0.8492
vn 0.1728 -0.5024 0.8472
vn 0.1433 -0.5786 0.8029
vn 0.1458 -0.5806 0.8010
vn 0.1185 -0.6528 0.7482
vn 0.1204 -0.6542 0.7467
vn 0.0956 -0.7211 0.6862
vn 0.0968 -0.7223 0.6847
vn 0.0746 -0.7836 0.6167
vn 0.0752 -0.7844 0.6156
vn 0.0557 -0.8389 0.5414
vn 0.0561 -0.8395 0.5405
vn 0.0394 -0.8866 0.4608
vn 0.0395 -0.8871 0.4600
vn 0.0257 -0.9272 0.3736
vn 0.0253 -0.9275 0.3729
vn 0.0146 -0.9592 0.2822
vn 0.0142 -0.9593 0.2820
vn 0.0065 -0.9815 0.1911
vn 0.0064 -0.9816 0.1910
vn 0.0017 -0.9952 0.0976
vn 0.0017 -0.9952 0.0974
vn -0.0000 -0.9988 0.0494
vn -0.0000 -0.9988 0.0493
vn 0.6260 0.7749 0.0872
vn 0.6267 0.7780 0.0440
vn 0.6220 0.7635 0.1739
vn 0.6153 0.7440 0.2607
vn 0.6060 0.7166 0.3453
vn 0.5942 0.6816 0.4270
vn 0.5801 0.6398 0.5041
vn 0.5635 0.5911 0.5771
vn 0.5446 0.5360 0.6451
vn 0.5235 0.4748 0.7075
vn 0.4998 0.4084 0.7638
vn 0.4750 0.3370 0.8129
vn 0.4480 0.2594 0.8556
vn 0.4197 0.1781 0.8900
vn 0.3911 0.0963 0.9153
vn 0.3614 0.0116 0.9323
vn 0.3304 -0.0764 0.9407
vn 0.2996 -0.1637 0.9399
vn 0.2689 -0.2506 0.9300
vn 0.2381 -0.3375 0.9107
vn 0.2077 -0.4228 0.8821
vn 0.1784 -0.5050 0.8445
vn 0.1506 -0.5827 0.7986
vn 0.1243 -0.6559 0.7446
vn 0.1000 -0.7237 0.6829
vn 0.0777 -0.7854 0.6140
vn 0.0579 -0.8402 0.5391
vn 0.0408 -0.8876 0.4589
vn 0.0262 -0.9279 0.3720
vn 0.0147 -0.9595 0.2814
vn 0.0067 -0.9817 0.1905
vn 0.0017 -0.9953 0.0972
vn -0.0000 -0.9988 0.0492
vn 0.5152 0.4144 0.7502
vn 0.4867 0.3282 0.8095
vn 0.4590 0.2512 0.8522
vn 0.4324 0.1686 0.8858
vn 0.4023 0.0894 0.9111
vn 0.3726 0.0041 0.9280
vn 0.3400 -0.0823 0.9368
vn 0.3092 -0.1694 0.9358
vn 0.2769 -0.2554 0.9263
vn 0.2461 -0.3416 0.9071
vn 0.2141 -0.4265 0.8788
vn 0.1850 -0.5078 0.8414
vn 0.1554 -0.5852 0.7958
vn 0.1293 -0.6578 0.7420
vn 0.1033 -0.7251 0.6809
vn 0.0808 -0.7867 0.6120
vn 0.0599 -0.8410 0.5378
vn 0.0428 -0.8883 0.4572
vn 0.0273 -0.9281 0.3714
vn 0.0154 -0.9598 0.2803
vn 0.0069 -0.9817 0.1903
vn 0.0020 -0.9953 0.0968
vn -0.0000 -0.9988 0.0490
vn -0.0001 -0.9988 0.0496
vn 0.0011 -0.9950 0.0999
vn 0.0050 -0.9800 0.1988
vn 0.0130 -0.9551 0.2960
vn 0.0243 -0.9209 0.3891
vn 0.0383 -0.8770 0.4789
vn 0.0553 -0.8245 0.5631
vn 0.0753 -0.7643 0.6405
vn 0.0970 -0.6968 0.7106
vn 0.1219 -0.6211 0.7742
vn 0.1482 -0.5398 0.8286
vn 0.1763 -0.4544 0.8732
vn 0.2049 -0.3654 0.9080
vn 0.2279 -0.2825 0.9318
vn 0.2601 -0.1843 0.9478
vn 0.2860 -0.0885 0.9541
vn 0.3144 0.0057 0.9493
vn 0.3423 0.0981 0.9345
vn 0.3749 0.1929 0.9068
vn 0.4035 0.2561 0.8784
vn 0.4167 0.3508 0.8386
vn 0.4382 0.4267 0.7911
vn 0.4585 0.4964 0.7371
vn 0.4774 0.5602 0.6770
vn 0.4939 0.6179 0.6118
vn 0.5088 0.6673 0.5439
vn 0.5208 0.7111 0.4724
vn 0.5321 0.7477 0.3972
vn 0.5407 0.7781 0.3198
vn 0.5483 0.8009 0.2408
vn 0.5534 0.8171 0.1615
vn 0.5570 0.8266 0.0806
vn 0.5579 0.8289 0.0410
vn 0.6366 0.7701 0.0423
vn 0.6359 0.7669 0.0863
vn 0.6321 0.7556 0.1719
vn 0.6259 0.7368 0.2558
vn 0.6169 0.7098 0.3399
vn 0.6048 0.6742 0.4240
vn 0.5893 0.6299 0.5058
vn 0.5717 0.5784 0.5820
vn 0.5413 0.5139 0.6656
vn 0.5107 0.4776 0.7149
vn 0.5153 0.3804 0.7679
vn 0.4885 0.3046 0.8176
vn 0.4606 0.2070 0.8632
vn 0.4103 0.0590 0.9100
vn 0.3485 -0.1054 0.9314
vn 0.2864 -0.2707 0.9191
vn 0.2250 -0.4351 0.8718
vn 0.1654 -0.5940 0.7873
vn 0.1111 -0.7362 0.6676
vn 0.0665 -0.8518 0.5196
vn 0.0335 -0.9354 0.3520
vn 0.0141 -0.9839 0.1780
vn 0.0078 -0.9963 0.0860
# 210 vertex normals

vt 0.5000 0.1432 0.5080
vt 0.3756 0.1432 0.5070
vt 0.3796 0.1378 0.4931
vt 0.5000 0.1378 0.4940
vt 0.2574 0.1434 0.5041
vt 0.2652 0.1380 0.4903
vt 0.5041 0.1434 0.2574
vt 0.4989 0.1437 0.1294
vt 0.4852 0.1383 0.1414
vt 0.4903 0.1380 0.2652
vt 0.4922 0.1440 0.0170
vt 0.4788 0.1386 0.0326
vt 0.4828 0.1445 -0.1038
vt 0.4697 0.1391 -0.0842
vt 0.4728 0.1451 -0.2043
vt 0.4600 0.1396 -0.1814
vt 0.4599 0.1458 -0.3097
vt 0.4475 0.1403 -0.2834
vt 0.4466 0.1465 -0.3984
vt 0.4347 0.1410 -0.3692
vt 0.4308 0.1474 -0.4849
vt 0.4194 0.1419 -0.4530
vt 0.4144 0.1482 -0.5582
vt 0.4036 0.1427 -0.5239
vt 0.3969 0.1492 -0.6218
vt 0.3867 0.1437 -0.5854
vt 0.3779 0.1502 -0.6762
vt 0.3683 0.1447 -0.6381
vt 0.5000 0.1231 0.4548
vt 0.3910 0.1231 0.4539
vt 0.2874 0.1233 0.4514
vt 0.4514 0.1233 0.2874
vt 0.4468 0.1235 0.1753
vt 0.4410 0.1239 0.0768
vt 0.4327 0.1243 -0.0290
vt 0.4240 0.1248 -0.1170
vt 0.4127 0.1255 -0.2093
vt 0.4011 0.1262 -0.2870
vt 0.3873 0.1269 -0.3628
vt 0.3730 0.1278 -0.4270
vt 0.3577 0.1286 -0.4827
vt 0.3411 0.1296 -0.5304
vt 0.3234 0.1306 -0.5687
vt 0.3487 0.1458 -0.6804
vt 0.3302 0.1468 -0.7082
vt 0.3067 0.1316 -0.5939
vt 0.3107 0.1479 -0.7260
vt 0.2891 0.1326 -0.6100
vt 0.2901 0.1490 -0.7323
vt 0.2705 0.1337 -0.6157
vt 0.2702 0.1501 -0.7264
vt 0.2525 0.1347 -0.6104
vt 0.2513 0.1511 -0.7097
vt 0.2354 0.1357 -0.5953
vt 0.4031 0.1083 0.4126
vt 0.5000 0.1083 0.4133
vt 0.3109 0.1084 0.4103
vt 0.4063 0.1087 0.2112
vt 0.4103 0.1084 0.3109
vt 0.4011 0.1090 0.1236
vt 0.3938 0.1094 0.0296
vt 0.3861 0.1099 -0.0487
vt 0.3760 0.1105 -0.1309
vt 0.3657 0.1111 -0.2000
vt 0.3535 0.1119 -0.2674
vt 0.3408 0.1126 -0.3245
vt 0.3272 0.1134 -0.3740
vt 0.3125 0.1143 -0.4165
vt 0.2967 0.1153 -0.4505
vt 0.2819 0.1162 -0.4729
vt 0.2662 0.1171 -0.4872
vt 0.2498 0.1181 -0.4923
vt 0.2338 0.1190 -0.4875
vt 0.2186 0.1200 -0.4741
vt 0.2022 0.1209 -0.4493
vt 0.2168 0.1367 -0.5674
vt 0.2006 0.1377 -0.5323
vt 0.1877 0.1218 -0.4181
vt 0.1831 0.1387 -0.4823
vt 0.1722 0.1227 -0.3737
vt 0.1686 0.1395 -0.4296
vt 0.1593 0.1235 -0.3268
vt 0.1533 0.1404 -0.3612
vt 0.1458 0.1243 -0.2659
vt 0.1405 0.1411 -0.2908
vt 0.1344 0.1250 -0.2034
vt 0.1279 0.1418 -0.2074
vt 0.1232 0.1257 -0.1291
vt 0.1173 0.1425 -0.1209
vt 0.1138 0.1262 -0.0522
vt 0.1081 0.1430 -0.0283
vt 0.1057 0.1267 0.0302
vt 0.1003 0.1434 0.0722
vt 0.0987 0.1272 0.1195
vt 0.0939 0.1438 0.1797
vt 0.0931 0.1275 0.2151
vt 0.0898 0.1440 0.2806
vt 0.0894 0.1277 0.3048
vt 0.6952 0.1277 0.0894
vt 0.7194 0.1440 0.0898
vt 0.6125 0.1442 0.0871
vt 0.6000 0.1279 0.0870
vt 0.5000 0.1442 0.0862
vt 0.5000 0.1279 0.0862
vt 0.4152 0.0941 0.3710
vt 0.5000 0.0940 0.3717
vt 0.3347 0.0942 0.3691
vt 0.3691 0.0942 0.3347
vt 0.3655 0.0944 0.2475
vt 0.3610 0.0947 0.1709
vt 0.3546 0.0951 0.0886
vt 0.3479 0.0955 0.0201
vt 0.3391 0.0961 -0.0517
vt 0.3301 0.0966 -0.1121
vt 0.3194 0.0973 -0.1711
vt 0.3084 0.0980 -0.2210
vt 0.2965 0.0987 -0.2644
vt 0.2837 0.0996 -0.3015
vt 0.2699 0.1004 -0.3313
vt 0.2570 0.1012 -0.3508
vt 0.2433 0.1021 -0.3634
vt 0.2289 0.1030 -0.3678
vt 0.2150 0.1039 -0.3636
vt 0.2017 0.1047 -0.3519
vt 0.1874 0.1056 -0.3302
vt 0.1748 0.1064 -0.3030
vt 0.1612 0.1072 -0.2641
vt 0.1500 0.1079 -0.2230
vt 0.1382 0.1087 -0.1698
vt 0.1282 0.1093 -0.1151
vt 0.1185 0.1099 -0.0502
vt 0.1103 0.1104 0.0171
vt 0.1032 0.1109 0.0891
vt 0.0971 0.1113 0.1673
vt 0.0922 0.1116 0.2508
vt 0.0890 0.1118 0.3293
vt 0.6707 0.1118 0.0890
vt 0.5875 0.1119 0.0869
vt 0.5000 0.1119 0.0862
vt 0.2735 0.0830 -0.1095
vt 0.2636 0.0837 -0.1462
vt 0.2527 0.0844 -0.1776
vt 0.2411 0.0852 -0.2027
vt 0.2302 0.0859 -0.2193
vt 0.2187 0.0866 -0.2299
vt 0.2066 0.0874 -0.2336
vt 0.1948 0.0882 -0.2301
vt 0.1836 0.0889 -0.2202
vt 0.1715 0.0897 -0.2019
vt 0.1609 0.0904 -0.1788
vt 0.1495 0.0912 -0.1459
vt 0.1400 0.0918 -0.1113
vt 0.1300 0.0924 -0.0663
vt 0.1216 0.0930 -0.0200
vt 0.1135 0.0935 0.0349
vt 0.1065 0.0940 0.0917
vt 0.1005 0.0944 0.1526
vt 0.0954 0.0947 0.2187
vt 0.0912 0.0950 0.2894
vt 0.0885 0.0952 0.3557
vt 0.5740 0.0953 0.0868
vt 0.6443 0.0952 0.0885
vt 0.5000 0.0953 0.0862
vt 0.5000 0.1527 0.0862
vt 0.6195 0.1527 0.0872
vt 0.7379 0.1527 0.0902
vt 0.0902 0.1527 0.2621
vt 0.0951 0.1527 0.1459
vt 0.1020 0.1527 0.0332
vt 0.1110 0.1527 -0.0780
vt 0.1218 0.1527 -0.1834
vt 0.1343 0.1527 -0.2821
vt 0.1483 0.1527 -0.3732
vt 0.1646 0.1527 -0.4600
vt 0.1822 0.1527 -0.5368
vt 0.2010 0.1527 -0.6031
vt 0.2208 0.1527 -0.6583
vt 0.2421 0.1527 -0.7034
vt 0.2641 0.1527 -0.7359
vt 0.2865 0.1527 -0.7555
vt 0.3091 0.1527 -0.7622
vt 0.3317 0.1527 -0.7558
vt 0.3542 0.1527 -0.7364
vt 0.3762 0.1527 -0.7041
vt 0.3976 0.1527 -0.6591
vt 0.4173 0.1527 -0.6039
vt 0.4361 0.1527 -0.5376
vt 0.4537 0.1527 -0.4608
vt 0.4699 0.1527 -0.3740
vt 0.4839 0.1527 -0.2827
vt 0.4964 0.1527 -0.1838
vt 0.5071 0.1527 -0.0782
vt 0.5161 0.1527 0.0333
vt 0.5229 0.1527 0.1459
vt 0.5278 0.1527 0.2620
vt 0.2620 0.1527 0.5278
vt 0.3804 0.1527 0.5308
vt 0.5000 0.1527 0.5318
vt 0.5000 0.0794 0.3265
vt 0.4310 0.0794 0.3259
vt 0.3628 0.0794 0.3239
vt 0.3239 0.0794 0.3628
vt 0.3208 0.0794 0.2961
vt 0.3164 0.0794 0.2319
vt 0.3103 0.0794 0.1657
vt 0.3030 0.0794 0.1040
vt 0.2945 0.0794 0.0476
vt 0.2851 0.0794 -0.0030
vt 0.2748 0.0794 -0.0472
vt 0.2638 0.0794 -0.0846
vt 0.2522 0.0794 -0.1152
vt 0.2402 0.0794 -0.1386
vt 0.2176 0.0794 -0.1623
vt 0.1946 0.0794 -0.1618
vt 0.1730 0.0794 -0.1386
vt 0.1523 0.0794 -0.0935
vt 0.1328 0.0794 -0.0254
vt 0.1158 0.0794 0.0631
vt 0.1027 0.0794 0.1637
vt 0.0931 0.0794 0.2774
vt 0.0879 0.0794 0.3868
vt 0.6132 0.0794 0.0879
vt 0.5000 0.0794 0.0862
vt 0.3710 0.0941 0.4152
# 224 texture coords

o Letrero016
g Letrero016
usemtl blanco
s 1
f 3820/4054/3889 3821/4055/3890 3822/4056/3891 3823/4057/3892 
f 3822/4056/3891 3821/4055/3890 3824/4058/3893 3825/4059/3894 
f 3824/4060/3893 3826/4061/3895 3827/4062/3896 3825/4063/3894 
f 3826/4061/3895 3828/4064/3897 3829/4065/3898 3827/4062/3896 
f 3829/4065/3898 3828/4064/3897 3830/4066/3899 3831/4067/3900 
f 3830/4066/3899 3832/4068/3901 3833/4069/3902 3831/4067/3900 
f 3832/4068/3901 3834/4070/3903 3835/4071/3904 3833/4069/3902 
f 3835/4071/3904 3834/4070/3903 3836/4072/3905 3837/4073/3906 
f 3836/4072/3905 3838/4074/3907 3839/4075/3908 3837/4073/3906 
f 3838/4074/3907 3840/4076/3909 3841/4077/3910 3839/4075/3908 
f 3841/4077/3910 3840/4076/3909 3842/4078/3911 3843/4079/3912 
f 3842/4078/3911 3844/4080/3913 3845/4081/3914 3843/4079/3912 
f 3846/4082/3915 3823/4057/3892 3822/4056/3891 3847/4083/3916 
f 3825/4059/3894 3848/4084/3917 3847/4083/3916 3822/4056/3891 
f 3848/4085/3917 3825/4063/3894 3827/4062/3896 3849/4086/3918 
f 3849/4086/3918 3827/4062/3896 3829/4065/3898 3850/4087/3919 
f 3829/4065/3898 3831/4067/3900 3851/4088/3920 3850/4087/3919 
f 3851/4088/3920 3831/4067/3900 3833/4069/3902 3852/4089/3921 
f 3852/4089/3921 3833/4069/3902 3835/4071/3904 3853/4090/3922 
f 3835/4071/3904 3837/4073/3906 3854/4091/3923 3853/4090/3922 
f 3854/4091/3923 3837/4073/3906 3839/4075/3908 3855/4092/3924 
f 3855/4092/3924 3839/4075/3908 3841/4077/3910 3856/4093/3925 
f 3841/4077/3910 3843/4079/3912 3857/4094/3926 3856/4093/3925 
f 3857/4094/3926 3843/4079/3912 3845/4081/3914 3858/4095/3927 
f 3859/4096/3928 3858/4095/3927 3845/4081/3914 3860/4097/3929 
f 3860/4097/3929 3861/4098/3930 3862/4099/3931 3859/4096/3928 
f 3862/4099/3931 3861/4098/3930 3863/4100/3932 3864/4101/3933 
f 3863/4100/3932 3865/4102/3934 3866/4103/3935 3864/4101/3933 
f 3865/4102/3934 3867/4104/3936 3868/4105/3937 3866/4103/3935 
f 3868/4105/3937 3867/4104/3936 3869/4106/3938 3870/4107/3939 
f 3846/4082/3915 3847/4083/3916 3871/4108/3940 3872/4109/3941 
f 3873/4110/3942 3871/4108/3940 3847/4083/3916 3848/4084/3917 
f 3874/4111/3943 3873/4112/3942 3848/4085/3917 3849/4086/3918 
f 3874/4111/3943 3849/4086/3918 3850/4087/3919 3875/4113/3944 
f 3851/4088/3920 3876/4114/3945 3875/4113/3944 3850/4087/3919 
f 3877/4115/3946 3876/4114/3945 3851/4088/3920 3852/4089/3921 
f 3877/4115/3946 3852/4089/3921 3853/4090/3922 3878/4116/3947 
f 3854/4091/3923 3879/4117/3948 3878/4116/3947 3853/4090/3922 
f 3880/4118/3949 3879/4117/3948 3854/4091/3923 3855/4092/3924 
f 3880/4118/3949 3855/4092/3924 3856/4093/3925 3881/4119/3950 
f 3857/4094/3926 3882/4120/3951 3881/4119/3950 3856/4093/3925 
f 3883/4121/3952 3882/4120/3951 3857/4094/3926 3858/4095/3927 
f 3883/4121/3952 3858/4095/3927 3859/4096/3928 3884/4122/3953 
f 3862/4099/3931 3885/4123/3954 3884/4122/3953 3859/4096/3928 
f 3864/4101/3933 3886/4124/3955 3885/4123/3954 3862/4099/3931 
f 3886/4124/3955 3864/4101/3933 3866/4103/3935 3887/4125/3956 
f 3868/4105/3937 3888/4126/3957 3887/4125/3956 3866/4103/3935 
f 3870/4107/3939 3889/4127/3958 3888/4126/3957 3868/4105/3937 
f 3890/4128/3959 3889/4127/3958 3870/4107/3939 3891/4129/3960 
f 3891/4129/3960 3892/4130/3961 3893/4131/3962 3890/4128/3959 
f 3892/4130/3961 3894/4132/3963 3895/4133/3964 3893/4131/3962 
f 3895/4133/3964 3894/4132/3963 3896/4134/3965 3897/4135/3966 
f 3896/4134/3965 3898/4136/3967 3899/4137/3968 3897/4135/3966 
f 3898/4136/3967 3900/4138/3969 3901/4139/3970 3899/4137/3968 
f 3901/4139/3970 3900/4138/3969 3902/4140/3971 3903/4141/3972 
f 3902/4140/3971 3904/4142/3973 3905/4143/3974 3903/4141/3972 
f 3904/4142/3973 3906/4144/3975 3907/4145/3976 3905/4143/3974 
f 3907/4145/3976 3906/4144/3975 3908/4146/3977 3909/4147/3978 
f 3908/4146/3977 3910/4148/3979 3911/4149/3980 3909/4147/3978 
f 3910/4148/3979 3912/4150/3981 3913/4151/3982 3911/4149/3980 
f 3913/4152/3982 3912/4153/3981 3914/4154/3983 3915/4155/3984 
f 3916/4156/3985 3917/4157/3986 3915/4155/3984 3914/4154/3983 
f 3918/4158/3987 3919/4159/3988 3872/4109/3941 3871/4108/3940 
f 3918/4158/3987 3871/4108/3940 3873/4110/3942 3920/4160/3989 
f 3920/4161/3989 3873/4112/3942 3874/4111/3943 3921/4162/3990 
f 3875/4113/3944 3922/4163/3991 3921/4162/3990 3874/4111/3943 
f 3922/4163/3991 3875/4113/3944 3876/4114/3945 3923/4164/3992 
f 3923/4164/3992 3876/4114/3945 3877/4115/3946 3924/4165/3993 
f 3878/4116/3947 3925/4166/3994 3924/4165/3993 3877/4115/3946 
f 3925/4166/3994 3878/4116/3947 3879/4117/3948 3926/4167/3995 
f 3926/4167/3995 3879/4117/3948 3880/4118/3949 3927/4168/3996 
f 3881/4119/3950 3928/4169/3997 3927/4168/3996 3880/4118/3949 
f 3928/4169/3997 3881/4119/3950 3882/4120/3951 3929/4170/3998 
f 3930/4171/3999 3929/4170/3998 3882/4120/3951 3883/4121/3952 
f 3883/4121/3952 3884/4122/3953 3931/4172/4000 3930/4171/3999 
f 3931/4172/4000 3884/4122/3953 3885/4123/3954 3932/4173/4001 
f 3933/4174/4002 3932/4173/4001 3885/4123/3954 3886/4124/3955 
f 3886/4124/3955 3887/4125/3956 3934/4175/4003 3933/4174/4002 
f 3934/4175/4003 3887/4125/3956 3888/4126/3957 3935/4176/4004 
f 3936/4177/4005 3935/4176/4004 3888/4126/3957 3889/4127/3958 
f 3889/4127/3958 3890/4128/3959 3937/4178/4006 3936/4177/4005 
f 3890/4128/3959 3893/4131/3962 3938/4179/4007 3937/4178/4006 
f 3895/4133/3964 3939/4180/4008 3938/4179/4007 3893/4131/3962 
f 3895/4133/3964 3897/4135/3966 3940/4181/4009 3939/4180/4008 
f 3897/4135/3966 3899/4137/3968 3941/4182/4010 3940/4181/4009 
f 3942/4183/4011 3941/4182/4010 3899/4137/3968 3901/4139/3970 
f 3903/4141/3972 3943/4184/4012 3942/4183/4011 3901/4139/3970 
f 3903/4141/3972 3905/4143/3974 3944/4185/4013 3943/4184/4012 
f 3905/4143/3974 3907/4145/3976 3945/4186/4014 3944/4185/4013 
f 3945/4186/4014 3907/4145/3976 3909/4147/3978 3946/4187/4015 
f 3909/4147/3978 3911/4149/3980 3947/4188/4016 3946/4187/4015 
f 3911/4149/3980 3913/4151/3982 3948/4189/4017 3947/4188/4016 
f 3948/4190/4017 3913/4152/3982 3915/4155/3984 3949/4191/4018 
f 3917/4157/3986 3950/4192/4019 3949/4191/4018 3915/4155/3984 
f 3951/4193/4020 3927/4168/3996 3928/4169/3997 
f 3951/4193/4020 3928/4169/3997 3929/4170/3998 3952/4194/4021 
f 3952/4194/4021 3929/4170/3998 3930/4171/3999 3953/4195/4022 
f 3953/4195/4022 3930/4171/3999 3931/4172/4000 3954/4196/4023 
f 3954/4196/4023 3931/4172/4000 3932/4173/4001 3955/4197/4024 
f 3955/4197/4024 3932/4173/4001 3933/4174/4002 3956/4198/4025 
f 3957/4199/4026 3956/4198/4025 3933/4174/4002 3934/4175/4003 
f 3935/4176/4004 3958/4200/4027 3957/4199/4026 3934/4175/4003 
f 3936/4177/4005 3959/4201/4028 3958/4200/4027 3935/4176/4004 
f 3937/4178/4006 3960/4202/4029 3959/4201/4028 3936/4177/4005 
f 3938/4179/4007 3961/4203/4030 3960/4202/4029 3937/4178/4006 
f 3939/4180/4008 3962/4204/4031 3961/4203/4030 3938/4179/4007 
f 3962/4204/4031 3939/4180/4008 3940/4181/4009 3963/4205/4032 
f 3963/4205/4032 3940/4181/4009 3941/4182/4010 3964/4206/4033 
f 3964/4206/4033 3941/4182/4010 3942/4183/4011 3965/4207/4034 
f 3965/4207/4034 3942/4183/4011 3943/4184/4012 3966/4208/4035 
f 3966/4208/4035 3943/4184/4012 3944/4185/4013 3967/4209/4036 
f 3967/4209/4036 3944/4185/4013 3945/4186/4014 3968/4210/4037 
f 3968/4210/4037 3945/4186/4014 3946/4187/4015 3969/4211/4038 
f 3969/4211/4038 3946/4187/4015 3947/4188/4016 3970/4212/4039 
f 3947/4188/4016 3948/4189/4017 3971/4213/4040 3970/4212/4039 
f 3948/4190/4017 3949/4191/4018 3972/4214/4041 3971/4215/4040 
f 3972/4214/4041 3949/4191/4018 3950/4192/4019 3973/4216/4042 
f 3974/4217/4043 3914/4154/3983 3975/4218/4044 
f 3975/4218/4044 3912/4153/3981 3976/4219/4045 
f 3976/4220/4045 3910/4148/3979 3977/4221/4046 
f 3977/4221/4046 3908/4146/3977 3978/4222/4047 
f 3978/4222/4047 3906/4144/3975 3979/4223/4048 
f 3979/4223/4048 3904/4142/3973 3980/4224/4049 
f 3980/4224/4049 3902/4140/3971 3981/4225/4050 
f 3981/4225/4050 3900/4138/3969 3982/4226/4051 
f 3982/4226/4051 3898/4136/3967 3983/4227/4052 
f 3983/4227/4052 3896/4134/3965 3984/4228/4053 
f 3984/4228/4053 3894/4132/3963 3985/4229/4054 
f 3985/4229/4054 3892/4130/3961 3986/4230/4055 
f 3986/4230/4055 3891/4129/3960 3987/4231/4056 
f 3987/4231/4056 3869/4106/3938 3988/4232/4057 
f 3988/4232/4057 3867/4104/3936 3989/4233/4058 
f 3989/4233/4058 3865/4102/3934 3990/4234/4059 
f 3990/4234/4059 3863/4100/3932 3991/4235/4060 
f 3991/4235/4060 3861/4098/3930 3992/4236/4061 
f 3992/4236/4061 3844/4080/3913 3993/4237/4062 
f 3993/4237/4062 3844/4080/3913 3994/4238/4063 
f 3994/4238/4063 3842/4078/3911 3995/4239/4064 
f 3995/4239/4064 3840/4076/3909 3996/4240/4065 
f 3996/4240/4065 3838/4074/3907 3997/4241/4066 
f 3997/4241/4066 3836/4072/3905 3998/4242/4067 
f 3998/4242/4067 3834/4070/3903 3999/4243/4068 
f 3999/4243/4068 3832/4068/3901 4000/4244/4069 
f 4000/4244/4069 3830/4066/3899 4001/4245/4070 
f 4001/4245/4070 3828/4064/3897 4002/4246/4071 
f 4002/4246/4071 3826/4061/3895 4003/4247/4072 
f 4003/4247/4072 3824/4060/3893 4004/4248/4073 
f 4004/4249/4073 3821/4055/3890 4005/4250/4074 
f 4005/4250/4074 3820/4054/3889 4006/4251/4075 
f 4007/4252/4076 3919/4159/3988 4008/4253/4077 
f 4008/4253/4077 3918/4158/3987 4009/4254/4078 
f 4009/4255/4078 3920/4161/3989 4010/4256/4079 
f 4010/4256/4079 3921/4162/3990 4011/4257/4080 
f 4011/4257/4080 3922/4163/3991 4012/4258/4081 
f 4012/4258/4081 3923/4164/3992 4013/4259/4082 
f 4013/4259/4082 3925/4166/3994 4014/4260/4083 
f 4014/4260/4083 3926/4167/3995 4015/4261/4084 
f 4015/4261/4084 3951/4193/4020 4016/4262/4085 
f 4016/4262/4085 3951/4193/4020 4017/4263/4086 
f 4017/4263/4086 3952/4194/4021 4018/4264/4087 
f 4018/4264/4087 3953/4195/4022 4019/4265/4088 
f 4019/4265/4088 3954/4196/4023 4020/4266/4089 
f 4020/4266/4089 3956/4198/4025 4021/4267/4090 
f 4021/4267/4090 3958/4200/4027 4022/4268/4091 
f 4022/4268/4091 3960/4202/4029 4023/4269/4092 
f 4023/4269/4092 3962/4204/4031 4024/4270/4093 
f 4024/4270/4093 3964/4206/4033 4025/4271/4094 
f 4025/4271/4094 3966/4208/4035 4026/4272/4095 
f 4026/4272/4095 3968/4210/4037 4027/4273/4096 
f 4027/4273/4096 3970/4212/4039 4028/4274/4097 
f 4028/4275/4097 3972/4214/4041 4029/4276/4098 
f 4029/4276/4098 3972/4214/4041 3973/4216/4042 
f 3916/4156/3985 3914/4154/3983 3974/4217/4043 
f 3820/4054/3889 4005/4250/4074 3821/4055/3890 
f 3821/4055/3890 4004/4249/4073 3824/4058/3893 
f 3824/4060/3893 4003/4247/4072 3826/4061/3895 
f 3826/4061/3895 4002/4246/4071 3828/4064/3897 
f 3828/4064/3897 4001/4245/4070 3830/4066/3899 
f 3830/4066/3899 4000/4244/4069 3832/4068/3901 
f 3832/4068/3901 3999/4243/4068 3834/4070/3903 
f 3834/4070/3903 3998/4242/4067 3836/4072/3905 
f 3836/4072/3905 3997/4241/4066 3838/4074/3907 
f 3838/4074/3907 3996/4240/4065 3840/4076/3909 
f 3840/4076/3909 3995/4239/4064 3842/4078/3911 
f 3844/4080/3913 3860/4097/3929 3845/4081/3914 
f 3842/4078/3911 3994/4238/4063 3844/4080/3913 
f 3860/4097/3929 3992/4236/4061 3861/4098/3930 
f 3861/4098/3930 3991/4235/4060 3863/4100/3932 
f 3863/4100/3932 3990/4234/4059 3865/4102/3934 
f 3865/4102/3934 3989/4233/4058 3867/4104/3936 
f 3869/4106/3938 3891/4129/3960 3870/4107/3939 
f 3867/4104/3936 3988/4232/4057 3869/4106/3938 
f 3891/4129/3960 3986/4230/4055 3892/4130/3961 
f 3892/4130/3961 3985/4229/4054 3894/4132/3963 
f 3894/4132/3963 3984/4228/4053 3896/4134/3965 
f 3896/4134/3965 3983/4227/4052 3898/4136/3967 
f 3898/4136/3967 3982/4226/4051 3900/4138/3969 
f 3900/4138/3969 3981/4225/4050 3902/4140/3971 
f 3902/4140/3971 3980/4224/4049 3904/4142/3973 
f 3904/4142/3973 3979/4223/4048 3906/4144/3975 
f 3906/4144/3975 3978/4222/4047 3908/4146/3977 
f 3908/4146/3977 3977/4221/4046 3910/4148/3979 
f 3910/4148/3979 3976/4220/4045 3912/4150/3981 
f 3912/4153/3981 3975/4218/4044 3914/4154/3983 
f 3918/4158/3987 4008/4253/4077 3919/4159/3988 
f 3920/4161/3989 4009/4255/4078 3918/4277/3987 
f 3921/4162/3990 4010/4256/4079 3920/4161/3989 
f 3922/4163/3991 4011/4257/4080 3921/4162/3990 
f 3923/4164/3992 4012/4258/4081 3922/4163/3991 
f 3924/4165/3993 4013/4259/4082 3923/4164/3992 
f 3925/4166/3994 4013/4259/4082 3924/4165/3993 
f 3926/4167/3995 4014/4260/4083 3925/4166/3994 
f 3927/4168/3996 4015/4261/4084 3926/4167/3995 
f 3951/4193/4020 4015/4261/4084 3927/4168/3996 
f 3952/4194/4021 4017/4263/4086 3951/4193/4020 
f 3953/4195/4022 4018/4264/4087 3952/4194/4021 
f 3954/4196/4023 4019/4265/4088 3953/4195/4022 
f 3955/4197/4024 4020/4266/4089 3954/4196/4023 
f 3956/4198/4025 4020/4266/4089 3955/4197/4024 
f 3957/4199/4026 4021/4267/4090 3956/4198/4025 
f 3958/4200/4027 4021/4267/4090 3957/4199/4026 
f 3959/4201/4028 4022/4268/4091 3958/4200/4027 
f 3960/4202/4029 4022/4268/4091 3959/4201/4028 
f 3961/4203/4030 4023/4269/4092 3960/4202/4029 
f 3962/4204/4031 4023/4269/4092 3961/4203/4030 
f 3963/4205/4032 4024/4270/4093 3962/4204/4031 
f 3964/4206/4033 4024/4270/4093 3963/4205/4032 
f 3965/4207/4034 4025/4271/4094 3964/4206/4033 
f 3966/4208/4035 4025/4271/4094 3965/4207/4034 
f 3967/4209/4036 4026/4272/4095 3966/4208/4035 
f 3968/4210/4037 4026/4272/4095 3967/4209/4036 
f 3969/4211/4038 4027/4273/4096 3968/4210/4037 
f 3970/4212/4039 4027/4273/4096 3969/4211/4038 
f 3971/4213/4040 4028/4274/4097 3970/4212/4039 
f 3972/4214/4041 4028/4275/4097 3971/4215/4040 
f 3891/4129/3960 3869/4106/3938 3987/4231/4056 
f 3992/4236/4061 3860/4097/3929 3844/4080/3913 
# 116 polygons - 121 triangles

#
# object Letrero017
#

v  5.7763 0.7712 -0.0000
v  5.7759 0.7695 0.0366
v  5.8507 0.7021 0.0332
v  5.8511 0.7037 -0.0000
v  5.7746 0.7646 0.0714
v  5.8496 0.6977 0.0648
v  5.7723 0.7555 0.1090
v  5.8475 0.6894 0.0990
v  5.7694 0.7441 0.1421
v  5.8448 0.6791 0.1290
v  5.7653 0.7278 0.1776
v  5.8410 0.6643 0.1613
v  5.7609 0.7107 0.2072
v  5.8369 0.6488 0.1881
v  5.7553 0.6884 0.2382
v  5.8317 0.6286 0.2163
v  5.7495 0.6655 0.2643
v  5.8263 0.6078 0.2400
v  5.7426 0.6383 0.2897
v  5.8199 0.5832 0.2631
v  5.7354 0.6102 0.3113
v  5.8133 0.5576 0.2826
v  5.7277 0.5800 0.3300
v  5.8063 0.5303 0.2996
v  5.7194 0.5473 0.3460
v  5.7986 0.5006 0.3142
v  5.7105 0.5124 0.3589
v  5.7904 0.4689 0.3259
v  5.7022 0.4795 0.3673
v  5.7827 0.4391 0.3335
v  5.6933 0.4447 0.3727
v  5.7745 0.4076 0.3385
v  5.6840 0.4081 0.3746
v  5.7659 0.3744 0.3402
v  5.6750 0.3727 0.3728
v  5.7576 0.3422 0.3386
v  5.6665 0.3390 0.3678
v  5.7497 0.3116 0.3340
v  5.7411 0.2785 0.3255
v  5.9280 0.6325 -0.0000
v  5.9277 0.6311 0.0297
v  5.9266 0.6271 0.0579
v  5.9247 0.6198 0.0884
v  5.9222 0.6106 0.1152
v  5.9188 0.5974 0.1440
v  5.9151 0.5835 0.1680
v  5.9104 0.5655 0.1931
v  5.9055 0.5470 0.2143
v  5.8997 0.5250 0.2349
v  5.8937 0.5022 0.2524
v  5.8873 0.4778 0.2676
v  5.8803 0.4514 0.2806
v  5.8728 0.4231 0.2910
v  5.8658 0.3965 0.2978
v  5.8584 0.3684 0.3022
v  5.8506 0.3388 0.3038
v  5.8430 0.3101 0.3023
v  5.8358 0.2828 0.2982
v  5.8280 0.2533 0.2906
v  5.7336 0.2495 0.3148
v  5.8212 0.2274 0.2811
v  5.7255 0.2182 0.2995
v  5.8139 0.1995 0.2675
v  5.7188 0.1923 0.2834
v  5.8078 0.1763 0.2531
v  5.7117 0.1650 0.2626
v  5.8013 0.1520 0.2345
v  5.7058 0.1421 0.2411
v  5.7960 0.1316 0.2153
v  5.7000 0.1197 0.2157
v  5.7907 0.1116 0.1926
v  5.6951 0.1007 0.1893
v  5.7862 0.0947 0.1690
v  5.6908 0.0843 0.1611
v  5.7824 0.0800 0.1438
v  5.6872 0.0702 0.1304
v  5.7791 0.0675 0.1165
v  5.6843 0.0589 0.0977
v  5.7764 0.0574 0.0872
v  5.6823 0.0515 0.0669
v  5.7747 0.0508 0.0597
v  5.6811 0.0467 0.0343
v  5.7735 0.0465 0.0306
v  5.6807 0.0450 -0.0000
v  5.7731 0.0450 -0.0000
v  6.0747 0.4899 0.0226
v  6.0749 0.4910 -0.0000
v  6.0738 0.4869 0.0440
v  6.0723 0.4814 0.0673
v  6.0704 0.4743 0.0877
v  6.0677 0.4644 0.1096
v  6.0648 0.4538 0.1278
v  6.0611 0.4401 0.1470
v  6.0572 0.4261 0.1631
v  6.0527 0.4094 0.1788
v  6.0479 0.3921 0.1921
v  6.0429 0.3736 0.2036
v  6.0374 0.3535 0.2135
v  6.0315 0.3320 0.2214
v  6.0260 0.3119 0.2266
v  6.0202 0.2905 0.2300
v  6.0140 0.2680 0.2312
v  6.0081 0.2462 0.2300
v  6.0024 0.2255 0.2269
v  5.9963 0.2031 0.2211
v  5.9909 0.1834 0.2139
v  5.9852 0.1623 0.2035
v  5.9804 0.1447 0.1926
v  5.9753 0.1263 0.1784
v  5.9711 0.1107 0.1638
v  5.9669 0.0956 0.1466
v  5.9634 0.0827 0.1286
v  5.9604 0.0716 0.1094
v  5.9578 0.0621 0.0886
v  5.9557 0.0544 0.0664
v  5.9543 0.0494 0.0455
v  5.9535 0.0462 0.0233
v  5.9531 0.0450 -0.0000
v  6.1811 0.3829 0.0172
v  6.1813 0.3837 -0.0000
v  6.1804 0.3806 0.0335
v  6.1792 0.3764 0.0512
v  6.1777 0.3711 0.0667
v  6.1756 0.3635 0.0834
v  6.1734 0.3555 0.0972
v  6.1705 0.3451 0.1118
v  6.1675 0.3344 0.1241
v  6.1639 0.3217 0.1360
v  6.1603 0.3086 0.1461
v  6.1563 0.2946 0.1549
v  6.1520 0.2793 0.1624
v  6.1475 0.2630 0.1685
v  6.1432 0.2477 0.1724
v  6.1386 0.2315 0.1750
v  6.1339 0.2144 0.1759
v  6.1292 0.1978 0.1750
v  6.1248 0.1821 0.1726
v  6.1201 0.1651 0.1683
v  6.1159 0.1502 0.1627
v  6.1114 0.1341 0.1548
v  6.1076 0.1207 0.1465
v  6.1037 0.1067 0.1357
v  6.1004 0.0949 0.1247
v  6.0972 0.0834 0.1115
v  6.0945 0.0737 0.0979
v  6.0921 0.0652 0.0833
v  6.0901 0.0580 0.0674
v  6.0884 0.0522 0.0505
v  6.0874 0.0483 0.0346
v  6.0867 0.0459 0.0177
v  6.0864 0.0450 -0.0000
v  6.2114 0.3525 -0.0000
v  6.2112 0.3518 0.0156
v  6.2107 0.3497 0.0304
v  6.2096 0.3459 0.0465
v  6.2082 0.3410 0.0606
v  6.2063 0.3341 0.0757
v  6.2042 0.3269 0.0883
v  6.2016 0.3175 0.1016
v  6.1988 0.3078 0.1127
v  6.1956 0.2963 0.1235
v  6.1922 0.2843 0.1327
v  6.1886 0.2716 0.1407
v  6.1847 0.2577 0.1475
v  6.1805 0.2429 0.1530
v  6.1766 0.2290 0.1566
v  6.1725 0.2143 0.1589
v  6.1681 0.1988 0.1597
v  6.1639 0.1838 0.1590
v  6.1598 0.1695 0.1568
v  6.1555 0.1540 0.1528
v  6.1516 0.1405 0.1478
v  6.1475 0.1259 0.1406
v  6.1441 0.1138 0.1331
v  6.1405 0.1010 0.1233
v  6.1375 0.0903 0.1132
v  6.1346 0.0799 0.1013
v  6.1321 0.0710 0.0889
v  6.1299 0.0634 0.0756
v  6.1280 0.0568 0.0613
v  6.1266 0.0515 0.0459
v  6.1256 0.0480 0.0314
v  6.1250 0.0458 0.0161
v  6.1247 0.0450 -0.0000
v  6.3553 0.1984 0.0078
v  6.3554 0.1987 -0.0000
v  6.3550 0.1973 0.0153
v  6.3544 0.1954 0.0233
v  6.3537 0.1930 0.0304
v  6.3527 0.1896 0.0380
v  6.3516 0.1859 0.0443
v  6.3503 0.1812 0.0509
v  6.3489 0.1764 0.0565
v  6.3472 0.1706 0.0619
v  6.3455 0.1647 0.0665
v  6.3436 0.1583 0.0705
v  6.3416 0.1514 0.0739
v  6.3394 0.1440 0.0767
v  6.3374 0.1370 0.0785
v  6.3353 0.1296 0.0796
v  6.3330 0.1219 0.0801
v  6.3308 0.1144 0.0797
v  6.3287 0.1072 0.0786
v  6.3265 0.0995 0.0766
v  6.3245 0.0927 0.0741
v  6.3224 0.0855 0.0705
v  6.3206 0.0794 0.0667
v  6.3188 0.0730 0.0618
v  6.3172 0.0677 0.0567
v  6.3157 0.0625 0.0508
v  6.3144 0.0580 0.0445
v  6.3133 0.0542 0.0379
v  6.3123 0.0509 0.0307
v  6.3116 0.0483 0.0230
v  6.3110 0.0465 0.0157
v  6.3107 0.0454 0.0081
v  6.3106 0.0450 -0.0000
v  6.4922 0.0450 -0.0000
v  5.6210 0.0450 -0.0000
v  5.6210 0.0466 0.0345
v  5.6210 0.0513 0.0685
v  5.6210 0.0591 0.1020
v  5.6210 0.0700 0.1348
v  5.6210 0.0855 0.1701
v  5.6210 0.1044 0.2036
v  5.6210 0.1264 0.2352
v  5.6210 0.1513 0.2645
v  5.6210 0.1805 0.2928
v  5.6210 0.2122 0.3181
v  5.6210 0.2461 0.3403
v  5.6210 0.2819 0.3593
v  5.6210 0.3184 0.3746
v  5.6210 0.3561 0.3866
v  5.6210 0.3946 0.3954
v  5.6210 0.4338 0.4007
v  5.6210 0.4749 0.4027
v  5.6210 0.5160 0.4010
v  5.6210 0.5567 0.3957
v  5.6210 0.5969 0.3866
v  5.6210 0.6402 0.3725
v  5.6210 0.6817 0.3540
v  5.6210 0.7211 0.3313
v  5.6210 0.7580 0.3045
v  5.6210 0.7918 0.2739
v  5.6210 0.8221 0.2398
v  5.6210 0.8483 0.2024
v  5.6210 0.8700 0.1623
v  5.6210 0.8858 0.1234
v  5.6210 0.8972 0.0831
v  5.6210 0.9041 0.0418
v  5.6210 0.9064 -0.0000
# 251 vertices

vn 0.6627 0.7476 0.0433
vn 0.6620 0.7446 0.0859
vn 0.6733 0.7344 0.0855
vn 0.6740 0.7374 0.0432
vn 0.6580 0.7332 0.1714
vn 0.6691 0.7233 0.1706
vn 0.6512 0.7140 0.2570
vn 0.6620 0.7046 0.2557
vn 0.6416 0.6874 0.3404
vn 0.6520 0.6783 0.3388
vn 0.6290 0.6534 0.4212
vn 0.6393 0.6447 0.4191
vn 0.6141 0.6128 0.4974
vn 0.6241 0.6044 0.4951
vn 0.5965 0.5653 0.5697
vn 0.6063 0.5575 0.5671
vn 0.5766 0.5116 0.6370
vn 0.5860 0.5043 0.6342
vn 0.5545 0.4517 0.6989
vn 0.5635 0.4450 0.6961
vn 0.5306 0.3866 0.7543
vn 0.5388 0.3804 0.7516
vn 0.5049 0.3166 0.8030
vn 0.5123 0.3111 0.8005
vn 0.4768 0.2405 0.8455
vn 0.4835 0.2357 0.8430
vn 0.4469 0.1607 0.8800
vn 0.4531 0.1567 0.8776
vn 0.4167 0.0807 0.9055
vn 0.4224 0.0769 0.9032
vn 0.3854 -0.0024 0.9228
vn 0.3905 -0.0057 0.9206
vn 0.3528 -0.0887 0.9315
vn 0.3572 -0.0917 0.9295
vn 0.3203 -0.1747 0.9311
vn 0.3240 -0.1771 0.9293
vn 0.2856 -0.2763 0.9177
vn 0.2909 -0.2622 0.9201
vn 0.2431 -0.3508 0.9043
vn 0.6859 0.7264 0.0430
vn 0.6851 0.7235 0.0849
vn 0.6809 0.7125 0.1696
vn 0.6737 0.6940 0.2541
vn 0.6636 0.6680 0.3368
vn 0.6507 0.6348 0.4166
vn 0.6353 0.5950 0.4923
vn 0.6173 0.5486 0.5639
vn 0.5967 0.4959 0.6309
vn 0.5738 0.4372 0.6925
vn 0.5489 0.3733 0.7479
vn 0.5220 0.3046 0.7967
vn 0.4926 0.2298 0.8393
vn 0.4618 0.1514 0.8740
vn 0.4305 0.0722 0.8997
vn 0.3981 -0.0098 0.9173
vn 0.3642 -0.0952 0.9264
vn 0.3305 -0.1802 0.9265
vn 0.2968 -0.2648 0.9175
vn 0.2629 -0.3496 0.8993
vn 0.2224 -0.4259 0.8770
vn 0.2295 -0.4329 0.8717
vn 0.1938 -0.5121 0.8368
vn 0.1972 -0.5134 0.8352
vn 0.1637 -0.5884 0.7918
vn 0.1665 -0.5896 0.7904
vn 0.1350 -0.6607 0.7385
vn 0.1375 -0.6614 0.7374
vn 0.1084 -0.7272 0.6778
vn 0.1106 -0.7280 0.6766
vn 0.0843 -0.7882 0.6097
vn 0.0860 -0.7887 0.6087
vn 0.0631 -0.8421 0.5356
vn 0.0641 -0.8426 0.5347
vn 0.0450 -0.8888 0.4560
vn 0.0452 -0.8892 0.4553
vn 0.0295 -0.9286 0.3698
vn 0.0290 -0.9289 0.3692
vn 0.0169 -0.9601 0.2793
vn 0.0163 -0.9601 0.2793
vn 0.0079 -0.9819 0.1895
vn 0.0074 -0.9819 0.1892
vn 0.0025 -0.9953 0.0966
vn 0.0019 -0.9953 0.0965
vn 0.0006 -0.9988 0.0484
vn -0.0000 -0.9988 0.0488
vn 0.7004 0.7087 0.0843
vn 0.7012 0.7117 0.0427
vn 0.6961 0.6979 0.1684
vn 0.6888 0.6796 0.2524
vn 0.6785 0.6540 0.3345
vn 0.6654 0.6212 0.4138
vn 0.6497 0.5820 0.4891
vn 0.6313 0.5361 0.5604
vn 0.6104 0.4841 0.6270
vn 0.5871 0.4261 0.6884
vn 0.5616 0.3629 0.7436
vn 0.5341 0.2949 0.7923
vn 0.5042 0.2210 0.8348
vn 0.4727 0.1433 0.8695
vn 0.4408 0.0649 0.8953
vn 0.4077 -0.0163 0.9130
vn 0.3730 -0.1011 0.9223
vn 0.3385 -0.1853 0.9225
vn 0.3040 -0.2692 0.9138
vn 0.2693 -0.3534 0.8959
vn 0.2352 -0.4362 0.8686
vn 0.2021 -0.5161 0.8324
vn 0.1707 -0.5918 0.7878
vn 0.1410 -0.6631 0.7351
vn 0.1134 -0.7294 0.6747
vn 0.0881 -0.7898 0.6070
vn 0.0657 -0.8434 0.5333
vn 0.0463 -0.8897 0.4541
vn 0.0297 -0.9292 0.3683
vn 0.0167 -0.9603 0.2786
vn 0.0076 -0.9820 0.1887
vn 0.0019 -0.9954 0.0963
vn -0.0000 -0.9988 0.0487
vn 0.7131 0.6960 0.0838
vn 0.7139 0.6989 0.0424
vn 0.7087 0.6853 0.1673
vn 0.7013 0.6673 0.2508
vn 0.6909 0.6420 0.3324
vn 0.6776 0.6096 0.4113
vn 0.6617 0.5708 0.4862
vn 0.6430 0.5255 0.5571
vn 0.6218 0.4740 0.6234
vn 0.5981 0.4167 0.6846
vn 0.5722 0.3541 0.7397
vn 0.5443 0.2868 0.7883
vn 0.5139 0.2136 0.8308
vn 0.4819 0.1366 0.8655
vn 0.4494 0.0589 0.8914
vn 0.4157 -0.0217 0.9092
vn 0.3804 -0.1058 0.9187
vn 0.3453 -0.1894 0.9192
vn 0.3102 -0.2728 0.9107
vn 0.2748 -0.3565 0.8930
vn 0.2400 -0.4388 0.8660
vn 0.2062 -0.5183 0.8300
vn 0.1742 -0.5936 0.7857
vn 0.1439 -0.6646 0.7332
vn 0.1157 -0.7305 0.6731
vn 0.0900 -0.7906 0.6057
vn 0.0671 -0.8440 0.5321
vn 0.0473 -0.8902 0.4532
vn 0.0303 -0.9295 0.3675
vn 0.0171 -0.9604 0.2781
vn 0.0077 -0.9821 0.1884
vn 0.0020 -0.9954 0.0961
vn -0.0000 -0.9988 0.0486
vn 0.7239 0.6886 0.0421
vn 0.7231 0.6858 0.0832
vn 0.7187 0.6752 0.1661
vn 0.7112 0.6574 0.2490
vn 0.7007 0.6325 0.3301
vn 0.6874 0.6005 0.4085
vn 0.6713 0.5622 0.4830
vn 0.6525 0.5175 0.5536
vn 0.6311 0.4666 0.6197
vn 0.6072 0.4099 0.6807
vn 0.5810 0.3480 0.7357
vn 0.5529 0.2814 0.7843
vn 0.5221 0.2088 0.8269
vn 0.4897 0.1325 0.8618
vn 0.4568 0.0553 0.8878
vn 0.4226 -0.0248 0.9060
vn 0.3869 -0.1084 0.9157
vn 0.3512 -0.1915 0.9165
vn 0.3155 -0.2745 0.9083
vn 0.2796 -0.3579 0.8909
vn 0.2442 -0.4399 0.8642
vn 0.2099 -0.5191 0.8285
vn 0.1773 -0.5942 0.7845
vn 0.1465 -0.6651 0.7323
vn 0.1179 -0.7308 0.6723
vn 0.0916 -0.7909 0.6051
vn 0.0683 -0.8442 0.5317
vn 0.0481 -0.8903 0.4528
vn 0.0309 -0.9296 0.3673
vn 0.0174 -0.9604 0.2779
vn 0.0079 -0.9821 0.1883
vn 0.7370 0.6709 0.0826
vn 0.7378 0.6737 0.0418
vn 0.7325 0.6605 0.1649
vn 0.7249 0.6429 0.2472
vn 0.7143 0.6183 0.3278
vn 0.7007 0.5868 0.4057
vn 0.6844 0.5491 0.4797
vn 0.6653 0.5049 0.5499
vn 0.6436 0.4547 0.6157
vn 0.6192 0.3986 0.6765
vn 0.5927 0.3375 0.7313
vn 0.5640 0.2716 0.7798
vn 0.5327 0.1998 0.8224
vn 0.4997 0.1243 0.8572
vn 0.4663 0.0479 0.8833
vn 0.4315 -0.0314 0.9016
vn 0.3950 -0.1143 0.9115
vn 0.3587 -0.1967 0.9125
vn 0.3223 -0.2790 0.9046
vn 0.2856 -0.3618 0.8874
vn 0.2495 -0.4431 0.8610
vn 0.2145 -0.5218 0.8256
vn 0.1812 -0.5965 0.7819
vn 0.1497 -0.6669 0.7300
vn 0.1205 -0.7322 0.6703
vn 0.0937 -0.7919 0.6034
vn 0.0699 -0.8449 0.5303
vn 0.0492 -0.8909 0.4516
vn 0.0316 -0.9299 0.3664
vn 0.0178 -0.9606 0.2773
vn 0.0080 -0.9822 0.1878
vn 0.0021 -0.9954 0.0958
vn -0.0000 -0.9988 0.0485
vn 0.7463 0.6643 0.0415
vn 0.7434 0.6576 0.1223
vn 0.7373 0.6438 0.2048
vn 0.7283 0.6230 0.2855
vn 0.7160 0.5953 0.3647
vn 0.7010 0.5610 0.4403
vn 0.6833 0.5208 0.5118
vn 0.6627 0.4739 0.5799
vn 0.6396 0.4216 0.6428
vn 0.6138 0.3631 0.7010
vn 0.5862 0.3007 0.7523
vn 0.5560 0.2328 0.7979
vn 0.5230 0.1585 0.8375
vn 0.4895 0.0831 0.8680
vn 0.4555 0.0070 0.8902
vn 0.4191 -0.0744 0.9049
vn 0.3818 -0.1576 0.9107
vn 0.3456 -0.2385 0.9076
vn 0.3081 -0.3214 0.8954
vn 0.2713 -0.4032 0.8740
vn 0.2349 -0.4835 0.8432
vn 0.2003 -0.5601 0.8038
vn 0.1674 -0.6323 0.7564
vn 0.1365 -0.7005 0.7005
vn 0.1080 -0.7628 0.6376
vn 0.0821 -0.8196 0.5670
vn 0.0597 -0.8687 0.4918
vn 0.0402 -0.9112 0.4101
vn 0.0239 -0.9466 0.3215
vn 0.0121 -0.9726 0.2322
vn 0.0042 -0.9897 0.1429
vn 0.0000 -0.9988 0.0484
vn 0.0000 -0.9989 0.0460
vn 0.0012 -0.9957 0.0923
vn 0.0056 -0.9829 0.1840
vn 0.0139 -0.9618 0.2735
vn 0.0251 -0.9320 0.3617
vn 0.0409 -0.8912 0.4517
vn 0.0614 -0.8415 0.5368
vn 0.0847 -0.7843 0.6145
vn 0.1093 -0.7205 0.6848
vn 0.1370 -0.6482 0.7491
vn 0.1665 -0.5712 0.8038
vn 0.1980 -0.4900 0.8489
vn 0.2504 -0.3916 0.8854
vn 0.2880 -0.3396 0.8954
vn 0.2909 -0.2418 0.9257
vn 0.3227 -0.1588 0.9331
vn 0.3544 -0.0760 0.9320
vn 0.3848 0.0062 0.9230
vn 0.4145 0.0876 0.9058
vn 0.4434 0.1660 0.8808
vn 0.4712 0.2430 0.8479
vn 0.4994 0.3204 0.8049
vn 0.5265 0.3936 0.7536
vn 0.5514 0.4610 0.6953
vn 0.5732 0.5223 0.6314
vn 0.5929 0.5776 0.5612
vn 0.6098 0.6257 0.4864
vn 0.6244 0.6669 0.4068
vn 0.6361 0.6995 0.3257
vn 0.6451 0.7238 0.2449
vn 0.6514 0.7407 0.1643
vn 0.6552 0.7510 0.0823
vn 0.6559 0.7537 0.0414
# 280 vertex normals

vt 0.5000 0.0678 0.2888
vt 0.4396 0.0678 0.2883
vt 0.4451 0.0622 0.2695
vt 0.5000 0.0622 0.2700
vt 0.2695 0.0622 0.4451
vt 0.2883 0.0678 0.4396
vt 0.2869 0.0679 0.3821
vt 0.2683 0.0623 0.3930
vt 0.2844 0.0681 0.3199
vt 0.2660 0.0624 0.3365
vt 0.2812 0.0683 0.2653
vt 0.2631 0.0626 0.2869
vt 0.2767 0.0686 0.2066
vt 0.2590 0.0629 0.2336
vt 0.2719 0.0689 0.1578
vt 0.2546 0.0632 0.1893
vt 0.2657 0.0693 0.1066
vt 0.2490 0.0636 0.1428
vt 0.2593 0.0698 0.0635
vt 0.2432 0.0640 0.1037
vt 0.2517 0.0703 0.0215
vt 0.2363 0.0645 0.0655
vt 0.2439 0.0708 -0.0141
vt 0.2292 0.0650 0.0332
vt 0.2354 0.0714 -0.0450
vt 0.2216 0.0655 0.0051
vt 0.2263 0.0720 -0.0715
vt 0.2133 0.0661 -0.0189
vt 0.2166 0.0727 -0.0927
vt 0.2044 0.0667 -0.0382
vt 0.2074 0.0733 -0.1067
vt 0.1961 0.0673 -0.0509
vt 0.1977 0.0740 -0.1156
vt 0.1873 0.0679 -0.0590
vt 0.1875 0.0747 -0.1188
vt 0.1781 0.0685 -0.0619
vt 0.1776 0.0753 -0.1158
vt 0.1691 0.0692 -0.0592
vt 0.1682 0.0760 -0.1074
vt 0.1606 0.0698 -0.0516
vt 0.1513 0.0704 -0.0375
vt 0.5000 0.0564 0.2501
vt 0.4510 0.0564 0.2497
vt 0.2486 0.0565 0.4044
vt 0.2497 0.0564 0.4510
vt 0.2465 0.0567 0.3540
vt 0.2440 0.0568 0.3097
vt 0.2403 0.0571 0.2621
vt 0.2364 0.0574 0.2226
vt 0.2314 0.0577 0.1810
vt 0.2262 0.0581 0.1461
vt 0.2201 0.0585 0.1120
vt 0.2137 0.0590 0.0831
vt 0.2069 0.0595 0.0581
vt 0.1996 0.0600 0.0366
vt 0.1917 0.0605 0.0194
vt 0.1842 0.0611 0.0081
vt 0.1764 0.0616 0.0008
vt 0.1681 0.0622 -0.0017
vt 0.1601 0.0628 0.0007
vt 0.1525 0.0633 0.0075
vt 0.1443 0.0639 0.0200
vt 0.1432 0.0710 -0.0199
vt 0.1370 0.0644 0.0358
vt 0.1345 0.0716 0.0053
vt 0.1293 0.0650 0.0583
vt 0.1272 0.0721 0.0319
vt 0.1228 0.0654 0.0820
vt 0.1196 0.0726 0.0663
vt 0.1160 0.0659 0.1127
vt 0.1132 0.0730 0.1017
vt 0.1103 0.0663 0.1444
vt 0.1070 0.0735 0.1438
vt 0.1047 0.0667 0.1819
vt 0.1017 0.0738 0.1873
vt 0.1000 0.0670 0.2208
vt 0.0971 0.0742 0.2340
vt 0.0959 0.0673 0.2624
vt 0.0932 0.0744 0.2846
vt 0.0924 0.0676 0.3076
vt 0.0900 0.0746 0.3387
vt 0.0896 0.0678 0.3560
vt 0.0880 0.0748 0.3895
vt 0.0878 0.0679 0.4013
vt 0.6105 0.0748 0.0880
vt 0.5566 0.0749 0.0866
vt 0.5506 0.0680 0.0866
vt 0.5987 0.0679 0.0878
vt 0.5000 0.0749 0.0862
vt 0.5000 0.0680 0.0862
vt 0.4627 0.0454 0.2103
vt 0.5000 0.0454 0.2106
vt 0.2095 0.0455 0.4273
vt 0.2103 0.0454 0.4627
vt 0.2079 0.0456 0.3889
vt 0.2060 0.0458 0.3552
vt 0.2032 0.0460 0.3190
vt 0.2002 0.0462 0.2889
vt 0.1964 0.0465 0.2573
vt 0.1925 0.0467 0.2307
vt 0.1878 0.0471 0.2048
vt 0.1830 0.0474 0.1828
vt 0.1778 0.0478 0.1637
vt 0.1722 0.0482 0.1474
vt 0.1662 0.0487 0.1343
vt 0.1606 0.0491 0.1257
vt 0.1547 0.0495 0.1202
vt 0.1484 0.0500 0.1182
vt 0.1423 0.0504 0.1201
vt 0.1365 0.0508 0.1252
vt 0.1303 0.0513 0.1347
vt 0.1248 0.0517 0.1468
vt 0.1189 0.0521 0.1639
vt 0.1140 0.0525 0.1819
vt 0.1088 0.0529 0.2053
vt 0.1045 0.0532 0.2294
vt 0.1003 0.0535 0.2580
vt 0.0967 0.0538 0.2876
vt 0.0936 0.0540 0.3192
vt 0.0909 0.0542 0.3536
vt 0.0888 0.0543 0.3904
vt 0.0874 0.0544 0.4249
vt 0.5385 0.0545 0.0865
vt 0.5751 0.0544 0.0874
vt 0.5000 0.0545 0.0862
vt 0.4716 0.0375 0.1804
vt 0.5000 0.0375 0.1807
vt 0.1798 0.0375 0.4447
vt 0.1804 0.0375 0.4716
vt 0.1786 0.0376 0.4155
vt 0.1771 0.0377 0.3898
vt 0.1750 0.0379 0.3623
vt 0.1728 0.0380 0.3394
vt 0.1699 0.0383 0.3153
vt 0.1669 0.0385 0.2951
vt 0.1634 0.0388 0.2754
vt 0.1597 0.0390 0.2587
vt 0.1558 0.0393 0.2442
vt 0.1515 0.0396 0.2317
vt 0.1470 0.0400 0.2218
vt 0.1427 0.0403 0.2152
vt 0.1382 0.0406 0.2110
vt 0.1334 0.0410 0.2095
vt 0.1288 0.0414 0.2109
vt 0.1244 0.0417 0.2149
vt 0.1197 0.0420 0.2221
vt 0.1155 0.0424 0.2312
vt 0.1110 0.0427 0.2443
vt 0.1073 0.0430 0.2580
vt 0.1034 0.0433 0.2758
vt 0.1001 0.0435 0.2941
vt 0.0969 0.0437 0.3158
vt 0.0942 0.0440 0.3384
vt 0.0918 0.0441 0.3625
vt 0.0898 0.0443 0.3886
vt 0.0882 0.0444 0.4166
vt 0.0871 0.0445 0.4429
vt 0.5571 0.0445 0.0871
vt 0.5293 0.0445 0.0864
vt 0.5000 0.0446 0.0862
vt 0.5000 0.0352 0.1720
vt 0.4742 0.0352 0.1718
vt 0.1712 0.0353 0.4497
vt 0.1718 0.0352 0.4742
vt 0.1701 0.0353 0.4232
vt 0.1688 0.0354 0.3999
vt 0.1668 0.0356 0.3749
vt 0.1648 0.0357 0.3541
vt 0.1622 0.0359 0.3323
vt 0.1595 0.0361 0.3139
vt 0.1563 0.0364 0.2960
vt 0.1529 0.0366 0.2808
vt 0.1494 0.0369 0.2676
vt 0.1455 0.0372 0.2563
vt 0.1414 0.0375 0.2473
vt 0.1375 0.0378 0.2413
vt 0.1334 0.0381 0.2375
vt 0.1291 0.0384 0.2362
vt 0.1249 0.0388 0.2374
vt 0.1209 0.0391 0.2410
vt 0.1166 0.0394 0.2476
vt 0.1128 0.0397 0.2559
vt 0.1087 0.0400 0.2677
vt 0.1053 0.0402 0.2802
vt 0.1018 0.0405 0.2964
vt 0.0988 0.0407 0.3130
vt 0.0959 0.0410 0.3327
vt 0.0934 0.0411 0.3532
vt 0.0913 0.0413 0.3751
vt 0.0894 0.0414 0.3988
vt 0.0880 0.0416 0.4243
vt 0.0870 0.0416 0.4481
vt 0.5266 0.0417 0.0864
vt 0.5519 0.0416 0.0870
vt 0.5000 0.0417 0.0862
vt 0.4871 0.0244 0.1290
vt 0.5000 0.0244 0.1291
vt 0.1290 0.0244 0.4871
vt 0.1287 0.0245 0.4748
vt 0.1281 0.0245 0.4615
vt 0.1275 0.0246 0.4499
vt 0.1265 0.0246 0.4373
vt 0.1255 0.0247 0.4269
vt 0.1242 0.0248 0.4159
vt 0.1228 0.0249 0.4067
vt 0.1212 0.0250 0.3978
vt 0.1195 0.0252 0.3901
vt 0.1178 0.0253 0.3835
vt 0.1158 0.0255 0.3779
vt 0.1138 0.0256 0.3733
vt 0.1118 0.0258 0.3704
vt 0.1098 0.0259 0.3685
vt 0.1076 0.0261 0.3678
vt 0.1055 0.0263 0.3684
vt 0.1035 0.0264 0.3702
vt 0.1014 0.0266 0.3735
vt 0.0995 0.0267 0.3777
vt 0.0974 0.0269 0.3836
vt 0.0958 0.0270 0.3898
vt 0.0940 0.0272 0.3979
vt 0.0925 0.0273 0.4063
vt 0.0910 0.0274 0.4162
vt 0.0898 0.0275 0.4264
vt 0.0887 0.0276 0.4374
vt 0.0878 0.0277 0.4493
vt 0.0871 0.0277 0.4620
vt 0.0866 0.0277 0.4740
vt 0.5260 0.0277 0.0866
vt 0.5133 0.0278 0.0863
vt 0.5000 0.0278 0.0862
vt 0.5000 0.0142 0.0862
vt 0.0862 0.0142 0.5000
vt 0.5000 0.0794 0.0862
vt 0.5569 0.0794 0.0866
vt 0.6132 0.0794 0.0879
vt 0.0879 0.0794 0.3868
vt 0.0901 0.0794 0.3315
vt 0.0931 0.0794 0.2774
vt 0.0975 0.0794 0.2191
vt 0.1027 0.0794 0.1637
vt 0.1089 0.0794 0.1116
vt 0.1158 0.0794 0.0631
vt 0.1240 0.0794 0.0164
vt 0.1328 0.0794 -0.0254
vt 0.1423 0.0794 -0.0621
vt 0.1523 0.0794 -0.0935
vt 0.1625 0.0794 -0.1187
vt 0.1730 0.0794 -0.1386
vt 0.1837 0.0794 -0.1530
vt 0.1946 0.0794 -0.1618
vt 0.2061 0.0794 -0.1651
vt 0.2176 0.0794 -0.1623
vt 0.2289 0.0794 -0.1535
vt 0.2402 0.0794 -0.1386
vt 0.2522 0.0794 -0.1152
vt 0.2638 0.0794 -0.0846
vt 0.2748 0.0794 -0.0472
vt 0.2851 0.0794 -0.0030
vt 0.2945 0.0794 0.0476
vt 0.3030 0.0794 0.1040
vt 0.3103 0.0794 0.1657
vt 0.3164 0.0794 0.2319
vt 0.3208 0.0794 0.2961
vt 0.3239 0.0794 0.3628
vt 0.3628 0.0794 0.3239
vt 0.4310 0.0794 0.3259
vt 0.5000 0.0794 0.3265
# 267 texture coords

o Letrero017
g Letrero017
usemtl blanco
s 1
f 4030/4278/4099 4031/4279/4100 4032/4280/4101 4033/4281/4102 
f 4032/4282/4101 4031/4283/4100 4034/4284/4103 4035/4285/4104 
f 4034/4284/4103 4036/4286/4105 4037/4287/4106 4035/4285/4104 
f 4036/4286/4105 4038/4288/4107 4039/4289/4108 4037/4287/4106 
f 4039/4289/4108 4038/4288/4107 4040/4290/4109 4041/4291/4110 
f 4040/4290/4109 4042/4292/4111 4043/4293/4112 4041/4291/4110 
f 4042/4292/4111 4044/4294/4113 4045/4295/4114 4043/4293/4112 
f 4045/4295/4114 4044/4294/4113 4046/4296/4115 4047/4297/4116 
f 4046/4296/4115 4048/4298/4117 4049/4299/4118 4047/4297/4116 
f 4048/4298/4117 4050/4300/4119 4051/4301/4120 4049/4299/4118 
f 4051/4301/4120 4050/4300/4119 4052/4302/4121 4053/4303/4122 
f 4052/4302/4121 4054/4304/4123 4055/4305/4124 4053/4303/4122 
f 4054/4304/4123 4056/4306/4125 4057/4307/4126 4055/4305/4124 
f 4057/4307/4126 4056/4306/4125 4058/4308/4127 4059/4309/4128 
f 4058/4308/4127 4060/4310/4129 4061/4311/4130 4059/4309/4128 
f 4060/4310/4129 4062/4312/4131 4063/4313/4132 4061/4311/4130 
f 4063/4313/4132 4062/4312/4131 4064/4314/4133 4065/4315/4134 
f 4064/4314/4133 4066/4316/4135 4067/4317/4136 4065/4315/4134 
f 4066/4316/4135 4068/4318/4137 4067/4317/4136 
f 4069/4319/4138 4033/4281/4102 4032/4280/4101 4070/4320/4139 
f 4032/4282/4101 4035/4285/4104 4071/4321/4140 4070/4322/4139 
f 4071/4321/4140 4035/4285/4104 4037/4287/4106 4072/4323/4141 
f 4072/4323/4141 4037/4287/4106 4039/4289/4108 4073/4324/4142 
f 4041/4291/4110 4074/4325/4143 4073/4324/4142 4039/4289/4108 
f 4043/4293/4112 4075/4326/4144 4074/4325/4143 4041/4291/4110 
f 4075/4326/4144 4043/4293/4112 4045/4295/4114 4076/4327/4145 
f 4047/4297/4116 4077/4328/4146 4076/4327/4145 4045/4295/4114 
f 4049/4299/4118 4078/4329/4147 4077/4328/4146 4047/4297/4116 
f 4078/4329/4147 4049/4299/4118 4051/4301/4120 4079/4330/4148 
f 4053/4303/4122 4080/4331/4149 4079/4330/4148 4051/4301/4120 
f 4055/4305/4124 4081/4332/4150 4080/4331/4149 4053/4303/4122 
f 4081/4332/4150 4055/4305/4124 4057/4307/4126 4082/4333/4151 
f 4059/4309/4128 4083/4334/4152 4082/4333/4151 4057/4307/4126 
f 4061/4311/4130 4084/4335/4153 4083/4334/4152 4059/4309/4128 
f 4084/4335/4153 4061/4311/4130 4063/4313/4132 4085/4336/4154 
f 4065/4315/4134 4086/4337/4155 4085/4336/4154 4063/4313/4132 
f 4067/4317/4136 4087/4338/4156 4086/4337/4155 4065/4315/4134 
f 4088/4339/4157 4087/4338/4156 4067/4317/4136 4068/4318/4137 
f 4089/4340/4158 4090/4341/4159 4088/4339/4157 4068/4318/4137 
f 4091/4342/4160 4092/4343/4161 4090/4341/4159 4089/4340/4158 
f 4091/4342/4160 4093/4344/4162 4094/4345/4163 4092/4343/4161 
f 4093/4344/4162 4095/4346/4164 4096/4347/4165 4094/4345/4163 
f 4096/4347/4165 4095/4346/4164 4097/4348/4166 4098/4349/4167 
f 4097/4348/4166 4099/4350/4168 4100/4351/4169 4098/4349/4167 
f 4099/4350/4168 4101/4352/4170 4102/4353/4171 4100/4351/4169 
f 4102/4353/4171 4101/4352/4170 4103/4354/4172 4104/4355/4173 
f 4103/4354/4172 4105/4356/4174 4106/4357/4175 4104/4355/4173 
f 4105/4356/4174 4107/4358/4176 4108/4359/4177 4106/4357/4175 
f 4108/4359/4177 4107/4358/4176 4109/4360/4178 4110/4361/4179 
f 4109/4362/4178 4111/4363/4180 4112/4364/4181 4110/4365/4179 
f 4111/4363/4180 4113/4366/4182 4114/4367/4183 4112/4364/4181 
f 4070/4320/4139 4115/4368/4184 4116/4369/4185 4069/4319/4138 
f 4071/4321/4140 4117/4370/4186 4115/4371/4184 4070/4322/4139 
f 4117/4370/4186 4071/4321/4140 4072/4323/4141 4118/4372/4187 
f 4073/4324/4142 4119/4373/4188 4118/4372/4187 4072/4323/4141 
f 4120/4374/4189 4119/4373/4188 4073/4324/4142 4074/4325/4143 
f 4120/4374/4189 4074/4325/4143 4075/4326/4144 4121/4375/4190 
f 4076/4327/4145 4122/4376/4191 4121/4375/4190 4075/4326/4144 
f 4123/4377/4192 4122/4376/4191 4076/4327/4145 4077/4328/4146 
f 4123/4377/4192 4077/4328/4146 4078/4329/4147 4124/4378/4193 
f 4079/4330/4148 4125/4379/4194 4124/4378/4193 4078/4329/4147 
f 4125/4379/4194 4079/4330/4148 4080/4331/4149 4126/4380/4195 
f 4080/4331/4149 4081/4332/4150 4127/4381/4196 4126/4380/4195 
f 4081/4332/4150 4082/4333/4151 4128/4382/4197 4127/4381/4196 
f 4082/4333/4151 4083/4334/4152 4129/4383/4198 4128/4382/4197 
f 4129/4383/4198 4083/4334/4152 4084/4335/4153 4130/4384/4199 
f 4085/4336/4154 4131/4385/4200 4130/4384/4199 4084/4335/4153 
f 4131/4385/4200 4085/4336/4154 4086/4337/4155 4132/4386/4201 
f 4132/4386/4201 4086/4337/4155 4087/4338/4156 4133/4387/4202 
f 4088/4339/4157 4134/4388/4203 4133/4387/4202 4087/4338/4156 
f 4134/4388/4203 4088/4339/4157 4090/4341/4159 4135/4389/4204 
f 4090/4341/4159 4092/4343/4161 4136/4390/4205 4135/4389/4204 
f 4136/4390/4205 4092/4343/4161 4094/4345/4163 4137/4391/4206 
f 4096/4347/4165 4138/4392/4207 4137/4391/4206 4094/4345/4163 
f 4138/4392/4207 4096/4347/4165 4098/4349/4167 4139/4393/4208 
f 4098/4349/4167 4100/4351/4169 4140/4394/4209 4139/4393/4208 
f 4100/4351/4169 4102/4353/4171 4141/4395/4210 4140/4394/4209 
f 4102/4353/4171 4104/4355/4173 4142/4396/4211 4141/4395/4210 
f 4104/4355/4173 4106/4357/4175 4143/4397/4212 4142/4396/4211 
f 4106/4357/4175 4108/4359/4177 4144/4398/4213 4143/4397/4212 
f 4108/4359/4177 4110/4361/4179 4145/4399/4214 4144/4398/4213 
f 4110/4365/4179 4112/4364/4181 4146/4400/4215 4145/4401/4214 
f 4114/4367/4183 4147/4402/4216 4146/4400/4215 4112/4364/4181 
f 4148/4403/4217 4149/4404/4218 4116/4369/4185 4115/4368/4184 
f 4115/4371/4184 4117/4370/4186 4150/4405/4219 4148/4406/4217 
f 4118/4372/4187 4151/4407/4220 4150/4405/4219 4117/4370/4186 
f 4119/4373/4188 4152/4408/4221 4151/4407/4220 4118/4372/4187 
f 4153/4409/4222 4152/4408/4221 4119/4373/4188 4120/4374/4189 
f 4153/4409/4222 4120/4374/4189 4121/4375/4190 4154/4410/4223 
f 4154/4410/4223 4121/4375/4190 4122/4376/4191 4155/4411/4224 
f 4156/4412/4225 4155/4411/4224 4122/4376/4191 4123/4377/4192 
f 4156/4412/4225 4123/4377/4192 4124/4378/4193 4157/4413/4226 
f 4157/4413/4226 4124/4378/4193 4125/4379/4194 4158/4414/4227 
f 4158/4414/4227 4125/4379/4194 4126/4380/4195 4159/4415/4228 
f 4159/4415/4228 4126/4380/4195 4127/4381/4196 4160/4416/4229 
f 4160/4416/4229 4127/4381/4196 4128/4382/4197 4161/4417/4230 
f 4162/4418/4231 4161/4417/4230 4128/4382/4197 4129/4383/4198 
f 4129/4383/4198 4130/4384/4199 4163/4419/4232 4162/4418/4231 
f 4130/4384/4199 4131/4385/4200 4164/4420/4233 4163/4419/4232 
f 4131/4385/4200 4132/4386/4201 4165/4421/4234 4164/4420/4233 
f 4132/4386/4201 4133/4387/4202 4166/4422/4235 4165/4421/4234 
f 4133/4387/4202 4134/4388/4203 4167/4423/4236 4166/4422/4235 
f 4168/4424/4237 4167/4423/4236 4134/4388/4203 4135/4389/4204 
f 4169/4425/4238 4168/4424/4237 4135/4389/4204 4136/4390/4205 
f 4170/4426/4239 4169/4425/4238 4136/4390/4205 4137/4391/4206 
f 4171/4427/4240 4170/4426/4239 4137/4391/4206 4138/4392/4207 
f 4139/4393/4208 4172/4428/4241 4171/4427/4240 4138/4392/4207 
f 4140/4394/4209 4173/4429/4242 4172/4428/4241 4139/4393/4208 
f 4141/4395/4210 4174/4430/4243 4173/4429/4242 4140/4394/4209 
f 4142/4396/4211 4175/4431/4244 4174/4430/4243 4141/4395/4210 
f 4143/4397/4212 4176/4432/4245 4175/4431/4244 4142/4396/4211 
f 4144/4398/4213 4177/4433/4246 4176/4432/4245 4143/4397/4212 
f 4177/4433/4246 4144/4398/4213 4145/4399/4214 4178/4434/4247 
f 4178/4435/4247 4145/4401/4214 4146/4400/4215 4179/4436/4248 
f 4179/4436/4248 4146/4400/4215 4147/4402/4216 4180/4437/4249 
f 4181/4438/4250 4149/4404/4218 4148/4403/4217 4182/4439/4251 
f 4148/4406/4217 4150/4405/4219 4183/4440/4252 4182/4441/4251 
f 4150/4405/4219 4151/4407/4220 4184/4442/4253 4183/4440/4252 
f 4151/4407/4220 4152/4408/4221 4185/4443/4254 4184/4442/4253 
f 4152/4408/4221 4153/4409/4222 4186/4444/4255 4185/4443/4254 
f 4153/4409/4222 4154/4410/4223 4187/4445/4256 4186/4444/4255 
f 4188/4446/4257 4187/4445/4256 4154/4410/4223 4155/4411/4224 
f 4189/4447/4258 4188/4446/4257 4155/4411/4224 4156/4412/4225 
f 4190/4448/4259 4189/4447/4258 4156/4412/4225 4157/4413/4226 
f 4191/4449/4260 4190/4448/4259 4157/4413/4226 4158/4414/4227 
f 4192/4450/4261 4191/4449/4260 4158/4414/4227 4159/4415/4228 
f 4192/4450/4261 4159/4415/4228 4160/4416/4229 4193/4451/4262 
f 4194/4452/4263 4193/4451/4262 4160/4416/4229 4161/4417/4230 
f 4161/4417/4230 4162/4418/4231 4195/4453/4264 4194/4452/4263 
f 4163/4419/4232 4196/4454/4265 4195/4453/4264 4162/4418/4231 
f 4164/4420/4233 4197/4455/4266 4196/4454/4265 4163/4419/4232 
f 4197/4455/4266 4164/4420/4233 4165/4421/4234 4198/4456/4267 
f 4166/4422/4235 4199/4457/4268 4198/4456/4267 4165/4421/4234 
f 4200/4458/4269 4199/4457/4268 4166/4422/4235 4167/4423/4236 
f 4200/4458/4269 4167/4423/4236 4168/4424/4237 4201/4459/4270 
f 4169/4425/4238 4202/4460/4271 4201/4459/4270 4168/4424/4237 
f 4203/4461/4272 4202/4460/4271 4169/4425/4238 4170/4426/4239 
f 4203/4461/4272 4170/4426/4239 4171/4427/4240 4204/4462/4273 
f 4172/4428/4241 4205/4463/4274 4204/4462/4273 4171/4427/4240 
f 4206/4464/4275 4205/4463/4274 4172/4428/4241 4173/4429/4242 
f 4173/4429/4242 4174/4430/4243 4207/4465/4276 4206/4464/4275 
f 4207/4465/4276 4174/4430/4243 4175/4431/4244 4208/4466/4277 
f 4209/4467/4278 4208/4466/4277 4175/4431/4244 4176/4432/4245 
f 4176/4432/4245 4177/4433/4246 4210/4468/4279 4209/4467/4278 
f 4178/4434/4247 4211/4469/4280 4210/4468/4279 4177/4433/4246 
f 4212/4470/4248 4211/4471/4280 4178/4435/4247 4179/4436/4248 
f 4212/4470/4248 4179/4436/4248 4180/4437/4249 4213/4472/4249 
f 4181/4438/4250 4182/4439/4251 4214/4473/4281 4215/4474/4282 
f 4214/4475/4281 4182/4441/4251 4183/4440/4252 4216/4476/4283 
f 4184/4442/4253 4217/4477/4284 4216/4476/4283 4183/4440/4252 
f 4218/4478/4285 4217/4477/4284 4184/4442/4253 4185/4443/4254 
f 4218/4478/4285 4185/4443/4254 4186/4444/4255 4219/4479/4286 
f 4219/4479/4286 4186/4444/4255 4187/4445/4256 4220/4480/4287 
f 4188/4446/4257 4221/4481/4288 4220/4480/4287 4187/4445/4256 
f 4189/4447/4258 4222/4482/4289 4221/4481/4288 4188/4446/4257 
f 4222/4482/4289 4189/4447/4258 4190/4448/4259 4223/4483/4290 
f 4191/4449/4260 4224/4484/4291 4223/4483/4290 4190/4448/4259 
f 4192/4450/4261 4225/4485/4292 4224/4484/4291 4191/4449/4260 
f 4225/4485/4292 4192/4450/4261 4193/4451/4262 4226/4486/4293 
f 4226/4486/4293 4193/4451/4262 4194/4452/4263 4227/4487/4294 
f 4195/4453/4264 4228/4488/4295 4227/4487/4294 4194/4452/4263 
f 4196/4454/4265 4229/4489/4296 4228/4488/4295 4195/4453/4264 
f 4197/4455/4266 4230/4490/4297 4229/4489/4296 4196/4454/4265 
f 4197/4455/4266 4198/4456/4267 4231/4491/4298 4230/4490/4297 
f 4199/4457/4268 4232/4492/4299 4231/4491/4298 4198/4456/4267 
f 4232/4492/4299 4199/4457/4268 4200/4458/4269 4233/4493/4300 
f 4200/4458/4269 4201/4459/4270 4234/4494/4301 4233/4493/4300 
f 4201/4459/4270 4202/4460/4271 4235/4495/4302 4234/4494/4301 
f 4235/4495/4302 4202/4460/4271 4203/4461/4272 4236/4496/4303 
f 4203/4461/4272 4204/4462/4273 4237/4497/4304 4236/4496/4303 
f 4204/4462/4273 4205/4463/4274 4238/4498/4305 4237/4497/4304 
f 4238/4498/4305 4205/4463/4274 4206/4464/4275 4239/4499/4306 
f 4206/4464/4275 4207/4465/4276 4240/4500/4307 4239/4499/4306 
f 4207/4465/4276 4208/4466/4277 4241/4501/4308 4240/4500/4307 
f 4241/4501/4308 4208/4466/4277 4209/4467/4278 4242/4502/4309 
f 4209/4467/4278 4210/4468/4279 4243/4503/4310 4242/4502/4309 
f 4210/4468/4279 4211/4469/4280 4244/4504/4311 4243/4503/4310 
f 4244/4505/4311 4211/4471/4280 4212/4470/4248 4245/4506/4312 
f 4212/4470/4248 4213/4472/4249 4246/4507/4313 4245/4506/4312 
f 4247/4508/4314 4215/4474/4282 4214/4473/4281 
f 4247/4509/4315 4214/4475/4281 4216/4476/4283 
f 4247/4509/4316 4216/4476/4283 4217/4477/4284 
f 4247/4509/4317 4217/4477/4284 4218/4478/4285 
f 4247/4509/4318 4218/4478/4285 4219/4479/4286 
f 4247/4509/4319 4219/4479/4286 4220/4480/4287 
f 4247/4509/4320 4220/4480/4287 4221/4481/4288 
f 4247/4509/4321 4221/4481/4288 4222/4482/4289 
f 4247/4509/4322 4222/4482/4289 4223/4483/4290 
f 4247/4509/4323 4223/4483/4290 4224/4484/4291 
f 4247/4509/4324 4224/4484/4291 4225/4485/4292 
f 4247/4509/4325 4225/4485/4292 4226/4486/4293 
f 4247/4509/4326 4226/4486/4293 4227/4487/4294 
f 4247/4509/4327 4227/4487/4294 4228/4488/4295 
f 4247/4509/4328 4228/4488/4295 4229/4489/4296 
f 4247/4509/4329 4229/4489/4296 4230/4490/4297 
f 4247/4509/4330 4230/4490/4297 4231/4491/4298 
f 4247/4509/4331 4231/4491/4298 4232/4492/4299 
f 4247/4509/4332 4232/4492/4299 4233/4493/4300 
f 4247/4509/4333 4233/4493/4300 4234/4494/4301 
f 4247/4509/4334 4234/4494/4301 4235/4495/4302 
f 4247/4509/4335 4235/4495/4302 4236/4496/4303 
f 4247/4509/4336 4236/4496/4303 4237/4497/4304 
f 4247/4509/4337 4237/4497/4304 4238/4498/4305 
f 4247/4509/4338 4238/4498/4305 4239/4499/4306 
f 4247/4509/4339 4239/4499/4306 4240/4500/4307 
f 4247/4509/4340 4240/4500/4307 4241/4501/4308 
f 4247/4509/4341 4241/4501/4308 4242/4502/4309 
f 4247/4509/4342 4242/4502/4309 4243/4503/4310 
f 4247/4509/4343 4243/4503/4310 4244/4504/4311 
f 4247/4508/4344 4244/4505/4311 4245/4506/4312 
f 4247/4508/4345 4245/4506/4312 4246/4507/4313 
f 4248/4510/4346 4113/4366/4182 4249/4511/4347 
f 4249/4511/4347 4111/4363/4180 4250/4512/4348 
f 4250/4513/4348 4109/4360/4178 4251/4514/4349 
f 4251/4514/4349 4107/4358/4176 4252/4515/4350 
f 4252/4515/4350 4105/4356/4174 4253/4516/4351 
f 4253/4516/4351 4103/4354/4172 4254/4517/4352 
f 4254/4517/4352 4101/4352/4170 4255/4518/4353 
f 4255/4518/4353 4097/4348/4166 4256/4519/4354 
f 4256/4519/4354 4095/4346/4164 4257/4520/4355 
f 4257/4520/4355 4093/4344/4162 4258/4521/4356 
f 4258/4521/4356 4091/4342/4160 4259/4522/4357 
f 4259/4522/4357 4089/4340/4158 4260/4523/4358 
f 4260/4523/4358 4066/4316/4135 4261/4524/4359 
f 4261/4524/4359 4066/4316/4135 4262/4525/4360 
f 4262/4525/4360 4064/4314/4133 4263/4526/4361 
f 4263/4526/4361 4062/4312/4131 4264/4527/4362 
f 4264/4527/4362 4062/4312/4131 4265/4528/4363 
f 4265/4528/4363 4060/4310/4129 4266/4529/4364 
f 4266/4529/4364 4058/4308/4127 4267/4530/4365 
f 4267/4530/4365 4056/4306/4125 4268/4531/4366 
f 4268/4531/4366 4054/4304/4123 4269/4532/4367 
f 4269/4532/4367 4052/4302/4121 4270/4533/4368 
f 4270/4533/4368 4050/4300/4119 4271/4534/4369 
f 4271/4534/4369 4048/4298/4117 4272/4535/4370 
f 4272/4535/4370 4044/4294/4113 4273/4536/4371 
f 4273/4536/4371 4042/4292/4111 4274/4537/4372 
f 4274/4537/4372 4040/4290/4109 4275/4538/4373 
f 4275/4538/4373 4038/4288/4107 4276/4539/4374 
f 4276/4539/4374 4036/4286/4105 4277/4540/4375 
f 4277/4540/4375 4034/4284/4103 4278/4541/4376 
f 4278/4542/4376 4031/4279/4100 4279/4543/4377 
f 4279/4543/4377 4030/4278/4099 4280/4544/4378 
f 4030/4278/4099 4279/4543/4377 4031/4279/4100 
f 4031/4283/4100 4278/4541/4376 4034/4284/4103 
f 4034/4284/4103 4277/4540/4375 4036/4286/4105 
f 4036/4286/4105 4276/4539/4374 4038/4288/4107 
f 4038/4288/4107 4275/4538/4373 4040/4290/4109 
f 4040/4290/4109 4274/4537/4372 4042/4292/4111 
f 4042/4292/4111 4273/4536/4371 4044/4294/4113 
f 4044/4294/4113 4272/4535/4370 4046/4296/4115 
f 4046/4296/4115 4272/4535/4370 4048/4298/4117 
f 4048/4298/4117 4271/4534/4369 4050/4300/4119 
f 4050/4300/4119 4270/4533/4368 4052/4302/4121 
f 4052/4302/4121 4269/4532/4367 4054/4304/4123 
f 4054/4304/4123 4268/4531/4366 4056/4306/4125 
f 4056/4306/4125 4267/4530/4365 4058/4308/4127 
f 4058/4308/4127 4266/4529/4364 4060/4310/4129 
f 4060/4310/4129 4265/4528/4363 4062/4312/4131 
f 4062/4312/4131 4263/4526/4361 4064/4314/4133 
f 4064/4314/4133 4262/4525/4360 4066/4316/4135 
f 4066/4316/4135 4089/4340/4158 4068/4318/4137 
f 4089/4340/4158 4259/4522/4357 4091/4342/4160 
f 4091/4342/4160 4258/4521/4356 4093/4344/4162 
f 4093/4344/4162 4257/4520/4355 4095/4346/4164 
f 4095/4346/4164 4256/4519/4354 4097/4348/4166 
f 4097/4348/4166 4255/4518/4353 4099/4350/4168 
f 4099/4350/4168 4255/4518/4353 4101/4352/4170 
f 4101/4352/4170 4254/4517/4352 4103/4354/4172 
f 4103/4354/4172 4253/4516/4351 4105/4356/4174 
f 4105/4356/4174 4252/4515/4350 4107/4358/4176 
f 4107/4358/4176 4251/4514/4349 4109/4360/4178 
f 4109/4362/4178 4250/4512/4348 4111/4363/4180 
f 4111/4363/4180 4249/4511/4347 4113/4366/4182 
f 4089/4340/4158 4066/4316/4135 4260/4523/4358 
# 178 polygons - 97 triangles

#
# object Letrero018
#

v  -1.5936 2.8575 -0.0000
v  -1.5932 2.8508 -0.1376
v  -1.8242 2.8032 -0.1354
v  -1.8247 2.8098 -0.0000
v  -1.5919 2.8318 -0.2685
v  -1.8228 2.7845 -0.2641
v  -1.5897 2.7967 -0.4100
v  -1.8203 2.7500 -0.4033
v  -1.5869 2.7525 -0.5344
v  -1.8171 2.7065 -0.5257
v  -1.5829 2.6895 -0.6680
v  -1.8126 2.6446 -0.6571
v  -1.5787 2.6230 -0.7792
v  -1.8079 2.5792 -0.7665
v  -1.5732 2.5367 -0.8958
v  -1.8017 2.4945 -0.8812
v  -1.5676 2.4481 -0.9940
v  -1.7953 2.4073 -0.9777
v  -1.5609 2.3429 -1.0897
v  -1.7878 2.3039 -1.0719
v  -1.5539 2.2338 -1.1708
v  -1.7800 2.1967 -1.1516
v  -1.5465 2.1171 -1.2411
v  -1.7716 2.0820 -1.2208
v  -1.5385 1.9905 -1.3014
v  -1.7625 1.9575 -1.2801
v  -1.5299 1.8550 -1.3498
v  -1.7528 1.8243 -1.3277
v  -1.5218 1.7279 -1.3816
v  -1.7437 1.6993 -1.3590
v  -1.5132 1.5930 -1.4019
v  -1.7340 1.5668 -1.3790
v  -1.5042 1.4513 -1.4091
v  -1.7239 1.4274 -1.3861
v  -1.4955 1.3139 -1.4023
v  -1.7140 1.2924 -1.3794
v  -1.4872 1.1834 -1.3833
v  -1.7047 1.1641 -1.3607
v  -1.4782 1.0421 -1.3481
v  -1.6945 1.0251 -1.3261
v  -1.4703 0.9179 -1.3038
v  -1.6856 0.9031 -1.2825
v  -1.4618 0.7846 -1.2407
v  -1.6761 0.7720 -1.2204
v  -1.4548 0.6737 -1.1740
v  -1.6681 0.6630 -1.1549
v  -1.4474 0.5572 -1.0876
v  -1.6598 0.5485 -1.0699
v  -1.4412 0.4593 -0.9988
v  -1.6528 0.4523 -0.9825
v  -1.4351 0.3638 -0.8934
v  -1.6459 0.3584 -0.8788
v  -1.4299 0.2829 -0.7841
v  -1.6401 0.2788 -0.7713
v  -1.4255 0.2126 -0.6672
v  -1.6351 0.2098 -0.6563
v  -1.4217 0.1525 -0.5403
v  -1.6308 0.1507 -0.5314
v  -1.4186 0.1042 -0.4046
v  -1.6273 0.1032 -0.3979
v  -1.4166 0.0725 -0.2771
v  -1.6250 0.0720 -0.2726
v  -1.4153 0.0522 -0.1420
v  -1.6236 0.0521 -0.1397
v  -1.4148 0.0450 -0.0000
v  -1.6231 0.0450 -0.0000
v  -1.9636 2.7779 -0.0000
v  -1.9631 2.7713 -0.1339
v  -1.9616 2.7528 -0.2611
v  -1.9589 2.7187 -0.3989
v  -1.9556 2.6758 -0.5199
v  -1.9508 2.6146 -0.6498
v  -1.9457 2.5500 -0.7579
v  -1.9391 2.4662 -0.8714
v  -1.9323 2.3800 -0.9668
v  -1.9243 2.2778 -1.0600
v  -1.9160 2.1718 -1.1388
v  -1.9071 2.0584 -1.2073
v  -1.8974 1.9354 -1.2659
v  -1.8870 1.8038 -1.3129
v  -1.8773 1.6802 -1.3439
v  -1.8670 1.5492 -1.3637
v  -1.8562 1.4115 -1.3706
v  -1.8457 1.2780 -1.3641
v  -1.8358 1.1511 -1.3455
v  -1.8250 1.0138 -1.3113
v  -1.8155 0.8932 -1.2682
v  -1.8053 0.7636 -1.2068
v  -1.7968 0.6559 -1.1420
v  -1.7879 0.5427 -1.0580
v  -1.7805 0.4476 -0.9715
v  -1.7732 0.3548 -0.8690
v  -1.7670 0.2761 -0.7627
v  -1.7616 0.2079 -0.6490
v  -1.7570 0.1495 -0.5255
v  -1.7534 0.1026 -0.3935
v  -1.7509 0.0717 -0.2696
v  -1.7494 0.0520 -0.1382
v  -1.7488 0.0450 -0.0000
v  -2.3239 2.6250 -0.3854
v  -2.3269 2.6579 -0.2523
v  -2.3200 2.5835 -0.5023
v  -2.3145 2.5244 -0.6278
v  -2.3086 2.4621 -0.7323
v  -2.3011 2.3813 -0.8419
v  -2.2933 2.2981 -0.9341
v  -2.2840 2.1995 -1.0241
v  -2.2745 2.0972 -1.1003
v  -2.2642 1.9878 -1.1664
v  -2.2531 1.8691 -1.2230
v  -2.2412 1.7421 -1.2685
v  -2.2301 1.6229 -1.2984
v  -2.2182 1.4964 -1.3175
v  -2.2058 1.3635 -1.3243
v  -2.1937 1.2347 -1.3179
v  -2.1823 1.1123 -1.3000
v  -2.1699 0.9798 -1.2669
v  -2.1590 0.8634 -1.2253
v  -2.1473 0.7384 -1.1660
v  -2.1376 0.6344 -1.1034
v  -2.1273 0.5253 -1.0222
v  -2.1187 0.4335 -0.9387
v  -2.1104 0.3439 -0.8396
v  -2.1033 0.2680 -0.7369
v  -2.0971 0.2022 -0.6270
v  -2.0918 0.1458 -0.5078
v  -2.0876 0.1005 -0.3802
v  -2.0848 0.0708 -0.2605
v  -2.0830 0.0517 -0.1335
v  -2.0824 0.0450 -0.0000
v  -1.2222 0.0450 -0.0000
v  -1.2222 0.0497 -0.1157
v  -1.2222 0.0638 -0.2307
v  -1.2222 0.0872 -0.3445
v  -1.2222 0.1198 -0.4563
v  -1.2222 0.1645 -0.5722
v  -1.2222 0.2192 -0.6840
v  -1.2222 0.3191 -0.8420
v  -1.2222 0.4525 -1.0001
v  -1.2222 0.5588 -1.0986
v  -1.2222 0.6746 -1.1859
v  -1.2222 0.7986 -1.2611
v  -1.2222 0.9610 -1.3362
v  -1.2222 1.1314 -1.3905
v  -1.2222 1.3064 -1.4231
v  -1.2222 1.4834 -1.4340
v  -1.2222 1.6620 -1.4228
v  -1.2222 1.8368 -1.3899
v  -1.2222 2.0057 -1.3359
v  -1.2222 2.1666 -1.2615
v  -1.2222 2.2905 -1.1863
v  -1.2222 2.4063 -1.0991
v  -1.2222 2.5128 -1.0005
v  -1.2222 2.6464 -0.8422
v  -1.2222 2.7459 -0.6847
v  -1.2222 2.8007 -0.5729
v  -1.2222 2.8456 -0.4566
v  -1.2222 2.8781 -0.3453
v  -1.2222 2.9015 -0.2316
v  -1.2222 2.9156 -0.1162
v  -1.2222 2.9204 -0.0000
v  -2.4185 2.6560 -0.0000
v  -2.4184 2.6560 -0.0051
v  -2.4184 2.6513 -0.1098
v  -2.4184 2.6380 -0.2137
v  -2.4184 2.6157 -0.3186
v  -2.4184 2.5848 -0.4212
v  -2.4184 2.5423 -0.5277
v  -2.4184 2.4905 -0.6301
v  -2.4184 2.4298 -0.7273
v  -2.4184 2.3608 -0.8188
v  -2.4184 2.2719 -0.9159
v  -2.4184 2.1735 -1.0035
v  -2.4184 2.0668 -1.0807
v  -2.4184 1.9529 -1.1467
v  -2.4184 1.8101 -1.2098
v  -2.4184 1.6608 -1.2554
v  -2.4184 1.5067 -1.2830
v  -2.4184 1.3504 -1.2922
v  -2.4184 1.1954 -1.2829
v  -2.4184 1.0419 -1.2554
v  -2.4184 0.8925 -1.2097
v  -2.4184 0.7492 -1.1466
v  -2.4184 0.5808 -1.0432
v  -2.4184 0.4298 -0.9157
v  -2.4184 0.3408 -0.8187
v  -2.4184 0.2403 -0.6793
v  -2.4184 0.1588 -0.5272
v  -2.4184 0.1163 -0.4208
v  -2.4184 0.0852 -0.3179
v  -2.4184 0.0629 -0.2130
v  -2.4184 0.0495 -0.1069
v  -2.4184 0.0450 -0.0000
# 193 vertices

vn -0.1854 0.9815 -0.0477
vn -0.1854 0.9780 -0.0958
vn -0.2126 0.9724 -0.0957
vn -0.2129 0.9759 -0.0484
vn -0.1847 0.9640 -0.1912
vn -0.2112 0.9586 -0.1910
vn -0.1826 0.9405 -0.2866
vn -0.2088 0.9353 -0.2858
vn -0.1793 0.9079 -0.3789
vn -0.2054 0.9027 -0.3781
vn -0.1750 0.8662 -0.4681
vn -0.2011 0.8613 -0.4667
vn -0.1706 0.8172 -0.5506
vn -0.1959 0.8118 -0.5500
vn -0.1655 0.7589 -0.6298
vn -0.1900 0.7545 -0.6282
vn -0.1601 0.6942 -0.7017
vn -0.1832 0.6899 -0.7003
vn -0.1537 0.6223 -0.7675
vn -0.1757 0.6184 -0.7659
vn -0.1465 0.5449 -0.8256
vn -0.1676 0.5412 -0.8240
vn -0.1383 0.4620 -0.8760
vn -0.1589 0.4589 -0.8742
vn -0.1306 0.3741 -0.9181
vn -0.1495 0.3702 -0.9168
vn -0.1231 0.2811 -0.9518
vn -0.1397 0.2780 -0.9504
vn -0.1147 0.1881 -0.9754
vn -0.1298 0.1856 -0.9740
vn -0.1054 0.0925 -0.9901
vn -0.1197 0.0909 -0.9886
vn -0.0956 -0.0055 -0.9954
vn -0.1092 -0.0070 -0.9940
vn -0.0869 -0.1008 -0.9911
vn -0.0988 -0.1034 -0.9897
vn -0.0790 -0.1966 -0.9773
vn -0.0884 -0.1987 -0.9761
vn -0.0699 -0.2927 -0.9536
vn -0.0782 -0.2935 -0.9528
vn -0.0603 -0.3855 -0.9207
vn -0.0680 -0.3859 -0.9200
vn -0.0512 -0.4741 -0.8790
vn -0.0584 -0.4746 -0.8783
vn -0.0434 -0.5567 -0.8296
vn -0.0492 -0.5580 -0.8284
vn -0.0364 -0.6356 -0.7712
vn -0.0406 -0.6361 -0.7705
vn -0.0296 -0.7076 -0.7060
vn -0.0326 -0.7083 -0.7052
vn -0.0222 -0.7730 -0.6340
vn -0.0253 -0.7739 -0.6329
vn -0.0169 -0.8321 -0.5543
vn -0.0188 -0.8318 -0.5547
vn -0.0130 -0.8814 -0.4722
vn -0.0132 -0.8818 -0.4715
vn -0.0099 -0.9240 -0.3823
vn -0.0085 -0.9242 -0.3818
vn -0.0070 -0.9574 -0.2886
vn -0.0048 -0.9575 -0.2885
vn -0.0046 -0.9807 -0.1954
vn -0.0022 -0.9807 -0.1953
vn -0.0029 -0.9950 -0.0994
vn -0.0006 -0.9950 -0.0996
vn -0.0019 -0.9988 -0.0487
vn 0.0000 -0.9987 -0.0503
vn -0.2404 0.9695 -0.0478
vn -0.2395 0.9663 -0.0948
vn -0.2367 0.9527 -0.1904
vn -0.2340 0.9296 -0.2849
vn -0.2302 0.8972 -0.3769
vn -0.2254 0.8560 -0.4653
vn -0.2196 0.8068 -0.5484
vn -0.2129 0.7499 -0.6264
vn -0.2054 0.6855 -0.6985
vn -0.1970 0.6144 -0.7640
vn -0.1879 0.5376 -0.8220
vn -0.1782 0.4557 -0.8721
vn -0.1677 0.3673 -0.9149
vn -0.1567 0.2754 -0.9485
vn -0.1457 0.1834 -0.9722
vn -0.1343 0.0890 -0.9869
vn -0.1226 -0.0086 -0.9924
vn -0.1109 -0.1048 -0.9883
vn -0.0993 -0.1998 -0.9748
vn -0.0878 -0.2945 -0.9516
vn -0.0764 -0.3867 -0.9190
vn -0.0656 -0.4752 -0.8774
vn -0.0552 -0.5585 -0.8277
vn -0.0456 -0.6365 -0.7699
vn -0.0366 -0.7086 -0.7047
vn -0.0284 -0.7741 -0.6325
vn -0.0212 -0.8320 -0.5544
vn -0.0149 -0.8819 -0.4713
vn -0.0096 -0.9243 -0.3816
vn -0.0054 -0.9575 -0.2884
vn -0.0024 -0.9808 -0.1952
vn -0.0006 -0.9950 -0.0995
vn -0.2581 0.9232 -0.2849
vn -0.2612 0.9480 -0.1819
vn -0.2548 0.8910 -0.3759
vn -0.2501 0.8492 -0.4651
vn -0.2447 0.8005 -0.5470
vn -0.2377 0.7431 -0.6256
vn -0.2297 0.6793 -0.6969
vn -0.2207 0.6082 -0.7625
vn -0.2111 0.5317 -0.8202
vn -0.2005 0.4505 -0.8700
vn -0.1885 0.3634 -0.9124
vn -0.1757 0.2712 -0.9464
vn -0.1633 0.1792 -0.9702
vn -0.1507 0.0846 -0.9850
vn -0.1389 -0.0133 -0.9902
vn -0.1264 -0.1069 -0.9862
vn -0.1120 -0.2017 -0.9730
vn -0.0983 -0.2967 -0.9499
vn -0.0856 -0.3887 -0.9174
vn -0.0753 -0.4785 -0.8748
vn -0.0645 -0.5581 -0.8273
vn -0.0519 -0.6380 -0.7683
vn -0.0412 -0.7094 -0.7036
vn -0.0325 -0.7750 -0.6311
vn -0.0243 -0.8319 -0.5545
vn -0.0161 -0.8821 -0.4707
vn -0.0091 -0.9244 -0.3813
vn -0.0043 -0.9576 -0.2880
vn -0.0012 -0.9808 -0.1950
vn 0.0006 -0.9951 -0.0993
vn 0.0011 -0.9988 -0.0494
vn 0.0000 -0.9992 -0.0405
vn 0.0005 -0.9968 -0.0796
vn 0.0012 -0.9869 -0.1612
vn 0.0003 -0.9704 -0.2415
vn -0.0026 -0.9469 -0.3216
vn -0.0062 -0.9157 -0.4019
vn -0.0070 -0.8738 -0.4863
vn -0.0077 -0.8060 -0.5919
vn -0.0193 -0.7191 -0.6946
vn -0.0311 -0.6393 -0.7683
vn -0.0392 -0.5587 -0.8284
vn -0.0453 -0.4684 -0.8824
vn -0.0510 -0.3599 -0.9316
vn -0.0605 -0.2405 -0.9688
vn -0.0725 -0.1180 -0.9904
vn -0.0839 0.0033 -0.9965
vn -0.0924 0.1260 -0.9877
vn -0.1022 0.2475 -0.9635
vn -0.1138 0.3640 -0.9244
vn -0.1241 0.4687 -0.8746
vn -0.1315 0.5576 -0.8196
vn -0.1377 0.6369 -0.7586
vn -0.1407 0.7157 -0.6840
vn -0.1458 0.7997 -0.5825
vn -0.1548 0.8640 -0.4790
vn -0.1597 0.9047 -0.3950
vn -0.1610 0.9351 -0.3158
vn -0.1628 0.9576 -0.2377
vn -0.1641 0.9735 -0.1591
vn -0.1659 0.9830 -0.0793
vn -0.1667 0.9852 -0.0401
vn -0.2589 0.9659 -0.0019
vn -0.2586 0.9657 -0.0228
vn -0.2588 0.9624 -0.0824
vn -0.2704 0.9506 -0.1522
vn -0.2757 0.9310 -0.2392
vn -0.2755 0.9069 -0.3188
vn -0.2696 0.8760 -0.3999
vn -0.2654 0.8386 -0.4758
vn -0.2582 0.7943 -0.5499
vn -0.2524 0.7439 -0.6188
vn -0.2451 0.6783 -0.6927
vn -0.2347 0.6067 -0.7595
vn -0.2237 0.5276 -0.8195
vn -0.2139 0.4409 -0.8717
vn -0.2027 0.3376 -0.9192
vn -0.1893 0.2262 -0.9555
vn -0.1723 0.1105 -0.9788
vn -0.1524 -0.0073 -0.9883
vn -0.1363 -0.1210 -0.9833
vn -0.1214 -0.2377 -0.9637
vn -0.1054 -0.3512 -0.9303
vn -0.0882 -0.4670 -0.8799
vn -0.0723 -0.5881 -0.8056
vn -0.0525 -0.6970 -0.7152
vn -0.0381 -0.7760 -0.6295
vn -0.0299 -0.8490 -0.5275
vn -0.0194 -0.9080 -0.4186
vn -0.0113 -0.9443 -0.3290
vn -0.0074 -0.9688 -0.2477
vn -0.0041 -0.9862 -0.1658
vn -0.0013 -0.9966 -0.0826
vn 0.0000 -0.9991 -0.0419
# 192 vertex normals

vt 0.5000 0.6192 0.8709
vt 0.7273 0.6192 0.8690
vt 0.7236 0.6365 0.8558
vt 0.5000 0.6365 0.8576
vt 0.9434 0.6191 0.8637
vt 0.9361 0.6364 0.8505
vt 0.1363 0.6191 0.9434
vt 0.1461 0.6190 1.1772
vt 0.1591 0.6362 1.1662
vt 0.1495 0.6364 0.9361
vt 0.1584 0.6187 1.3827
vt 0.1712 0.6360 1.3683
vt 0.1760 0.6184 1.6033
vt 0.1885 0.6356 1.5853
vt 0.1945 0.6181 1.7869
vt 0.2067 0.6353 1.7659
vt 0.2186 0.6177 1.9796
vt 0.2304 0.6348 1.9554
vt 0.2433 0.6173 2.1416
vt 0.2547 0.6343 2.1148
vt 0.2727 0.6168 2.2997
vt 0.2836 0.6338 2.2703
vt 0.3031 0.6163 2.4336
vt 0.3135 0.6332 2.4020
vt 0.3357 0.6157 2.5499
vt 0.3455 0.6326 2.5164
vt 0.3710 0.6151 2.6494
vt 0.3802 0.6319 2.6143
vt 0.4088 0.6145 2.7293
vt 0.4174 0.6312 2.6928
vt 0.4443 0.6139 2.7818
vt 0.4523 0.6305 2.7445
vt 0.4819 0.6132 2.8154
vt 0.4892 0.6298 2.7776
vt 0.5215 0.6126 2.8273
vt 0.5281 0.6290 2.7892
vt 0.5598 0.6119 2.8161
vt 0.5658 0.6283 2.7783
vt 0.5962 0.6113 2.7846
vt 0.6016 0.6276 2.7473
vt 0.6356 0.6106 2.7265
vt 0.6404 0.6268 2.6901
vt 0.6703 0.6100 2.6534
vt 0.6744 0.6261 2.6182
vt 0.7075 0.6094 2.5491
vt 0.7110 0.6254 2.5156
vt 0.7384 0.6089 2.4391
vt 0.7414 0.6248 2.4074
vt 0.7709 0.6083 2.2964
vt 0.7733 0.6242 2.2670
vt 0.7982 0.6078 2.1496
vt 0.8002 0.6237 2.1226
vt 0.8249 0.6074 1.9755
vt 0.8264 0.6232 1.9514
vt 0.8475 0.6070 1.7951
vt 0.8486 0.6227 1.7739
vt 0.8671 0.6067 1.6019
vt 0.8679 0.6224 1.5839
vt 0.8838 0.6064 1.3923
vt 0.8844 0.6220 1.3777
vt 0.8973 0.6062 1.1682
vt 0.8976 0.6218 1.1572
vt 0.9062 0.6060 0.9577
vt 0.9063 0.6216 0.9502
vt 0.0423 0.6060 0.0938
vt 0.2654 0.6059 0.0882
vt 0.2692 0.6215 0.0881
vt 0.0498 0.6216 0.0937
vt 0.5000 0.6059 0.0862
vt 0.5000 0.6215 0.0862
vt 0.5000 0.6469 0.8487
vt 0.7211 0.6469 0.8469
vt 0.9313 0.6468 0.8417
vt 0.1583 0.6468 0.9313
vt 0.1678 0.6466 1.1588
vt 0.1798 0.6463 1.3586
vt 0.1969 0.6460 1.5732
vt 0.2149 0.6456 1.7518
vt 0.2383 0.6451 1.9392
vt 0.2623 0.6446 2.0968
vt 0.2908 0.6440 2.2506
vt 0.3204 0.6434 2.3809
vt 0.3521 0.6427 2.4939
vt 0.3864 0.6420 2.5907
vt 0.4231 0.6412 2.6684
vt 0.4576 0.6405 2.7195
vt 0.4941 0.6397 2.7522
vt 0.5326 0.6389 2.7637
vt 0.5698 0.6381 2.7529
vt 0.6052 0.6374 2.7223
vt 0.6435 0.6366 2.6658
vt 0.6772 0.6359 2.5946
vt 0.7133 0.6351 2.4932
vt 0.7434 0.6345 2.3861
vt 0.7750 0.6338 2.2473
vt 0.8015 0.6332 2.1046
vt 0.8274 0.6327 1.9352
vt 0.8493 0.6322 1.7597
vt 0.8684 0.6318 1.5718
vt 0.8847 0.6315 1.3680
vt 0.8978 0.6312 1.1499
vt 0.9064 0.6310 0.9452
vt 0.2718 0.6309 0.0881
vt 0.0548 0.6310 0.0936
vt 0.5000 0.6309 0.0862
vt 0.1940 0.6739 1.1365
vt 0.1848 0.6741 0.9167
vt 0.2055 0.6736 1.3295
vt 0.2220 0.6732 1.5369
vt 0.2394 0.6728 1.7094
vt 0.2620 0.6722 1.8905
vt 0.2852 0.6716 2.0428
vt 0.3127 0.6709 2.1914
vt 0.3412 0.6702 2.3172
vt 0.3718 0.6694 2.4265
vt 0.4049 0.6686 2.5200
vt 0.4403 0.6677 2.5951
vt 0.4736 0.6669 2.6444
vt 0.5089 0.6660 2.6760
vt 0.5459 0.6651 2.6871
vt 0.5819 0.6642 2.6767
vt 0.6160 0.6633 2.6471
vt 0.6530 0.6624 2.5925
vt 0.6855 0.6616 2.5237
vt 0.7204 0.6607 2.4257
vt 0.7494 0.6600 2.3223
vt 0.7798 0.6592 2.1882
vt 0.8054 0.6585 2.0503
vt 0.8304 0.6579 1.8867
vt 0.8516 0.6574 1.7171
vt 0.8700 0.6569 1.5356
vt 0.8857 0.6565 1.3386
vt 0.8983 0.6562 1.1279
vt 0.9066 0.6560 0.9302
vt 0.0698 0.6560 0.0934
vt 0.2795 0.6559 0.0880
vt 0.5000 0.6558 0.0862
vt 0.5000 0.5915 0.0862
vt 0.3088 0.5915 0.0875
vt 0.1189 0.5915 0.0914
vt 0.9086 0.5915 0.8811
vt 0.9021 0.5915 1.0690
vt 0.8930 0.5915 1.2536
vt 0.8805 0.5915 1.4450
vt 0.8652 0.5915 1.6297
vt 0.8374 0.5915 1.8906
vt 0.8001 0.5915 2.1517
vt 0.7705 0.5915 2.3144
vt 0.7382 0.5915 2.4586
vt 0.7036 0.5915 2.5829
vt 0.6582 0.5915 2.7068
vt 0.6107 0.5915 2.7965
vt 0.5619 0.5915 2.8505
vt 0.5125 0.5915 2.8684
vt 0.4627 0.5915 2.8500
vt 0.4139 0.5915 2.7955
vt 0.3668 0.5915 2.7063
vt 0.3219 0.5915 2.5835
vt 0.2873 0.5915 2.4594
vt 0.2550 0.5915 2.3152
vt 0.2253 0.5915 2.1524
vt 0.1880 0.5915 1.8910
vt 0.1602 0.5915 1.6309
vt 0.1449 0.5915 1.4462
vt 0.1324 0.5915 1.2541
vt 0.1234 0.5915 1.0703
vt 0.1168 0.5915 0.8826
vt 0.8826 0.5915 0.8832
vt 0.6919 0.5915 0.8871
vt 0.5000 0.5915 0.8884
vt 0.5000 0.6810 0.8147
vt 0.5084 0.6810 0.8147
vt 0.6813 0.6810 0.8134
vt 0.9167 0.6741 0.8152
vt 0.8530 0.6810 0.8097
vt 0.1903 0.6810 0.8530
vt 0.1965 0.6810 1.0261
vt 0.2052 0.6810 1.1956
vt 0.2170 0.6810 1.3716
vt 0.2315 0.6810 1.5406
vt 0.2484 0.6810 1.7012
vt 0.2677 0.6810 1.8523
vt 0.2925 0.6810 2.0127
vt 0.3199 0.6810 2.1574
vt 0.3497 0.6810 2.2849
vt 0.3815 0.6810 2.3940
vt 0.4213 0.6810 2.4981
vt 0.4630 0.6810 2.5734
vt 0.5060 0.6810 2.6190
vt 0.5496 0.6810 2.6342
vt 0.5928 0.6810 2.6189
vt 0.6357 0.6810 2.5734
vt 0.6774 0.6810 2.4980
vt 0.7174 0.6810 2.3937
vt 0.7643 0.6810 2.2230
vt 0.8065 0.6810 2.0123
vt 0.8313 0.6810 1.8521
vt 0.8594 0.6810 1.6220
vt 0.8821 0.6810 1.3708
vt 0.8939 0.6810 1.1950
vt 0.9026 0.6810 1.0251
vt 0.9088 0.6810 0.8518
vt 0.1482 0.6810 0.0912
vt 0.3235 0.6810 0.0874
vt 0.5000 0.6810 0.0862
# 205 texture coords

o Letrero018
g Letrero018
usemtl blanco
s 1
f 4281/4545/4379 4282/4546/4380 4283/4547/4381 4284/4548/4382 
f 4283/4547/4381 4282/4546/4380 4285/4549/4383 4286/4550/4384 
f 4285/4551/4383 4287/4552/4385 4288/4553/4386 4286/4554/4384 
f 4287/4552/4385 4289/4555/4387 4290/4556/4388 4288/4553/4386 
f 4290/4556/4388 4289/4555/4387 4291/4557/4389 4292/4558/4390 
f 4291/4557/4389 4293/4559/4391 4294/4560/4392 4292/4558/4390 
f 4293/4559/4391 4295/4561/4393 4296/4562/4394 4294/4560/4392 
f 4296/4562/4394 4295/4561/4393 4297/4563/4395 4298/4564/4396 
f 4297/4563/4395 4299/4565/4397 4300/4566/4398 4298/4564/4396 
f 4299/4565/4397 4301/4567/4399 4302/4568/4400 4300/4566/4398 
f 4302/4568/4400 4301/4567/4399 4303/4569/4401 4304/4570/4402 
f 4303/4569/4401 4305/4571/4403 4306/4572/4404 4304/4570/4402 
f 4305/4571/4403 4307/4573/4405 4308/4574/4406 4306/4572/4404 
f 4308/4574/4406 4307/4573/4405 4309/4575/4407 4310/4576/4408 
f 4309/4575/4407 4311/4577/4409 4312/4578/4410 4310/4576/4408 
f 4311/4577/4409 4313/4579/4411 4314/4580/4412 4312/4578/4410 
f 4314/4580/4412 4313/4579/4411 4315/4581/4413 4316/4582/4414 
f 4315/4581/4413 4317/4583/4415 4318/4584/4416 4316/4582/4414 
f 4317/4583/4415 4319/4585/4417 4320/4586/4418 4318/4584/4416 
f 4320/4586/4418 4319/4585/4417 4321/4587/4419 4322/4588/4420 
f 4321/4587/4419 4323/4589/4421 4324/4590/4422 4322/4588/4420 
f 4323/4589/4421 4325/4591/4423 4326/4592/4424 4324/4590/4422 
f 4326/4592/4424 4325/4591/4423 4327/4593/4425 4328/4594/4426 
f 4327/4593/4425 4329/4595/4427 4330/4596/4428 4328/4594/4426 
f 4329/4595/4427 4331/4597/4429 4332/4598/4430 4330/4596/4428 
f 4332/4598/4430 4331/4597/4429 4333/4599/4431 4334/4600/4432 
f 4333/4599/4431 4335/4601/4433 4336/4602/4434 4334/4600/4432 
f 4335/4601/4433 4337/4603/4435 4338/4604/4436 4336/4602/4434 
f 4338/4604/4436 4337/4603/4435 4339/4605/4437 4340/4606/4438 
f 4339/4605/4437 4341/4607/4439 4342/4608/4440 4340/4606/4438 
f 4341/4609/4439 4343/4610/4441 4344/4611/4442 4342/4612/4440 
f 4344/4611/4442 4343/4610/4441 4345/4613/4443 4346/4614/4444 
f 4347/4615/4445 4284/4548/4382 4283/4547/4381 4348/4616/4446 
f 4283/4547/4381 4286/4550/4384 4349/4617/4447 4348/4616/4446 
f 4349/4618/4447 4286/4554/4384 4288/4553/4386 4350/4619/4448 
f 4290/4556/4388 4351/4620/4449 4350/4619/4448 4288/4553/4386 
f 4292/4558/4390 4352/4621/4450 4351/4620/4449 4290/4556/4388 
f 4294/4560/4392 4353/4622/4451 4352/4621/4450 4292/4558/4390 
f 4296/4562/4394 4354/4623/4452 4353/4622/4451 4294/4560/4392 
f 4298/4564/4396 4355/4624/4453 4354/4623/4452 4296/4562/4394 
f 4300/4566/4398 4356/4625/4454 4355/4624/4453 4298/4564/4396 
f 4302/4568/4400 4357/4626/4455 4356/4625/4454 4300/4566/4398 
f 4304/4570/4402 4358/4627/4456 4357/4626/4455 4302/4568/4400 
f 4306/4572/4404 4359/4628/4457 4358/4627/4456 4304/4570/4402 
f 4308/4574/4406 4360/4629/4458 4359/4628/4457 4306/4572/4404 
f 4310/4576/4408 4361/4630/4459 4360/4629/4458 4308/4574/4406 
f 4312/4578/4410 4362/4631/4460 4361/4630/4459 4310/4576/4408 
f 4314/4580/4412 4363/4632/4461 4362/4631/4460 4312/4578/4410 
f 4316/4582/4414 4364/4633/4462 4363/4632/4461 4314/4580/4412 
f 4318/4584/4416 4365/4634/4463 4364/4633/4462 4316/4582/4414 
f 4320/4586/4418 4366/4635/4464 4365/4634/4463 4318/4584/4416 
f 4322/4588/4420 4367/4636/4465 4366/4635/4464 4320/4586/4418 
f 4324/4590/4422 4368/4637/4466 4367/4636/4465 4322/4588/4420 
f 4368/4637/4466 4324/4590/4422 4326/4592/4424 4369/4638/4467 
f 4328/4594/4426 4370/4639/4468 4369/4638/4467 4326/4592/4424 
f 4330/4596/4428 4371/4640/4469 4370/4639/4468 4328/4594/4426 
f 4371/4640/4469 4330/4596/4428 4332/4598/4430 4372/4641/4470 
f 4334/4600/4432 4373/4642/4471 4372/4641/4470 4332/4598/4430 
f 4336/4602/4434 4374/4643/4472 4373/4642/4471 4334/4600/4432 
f 4374/4643/4472 4336/4602/4434 4338/4604/4436 4375/4644/4473 
f 4340/4606/4438 4376/4645/4474 4375/4644/4473 4338/4604/4436 
f 4376/4645/4474 4340/4606/4438 4342/4608/4440 4377/4646/4475 
f 4342/4612/4440 4344/4611/4442 4378/4647/4476 4377/4648/4475 
f 4344/4611/4442 4346/4614/4444 4379/4649/4444 4378/4647/4476 
f 4380/4650/4477 4381/4651/4478 4349/4618/4447 4350/4619/4448 
f 4351/4620/4449 4382/4652/4479 4380/4650/4477 4350/4619/4448 
f 4382/4652/4479 4351/4620/4449 4352/4621/4450 4383/4653/4480 
f 4383/4653/4480 4352/4621/4450 4353/4622/4451 4384/4654/4481 
f 4354/4623/4452 4385/4655/4482 4384/4654/4481 4353/4622/4451 
f 4385/4655/4482 4354/4623/4452 4355/4624/4453 4386/4656/4483 
f 4387/4657/4484 4386/4656/4483 4355/4624/4453 4356/4625/4454 
f 4356/4625/4454 4357/4626/4455 4388/4658/4485 4387/4657/4484 
f 4388/4658/4485 4357/4626/4455 4358/4627/4456 4389/4659/4486 
f 4390/4660/4487 4389/4659/4486 4358/4627/4456 4359/4628/4457 
f 4359/4628/4457 4360/4629/4458 4391/4661/4488 4390/4660/4487 
f 4391/4661/4488 4360/4629/4458 4361/4630/4459 4392/4662/4489 
f 4393/4663/4490 4392/4662/4489 4361/4630/4459 4362/4631/4460 
f 4362/4631/4460 4363/4632/4461 4394/4664/4491 4393/4663/4490 
f 4394/4664/4491 4363/4632/4461 4364/4633/4462 4395/4665/4492 
f 4396/4666/4493 4395/4665/4492 4364/4633/4462 4365/4634/4463 
f 4365/4634/4463 4366/4635/4464 4397/4667/4494 4396/4666/4493 
f 4397/4667/4494 4366/4635/4464 4367/4636/4465 4398/4668/4495 
f 4399/4669/4496 4398/4668/4495 4367/4636/4465 4368/4637/4466 
f 4368/4637/4466 4369/4638/4467 4400/4670/4497 4399/4669/4496 
f 4370/4639/4468 4401/4671/4498 4400/4670/4497 4369/4638/4467 
f 4402/4672/4499 4401/4671/4498 4370/4639/4468 4371/4640/4469 
f 4402/4672/4499 4371/4640/4469 4372/4641/4470 4403/4673/4500 
f 4373/4642/4471 4404/4674/4501 4403/4673/4500 4372/4641/4470 
f 4405/4675/4502 4404/4674/4501 4373/4642/4471 4374/4643/4472 
f 4405/4675/4502 4374/4643/4472 4375/4644/4473 4406/4676/4503 
f 4406/4676/4503 4375/4644/4473 4376/4645/4474 4407/4677/4504 
f 4407/4677/4504 4376/4645/4474 4377/4646/4475 4408/4678/4505 
f 4408/4679/4505 4377/4648/4475 4378/4647/4476 4409/4680/4506 
f 4410/4681/4507 4409/4680/4506 4378/4647/4476 4379/4649/4444 
f 4411/4682/4508 4345/4613/4443 4412/4683/4509 
f 4412/4683/4509 4343/4610/4441 4413/4684/4510 
f 4413/4685/4510 4341/4607/4439 4414/4686/4511 
f 4414/4686/4511 4339/4605/4437 4415/4687/4512 
f 4415/4687/4512 4337/4603/4435 4416/4688/4513 
f 4416/4688/4513 4335/4601/4433 4417/4689/4514 
f 4417/4689/4514 4333/4599/4431 4418/4690/4515 
f 4418/4690/4515 4331/4597/4429 4419/4691/4516 
f 4419/4691/4516 4329/4595/4427 4420/4692/4517 
f 4420/4692/4517 4327/4593/4425 4421/4693/4518 
f 4421/4693/4518 4323/4589/4421 4422/4694/4519 
f 4422/4694/4519 4321/4587/4419 4423/4695/4520 
f 4423/4695/4520 4319/4585/4417 4424/4696/4521 
f 4424/4696/4521 4317/4583/4415 4425/4697/4522 
f 4425/4697/4522 4315/4581/4413 4426/4698/4523 
f 4426/4698/4523 4311/4577/4409 4427/4699/4524 
f 4427/4699/4524 4309/4575/4407 4428/4700/4525 
f 4428/4700/4525 4307/4573/4405 4429/4701/4526 
f 4429/4701/4526 4305/4571/4403 4430/4702/4527 
f 4430/4702/4527 4301/4567/4399 4431/4703/4528 
f 4431/4703/4528 4299/4565/4397 4432/4704/4529 
f 4432/4704/4529 4297/4563/4395 4433/4705/4530 
f 4433/4705/4530 4295/4561/4393 4434/4706/4531 
f 4434/4706/4531 4293/4559/4391 4435/4707/4532 
f 4435/4707/4532 4291/4557/4389 4436/4708/4533 
f 4436/4708/4533 4289/4555/4387 4437/4709/4534 
f 4437/4709/4534 4287/4552/4385 4438/4710/4535 
f 4438/4710/4535 4285/4551/4383 4439/4711/4536 
f 4439/4712/4536 4282/4546/4380 4440/4713/4537 
f 4440/4713/4537 4281/4545/4379 4441/4714/4538 
f 4442/4715/4539 4347/4615/4445 4443/4716/4540 
f 4443/4716/4540 4347/4615/4445 4444/4717/4541 
f 4444/4717/4541 4381/4718/4478 4445/4719/4542 
f 4445/4720/4542 4381/4651/4478 4446/4721/4543 
f 4446/4721/4543 4380/4650/4477 4447/4722/4544 
f 4447/4722/4544 4382/4652/4479 4448/4723/4545 
f 4448/4723/4545 4383/4653/4480 4449/4724/4546 
f 4449/4724/4546 4384/4654/4481 4450/4725/4547 
f 4450/4725/4547 4384/4654/4481 4451/4726/4548 
f 4451/4726/4548 4385/4655/4482 4452/4727/4549 
f 4452/4727/4549 4386/4656/4483 4453/4728/4550 
f 4453/4728/4550 4387/4657/4484 4454/4729/4551 
f 4454/4729/4551 4389/4659/4486 4455/4730/4552 
f 4455/4730/4552 4390/4660/4487 4456/4731/4553 
f 4456/4731/4553 4391/4661/4488 4457/4732/4554 
f 4457/4732/4554 4392/4662/4489 4458/4733/4555 
f 4458/4733/4555 4393/4663/4490 4459/4734/4556 
f 4459/4734/4556 4395/4665/4492 4460/4735/4557 
f 4460/4735/4557 4396/4666/4493 4461/4736/4558 
f 4461/4736/4558 4397/4667/4494 4462/4737/4559 
f 4462/4737/4559 4398/4668/4495 4463/4738/4560 
f 4463/4738/4560 4400/4670/4497 4464/4739/4561 
f 4464/4739/4561 4401/4671/4498 4465/4740/4562 
f 4465/4740/4562 4402/4672/4499 4466/4741/4563 
f 4466/4741/4563 4404/4674/4501 4467/4742/4564 
f 4467/4742/4564 4405/4675/4502 4468/4743/4565 
f 4468/4743/4565 4406/4676/4503 4469/4744/4566 
f 4469/4744/4566 4407/4677/4504 4470/4745/4567 
f 4470/4745/4567 4408/4678/4505 4471/4746/4568 
f 4471/4747/4568 4409/4680/4506 4472/4748/4569 
f 4472/4748/4569 4410/4681/4507 4473/4749/4570 
f 4281/4545/4379 4440/4713/4537 4282/4546/4380 
f 4282/4546/4380 4439/4712/4536 4285/4549/4383 
f 4285/4551/4383 4438/4710/4535 4287/4552/4385 
f 4287/4552/4385 4437/4709/4534 4289/4555/4387 
f 4289/4555/4387 4436/4708/4533 4291/4557/4389 
f 4291/4557/4389 4435/4707/4532 4293/4559/4391 
f 4293/4559/4391 4434/4706/4531 4295/4561/4393 
f 4295/4561/4393 4433/4705/4530 4297/4563/4395 
f 4297/4563/4395 4432/4704/4529 4299/4565/4397 
f 4299/4565/4397 4431/4703/4528 4301/4567/4399 
f 4301/4567/4399 4430/4702/4527 4303/4569/4401 
f 4303/4569/4401 4430/4702/4527 4305/4571/4403 
f 4305/4571/4403 4429/4701/4526 4307/4573/4405 
f 4307/4573/4405 4428/4700/4525 4309/4575/4407 
f 4309/4575/4407 4427/4699/4524 4311/4577/4409 
f 4311/4577/4409 4426/4698/4523 4313/4579/4411 
f 4313/4579/4411 4426/4698/4523 4315/4581/4413 
f 4315/4581/4413 4425/4697/4522 4317/4583/4415 
f 4317/4583/4415 4424/4696/4521 4319/4585/4417 
f 4319/4585/4417 4423/4695/4520 4321/4587/4419 
f 4321/4587/4419 4422/4694/4519 4323/4589/4421 
f 4323/4589/4421 4421/4693/4518 4325/4591/4423 
f 4325/4591/4423 4421/4693/4518 4327/4593/4425 
f 4327/4593/4425 4420/4692/4517 4329/4595/4427 
f 4329/4595/4427 4419/4691/4516 4331/4597/4429 
f 4331/4597/4429 4418/4690/4515 4333/4599/4431 
f 4333/4599/4431 4417/4689/4514 4335/4601/4433 
f 4335/4601/4433 4416/4688/4513 4337/4603/4435 
f 4337/4603/4435 4415/4687/4512 4339/4605/4437 
f 4339/4605/4437 4414/4686/4511 4341/4607/4439 
f 4341/4609/4439 4413/4684/4510 4343/4610/4441 
f 4343/4610/4441 4412/4683/4509 4345/4613/4443 
f 4348/4616/4446 4444/4717/4541 4347/4615/4445 
f 4349/4617/4447 4381/4718/4478 4348/4616/4446 
f 4380/4650/4477 4446/4721/4543 4381/4651/4478 
f 4382/4652/4479 4447/4722/4544 4380/4650/4477 
f 4383/4653/4480 4448/4723/4545 4382/4652/4479 
f 4384/4654/4481 4449/4724/4546 4383/4653/4480 
f 4385/4655/4482 4451/4726/4548 4384/4654/4481 
f 4386/4656/4483 4452/4727/4549 4385/4655/4482 
f 4387/4657/4484 4453/4728/4550 4386/4656/4483 
f 4388/4658/4485 4454/4729/4551 4387/4657/4484 
f 4389/4659/4486 4454/4729/4551 4388/4658/4485 
f 4390/4660/4487 4455/4730/4552 4389/4659/4486 
f 4391/4661/4488 4456/4731/4553 4390/4660/4487 
f 4392/4662/4489 4457/4732/4554 4391/4661/4488 
f 4393/4663/4490 4458/4733/4555 4392/4662/4489 
f 4394/4664/4491 4459/4734/4556 4393/4663/4490 
f 4395/4665/4492 4459/4734/4556 4394/4664/4491 
f 4396/4666/4493 4460/4735/4557 4395/4665/4492 
f 4397/4667/4494 4461/4736/4558 4396/4666/4493 
f 4398/4668/4495 4462/4737/4559 4397/4667/4494 
f 4399/4669/4496 4463/4738/4560 4398/4668/4495 
f 4400/4670/4497 4463/4738/4560 4399/4669/4496 
f 4401/4671/4498 4464/4739/4561 4400/4670/4497 
f 4402/4672/4499 4465/4740/4562 4401/4671/4498 
f 4403/4673/4500 4466/4741/4563 4402/4672/4499 
f 4404/4674/4501 4466/4741/4563 4403/4673/4500 
f 4405/4675/4502 4467/4742/4564 4404/4674/4501 
f 4406/4676/4503 4468/4743/4565 4405/4675/4502 
f 4407/4677/4504 4469/4744/4566 4406/4676/4503 
f 4408/4678/4505 4470/4745/4567 4407/4677/4504 
f 4409/4680/4506 4471/4747/4568 4408/4679/4505 
f 4410/4681/4507 4472/4748/4569 4409/4680/4506 
f 4444/4717/4541 4348/4616/4446 4381/4718/4478 
# 94 polygons - 126 triangles

#
# object Letrero019
#

v  -2.7103 2.5636 -0.0000
v  -2.7096 2.5576 -0.1237
v  -2.7740 2.5358 -0.1227
v  -2.7747 2.5418 -0.0000
v  -2.7078 2.5405 -0.2414
v  -2.7721 2.5189 -0.2393
v  -2.7043 2.5091 -0.3686
v  -2.7686 2.4877 -0.3656
v  -2.7000 2.4695 -0.4805
v  -2.7642 2.4485 -0.4765
v  -2.6938 2.4131 -0.6006
v  -2.7579 2.3926 -0.5956
v  -2.6873 2.3536 -0.7005
v  -2.7513 2.3335 -0.6946
v  -2.6788 2.2763 -0.8054
v  -2.7427 2.2570 -0.7986
v  -2.6701 2.1969 -0.8936
v  -2.7339 2.1783 -0.8861
v  -2.6598 2.1027 -0.9797
v  -2.7234 2.0849 -0.9715
v  -2.6491 2.0051 -1.0525
v  -2.7126 1.9881 -1.0437
v  -2.6377 1.9006 -1.1158
v  -2.7009 1.8845 -1.1065
v  -2.6253 1.7872 -1.1700
v  -2.6883 1.7721 -1.1602
v  -2.6120 1.6659 -1.2135
v  -2.6748 1.6518 -1.2033
v  -2.5995 1.5520 -1.2421
v  -2.6622 1.5389 -1.2317
v  -2.5863 1.4313 -1.2604
v  -2.6487 1.4192 -1.2498
v  -2.5724 1.3043 -1.2668
v  -2.6346 1.2934 -1.2562
v  -2.5590 1.1813 -1.2608
v  -2.6209 1.1715 -1.2502
v  -2.5462 1.0644 -1.2436
v  -2.6079 1.0556 -1.2332
v  -2.5323 0.9379 -1.2120
v  -2.5939 0.9301 -1.2018
v  -2.5201 0.8267 -1.1722
v  -2.5815 0.8199 -1.1623
v  -2.5071 0.7073 -1.1154
v  -2.5682 0.7016 -1.1060
v  -2.4962 0.6080 -1.0555
v  -2.5572 0.6031 -1.0467
v  -2.5456 0.4997 -0.9696
v  -2.5263 0.3280 -0.7964
v  -2.4579 0.2580 -0.7050
v  -2.5183 0.2562 -0.6990
v  -2.4953 0.0514 -0.1266
v  -2.4346 0.0450 -0.0000
v  -2.4946 0.0450 -0.0000
v  -3.1419 2.4015 -0.1163
v  -3.1426 2.4072 -0.0000
v  -3.1399 2.3855 -0.2269
v  -3.1361 2.3561 -0.3465
v  -3.1313 2.3189 -0.4516
v  -3.1246 2.2660 -0.5645
v  -3.1174 2.2102 -0.6584
v  -3.1082 2.1378 -0.7570
v  -3.0986 2.0633 -0.8399
v  -3.0873 1.9749 -0.9208
v  -3.0756 1.8833 -0.9893
v  -3.0631 1.7853 -1.0488
v  -3.0494 1.6790 -1.0997
v  -3.0349 1.5652 -1.1406
v  -3.0212 1.4584 -1.1674
v  -3.0067 1.3452 -1.1846
v  -2.9915 1.2261 -1.1907
v  -2.9767 1.1107 -1.1850
v  -2.9627 1.0011 -1.1689
v  -2.9475 0.8824 -1.1392
v  -2.9342 0.7781 -1.1017
v  -2.9198 0.6662 -1.0484
v  -2.9079 0.5730 -0.9921
v  -2.8954 0.4752 -0.9191
v  -2.5358 0.4128 -0.8904
v  -2.8849 0.3930 -0.8440
v  -2.8746 0.3127 -0.7549
v  -2.8659 0.2448 -0.6626
v  -2.5113 0.1938 -0.5948
v  -2.8584 0.1858 -0.5638
v  -2.5053 0.1404 -0.4817
v  -2.8519 0.1353 -0.4565
v  -2.5005 0.0976 -0.3607
v  -2.8467 0.0948 -0.3419
v  -2.4973 0.0694 -0.2471
v  -2.8433 0.0681 -0.2342
v  -2.8411 0.0510 -0.1200
v  -2.8403 0.0450 -0.0000
v  -3.5149 2.2030 -0.3243
v  -3.5189 2.2305 -0.2123
v  -3.5099 2.1683 -0.4227
v  -3.5027 2.1189 -0.5283
v  -3.4952 2.0668 -0.6162
v  -3.4854 1.9991 -0.7085
v  -3.4753 1.9296 -0.7861
v  -3.4633 1.8471 -0.8618
v  -3.4510 1.7616 -0.9259
v  -3.4377 1.6701 -0.9815
v  -3.4233 1.5707 -1.0292
v  -3.4079 1.4645 -1.0674
v  -3.3935 1.3648 -1.0926
v  -3.3782 1.2590 -1.1087
v  -3.3621 1.1479 -1.1144
v  -3.3465 1.0402 -1.1090
v  -3.3316 0.9378 -1.0939
v  -3.3156 0.8269 -1.0661
v  -3.3015 0.7296 -1.0311
v  -3.2863 0.6250 -0.9812
v  -3.2737 0.5380 -0.9285
v  -3.2605 0.4467 -0.8602
v  -3.2494 0.3699 -0.7899
v  -3.2385 0.2950 -0.7065
v  -3.2293 0.2316 -0.6201
v  -3.2214 0.1765 -0.5276
v  -3.2145 0.1293 -0.4273
v  -3.2090 0.0915 -0.3199
v  -3.2054 0.0666 -0.2192
v  -3.2031 0.0507 -0.1123
v  -3.2023 0.0450 -0.0000
v  -3.4827 1.6553 -0.9729
v  -3.4682 1.5569 -1.0201
v  -3.4527 1.4516 -1.0580
v  -3.4382 1.3528 -1.0830
v  -3.4228 1.2480 -1.0989
v  -3.4067 1.1379 -1.1045
v  -3.3910 1.0311 -1.0993
v  -3.3761 0.9296 -1.0843
v  -3.3599 0.8198 -1.0567
v  -3.3458 0.7234 -1.0220
v  -3.3305 0.6197 -0.9725
v  -3.3179 0.5335 -0.9203
v  -3.3046 0.4431 -0.8526
v  -3.2934 0.3670 -0.7829
v  -3.2825 0.2927 -0.7003
v  -3.2733 0.2299 -0.6147
v  -3.2652 0.1753 -0.5230
v  -3.2584 0.1286 -0.4235
v  -3.2529 0.0910 -0.3171
v  -3.2492 0.0664 -0.2172
v  -3.2469 0.0506 -0.1113
v  -3.2461 0.0450 -0.0000
v  -2.4184 0.0450 -0.0000
v  -2.4184 0.0495 -0.1069
v  -2.4184 0.0629 -0.2130
v  -2.4184 0.0852 -0.3179
v  -2.4184 0.1163 -0.4208
v  -2.4184 0.1588 -0.5272
v  -2.4184 0.2403 -0.6793
v  -2.4184 0.3408 -0.8187
v  -2.4184 0.4298 -0.9157
v  -2.4184 0.5283 -1.0033
v  -2.4184 0.6352 -1.0805
v  -2.4184 0.7492 -1.1466
v  -2.4184 0.8925 -1.2097
v  -2.4184 1.0419 -1.2554
v  -2.4184 1.1954 -1.2829
v  -2.4184 1.3504 -1.2922
v  -2.4184 1.5067 -1.2830
v  -2.4184 1.6608 -1.2554
v  -2.4184 1.8101 -1.2098
v  -2.4184 1.9529 -1.1467
v  -2.4184 2.0668 -1.0807
v  -2.4184 2.1735 -1.0035
v  -2.4184 2.2719 -0.9159
v  -2.4184 2.3608 -0.8188
v  -2.4184 2.4298 -0.7273
v  -2.4184 2.4905 -0.6301
v  -2.4184 2.5423 -0.5277
v  -2.4184 2.5848 -0.4212
v  -2.4184 2.6157 -0.3186
v  -2.4184 2.6380 -0.2137
v  -2.4184 2.6513 -0.1098
v  -2.4184 2.6560 -0.0051
v  -2.4185 2.6560 -0.0000
v  -3.5672 2.2307 -0.0000
v  -3.5218 2.2507 -0.0000
v  -3.5672 2.2266 -0.0921
v  -3.5672 2.2145 -0.1835
v  -3.5672 2.1944 -0.2734
v  -3.5672 2.1665 -0.3612
v  -3.5672 2.1286 -0.4514
v  -3.5672 2.0825 -0.5378
v  -3.5672 2.0288 -0.6195
v  -3.5672 1.9678 -0.6960
v  -3.5672 1.8912 -0.7749
v  -3.5672 1.8070 -0.8456
v  -3.5672 1.7161 -0.9075
v  -3.5672 1.6194 -0.9599
v  -3.5672 1.5046 -1.0072
v  -3.5672 1.3853 -1.0413
v  -3.5672 1.2627 -1.0619
v  -3.5672 1.1385 -1.0687
v  -3.5672 1.0149 -1.0618
v  -3.5672 0.8925 -1.0411
v  -3.5672 0.7728 -1.0068
v  -3.5672 0.7144 -0.9847
v  -3.5672 0.5608 -0.9068
v  -3.5672 0.4697 -0.8450
v  -3.5672 0.3461 -0.7358
v  -3.5672 0.2475 -0.6189
v  -3.5672 0.1935 -0.5371
v  -3.5672 0.1474 -0.4509
v  -3.5672 0.1094 -0.3608
v  -3.5672 0.0814 -0.2730
v  -3.5672 0.0612 -0.1830
v  -3.5672 0.0491 -0.0919
v  -3.5672 0.0450 -0.0000
# 210 vertices

vn -0.3122 0.9489 -0.0471
vn -0.3121 0.9454 -0.0944
vn -0.3316 0.9387 -0.0942
vn -0.3320 0.9421 -0.0477
vn -0.3107 0.9317 -0.1884
vn -0.3294 0.9253 -0.1880
vn -0.3073 0.9087 -0.2826
vn -0.3257 0.9026 -0.2814
vn -0.3022 0.8770 -0.3736
vn -0.3205 0.8710 -0.3724
vn -0.2955 0.8364 -0.4617
vn -0.3139 0.8307 -0.4597
vn -0.2879 0.7884 -0.5436
vn -0.3059 0.7827 -0.5421
vn -0.2794 0.7319 -0.6215
vn -0.2967 0.7269 -0.6193
vn -0.2696 0.6687 -0.6929
vn -0.2862 0.6640 -0.6908
vn -0.2588 0.5985 -0.7582
vn -0.2746 0.5943 -0.7559
vn -0.2469 0.5227 -0.8160
vn -0.2620 0.5190 -0.8137
vn -0.2341 0.4419 -0.8660
vn -0.2485 0.4386 -0.8636
vn -0.2212 0.3556 -0.9081
vn -0.2340 0.3518 -0.9064
vn -0.2077 0.2644 -0.9418
vn -0.2187 0.2614 -0.9401
vn -0.1934 0.1732 -0.9657
vn -0.2034 0.1709 -0.9641
vn -0.1783 0.0791 -0.9808
vn -0.1876 0.0779 -0.9792
vn -0.1619 -0.0181 -0.9866
vn -0.1712 -0.0183 -0.9851
vn -0.1469 -0.1113 -0.9829
vn -0.1549 -0.1132 -0.9814
vn -0.1326 -0.2042 -0.9699
vn -0.1388 -0.2071 -0.9684
vn -0.1171 -0.2991 -0.9470
vn -0.1227 -0.3006 -0.9458
vn -0.1013 -0.3913 -0.9147
vn -0.1069 -0.3918 -0.9138
vn -0.0881 -0.4801 -0.8728
vn -0.0917 -0.4794 -0.8728
vn -0.0731 -0.5706 -0.8180
vn -0.0773 -0.5619 -0.8236
vn 0.0288 -0.6474 -0.7616
vn -0.0395 -0.7764 -0.6289
vn -0.0162 -0.8321 -0.5544
vn -0.0296 -0.8331 -0.5523
vn 0.0165 -0.9953 -0.0953
vn -0.0031 -0.9986 -0.0530
vn 0.0000 -0.9987 -0.0502
vn -0.3618 0.9275 -0.0938
vn -0.3620 0.9310 -0.0475
vn -0.3592 0.9143 -0.1872
vn -0.3551 0.8918 -0.2802
vn -0.3494 0.8604 -0.3709
vn -0.3422 0.8205 -0.4579
vn -0.3335 0.7728 -0.5399
vn -0.3235 0.7175 -0.6169
vn -0.3120 0.6550 -0.6882
vn -0.2994 0.5858 -0.7531
vn -0.2857 0.5110 -0.8107
vn -0.2710 0.4312 -0.8606
vn -0.2551 0.3450 -0.9033
vn -0.2385 0.2552 -0.9370
vn -0.2218 0.1653 -0.9610
vn -0.2045 0.0728 -0.9762
vn -0.1867 -0.0228 -0.9822
vn -0.1689 -0.1172 -0.9786
vn -0.1514 -0.2105 -0.9658
vn -0.1338 -0.3035 -0.9434
vn -0.1165 -0.3943 -0.9116
vn -0.1000 -0.4815 -0.8707
vn -0.0843 -0.5636 -0.8217
vn -0.0695 -0.6406 -0.7647
vn -0.0464 -0.7036 -0.7091
vn -0.0558 -0.7118 -0.7002
vn -0.0433 -0.7765 -0.6286
vn -0.0323 -0.8337 -0.5512
vn -0.0079 -0.8804 -0.4742
vn -0.0227 -0.8831 -0.4687
vn -0.0163 -0.9247 -0.3803
vn -0.0146 -0.9250 -0.3796
vn -0.0107 -0.9578 -0.2871
vn -0.0082 -0.9579 -0.2869
vn -0.0062 -0.9808 -0.1950
vn -0.0037 -0.9810 -0.1942
vn -0.0009 -0.9951 -0.0990
vn 0.0000 -0.9987 -0.0501
vn -0.3824 0.8806 -0.2799
vn -0.3867 0.9044 -0.1806
vn -0.3768 0.8496 -0.3690
vn -0.3689 0.8095 -0.4568
vn -0.3604 0.7622 -0.5377
vn -0.3503 0.7061 -0.6154
vn -0.3390 0.6448 -0.6851
vn -0.3252 0.5758 -0.7502
vn -0.3259 0.4944 -0.8058
vn -0.2935 0.4227 -0.8574
vn -0.2763 0.3371 -0.9000
vn -0.2583 0.2479 -0.9337
vn -0.2402 0.1586 -0.9577
vn -0.2215 0.0668 -0.9729
vn -0.2022 -0.0283 -0.9789
vn -0.1830 -0.1220 -0.9755
vn -0.1639 -0.2148 -0.9628
vn -0.1449 -0.3072 -0.9405
vn -0.1262 -0.3975 -0.9089
vn -0.1082 -0.4842 -0.8683
vn -0.0912 -0.5658 -0.8195
vn -0.0752 -0.6424 -0.7626
vn -0.0604 -0.7132 -0.6983
vn -0.0469 -0.7776 -0.6270
vn -0.0349 -0.8345 -0.5499
vn -0.0246 -0.8836 -0.4675
vn -0.0158 -0.9254 -0.3787
vn -0.0088 -0.9581 -0.2862
vn -0.0040 -0.9810 -0.1938
vn -0.0010 -0.9951 -0.0988
vn 0.0000 -0.9987 -0.0500
vn -0.3069 0.4258 -0.8512
vn -0.2870 0.3347 -0.8976
vn -0.2680 0.2453 -0.9317
vn -0.2492 0.1561 -0.9558
vn -0.2296 0.0642 -0.9712
vn -0.2099 -0.0308 -0.9772
vn -0.1911 -0.1246 -0.9736
vn -0.1720 -0.2160 -0.9611
vn -0.1518 -0.3082 -0.9391
vn -0.1333 -0.3999 -0.9068
vn -0.1155 -0.4837 -0.8676
vn -0.0946 -0.5663 -0.8188
vn -0.0793 -0.6437 -0.7612
vn -0.0639 -0.7134 -0.6978
vn -0.0494 -0.7775 -0.6269
vn -0.0354 -0.8347 -0.5496
vn -0.0245 -0.8837 -0.4673
vn -0.0151 -0.9254 -0.3786
vn -0.0080 -0.9582 -0.2860
vn -0.0032 -0.9811 -0.1937
vn -0.0002 -0.9951 -0.0987
vn 0.0007 -0.9988 -0.0494
vn 0.0000 -0.9991 -0.0419
vn -0.4647 -0.8790 -0.1070
vn -0.0045 -0.9878 -0.1554
vn -0.0038 -0.9686 -0.2486
vn -0.0096 -0.9434 -0.3315
vn -0.0105 -0.9050 -0.4253
vn -0.0597 -0.8612 -0.5048
vn -0.0329 -0.7690 -0.6384
vn -0.0697 -0.6819 -0.7281
vn -0.1498 -0.6404 -0.7533
vn -0.0716 -0.5392 -0.8391
vn -0.0855 -0.4484 -0.8897
vn -0.0983 -0.3421 -0.9345
vn -0.1184 -0.2280 -0.9664
vn -0.1388 -0.1107 -0.9841
vn -0.1565 0.0039 -0.9877
vn -0.1724 0.1209 -0.9776
vn -0.1901 0.2360 -0.9530
vn -0.2091 0.3462 -0.9146
vn -0.2266 0.4464 -0.8657
vn -0.2399 0.5317 -0.8122
vn -0.2511 0.6092 -0.7522
vn -0.2610 0.6799 -0.6853
vn -0.2710 0.7423 -0.6129
vn -0.2789 0.7926 -0.5422
vn -0.2846 0.8360 -0.4692
vn -0.2890 0.8729 -0.3932
vn -0.2924 0.9031 -0.3144
vn -0.2958 0.9255 -0.2366
vn -0.2983 0.9412 -0.1587
vn -0.3010 0.9502 -0.0806
vn -0.3020 0.9530 -0.0225
vn -0.3017 0.9534 -0.0019
vn -0.4038 0.9139 -0.0403
vn -0.3896 0.9197 -0.0482
vn -0.3858 0.9186 -0.0860
vn -0.3907 0.9083 -0.1494
vn -0.3935 0.8879 -0.2384
vn -0.3939 0.8620 -0.3190
vn -0.3861 0.8311 -0.4003
vn -0.3823 0.7923 -0.4755
vn -0.3715 0.7479 -0.5501
vn -0.3624 0.6975 -0.6182
vn -0.3501 0.6345 -0.6890
vn -0.3310 0.5562 -0.7623
vn -0.2523 0.5240 -0.8135
vn -0.3085 0.4040 -0.8612
vn -0.2905 0.3082 -0.9059
vn -0.2715 0.2063 -0.9401
vn -0.2494 0.1002 -0.9632
vn -0.2255 -0.0079 -0.9742
vn -0.2007 -0.1171 -0.9726
vn -0.1761 -0.2251 -0.9583
vn -0.1523 -0.3191 -0.9354
vn -0.1374 -0.4026 -0.9050
vn -0.1165 -0.5121 -0.8510
vn -0.0947 -0.6145 -0.7832
vn -0.0721 -0.7186 -0.6917
vn -0.0501 -0.8036 -0.5930
vn -0.0353 -0.8602 -0.5087
vn -0.0252 -0.9035 -0.4278
vn -0.0165 -0.9389 -0.3439
vn -0.0099 -0.9656 -0.2597
vn -0.0050 -0.9847 -0.1741
vn -0.0014 -0.9962 -0.0871
vn 0.0000 -0.9990 -0.0441
# 210 vertex normals

vt 0.5000 0.7028 0.7889
vt 0.7044 0.7028 0.7872
vt 0.7027 0.7076 0.7811
vt 0.5000 0.7076 0.7828
vt 0.8986 0.7026 0.7825
vt 0.8953 0.7074 0.7764
vt 0.2175 0.7026 0.8986
vt 0.2263 0.7024 1.1089
vt 0.2323 0.7072 1.1038
vt 0.2236 0.7074 0.8953
vt 0.2373 0.7020 1.2936
vt 0.2432 0.7068 1.2869
vt 0.2531 0.7016 1.4919
vt 0.2588 0.7064 1.4836
vt 0.2697 0.7011 1.6570
vt 0.2753 0.7059 1.6473
vt 0.2912 0.7005 1.8302
vt 0.2966 0.7052 1.8190
vt 0.3134 0.6998 1.9759
vt 0.3186 0.7046 1.9635
vt 0.3397 0.6990 2.1180
vt 0.3447 0.7038 2.1045
vt 0.3669 0.6982 2.2384
vt 0.3717 0.7030 2.2238
vt 0.3961 0.6974 2.3429
vt 0.4006 0.7021 2.3274
vt 0.4277 0.6964 2.4324
vt 0.4320 0.7012 2.4162
vt 0.4616 0.6955 2.5042
vt 0.4655 0.7002 2.4874
vt 0.4934 0.6945 2.5514
vt 0.4970 0.6992 2.5342
vt 0.5270 0.6935 2.5816
vt 0.5304 0.6982 2.5642
vt 0.5625 0.6925 2.5923
vt 0.5655 0.6971 2.5747
vt 0.5968 0.6915 2.5823
vt 0.5995 0.6961 2.5648
vt 0.6294 0.6905 2.5539
vt 0.6319 0.6952 2.5367
vt 0.6647 0.6895 2.5017
vt 0.6669 0.6941 2.4850
vt 0.6957 0.6886 2.4359
vt 0.6976 0.6932 2.4197
vt 0.7290 0.6876 2.3422
vt 0.7306 0.6922 2.3268
vt 0.7568 0.6868 2.2433
vt 0.7581 0.6914 2.2287
vt 0.7870 0.6905 2.1015
vt 0.8349 0.6890 1.8154
vt 0.8544 0.6839 1.6643
vt 0.8549 0.6884 1.6546
vt 0.2909 0.6867 0.0879
vt 0.5000 0.6822 0.0862
vt 0.5000 0.6867 0.0862
vt 0.6921 0.7351 0.7437
vt 0.5000 0.7352 0.7453
vt 0.8747 0.7350 0.7392
vt 0.2608 0.7350 0.8747
vt 0.2690 0.7347 1.0723
vt 0.2794 0.7343 1.2459
vt 0.2941 0.7338 1.4324
vt 0.3097 0.7333 1.5875
vt 0.3299 0.7326 1.7503
vt 0.3507 0.7319 1.8872
vt 0.3754 0.7310 2.0208
vt 0.4009 0.7301 2.1340
vt 0.4283 0.7292 2.2322
vt 0.4579 0.7282 2.3163
vt 0.4897 0.7271 2.3838
vt 0.5195 0.7261 2.4282
vt 0.5511 0.7250 2.4566
vt 0.5843 0.7239 2.4666
vt 0.6165 0.7227 2.4572
vt 0.6471 0.7217 2.4306
vt 0.6802 0.7206 2.3815
vt 0.7093 0.7196 2.3196
vt 0.7405 0.7185 2.2315
vt 0.7665 0.7176 2.1385
vt 0.7938 0.7167 2.0180
vt 0.8112 0.6898 1.9706
vt 0.8167 0.7159 1.8939
vt 0.8391 0.7151 1.7468
vt 0.8581 0.7145 1.5944
vt 0.8723 0.6879 1.4823
vt 0.8746 0.7139 1.4311
vt 0.8872 0.6875 1.2955
vt 0.8886 0.7134 1.2540
vt 0.8992 0.6871 1.0957
vt 0.9000 0.7130 1.0646
vt 0.9070 0.6869 0.9081
vt 0.9074 0.7128 0.8868
vt 0.0919 0.6869 0.0930
vt 0.3018 0.7126 0.0878
vt 0.1132 0.7128 0.0926
vt 0.5000 0.7125 0.0862
vt 0.3117 0.7630 1.0356
vt 0.3040 0.7633 0.8506
vt 0.3214 0.7626 1.1981
vt 0.3352 0.7621 1.3726
vt 0.3497 0.7615 1.5177
vt 0.3686 0.7608 1.6701
vt 0.3880 0.7601 1.7983
vt 0.4110 0.7592 1.9233
vt 0.4349 0.7582 2.0292
vt 0.4604 0.7572 2.1211
vt 0.4881 0.7562 2.1998
vt 0.5178 0.7550 2.2630
vt 0.5456 0.7539 2.3045
vt 0.5751 0.7528 2.3311
vt 0.6061 0.7516 2.3405
vt 0.6362 0.7504 2.3317
vt 0.6647 0.7493 2.3068
vt 0.6957 0.7481 2.2608
vt 0.7228 0.7470 2.2030
vt 0.7520 0.7459 2.1205
vt 0.7763 0.7450 2.0335
vt 0.8017 0.7440 1.9206
vt 0.8232 0.7431 1.8046
vt 0.8441 0.7423 1.6669
vt 0.8618 0.7416 1.5242
vt 0.8772 0.7411 1.3714
vt 0.8903 0.7405 1.2057
vt 0.9009 0.7401 1.0284
vt 0.9078 0.7399 0.8620
vt 0.1380 0.7399 0.0922
vt 0.3145 0.7397 0.0877
vt 0.5000 0.7396 0.0862
vt 0.4645 0.7606 2.1068
vt 0.4920 0.7595 2.1848
vt 0.5214 0.7584 2.2475
vt 0.5489 0.7573 2.2886
vt 0.5782 0.7561 2.3150
vt 0.6089 0.7549 2.3243
vt 0.6387 0.7537 2.3156
vt 0.6670 0.7526 2.2909
vt 0.6976 0.7514 2.2453
vt 0.7246 0.7504 2.1880
vt 0.7535 0.7492 2.1062
vt 0.7775 0.7483 2.0200
vt 0.8028 0.7473 1.9081
vt 0.8240 0.7464 1.7931
vt 0.8447 0.7456 1.6566
vt 0.8623 0.7449 1.5152
vt 0.8775 0.7443 1.3638
vt 0.8905 0.7438 1.1995
vt 0.9010 0.7434 1.0238
vt 0.9079 0.7431 0.8588
vt 0.3161 0.7430 0.0877
vt 0.1412 0.7431 0.0921
vt 0.5000 0.7429 0.0862
vt 0.5000 0.6810 0.0862
vt 0.3235 0.6810 0.0874
vt 0.1482 0.6810 0.0912
vt 0.9088 0.6810 0.8518
vt 0.9026 0.6810 1.0251
vt 0.8939 0.6810 1.1950
vt 0.8821 0.6810 1.3708
vt 0.8594 0.6810 1.6220
vt 0.8313 0.6810 1.8521
vt 0.8065 0.6810 2.0123
vt 0.7790 0.6810 2.1570
vt 0.7492 0.6810 2.2845
vt 0.7174 0.6810 2.3937
vt 0.6774 0.6810 2.4980
vt 0.6357 0.6810 2.5734
vt 0.5928 0.6810 2.6189
vt 0.5496 0.6810 2.6342
vt 0.5060 0.6810 2.6190
vt 0.4630 0.6810 2.5734
vt 0.4213 0.6810 2.4981
vt 0.3815 0.6810 2.3940
vt 0.3497 0.6810 2.2849
vt 0.3199 0.6810 2.1574
vt 0.2925 0.6810 2.0127
vt 0.2677 0.6810 1.8523
vt 0.2484 0.6810 1.7012
vt 0.2315 0.6810 1.5406
vt 0.2170 0.6810 1.3716
vt 0.2052 0.6810 1.1956
vt 0.1965 0.6810 1.0261
vt 0.1903 0.6810 0.8530
vt 0.8530 0.6810 0.8097
vt 0.6813 0.6810 0.8134
vt 0.5084 0.6810 0.8147
vt 0.5000 0.6810 0.8147
vt 0.5000 0.7669 0.6960
vt 0.5000 0.7635 0.7016
vt 0.6521 0.7669 0.6949
vt 0.8506 0.7633 0.6960
vt 0.8031 0.7669 0.6915
vt 0.3085 0.7669 0.8031
vt 0.3141 0.7669 0.9515
vt 0.3219 0.7669 1.0965
vt 0.3325 0.7669 1.2456
vt 0.3453 0.7669 1.3883
vt 0.3603 0.7669 1.5232
vt 0.3773 0.7669 1.6495
vt 0.3987 0.7669 1.7799
vt 0.4222 0.7669 1.8967
vt 0.4476 0.7669 1.9989
vt 0.4746 0.7669 2.0854
vt 0.5066 0.7669 2.1635
vt 0.5399 0.7669 2.2198
vt 0.5741 0.7669 2.2538
vt 0.6087 0.7669 2.2651
vt 0.6432 0.7669 2.2536
vt 0.6774 0.7669 2.2195
vt 0.7108 0.7669 2.1629
vt 0.7271 0.7669 2.1263
vt 0.7699 0.7669 1.9977
vt 0.7953 0.7669 1.8955
vt 0.8298 0.7669 1.7153
vt 0.8573 0.7669 1.5221
vt 0.8724 0.7669 1.3871
vt 0.8853 0.7669 1.2447
vt 0.8959 0.7669 1.0959
vt 0.9037 0.7669 0.9508
vt 0.9093 0.7669 0.8023
vt 0.1977 0.7669 0.0907
vt 0.3483 0.7669 0.0873
vt 0.5000 0.7669 0.0862
# 222 texture coords

o Letrero019
g Letrero019
usemtl blanco
s 1
f 4474/4750/4571 4475/4751/4572 4476/4752/4573 4477/4753/4574 
f 4476/4752/4573 4475/4751/4572 4478/4754/4575 4479/4755/4576 
f 4478/4756/4575 4480/4757/4577 4481/4758/4578 4479/4759/4576 
f 4480/4757/4577 4482/4760/4579 4483/4761/4580 4481/4758/4578 
f 4483/4761/4580 4482/4760/4579 4484/4762/4581 4485/4763/4582 
f 4484/4762/4581 4486/4764/4583 4487/4765/4584 4485/4763/4582 
f 4486/4764/4583 4488/4766/4585 4489/4767/4586 4487/4765/4584 
f 4489/4767/4586 4488/4766/4585 4490/4768/4587 4491/4769/4588 
f 4490/4768/4587 4492/4770/4589 4493/4771/4590 4491/4769/4588 
f 4492/4770/4589 4494/4772/4591 4495/4773/4592 4493/4771/4590 
f 4495/4773/4592 4494/4772/4591 4496/4774/4593 4497/4775/4594 
f 4496/4774/4593 4498/4776/4595 4499/4777/4596 4497/4775/4594 
f 4498/4776/4595 4500/4778/4597 4501/4779/4598 4499/4777/4596 
f 4501/4779/4598 4500/4778/4597 4502/4780/4599 4503/4781/4600 
f 4502/4780/4599 4504/4782/4601 4505/4783/4602 4503/4781/4600 
f 4504/4782/4601 4506/4784/4603 4507/4785/4604 4505/4783/4602 
f 4507/4785/4604 4506/4784/4603 4508/4786/4605 4509/4787/4606 
f 4508/4786/4605 4510/4788/4607 4511/4789/4608 4509/4787/4606 
f 4510/4788/4607 4512/4790/4609 4513/4791/4610 4511/4789/4608 
f 4513/4791/4610 4512/4790/4609 4514/4792/4611 4515/4793/4612 
f 4514/4792/4611 4516/4794/4613 4517/4795/4614 4515/4793/4612 
f 4516/4794/4613 4518/4796/4615 4519/4797/4616 4517/4795/4614 
f 4518/4796/4615 4520/4798/4617 4519/4797/4616 
f 4521/4799/4618 4522/4800/4619 4523/4801/4620 
f 4524/4802/4621 4525/4803/4622 4526/4804/4623 
f 4476/4752/4573 4527/4805/4624 4528/4806/4625 4477/4753/4574 
f 4529/4807/4626 4527/4805/4624 4476/4752/4573 4479/4755/4576 
f 4529/4808/4626 4479/4759/4576 4481/4758/4578 4530/4809/4627 
f 4530/4809/4627 4481/4758/4578 4483/4761/4580 4531/4810/4628 
f 4483/4761/4580 4485/4763/4582 4532/4811/4629 4531/4810/4628 
f 4532/4811/4629 4485/4763/4582 4487/4765/4584 4533/4812/4630 
f 4533/4812/4630 4487/4765/4584 4489/4767/4586 4534/4813/4631 
f 4489/4767/4586 4491/4769/4588 4535/4814/4632 4534/4813/4631 
f 4535/4814/4632 4491/4769/4588 4493/4771/4590 4536/4815/4633 
f 4536/4815/4633 4493/4771/4590 4495/4773/4592 4537/4816/4634 
f 4495/4773/4592 4497/4775/4594 4538/4817/4635 4537/4816/4634 
f 4538/4817/4635 4497/4775/4594 4499/4777/4596 4539/4818/4636 
f 4501/4779/4598 4540/4819/4637 4539/4818/4636 4499/4777/4596 
f 4501/4779/4598 4503/4781/4600 4541/4820/4638 4540/4819/4637 
f 4541/4820/4638 4503/4781/4600 4505/4783/4602 4542/4821/4639 
f 4542/4821/4639 4505/4783/4602 4507/4785/4604 4543/4822/4640 
f 4507/4785/4604 4509/4787/4606 4544/4823/4641 4543/4822/4640 
f 4544/4823/4641 4509/4787/4606 4511/4789/4608 4545/4824/4642 
f 4513/4791/4610 4546/4825/4643 4545/4824/4642 4511/4789/4608 
f 4513/4791/4610 4515/4793/4612 4547/4826/4644 4546/4825/4643 
f 4547/4826/4644 4515/4793/4612 4517/4795/4614 4548/4827/4645 
f 4549/4828/4646 4548/4827/4645 4517/4795/4614 4519/4797/4616 
f 4519/4797/4616 4520/4798/4617 4550/4829/4647 4549/4828/4646 
f 4551/4830/4648 4552/4831/4649 4550/4829/4647 4520/4798/4617 
f 4552/4831/4649 4551/4830/4648 4521/4799/4618 4553/4832/4650 
f 4523/4801/4620 4554/4833/4651 4553/4832/4650 4521/4799/4618 
f 4554/4833/4651 4523/4801/4620 4555/4834/4652 4556/4835/4653 
f 4556/4835/4653 4555/4834/4652 4557/4836/4654 4558/4837/4655 
f 4558/4837/4655 4557/4836/4654 4559/4838/4656 4560/4839/4657 
f 4559/4838/4656 4561/4840/4658 4562/4841/4659 4560/4839/4657 
f 4561/4842/4658 4524/4802/4621 4563/4843/4660 4562/4844/4659 
f 4563/4843/4660 4524/4802/4621 4526/4804/4623 4564/4845/4661 
f 4530/4809/4627 4565/4846/4662 4566/4847/4663 4529/4808/4626 
f 4531/4810/4628 4567/4848/4664 4565/4846/4662 4530/4809/4627 
f 4531/4810/4628 4532/4811/4629 4568/4849/4665 4567/4848/4664 
f 4532/4811/4629 4533/4812/4630 4569/4850/4666 4568/4849/4665 
f 4569/4850/4666 4533/4812/4630 4534/4813/4631 4570/4851/4667 
f 4535/4814/4632 4571/4852/4668 4570/4851/4667 4534/4813/4631 
f 4571/4852/4668 4535/4814/4632 4536/4815/4633 4572/4853/4669 
f 4572/4853/4669 4536/4815/4633 4537/4816/4634 4573/4854/4670 
f 4538/4817/4635 4574/4855/4671 4573/4854/4670 4537/4816/4634 
f 4574/4855/4671 4538/4817/4635 4539/4818/4636 4575/4856/4672 
f 4575/4856/4672 4539/4818/4636 4540/4819/4637 4576/4857/4673 
f 4541/4820/4638 4577/4858/4674 4576/4857/4673 4540/4819/4637 
f 4577/4858/4674 4541/4820/4638 4542/4821/4639 4578/4859/4675 
f 4578/4859/4675 4542/4821/4639 4543/4822/4640 4579/4860/4676 
f 4579/4860/4676 4543/4822/4640 4544/4823/4641 4580/4861/4677 
f 4545/4824/4642 4581/4862/4678 4580/4861/4677 4544/4823/4641 
f 4582/4863/4679 4581/4862/4678 4545/4824/4642 4546/4825/4643 
f 4546/4825/4643 4547/4826/4644 4583/4864/4680 4582/4863/4679 
f 4583/4864/4680 4547/4826/4644 4548/4827/4645 4584/4865/4681 
f 4585/4866/4682 4584/4865/4681 4548/4827/4645 4549/4828/4646 
f 4549/4828/4646 4550/4829/4647 4586/4867/4683 4585/4866/4682 
f 4586/4867/4683 4550/4829/4647 4552/4831/4649 4587/4868/4684 
f 4588/4869/4685 4587/4868/4684 4552/4831/4649 4553/4832/4650 
f 4588/4869/4685 4553/4832/4650 4554/4833/4651 4589/4870/4686 
f 4590/4871/4687 4589/4870/4686 4554/4833/4651 4556/4835/4653 
f 4556/4835/4653 4558/4837/4655 4591/4872/4688 4590/4871/4687 
f 4558/4837/4655 4560/4839/4657 4592/4873/4689 4591/4872/4688 
f 4560/4839/4657 4562/4841/4659 4593/4874/4690 4592/4873/4689 
f 4593/4875/4690 4562/4844/4659 4563/4843/4660 4594/4876/4691 
f 4595/4877/4692 4594/4876/4691 4563/4843/4660 4564/4845/4661 
f 4596/4878/4693 4573/4854/4670 4574/4855/4671 
f 4596/4878/4693 4574/4855/4671 4575/4856/4672 4597/4879/4694 
f 4597/4879/4694 4575/4856/4672 4576/4857/4673 4598/4880/4695 
f 4598/4880/4695 4576/4857/4673 4577/4858/4674 4599/4881/4696 
f 4599/4881/4696 4577/4858/4674 4578/4859/4675 4600/4882/4697 
f 4600/4882/4697 4578/4859/4675 4579/4860/4676 4601/4883/4698 
f 4601/4883/4698 4579/4860/4676 4580/4861/4677 4602/4884/4699 
f 4581/4862/4678 4603/4885/4700 4602/4884/4699 4580/4861/4677 
f 4603/4885/4700 4581/4862/4678 4582/4863/4679 4604/4886/4701 
f 4582/4863/4679 4583/4864/4680 4605/4887/4702 4604/4886/4701 
f 4605/4887/4702 4583/4864/4680 4584/4865/4681 4606/4888/4703 
f 4606/4888/4703 4584/4865/4681 4585/4866/4682 4607/4889/4704 
f 4607/4889/4704 4585/4866/4682 4586/4867/4683 4608/4890/4705 
f 4608/4890/4705 4586/4867/4683 4587/4868/4684 4609/4891/4706 
f 4609/4891/4706 4587/4868/4684 4588/4869/4685 4610/4892/4707 
f 4611/4893/4708 4610/4892/4707 4588/4869/4685 4589/4870/4686 
f 4590/4871/4687 4612/4894/4709 4611/4893/4708 4589/4870/4686 
f 4591/4872/4688 4613/4895/4710 4612/4894/4709 4590/4871/4687 
f 4592/4873/4689 4614/4896/4711 4613/4895/4710 4591/4872/4688 
f 4593/4874/4690 4615/4897/4712 4614/4896/4711 4592/4873/4689 
f 4594/4876/4691 4616/4898/4713 4615/4899/4712 4593/4875/4690 
f 4616/4898/4713 4594/4876/4691 4595/4877/4692 4617/4900/4714 
f 4618/4901/4715 4525/4803/4622 4619/4902/4716 
f 4619/4902/4716 4525/4803/4622 4620/4903/4717 
f 4620/4904/4717 4561/4840/4658 4621/4905/4718 
f 4621/4905/4718 4559/4838/4656 4622/4906/4719 
f 4622/4906/4719 4557/4836/4654 4623/4907/4720 
f 4623/4907/4720 4522/4800/4619 4624/4908/4721 
f 4624/4908/4721 4522/4800/4619 4625/4909/4722 
f 4625/4909/4722 4551/4830/4648 4626/4910/4723 
f 4626/4910/4723 4518/4796/4615 4627/4911/4724 
f 4627/4911/4724 4518/4796/4615 4628/4912/4725 
f 4628/4912/4725 4516/4794/4613 4629/4913/4726 
f 4629/4913/4726 4514/4792/4611 4630/4914/4727 
f 4630/4914/4727 4512/4790/4609 4631/4915/4728 
f 4631/4915/4728 4510/4788/4607 4632/4916/4729 
f 4632/4916/4729 4506/4784/4603 4633/4917/4730 
f 4633/4917/4730 4504/4782/4601 4634/4918/4731 
f 4634/4918/4731 4502/4780/4599 4635/4919/4732 
f 4635/4919/4732 4500/4778/4597 4636/4920/4733 
f 4636/4920/4733 4498/4776/4595 4637/4921/4734 
f 4637/4921/4734 4494/4772/4591 4638/4922/4735 
f 4638/4922/4735 4492/4770/4589 4639/4923/4736 
f 4639/4923/4736 4490/4768/4587 4640/4924/4737 
f 4640/4924/4737 4488/4766/4585 4641/4925/4738 
f 4641/4925/4738 4486/4764/4583 4642/4926/4739 
f 4642/4926/4739 4486/4764/4583 4643/4927/4740 
f 4643/4927/4740 4484/4762/4581 4644/4928/4741 
f 4644/4928/4741 4482/4760/4579 4645/4929/4742 
f 4645/4929/4742 4480/4757/4577 4646/4930/4743 
f 4646/4930/4743 4478/4756/4575 4647/4931/4744 
f 4647/4932/4744 4475/4751/4572 4648/4933/4745 
f 4648/4933/4745 4474/4750/4571 4649/4934/4746 
f 4649/4934/4746 4474/4750/4571 4650/4935/4747 
f 4651/4936/4748 4652/4937/4749 4653/4938/4750 
f 4653/4938/4750 4566/4939/4663 4654/4940/4751 
f 4654/4941/4751 4566/4847/4663 4655/4942/4752 
f 4655/4942/4752 4565/4846/4662 4656/4943/4753 
f 4656/4943/4753 4567/4848/4664 4657/4944/4754 
f 4657/4944/4754 4568/4849/4665 4658/4945/4755 
f 4658/4945/4755 4569/4850/4666 4659/4946/4756 
f 4659/4946/4756 4570/4851/4667 4660/4947/4757 
f 4660/4947/4757 4571/4852/4668 4661/4948/4758 
f 4661/4948/4758 4572/4853/4669 4662/4949/4759 
f 4662/4949/4759 4596/4878/4693 4663/4950/4760 
f 4663/4950/4760 4596/4878/4693 4664/4951/4761 
f 4664/4951/4761 4597/4879/4694 4665/4952/4762 
f 4665/4952/4762 4598/4880/4695 4666/4953/4763 
f 4666/4953/4763 4599/4881/4696 4667/4954/4764 
f 4667/4954/4764 4600/4882/4697 4668/4955/4765 
f 4668/4955/4765 4601/4883/4698 4669/4956/4766 
f 4669/4956/4766 4602/4884/4699 4670/4957/4767 
f 4670/4957/4767 4604/4886/4701 4671/4958/4768 
f 4671/4958/4768 4605/4887/4702 4672/4959/4769 
f 4672/4959/4769 4606/4888/4703 4673/4960/4770 
f 4673/4960/4770 4607/4889/4704 4674/4961/4771 
f 4674/4961/4771 4608/4890/4705 4675/4962/4772 
f 4675/4962/4772 4610/4892/4707 4676/4963/4773 
f 4676/4963/4773 4611/4893/4708 4677/4964/4774 
f 4677/4964/4774 4612/4894/4709 4678/4965/4775 
f 4678/4965/4775 4613/4895/4710 4679/4966/4776 
f 4679/4966/4776 4614/4896/4711 4680/4967/4777 
f 4680/4967/4777 4615/4897/4712 4681/4968/4778 
f 4681/4969/4778 4616/4898/4713 4682/4970/4779 
f 4682/4970/4779 4617/4900/4714 4683/4971/4780 
f 4528/4806/4625 4527/4805/4624 4652/4937/4749 
f 4474/4750/4571 4648/4933/4745 4475/4751/4572 
f 4475/4751/4572 4647/4932/4744 4478/4754/4575 
f 4478/4756/4575 4646/4930/4743 4480/4757/4577 
f 4480/4757/4577 4645/4929/4742 4482/4760/4579 
f 4482/4760/4579 4644/4928/4741 4484/4762/4581 
f 4484/4762/4581 4643/4927/4740 4486/4764/4583 
f 4486/4764/4583 4641/4925/4738 4488/4766/4585 
f 4488/4766/4585 4640/4924/4737 4490/4768/4587 
f 4490/4768/4587 4639/4923/4736 4492/4770/4589 
f 4492/4770/4589 4638/4922/4735 4494/4772/4591 
f 4494/4772/4591 4637/4921/4734 4496/4774/4593 
f 4496/4774/4593 4637/4921/4734 4498/4776/4595 
f 4498/4776/4595 4636/4920/4733 4500/4778/4597 
f 4500/4778/4597 4635/4919/4732 4502/4780/4599 
f 4502/4780/4599 4634/4918/4731 4504/4782/4601 
f 4504/4782/4601 4633/4917/4730 4506/4784/4603 
f 4506/4784/4603 4632/4916/4729 4508/4786/4605 
f 4508/4786/4605 4632/4916/4729 4510/4788/4607 
f 4510/4788/4607 4631/4915/4728 4512/4790/4609 
f 4512/4790/4609 4630/4914/4727 4514/4792/4611 
f 4514/4792/4611 4629/4913/4726 4516/4794/4613 
f 4516/4794/4613 4628/4912/4725 4518/4796/4615 
f 4518/4796/4615 4551/4830/4648 4520/4798/4617 
f 4522/4800/4619 4555/4834/4652 4523/4801/4620 
f 4521/4799/4618 4625/4909/4722 4522/4800/4619 
f 4524/4802/4621 4620/4903/4717 4525/4803/4622 
f 4529/4807/4626 4566/4939/4663 4527/4805/4624 
f 4551/4830/4648 4625/4909/4722 4521/4799/4618 
f 4555/4834/4652 4623/4907/4720 4557/4836/4654 
f 4557/4836/4654 4622/4906/4719 4559/4838/4656 
f 4559/4838/4656 4621/4905/4718 4561/4840/4658 
f 4561/4842/4658 4620/4903/4717 4524/4802/4621 
f 4565/4846/4662 4655/4942/4752 4566/4847/4663 
f 4567/4848/4664 4656/4943/4753 4565/4846/4662 
f 4568/4849/4665 4657/4944/4754 4567/4848/4664 
f 4569/4850/4666 4658/4945/4755 4568/4849/4665 
f 4570/4851/4667 4659/4946/4756 4569/4850/4666 
f 4571/4852/4668 4660/4947/4757 4570/4851/4667 
f 4572/4853/4669 4661/4948/4758 4571/4852/4668 
f 4573/4854/4670 4662/4949/4759 4572/4853/4669 
f 4596/4878/4693 4662/4949/4759 4573/4854/4670 
f 4597/4879/4694 4664/4951/4761 4596/4878/4693 
f 4598/4880/4695 4665/4952/4762 4597/4879/4694 
f 4599/4881/4696 4666/4953/4763 4598/4880/4695 
f 4600/4882/4697 4667/4954/4764 4599/4881/4696 
f 4601/4883/4698 4668/4955/4765 4600/4882/4697 
f 4602/4884/4699 4669/4956/4766 4601/4883/4698 
f 4603/4885/4700 4670/4957/4767 4602/4884/4699 
f 4604/4886/4701 4670/4957/4767 4603/4885/4700 
f 4605/4887/4702 4671/4958/4768 4604/4886/4701 
f 4606/4888/4703 4672/4959/4769 4605/4887/4702 
f 4607/4889/4704 4673/4960/4770 4606/4888/4703 
f 4608/4890/4705 4674/4961/4771 4607/4889/4704 
f 4609/4891/4706 4675/4962/4772 4608/4890/4705 
f 4610/4892/4707 4675/4962/4772 4609/4891/4706 
f 4611/4893/4708 4676/4963/4773 4610/4892/4707 
f 4612/4894/4709 4677/4964/4774 4611/4893/4708 
f 4613/4895/4710 4678/4965/4775 4612/4894/4709 
f 4614/4896/4711 4679/4966/4776 4613/4895/4710 
f 4615/4897/4712 4680/4967/4777 4614/4896/4711 
f 4616/4898/4713 4681/4969/4778 4615/4899/4712 
f 4617/4900/4714 4682/4970/4779 4616/4898/4713 
f 4623/4907/4720 4555/4834/4652 4522/4800/4619 
f 4551/4830/4648 4518/4796/4615 4626/4910/4723 
f 4652/4937/4749 4527/4805/4624 4653/4938/4750 
f 4653/4938/4750 4527/4805/4624 4566/4939/4663 
# 105 polygons - 134 triangles

#
# object Letrero020
#

v  0.0000 3.0113 -0.0000
v  0.0000 3.0042 -0.1449
v  -0.3507 2.9960 -0.1445
v  -0.3508 3.0030 -0.0000
v  0.0000 2.9842 -0.2826
v  -0.3504 2.9759 -0.2818
v  0.0000 2.9471 -0.4316
v  -0.3499 2.9390 -0.4304
v  0.0000 2.9005 -0.5625
v  -0.3492 2.8925 -0.5610
v  0.0000 2.8341 -0.7032
v  -0.3483 2.8262 -0.7013
v  0.0000 2.7639 -0.8201
v  -0.3473 2.7563 -0.8179
v  0.0000 2.6730 -0.9429
v  -0.3461 2.6656 -0.9404
v  0.0000 2.5795 -1.0462
v  -0.3448 2.5724 -1.0434
v  0.0000 2.4685 -1.1470
v  -0.3432 2.4617 -1.1439
v  0.0000 2.3535 -1.2323
v  -0.3416 2.3471 -1.2290
v  0.0000 2.2304 -1.3064
v  -0.3399 2.2243 -1.3028
v  0.0000 2.0969 -1.3698
v  -0.3381 2.0911 -1.3661
v  0.0000 1.9540 -1.4207
v  -0.3361 1.9487 -1.4169
v  0.0000 1.8199 -1.4542
v  -0.3342 1.8149 -1.4502
v  0.0000 1.6777 -1.4756
v  -0.3323 1.6731 -1.4716
v  0.0000 1.5282 -1.4831
v  -0.3302 1.5240 -1.4791
v  0.0000 1.3833 -1.4761
v  -0.3282 1.3796 -1.4721
v  0.0000 1.2456 -1.4560
v  -0.3263 1.2423 -1.4520
v  0.0000 1.0966 -1.4190
v  -0.3242 1.0936 -1.4151
v  0.0000 0.9657 -1.3723
v  -0.3224 0.9631 -1.3686
v  0.0000 0.8250 -1.3059
v  -0.3204 0.8228 -1.3023
v  0.0000 0.7080 -1.2358
v  -0.3188 0.7062 -1.2324
v  0.0000 0.5852 -1.1448
v  -0.3171 0.5837 -1.1417
v  0.0000 0.4820 -1.0513
v  -0.3157 0.4808 -1.0484
v  0.0000 0.3812 -0.9403
v  -0.3143 0.3803 -0.9378
v  0.0000 0.2959 -0.8253
v  -0.3131 0.2952 -0.8231
v  0.0000 0.2218 -0.7022
v  -0.3121 0.2213 -0.7003
v  0.0000 0.1584 -0.5687
v  -0.3112 0.1581 -0.5671
v  0.0000 0.1075 -0.4258
v  -0.3105 0.1073 -0.4247
v  0.0000 0.0740 -0.2917
v  -0.3100 0.0739 -0.2909
v  0.0000 0.0526 -0.1495
v  -0.3097 0.0526 -0.1491
v  0.0000 0.0450 -0.0000
v  -0.3096 0.0450 -0.0000
v  -0.6874 2.9817 -0.0000
v  -0.6873 2.9746 -0.1435
v  -0.6867 2.9548 -0.2798
v  -0.6857 2.9181 -0.4274
v  -0.6845 2.8719 -0.5571
v  -0.6827 2.8062 -0.6964
v  -0.6808 2.7367 -0.8122
v  -0.6783 2.6467 -0.9338
v  -0.6758 2.5541 -1.0361
v  -0.6728 2.4443 -1.1359
v  -0.6697 2.3304 -1.2204
v  -0.6664 2.2086 -1.2938
v  -0.6628 2.0763 -1.3566
v  -0.6589 1.9349 -1.4070
v  -0.6553 1.8021 -1.4402
v  -0.6514 1.6614 -1.4614
v  -0.6474 1.5133 -1.4689
v  -0.6435 1.3699 -1.4618
v  -0.6398 1.2336 -1.4420
v  -0.6357 1.0861 -1.4053
v  -0.6322 0.9564 -1.3591
v  -0.6284 0.8172 -1.2933
v  -0.6253 0.7014 -1.2238
v  -0.6219 0.5798 -1.1338
v  -0.6192 0.4776 -1.0412
v  -0.6164 0.3779 -0.9313
v  -0.6141 0.2934 -0.8174
v  -0.6121 0.2200 -0.6955
v  -0.6104 0.1573 -0.5632
v  -0.6090 0.1068 -0.4217
v  -0.6081 0.0737 -0.2889
v  -0.6076 0.0525 -0.1481
v  -0.6074 0.0450 -0.0000
v  -1.0311 2.9462 -0.0000
v  -1.0308 2.9392 -0.1418
v  -1.0300 2.9196 -0.2766
v  -1.0285 2.8834 -0.4225
v  -1.0266 2.8378 -0.5506
v  -1.0240 2.7728 -0.6883
v  -1.0212 2.7042 -0.8028
v  -1.0175 2.6153 -0.9230
v  -1.0138 2.5238 -1.0241
v  -1.0093 2.4153 -1.1227
v  -1.0047 2.3028 -1.2062
v  -0.9998 2.1824 -1.2787
v  -0.9944 2.0518 -1.3408
v  -0.9887 1.9121 -1.3907
v  -0.9833 1.7809 -1.4234
v  -0.9776 1.6418 -1.4444
v  -0.9716 1.4956 -1.4518
v  -0.9658 1.3539 -1.4448
v  -0.9603 1.2192 -1.4252
v  -0.9543 1.0735 -1.3890
v  -0.9491 0.9454 -1.3433
v  -0.9435 0.8079 -1.2783
v  -0.9388 0.6935 -1.2096
v  -0.9339 0.5734 -1.1206
v  -0.9297 0.4724 -1.0291
v  -0.9257 0.3738 -0.9204
v  -0.9223 0.2904 -0.8079
v  -0.9193 0.2179 -0.6874
v  -0.9168 0.1559 -0.5567
v  -0.9147 0.1061 -0.4168
v  -0.9134 0.0734 -0.2855
v  -0.9125 0.0524 -0.1463
v  -0.9122 0.0450 -0.0000
v  -1.2222 2.9204 -0.0000
v  -1.2222 2.9156 -0.1162
v  -1.2222 2.9015 -0.2316
v  -1.2222 2.8781 -0.3453
v  -1.2222 2.8456 -0.4566
v  -1.2222 2.8007 -0.5729
v  -1.2222 2.7459 -0.6847
v  -1.2222 2.6464 -0.8422
v  -1.2222 2.5128 -1.0005
v  -1.2222 2.4063 -1.0991
v  -1.2222 2.2905 -1.1863
v  -1.2222 2.1666 -1.2615
v  -1.2222 2.0057 -1.3359
v  -1.2222 1.8368 -1.3899
v  -1.2222 1.6620 -1.4228
v  -1.2222 1.4834 -1.4340
v  -1.2222 1.3064 -1.4231
v  -1.2222 1.1314 -1.3905
v  -1.2222 0.9610 -1.3362
v  -1.2222 0.7986 -1.2611
v  -1.2222 0.6746 -1.1859
v  -1.2222 0.5588 -1.0986
v  -1.2222 0.4525 -1.0001
v  -1.2222 0.3191 -0.8420
v  -1.2222 0.2192 -0.6840
v  -1.2222 0.1645 -0.5722
v  -1.2222 0.1198 -0.4563
v  -1.2222 0.0872 -0.3445
v  -1.2222 0.0638 -0.2307
v  -1.2222 0.0497 -0.1157
v  -1.2222 0.0450 -0.0000
# 163 vertices

vn -0.0236 0.9985 -0.0489
vn -0.0236 0.9950 -0.0966
vn -0.0434 0.9944 -0.0966
vn -0.0434 0.9979 -0.0489
vn -0.0235 0.9810 -0.1928
vn -0.0431 0.9803 -0.1928
vn -0.0232 0.9572 -0.2885
vn -0.0426 0.9566 -0.2884
vn -0.0228 0.9240 -0.3816
vn -0.0419 0.9234 -0.3816
vn -0.0224 0.8819 -0.4710
vn -0.0410 0.8812 -0.4709
vn -0.0218 0.8316 -0.5550
vn -0.0400 0.8309 -0.5549
vn -0.0211 0.7733 -0.6337
vn -0.0388 0.7727 -0.6336
vn -0.0204 0.7076 -0.7063
vn -0.0374 0.7070 -0.7062
vn -0.0196 0.6350 -0.7723
vn -0.0359 0.6344 -0.7722
vn -0.0187 0.5566 -0.8306
vn -0.0342 0.5560 -0.8305
vn -0.0177 0.4731 -0.8808
vn -0.0324 0.4725 -0.8807
vn -0.0167 0.3831 -0.9236
vn -0.0305 0.3826 -0.9234
vn -0.0156 0.2896 -0.9570
vn -0.0285 0.2891 -0.9569
vn -0.0145 0.1961 -0.9805
vn -0.0265 0.1956 -0.9803
vn -0.0134 0.1002 -0.9949
vn -0.0244 0.0998 -0.9947
vn -0.0122 0.0012 -0.9999
vn -0.0223 0.0008 -0.9998
vn -0.0110 -0.0963 -0.9953
vn -0.0202 -0.0967 -0.9951
vn -0.0099 -0.1925 -0.9812
vn -0.0181 -0.1928 -0.9811
vn -0.0087 -0.2883 -0.9575
vn -0.0160 -0.2885 -0.9573
vn -0.0076 -0.3815 -0.9243
vn -0.0139 -0.3818 -0.9241
vn -0.0065 -0.4709 -0.8821
vn -0.0119 -0.4711 -0.8820
vn -0.0055 -0.5550 -0.8318
vn -0.0100 -0.5552 -0.8317
vn -0.0045 -0.6338 -0.7735
vn -0.0083 -0.6339 -0.7734
vn -0.0037 -0.7065 -0.7077
vn -0.0067 -0.7066 -0.7076
vn -0.0028 -0.7725 -0.6351
vn -0.0052 -0.7725 -0.6350
vn -0.0021 -0.8308 -0.5566
vn -0.0039 -0.8308 -0.5565
vn -0.0015 -0.8811 -0.4730
vn -0.0027 -0.8811 -0.4729
vn -0.0010 -0.9238 -0.3830
vn -0.0017 -0.9238 -0.3829
vn -0.0005 -0.9572 -0.2894
vn -0.0010 -0.9572 -0.2893
vn -0.0002 -0.9806 -0.1958
vn -0.0004 -0.9806 -0.1958
vn -0.0001 -0.9950 -0.0999
vn -0.0001 -0.9950 -0.0998
vn 0.0000 -0.9987 -0.0505
vn -0.0829 0.9954 -0.0488
vn -0.0828 0.9919 -0.0965
vn -0.0823 0.9778 -0.1926
vn -0.0813 0.9541 -0.2881
vn -0.0800 0.9210 -0.3812
vn -0.0783 0.8790 -0.4704
vn -0.0763 0.8288 -0.5543
vn -0.0740 0.7706 -0.6330
vn -0.0713 0.7051 -0.7055
vn -0.0684 0.6326 -0.7715
vn -0.0652 0.5543 -0.8297
vn -0.0619 0.4710 -0.8800
vn -0.0582 0.3812 -0.9227
vn -0.0544 0.2879 -0.9561
vn -0.0505 0.1945 -0.9796
vn -0.0466 0.0988 -0.9940
vn -0.0425 -0.0001 -0.9991
vn -0.0384 -0.0974 -0.9945
vn -0.0344 -0.1935 -0.9805
vn -0.0304 -0.2891 -0.9568
vn -0.0265 -0.3822 -0.9237
vn -0.0227 -0.4715 -0.8816
vn -0.0191 -0.5555 -0.8313
vn -0.0158 -0.6341 -0.7731
vn -0.0127 -0.7067 -0.7074
vn -0.0098 -0.7727 -0.6347
vn -0.0073 -0.8309 -0.5563
vn -0.0052 -0.8812 -0.4728
vn -0.0033 -0.9238 -0.3828
vn -0.0019 -0.9572 -0.2893
vn -0.0008 -0.9807 -0.1957
vn -0.0002 -0.9950 -0.0998
vn 0.0000 -0.9987 -0.0504
vn -0.1165 0.9921 -0.0473
vn -0.1159 0.9886 -0.0962
vn -0.1143 0.9747 -0.1920
vn -0.1131 0.9509 -0.2882
vn -0.1119 0.9179 -0.3807
vn -0.1106 0.8754 -0.4705
vn -0.1088 0.8264 -0.5525
vn -0.1061 0.7669 -0.6329
vn -0.1010 0.7022 -0.7048
vn -0.0970 0.6297 -0.7708
vn -0.0930 0.5516 -0.8289
vn -0.0889 0.4682 -0.8791
vn -0.0836 0.3800 -0.9212
vn -0.0773 0.2863 -0.9550
vn -0.0719 0.1926 -0.9786
vn -0.0667 0.0963 -0.9931
vn -0.0615 -0.0018 -0.9981
vn -0.0556 -0.0977 -0.9937
vn -0.0488 -0.1941 -0.9798
vn -0.0430 -0.2905 -0.9559
vn -0.0381 -0.3836 -0.9227
vn -0.0332 -0.4722 -0.8809
vn -0.0277 -0.5557 -0.8309
vn -0.0225 -0.6346 -0.7725
vn -0.0179 -0.7069 -0.7071
vn -0.0141 -0.7726 -0.6347
vn -0.0101 -0.8315 -0.5554
vn -0.0067 -0.8811 -0.4728
vn -0.0032 -0.9238 -0.3829
vn -0.0007 -0.9573 -0.2891
vn 0.0008 -0.9807 -0.1957
vn 0.0014 -0.9950 -0.0996
vn 0.0014 -0.9988 -0.0493
vn -0.1337 0.9902 -0.0403
vn -0.1344 0.9878 -0.0792
vn -0.1354 0.9778 -0.1599
vn -0.1340 0.9616 -0.2395
vn -0.1334 0.9385 -0.3184
vn -0.1298 0.9078 -0.3989
vn -0.1307 0.8666 -0.4815
vn -0.1320 0.7995 -0.5860
vn -0.1238 0.7138 -0.6893
vn -0.1143 0.6363 -0.7629
vn -0.1090 0.5560 -0.8240
vn -0.1042 0.4664 -0.8784
vn -0.1000 0.3599 -0.9276
vn -0.0946 0.2424 -0.9656
vn -0.0855 0.1203 -0.9890
vn -0.0753 -0.0023 -0.9972
vn -0.0687 -0.1238 -0.9899
vn -0.0613 -0.2460 -0.9673
vn -0.0517 -0.3652 -0.9295
vn -0.0410 -0.4722 -0.8805
vn -0.0332 -0.5626 -0.8261
vn -0.0279 -0.6425 -0.7658
vn -0.0261 -0.7224 -0.6910
vn -0.0223 -0.8081 -0.5887
vn -0.0129 -0.8746 -0.4846
vn -0.0076 -0.9165 -0.3999
vn -0.0061 -0.9474 -0.3201
vn -0.0048 -0.9706 -0.2406
vn -0.0031 -0.9870 -0.1608
vn -0.0010 -0.9968 -0.0799
vn 0.0000 -0.9992 -0.0405
# 162 vertex normals

vt 0.5000 0.5000 0.9138
vt 0.7393 0.5000 0.9119
vt 0.7386 0.5262 0.9095
vt 0.5000 0.5262 0.9115
vt 0.9667 0.5000 0.9063
vt 0.9654 0.5262 0.9040
vt 0.0937 0.5000 0.9667
vt 0.1041 0.5000 1.2128
vt 0.1063 0.5262 1.2109
vt 0.0960 0.5262 0.9654
vt 0.1171 0.5000 1.4291
vt 0.1193 0.5261 1.4266
vt 0.1356 0.5000 1.6613
vt 0.1378 0.5261 1.6582
vt 0.1552 0.5000 1.8546
vt 0.1573 0.5260 1.8509
vt 0.1806 0.5000 2.0574
vt 0.1826 0.5259 2.0531
vt 0.2067 0.5000 2.2279
vt 0.2086 0.5258 2.2232
vt 0.2376 0.5000 2.3943
vt 0.2395 0.5257 2.3892
vt 0.2697 0.5000 2.5353
vt 0.2715 0.5256 2.5297
vt 0.3041 0.5000 2.6576
vt 0.3058 0.5254 2.6518
vt 0.3413 0.5000 2.7624
vt 0.3429 0.5253 2.7562
vt 0.3812 0.5000 2.8464
vt 0.3827 0.5252 2.8401
vt 0.4186 0.5000 2.9017
vt 0.4200 0.5250 2.8952
vt 0.4583 0.5000 2.9371
vt 0.4596 0.5249 2.9305
vt 0.5000 0.5000 2.9496
vt 0.5012 0.5247 2.9429
vt 0.5404 0.5000 2.9379
vt 0.5415 0.5246 2.9313
vt 0.5788 0.5000 2.9047
vt 0.5798 0.5244 2.8982
vt 0.6204 0.5000 2.8436
vt 0.6212 0.5243 2.8372
vt 0.6570 0.5000 2.7665
vt 0.6577 0.5241 2.7604
vt 0.6962 0.5000 2.6568
vt 0.6968 0.5240 2.6509
vt 0.7288 0.5000 2.5410
vt 0.7294 0.5239 2.5355
vt 0.7631 0.5000 2.3908
vt 0.7635 0.5237 2.3857
vt 0.7919 0.5000 2.2363
vt 0.7923 0.5236 2.2316
vt 0.8200 0.5000 2.0530
vt 0.8203 0.5235 2.0488
vt 0.8438 0.5000 1.8631
vt 0.8440 0.5234 1.8594
vt 0.8645 0.5000 1.6598
vt 0.8646 0.5234 1.6567
vt 0.8822 0.5000 1.4392
vt 0.8823 0.5233 1.4367
vt 0.8964 0.5000 1.2033
vt 0.8965 0.5232 1.2014
vt 0.9057 0.5000 0.9818
vt 0.9058 0.5232 0.9805
vt 0.0182 0.5000 0.0943
vt 0.2531 0.5000 0.0883
vt 0.2537 0.5232 0.0883
vt 0.0195 0.5232 0.0942
vt 0.5000 0.5000 0.0862
vt 0.5000 0.5232 0.0862
vt 0.5000 0.5514 0.9056
vt 0.7370 0.5514 0.9036
vt 0.9622 0.5514 0.8980
vt 0.1020 0.5514 0.9622
vt 0.1122 0.5513 1.2060
vt 0.1251 0.5512 1.4201
vt 0.1434 0.5511 1.6502
vt 0.1628 0.5509 1.8415
vt 0.1879 0.5508 2.0423
vt 0.2137 0.5506 2.2113
vt 0.2444 0.5503 2.3761
vt 0.2762 0.5501 2.5156
vt 0.3102 0.5499 2.6368
vt 0.3471 0.5496 2.7406
vt 0.3865 0.5493 2.8238
vt 0.4236 0.5490 2.8786
vt 0.4628 0.5487 2.9136
vt 0.5041 0.5484 2.9260
vt 0.5442 0.5482 2.9144
vt 0.5822 0.5479 2.8815
vt 0.6234 0.5476 2.8210
vt 0.6595 0.5473 2.7447
vt 0.6984 0.5470 2.6360
vt 0.7307 0.5468 2.5213
vt 0.7646 0.5465 2.3726
vt 0.7931 0.5463 2.2196
vt 0.8210 0.5461 2.0381
vt 0.8445 0.5460 1.8500
vt 0.8650 0.5458 1.6486
vt 0.8825 0.5457 1.4302
vt 0.8966 0.5456 1.1965
vt 0.9058 0.5455 0.9771
vt 0.2555 0.5455 0.0883
vt 0.0229 0.5455 0.0942
vt 0.5000 0.5454 0.0862
vt 0.5000 0.5772 0.8957
vt 0.7342 0.5771 0.8937
vt 0.9568 0.5771 0.8882
vt 0.1118 0.5771 0.9568
vt 0.1219 0.5770 1.1978
vt 0.1346 0.5768 1.4094
vt 0.1527 0.5766 1.6368
vt 0.1719 0.5764 1.8259
vt 0.1967 0.5761 2.0244
vt 0.2222 0.5759 2.1914
vt 0.2525 0.5755 2.3543
vt 0.2839 0.5752 2.4922
vt 0.3175 0.5748 2.6120
vt 0.3539 0.5744 2.7145
vt 0.3929 0.5740 2.7968
vt 0.4295 0.5736 2.8509
vt 0.4683 0.5732 2.8856
vt 0.5091 0.5727 2.8978
vt 0.5486 0.5723 2.8863
vt 0.5862 0.5719 2.8539
vt 0.6269 0.5714 2.7940
vt 0.6626 0.5710 2.7186
vt 0.7010 0.5706 2.6112
vt 0.7329 0.5702 2.4978
vt 0.7664 0.5699 2.3508
vt 0.7946 0.5696 2.1996
vt 0.8221 0.5693 2.0202
vt 0.8454 0.5690 1.8343
vt 0.8656 0.5688 1.6353
vt 0.8829 0.5686 1.4194
vt 0.8968 0.5684 1.1884
vt 0.9059 0.5683 0.9716
vt 0.0284 0.5683 0.0941
vt 0.2583 0.5683 0.0882
vt 0.5000 0.5683 0.0862
vt 0.5000 0.5915 0.8884
vt 0.6919 0.5915 0.8871
vt 0.8826 0.5915 0.8832
vt 0.1168 0.5915 0.8826
vt 0.1234 0.5915 1.0703
vt 0.1324 0.5915 1.2541
vt 0.1449 0.5915 1.4462
vt 0.1602 0.5915 1.6309
vt 0.1880 0.5915 1.8910
vt 0.2253 0.5915 2.1524
vt 0.2550 0.5915 2.3152
vt 0.2873 0.5915 2.4594
vt 0.3219 0.5915 2.5835
vt 0.3668 0.5915 2.7063
vt 0.4139 0.5915 2.7955
vt 0.4627 0.5915 2.8500
vt 0.5125 0.5915 2.8684
vt 0.5619 0.5915 2.8505
vt 0.6107 0.5915 2.7965
vt 0.6582 0.5915 2.7068
vt 0.7036 0.5915 2.5829
vt 0.7382 0.5915 2.4586
vt 0.7705 0.5915 2.3144
vt 0.8001 0.5915 2.1517
vt 0.8374 0.5915 1.8906
vt 0.8652 0.5915 1.6297
vt 0.8805 0.5915 1.4450
vt 0.8930 0.5915 1.2536
vt 0.9021 0.5915 1.0690
vt 0.9086 0.5915 0.8811
vt 0.1189 0.5915 0.0914
vt 0.3088 0.5915 0.0875
vt 0.5000 0.5915 0.0862
# 173 texture coords

o Letrero020
g Letrero020
usemtl blanco
s 1
f 4684/4972/4781 4685/4973/4782 4686/4974/4783 4687/4975/4784 
f 4686/4974/4783 4685/4973/4782 4688/4976/4785 4689/4977/4786 
f 4688/4978/4785 4690/4979/4787 4691/4980/4788 4689/4981/4786 
f 4690/4979/4787 4692/4982/4789 4693/4983/4790 4691/4980/4788 
f 4693/4983/4790 4692/4982/4789 4694/4984/4791 4695/4985/4792 
f 4694/4984/4791 4696/4986/4793 4697/4987/4794 4695/4985/4792 
f 4696/4986/4793 4698/4988/4795 4699/4989/4796 4697/4987/4794 
f 4699/4989/4796 4698/4988/4795 4700/4990/4797 4701/4991/4798 
f 4700/4990/4797 4702/4992/4799 4703/4993/4800 4701/4991/4798 
f 4702/4992/4799 4704/4994/4801 4705/4995/4802 4703/4993/4800 
f 4705/4995/4802 4704/4994/4801 4706/4996/4803 4707/4997/4804 
f 4706/4996/4803 4708/4998/4805 4709/4999/4806 4707/4997/4804 
f 4708/4998/4805 4710/5000/4807 4711/5001/4808 4709/4999/4806 
f 4711/5001/4808 4710/5000/4807 4712/5002/4809 4713/5003/4810 
f 4712/5002/4809 4714/5004/4811 4715/5005/4812 4713/5003/4810 
f 4714/5004/4811 4716/5006/4813 4717/5007/4814 4715/5005/4812 
f 4717/5007/4814 4716/5006/4813 4718/5008/4815 4719/5009/4816 
f 4718/5008/4815 4720/5010/4817 4721/5011/4818 4719/5009/4816 
f 4720/5010/4817 4722/5012/4819 4723/5013/4820 4721/5011/4818 
f 4723/5013/4820 4722/5012/4819 4724/5014/4821 4725/5015/4822 
f 4724/5014/4821 4726/5016/4823 4727/5017/4824 4725/5015/4822 
f 4726/5016/4823 4728/5018/4825 4729/5019/4826 4727/5017/4824 
f 4729/5019/4826 4728/5018/4825 4730/5020/4827 4731/5021/4828 
f 4730/5020/4827 4732/5022/4829 4733/5023/4830 4731/5021/4828 
f 4732/5022/4829 4734/5024/4831 4735/5025/4832 4733/5023/4830 
f 4735/5025/4832 4734/5024/4831 4736/5026/4833 4737/5027/4834 
f 4736/5026/4833 4738/5028/4835 4739/5029/4836 4737/5027/4834 
f 4738/5028/4835 4740/5030/4837 4741/5031/4838 4739/5029/4836 
f 4741/5031/4838 4740/5030/4837 4742/5032/4839 4743/5033/4840 
f 4742/5032/4839 4744/5034/4841 4745/5035/4842 4743/5033/4840 
f 4744/5036/4841 4746/5037/4843 4747/5038/4844 4745/5039/4842 
f 4747/5038/4844 4746/5037/4843 4748/5040/4845 4749/5041/4845 
f 4750/5042/4846 4687/4975/4784 4686/4974/4783 4751/5043/4847 
f 4686/4974/4783 4689/4977/4786 4752/5044/4848 4751/5043/4847 
f 4752/5045/4848 4689/4981/4786 4691/4980/4788 4753/5046/4849 
f 4693/4983/4790 4754/5047/4850 4753/5046/4849 4691/4980/4788 
f 4695/4985/4792 4755/5048/4851 4754/5047/4850 4693/4983/4790 
f 4697/4987/4794 4756/5049/4852 4755/5048/4851 4695/4985/4792 
f 4699/4989/4796 4757/5050/4853 4756/5049/4852 4697/4987/4794 
f 4701/4991/4798 4758/5051/4854 4757/5050/4853 4699/4989/4796 
f 4703/4993/4800 4759/5052/4855 4758/5051/4854 4701/4991/4798 
f 4705/4995/4802 4760/5053/4856 4759/5052/4855 4703/4993/4800 
f 4707/4997/4804 4761/5054/4857 4760/5053/4856 4705/4995/4802 
f 4709/4999/4806 4762/5055/4858 4761/5054/4857 4707/4997/4804 
f 4711/5001/4808 4763/5056/4859 4762/5055/4858 4709/4999/4806 
f 4713/5003/4810 4764/5057/4860 4763/5056/4859 4711/5001/4808 
f 4715/5005/4812 4765/5058/4861 4764/5057/4860 4713/5003/4810 
f 4717/5007/4814 4766/5059/4862 4765/5058/4861 4715/5005/4812 
f 4719/5009/4816 4767/5060/4863 4766/5059/4862 4717/5007/4814 
f 4721/5011/4818 4768/5061/4864 4767/5060/4863 4719/5009/4816 
f 4723/5013/4820 4769/5062/4865 4768/5061/4864 4721/5011/4818 
f 4725/5015/4822 4770/5063/4866 4769/5062/4865 4723/5013/4820 
f 4727/5017/4824 4771/5064/4867 4770/5063/4866 4725/5015/4822 
f 4771/5064/4867 4727/5017/4824 4729/5019/4826 4772/5065/4868 
f 4731/5021/4828 4773/5066/4869 4772/5065/4868 4729/5019/4826 
f 4733/5023/4830 4774/5067/4870 4773/5066/4869 4731/5021/4828 
f 4774/5067/4870 4733/5023/4830 4735/5025/4832 4775/5068/4871 
f 4737/5027/4834 4776/5069/4872 4775/5068/4871 4735/5025/4832 
f 4739/5029/4836 4777/5070/4873 4776/5069/4872 4737/5027/4834 
f 4777/5070/4873 4739/5029/4836 4741/5031/4838 4778/5071/4874 
f 4743/5033/4840 4779/5072/4875 4778/5071/4874 4741/5031/4838 
f 4779/5072/4875 4743/5033/4840 4745/5035/4842 4780/5073/4876 
f 4745/5039/4842 4747/5038/4844 4781/5074/4877 4780/5075/4876 
f 4747/5038/4844 4749/5041/4845 4782/5076/4878 4781/5074/4877 
f 4783/5077/4879 4750/5042/4846 4751/5043/4847 4784/5078/4880 
f 4784/5078/4880 4751/5043/4847 4752/5044/4848 4785/5079/4881 
f 4785/5080/4881 4752/5045/4848 4753/5046/4849 4786/5081/4882 
f 4754/5047/4850 4787/5082/4883 4786/5081/4882 4753/5046/4849 
f 4787/5082/4883 4754/5047/4850 4755/5048/4851 4788/5083/4884 
f 4788/5083/4884 4755/5048/4851 4756/5049/4852 4789/5084/4885 
f 4757/5050/4853 4790/5085/4886 4789/5084/4885 4756/5049/4852 
f 4790/5085/4886 4757/5050/4853 4758/5051/4854 4791/5086/4887 
f 4792/5087/4888 4791/5086/4887 4758/5051/4854 4759/5052/4855 
f 4759/5052/4855 4760/5053/4856 4793/5088/4889 4792/5087/4888 
f 4793/5088/4889 4760/5053/4856 4761/5054/4857 4794/5089/4890 
f 4795/5090/4891 4794/5089/4890 4761/5054/4857 4762/5055/4858 
f 4762/5055/4858 4763/5056/4859 4796/5091/4892 4795/5090/4891 
f 4796/5091/4892 4763/5056/4859 4764/5057/4860 4797/5092/4893 
f 4798/5093/4894 4797/5092/4893 4764/5057/4860 4765/5058/4861 
f 4765/5058/4861 4766/5059/4862 4799/5094/4895 4798/5093/4894 
f 4799/5094/4895 4766/5059/4862 4767/5060/4863 4800/5095/4896 
f 4801/5096/4897 4800/5095/4896 4767/5060/4863 4768/5061/4864 
f 4768/5061/4864 4769/5062/4865 4802/5097/4898 4801/5096/4897 
f 4802/5097/4898 4769/5062/4865 4770/5063/4866 4803/5098/4899 
f 4804/5099/4900 4803/5098/4899 4770/5063/4866 4771/5064/4867 
f 4772/5065/4868 4805/5100/4901 4804/5099/4900 4771/5064/4867 
f 4773/5066/4869 4806/5101/4902 4805/5100/4901 4772/5065/4868 
f 4807/5102/4903 4806/5101/4902 4773/5066/4869 4774/5067/4870 
f 4807/5102/4903 4774/5067/4870 4775/5068/4871 4808/5103/4904 
f 4808/5103/4904 4775/5068/4871 4776/5069/4872 4809/5104/4905 
f 4810/5105/4906 4809/5104/4905 4776/5069/4872 4777/5070/4873 
f 4810/5105/4906 4777/5070/4873 4778/5071/4874 4811/5106/4907 
f 4811/5106/4907 4778/5071/4874 4779/5072/4875 4812/5107/4908 
f 4812/5107/4908 4779/5072/4875 4780/5073/4876 4813/5108/4909 
f 4813/5109/4909 4780/5075/4876 4781/5074/4877 4814/5110/4910 
f 4814/5110/4910 4781/5074/4877 4782/5076/4878 4815/5111/4911 
f 4816/5112/4912 4783/5077/4879 4817/5113/4913 
f 4817/5113/4913 4784/5078/4880 4818/5114/4914 
f 4818/5115/4914 4785/5080/4881 4819/5116/4915 
f 4819/5116/4915 4786/5081/4882 4820/5117/4916 
f 4820/5117/4916 4787/5082/4883 4821/5118/4917 
f 4821/5118/4917 4788/5083/4884 4822/5119/4918 
f 4822/5119/4918 4789/5084/4885 4823/5120/4919 
f 4823/5120/4919 4790/5085/4886 4824/5121/4920 
f 4824/5121/4920 4791/5086/4887 4825/5122/4921 
f 4825/5122/4921 4792/5087/4888 4826/5123/4922 
f 4826/5123/4922 4793/5088/4889 4827/5124/4923 
f 4827/5124/4923 4795/5090/4891 4828/5125/4924 
f 4828/5125/4924 4796/5091/4892 4829/5126/4925 
f 4829/5126/4925 4797/5092/4893 4830/5127/4926 
f 4830/5127/4926 4798/5093/4894 4831/5128/4927 
f 4831/5128/4927 4800/5095/4896 4832/5129/4928 
f 4832/5129/4928 4801/5096/4897 4833/5130/4929 
f 4833/5130/4929 4802/5097/4898 4834/5131/4930 
f 4834/5131/4930 4803/5098/4899 4835/5132/4931 
f 4835/5132/4931 4805/5100/4901 4836/5133/4932 
f 4836/5133/4932 4806/5101/4902 4837/5134/4933 
f 4837/5134/4933 4807/5102/4903 4838/5135/4934 
f 4838/5135/4934 4808/5103/4904 4839/5136/4935 
f 4839/5136/4935 4809/5104/4905 4840/5137/4936 
f 4840/5137/4936 4810/5105/4906 4841/5138/4937 
f 4841/5138/4937 4811/5106/4907 4842/5139/4938 
f 4842/5139/4938 4812/5107/4908 4843/5140/4939 
f 4843/5140/4939 4813/5108/4909 4844/5141/4940 
f 4844/5142/4940 4814/5110/4910 4845/5143/4941 
f 4845/5143/4941 4815/5111/4911 4846/5144/4942 
f 4784/5078/4880 4817/5113/4913 4783/5077/4879 
f 4785/5079/4881 4818/5114/4914 4784/5078/4880 
f 4786/5081/4882 4819/5116/4915 4785/5080/4881 
f 4787/5082/4883 4820/5117/4916 4786/5081/4882 
f 4788/5083/4884 4821/5118/4917 4787/5082/4883 
f 4789/5084/4885 4822/5119/4918 4788/5083/4884 
f 4790/5085/4886 4823/5120/4919 4789/5084/4885 
f 4791/5086/4887 4824/5121/4920 4790/5085/4886 
f 4792/5087/4888 4825/5122/4921 4791/5086/4887 
f 4793/5088/4889 4826/5123/4922 4792/5087/4888 
f 4794/5089/4890 4827/5124/4923 4793/5088/4889 
f 4795/5090/4891 4827/5124/4923 4794/5089/4890 
f 4796/5091/4892 4828/5125/4924 4795/5090/4891 
f 4797/5092/4893 4829/5126/4925 4796/5091/4892 
f 4798/5093/4894 4830/5127/4926 4797/5092/4893 
f 4799/5094/4895 4831/5128/4927 4798/5093/4894 
f 4800/5095/4896 4831/5128/4927 4799/5094/4895 
f 4801/5096/4897 4832/5129/4928 4800/5095/4896 
f 4802/5097/4898 4833/5130/4929 4801/5096/4897 
f 4803/5098/4899 4834/5131/4930 4802/5097/4898 
f 4804/5099/4900 4835/5132/4931 4803/5098/4899 
f 4805/5100/4901 4835/5132/4931 4804/5099/4900 
f 4806/5101/4902 4836/5133/4932 4805/5100/4901 
f 4807/5102/4903 4837/5134/4933 4806/5101/4902 
f 4808/5103/4904 4838/5135/4934 4807/5102/4903 
f 4809/5104/4905 4839/5136/4935 4808/5103/4904 
f 4810/5105/4906 4840/5137/4936 4809/5104/4905 
f 4811/5106/4907 4841/5138/4937 4810/5105/4906 
f 4812/5107/4908 4842/5139/4938 4811/5106/4907 
f 4813/5108/4909 4843/5140/4939 4812/5107/4908 
f 4814/5110/4910 4844/5142/4940 4813/5109/4909 
f 4815/5111/4911 4845/5143/4941 4814/5110/4910 
# 96 polygons - 62 triangles

#
# object Letrero021
#

v  0.0000 3.0113 -0.0000
v  -0.3508 3.0030 -0.0000
v  -0.3507 2.9960 0.1445
v  0.0000 3.0042 0.1449
v  -0.3504 2.9759 0.2818
v  0.0000 2.9842 0.2826
v  -0.3499 2.9390 0.4304
v  0.0000 2.9471 0.4316
v  -0.3492 2.8925 0.5610
v  0.0000 2.9005 0.5625
v  0.0000 2.8341 0.7032
v  -0.3483 2.8262 0.7013
v  -0.3473 2.7563 0.8179
v  0.0000 2.7639 0.8201
v  -0.3461 2.6656 0.9404
v  0.0000 2.6730 0.9429
v  0.0000 2.5795 1.0462
v  -0.3448 2.5724 1.0434
v  -0.3432 2.4617 1.1439
v  0.0000 2.4685 1.1470
v  -0.3416 2.3471 1.2290
v  0.0000 2.3535 1.2323
v  0.0000 2.2304 1.3064
v  -0.3399 2.2243 1.3028
v  -0.3381 2.0911 1.3661
v  0.0000 2.0969 1.3698
v  -0.3361 1.9487 1.4169
v  0.0000 1.9540 1.4207
v  0.0000 1.8199 1.4542
v  -0.3342 1.8149 1.4502
v  -0.3323 1.6731 1.4716
v  0.0000 1.6777 1.4756
v  -0.3302 1.5240 1.4791
v  0.0000 1.5282 1.4831
v  0.0000 1.3833 1.4761
v  -0.3282 1.3796 1.4721
v  -0.3263 1.2423 1.4520
v  0.0000 1.2456 1.4560
v  -0.3242 1.0936 1.4151
v  0.0000 1.0966 1.4190
v  0.0000 0.9657 1.3723
v  -0.3224 0.9631 1.3686
v  -0.3204 0.8228 1.3023
v  0.0000 0.8250 1.3059
v  -0.3188 0.7062 1.2324
v  0.0000 0.7080 1.2358
v  0.0000 0.5852 1.1448
v  -0.3171 0.5837 1.1417
v  -0.3157 0.4808 1.0484
v  0.0000 0.4820 1.0513
v  -0.3143 0.3803 0.9378
v  0.0000 0.3812 0.9403
v  0.0000 0.2959 0.8253
v  -0.3131 0.2952 0.8231
v  -0.3121 0.2213 0.7003
v  0.0000 0.2218 0.7022
v  -0.3112 0.1581 0.5671
v  0.0000 0.1584 0.5687
v  0.0000 0.1075 0.4258
v  -0.3105 0.1073 0.4247
v  -0.3100 0.0739 0.2909
v  0.0000 0.0740 0.2917
v  -0.3097 0.0526 0.1491
v  0.0000 0.0526 0.1495
v  0.0000 0.0450 -0.0000
v  -0.3096 0.0450 -0.0000
v  -0.6874 2.9817 -0.0000
v  -0.6873 2.9746 0.1435
v  -0.6867 2.9548 0.2798
v  -0.6857 2.9181 0.4274
v  -0.6845 2.8719 0.5571
v  -0.6827 2.8062 0.6964
v  -0.6808 2.7367 0.8122
v  -0.6783 2.6467 0.9339
v  -0.6758 2.5541 1.0361
v  -0.6728 2.4443 1.1359
v  -0.6697 2.3304 1.2204
v  -0.6664 2.2086 1.2938
v  -0.6628 2.0763 1.3566
v  -0.6589 1.9349 1.4070
v  -0.6553 1.8021 1.4402
v  -0.6514 1.6614 1.4614
v  -0.6474 1.5133 1.4689
v  -0.6435 1.3699 1.4618
v  -0.6398 1.2336 1.4420
v  -0.6357 1.0861 1.4053
v  -0.6322 0.9564 1.3591
v  -0.6284 0.8172 1.2933
v  -0.6253 0.7014 1.2238
v  -0.6219 0.5798 1.1338
v  -0.6192 0.4776 1.0412
v  -0.6164 0.3779 0.9313
v  -0.6141 0.2934 0.8174
v  -0.6121 0.2200 0.6955
v  -0.6104 0.1573 0.5632
v  -0.6090 0.1068 0.4217
v  -0.6081 0.0737 0.2889
v  -0.6076 0.0525 0.1481
v  -0.6074 0.0450 -0.0000
v  -1.0308 2.9392 0.1418
v  -1.0311 2.9462 -0.0000
v  -1.0300 2.9196 0.2766
v  -1.0285 2.8834 0.4225
v  -1.0266 2.8378 0.5506
v  -1.0240 2.7728 0.6883
v  -1.0212 2.7042 0.8028
v  -1.0175 2.6153 0.9230
v  -1.0138 2.5238 1.0241
v  -1.0093 2.4153 1.1227
v  -1.0047 2.3028 1.2062
v  -0.9998 2.1824 1.2787
v  -0.9944 2.0518 1.3408
v  -0.9887 1.9121 1.3907
v  -0.9833 1.7809 1.4234
v  -0.9776 1.6418 1.4444
v  -0.9716 1.4956 1.4518
v  -0.9658 1.3539 1.4448
v  -0.9603 1.2192 1.4252
v  -0.9543 1.0735 1.3890
v  -0.9491 0.9454 1.3433
v  -0.9435 0.8079 1.2783
v  -0.9388 0.6935 1.2096
v  -0.9339 0.5734 1.1206
v  -0.9297 0.4724 1.0291
v  -0.9257 0.3738 0.9204
v  -0.9223 0.2904 0.8079
v  -0.9193 0.2179 0.6874
v  -0.9168 0.1559 0.5567
v  -0.9147 0.1061 0.4168
v  -0.9134 0.0734 0.2855
v  -0.9125 0.0524 0.1463
v  -0.9122 0.0450 -0.0000
v  -1.2222 2.9204 -0.0000
v  -1.2222 2.9156 0.1162
v  -1.2222 2.9015 0.2316
v  -1.2222 2.8781 0.3453
v  -1.2222 2.8456 0.4566
v  -1.2222 2.8007 0.5729
v  -1.2222 2.7459 0.6848
v  -1.2222 2.6464 0.8422
v  -1.2222 2.5128 1.0005
v  -1.2222 2.4063 1.0991
v  -1.2222 2.2905 1.1863
v  -1.2222 2.1666 1.2615
v  -1.2222 2.0057 1.3359
v  -1.2222 1.8368 1.3899
v  -1.2222 1.6620 1.4228
v  -1.2222 1.4834 1.4340
v  -1.2222 1.3064 1.4231
v  -1.2222 1.1314 1.3905
v  -1.2222 0.9610 1.3362
v  -1.2222 0.7986 1.2611
v  -1.2222 0.6746 1.1859
v  -1.2222 0.5588 1.0986
v  -1.2222 0.4525 1.0001
v  -1.2222 0.3191 0.8420
v  -1.2222 0.2192 0.6840
v  -1.2222 0.1645 0.5722
v  -1.2222 0.1198 0.4563
v  -1.2222 0.0872 0.3445
v  -1.2222 0.0638 0.2307
v  -1.2222 0.0497 0.1157
v  -1.2222 0.0450 -0.0000
# 163 vertices

vn -0.0236 0.9985 0.0489
vn -0.0434 0.9979 0.0489
vn -0.0434 0.9944 0.0966
vn -0.0236 0.9950 0.0966
vn -0.0431 0.9803 0.1928
vn -0.0235 0.9810 0.1928
vn -0.0426 0.9566 0.2884
vn -0.0232 0.9572 0.2885
vn -0.0419 0.9234 0.3816
vn -0.0228 0.9240 0.3816
vn -0.0224 0.8819 0.4710
vn -0.0410 0.8812 0.4709
vn -0.0400 0.8309 0.5549
vn -0.0218 0.8316 0.5550
vn -0.0388 0.7727 0.6336
vn -0.0211 0.7733 0.6337
vn -0.0204 0.7076 0.7063
vn -0.0374 0.7070 0.7062
vn -0.0359 0.6344 0.7722
vn -0.0196 0.6350 0.7723
vn -0.0342 0.5560 0.8305
vn -0.0187 0.5566 0.8306
vn -0.0177 0.4731 0.8808
vn -0.0324 0.4725 0.8807
vn -0.0305 0.3826 0.9234
vn -0.0167 0.3831 0.9236
vn -0.0285 0.2891 0.9569
vn -0.0156 0.2896 0.9570
vn -0.0145 0.1961 0.9805
vn -0.0265 0.1956 0.9803
vn -0.0244 0.0998 0.9947
vn -0.0134 0.1002 0.9949
vn -0.0223 0.0008 0.9998
vn -0.0122 0.0012 0.9999
vn -0.0110 -0.0963 0.9953
vn -0.0202 -0.0967 0.9951
vn -0.0181 -0.1928 0.9811
vn -0.0099 -0.1925 0.9812
vn -0.0160 -0.2885 0.9573
vn -0.0087 -0.2883 0.9575
vn -0.0076 -0.3815 0.9243
vn -0.0139 -0.3818 0.9241
vn -0.0119 -0.4711 0.8820
vn -0.0065 -0.4709 0.8821
vn -0.0100 -0.5552 0.8317
vn -0.0055 -0.5550 0.8318
vn -0.0045 -0.6338 0.7735
vn -0.0083 -0.6339 0.7734
vn -0.0067 -0.7066 0.7076
vn -0.0037 -0.7065 0.7077
vn -0.0052 -0.7725 0.6350
vn -0.0028 -0.7725 0.6351
vn -0.0021 -0.8308 0.5566
vn -0.0039 -0.8308 0.5565
vn -0.0027 -0.8811 0.4729
vn -0.0015 -0.8811 0.4730
vn -0.0017 -0.9238 0.3829
vn -0.0010 -0.9238 0.3830
vn -0.0005 -0.9572 0.2894
vn -0.0010 -0.9572 0.2893
vn -0.0004 -0.9806 0.1958
vn -0.0002 -0.9806 0.1958
vn -0.0001 -0.9950 0.0998
vn -0.0001 -0.9950 0.0999
vn 0.0000 -0.9987 0.0505
vn -0.0829 0.9954 0.0488
vn -0.0828 0.9919 0.0965
vn -0.0823 0.9778 0.1926
vn -0.0813 0.9541 0.2881
vn -0.0800 0.9210 0.3812
vn -0.0783 0.8790 0.4704
vn -0.0763 0.8288 0.5543
vn -0.0740 0.7706 0.6330
vn -0.0713 0.7051 0.7055
vn -0.0684 0.6326 0.7715
vn -0.0652 0.5543 0.8297
vn -0.0619 0.4710 0.8800
vn -0.0582 0.3812 0.9227
vn -0.0544 0.2879 0.9561
vn -0.0505 0.1945 0.9796
vn -0.0466 0.0988 0.9940
vn -0.0425 -0.0001 0.9991
vn -0.0384 -0.0974 0.9945
vn -0.0344 -0.1935 0.9805
vn -0.0304 -0.2891 0.9568
vn -0.0265 -0.3822 0.9237
vn -0.0227 -0.4715 0.8816
vn -0.0191 -0.5555 0.8313
vn -0.0158 -0.6341 0.7731
vn -0.0127 -0.7067 0.7074
vn -0.0098 -0.7727 0.6347
vn -0.0073 -0.8309 0.5563
vn -0.0052 -0.8812 0.4728
vn -0.0033 -0.9238 0.3828
vn -0.0019 -0.9572 0.2893
vn -0.0008 -0.9807 0.1957
vn -0.0002 -0.9950 0.0998
vn 0.0000 -0.9987 0.0504
vn -0.1159 0.9886 0.0962
vn -0.1165 0.9921 0.0473
vn -0.1143 0.9747 0.1920
vn -0.1131 0.9509 0.2882
vn -0.1119 0.9179 0.3807
vn -0.1106 0.8754 0.4705
vn -0.1088 0.8264 0.5525
vn -0.1061 0.7669 0.6329
vn -0.1010 0.7022 0.7048
vn -0.0970 0.6297 0.7708
vn -0.0930 0.5516 0.8289
vn -0.0889 0.4682 0.8791
vn -0.0836 0.3800 0.9212
vn -0.0773 0.2863 0.9550
vn -0.0719 0.1926 0.9786
vn -0.0667 0.0963 0.9931
vn -0.0615 -0.0018 0.9981
vn -0.0556 -0.0977 0.9937
vn -0.0488 -0.1941 0.9798
vn -0.0430 -0.2905 0.9559
vn -0.0381 -0.3836 0.9227
vn -0.0332 -0.4722 0.8809
vn -0.0277 -0.5557 0.8309
vn -0.0225 -0.6346 0.7725
vn -0.0179 -0.7069 0.7071
vn -0.0141 -0.7726 0.6347
vn -0.0101 -0.8315 0.5554
vn -0.0067 -0.8811 0.4728
vn -0.0032 -0.9238 0.3829
vn -0.0007 -0.9573 0.2891
vn 0.0008 -0.9807 0.1957
vn 0.0014 -0.9950 0.0996
vn 0.0014 -0.9988 0.0493
vn -0.1337 0.9902 0.0403
vn -0.1344 0.9878 0.0792
vn -0.1354 0.9778 0.1599
vn -0.1340 0.9616 0.2395
vn -0.1334 0.9385 0.3184
vn -0.1298 0.9078 0.3989
vn -0.1307 0.8666 0.4815
vn -0.1320 0.7995 0.5860
vn -0.1238 0.7138 0.6893
vn -0.1143 0.6363 0.7629
vn -0.1090 0.5560 0.8240
vn -0.1042 0.4664 0.8784
vn -0.1000 0.3599 0.9276
vn -0.0946 0.2424 0.9656
vn -0.0855 0.1203 0.9890
vn -0.0753 -0.0023 0.9972
vn -0.0687 -0.1238 0.9899
vn -0.0613 -0.2460 0.9673
vn -0.0517 -0.3652 0.9295
vn -0.0410 -0.4722 0.8805
vn -0.0332 -0.5626 0.8261
vn -0.0279 -0.6425 0.7658
vn -0.0261 -0.7224 0.6910
vn -0.0223 -0.8081 0.5887
vn -0.0129 -0.8746 0.4846
vn -0.0076 -0.9165 0.3999
vn -0.0061 -0.9474 0.3201
vn -0.0048 -0.9706 0.2406
vn -0.0031 -0.9870 0.1608
vn -0.0010 -0.9968 0.0799
vn 0.0000 -0.9992 0.0405
# 162 vertex normals

vt 0.5000 0.5000 0.9138
vt 0.5000 0.5262 0.9115
vt 0.2614 0.5262 0.9095
vt 0.2607 0.5000 0.9119
vt 0.0346 0.5262 0.9040
vt 0.0333 0.5000 0.9063
vt 0.9040 0.5262 0.0346
vt 0.8937 0.5262 -0.2109
vt 0.8959 0.5000 -0.2128
vt 0.9063 0.5000 0.0333
vt 0.8807 0.5261 -0.4266
vt 0.8829 0.5000 -0.4291
vt 0.8644 0.5000 -0.6613
vt 0.8622 0.5261 -0.6582
vt 0.8427 0.5260 -0.8509
vt 0.8448 0.5000 -0.8546
vt 0.8174 0.5259 -1.0531
vt 0.8194 0.5000 -1.0574
vt 0.7933 0.5000 -1.2279
vt 0.7914 0.5258 -1.2232
vt 0.7605 0.5257 -1.3892
vt 0.7624 0.5000 -1.3943
vt 0.7285 0.5256 -1.5297
vt 0.7303 0.5000 -1.5353
vt 0.6959 0.5000 -1.6576
vt 0.6942 0.5254 -1.6518
vt 0.6571 0.5253 -1.7562
vt 0.6587 0.5000 -1.7624
vt 0.6173 0.5252 -1.8401
vt 0.6188 0.5000 -1.8464
vt 0.5814 0.5000 -1.9017
vt 0.5800 0.5250 -1.8952
vt 0.5404 0.5249 -1.9305
vt 0.5417 0.5000 -1.9371
vt 0.4988 0.5247 -1.9429
vt 0.5000 0.5000 -1.9496
vt 0.4596 0.5000 -1.9379
vt 0.4585 0.5246 -1.9313
vt 0.4202 0.5244 -1.8982
vt 0.4212 0.5000 -1.9047
vt 0.3788 0.5243 -1.8372
vt 0.3796 0.5000 -1.8436
vt 0.3430 0.5000 -1.7665
vt 0.3423 0.5241 -1.7604
vt 0.3032 0.5240 -1.6509
vt 0.3038 0.5000 -1.6568
vt 0.2706 0.5239 -1.5355
vt 0.2712 0.5000 -1.5410
vt 0.2369 0.5000 -1.3908
vt 0.2365 0.5237 -1.3857
vt 0.2077 0.5236 -1.2316
vt 0.2081 0.5000 -1.2363
vt 0.1797 0.5235 -1.0488
vt 0.1800 0.5000 -1.0530
vt 0.1562 0.5000 -0.8631
vt 0.1560 0.5234 -0.8594
vt 0.1354 0.5234 -0.6567
vt 0.1355 0.5000 -0.6598
vt 0.1177 0.5233 -0.4367
vt 0.1178 0.5000 -0.4392
vt 0.1036 0.5000 -0.2033
vt 0.1035 0.5232 -0.2014
vt 0.0942 0.5232 0.0195
vt 0.0943 0.5000 0.0182
vt 0.9818 0.5000 0.0943
vt 0.9805 0.5232 0.0942
vt 0.7463 0.5232 0.0883
vt 0.7469 0.5000 0.0883
vt 0.5000 0.5000 0.0862
vt 0.5000 0.5232 0.0862
vt 0.5000 0.5514 0.9056
vt 0.2630 0.5514 0.9036
vt 0.0378 0.5514 0.8980
vt 0.8980 0.5514 0.0378
vt 0.8878 0.5513 -0.2060
vt 0.8749 0.5512 -0.4201
vt 0.8566 0.5511 -0.6502
vt 0.8372 0.5509 -0.8415
vt 0.8121 0.5508 -1.0423
vt 0.7863 0.5506 -1.2113
vt 0.7556 0.5503 -1.3761
vt 0.7238 0.5501 -1.5156
vt 0.6898 0.5499 -1.6368
vt 0.6529 0.5496 -1.7406
vt 0.6135 0.5493 -1.8238
vt 0.5764 0.5490 -1.8786
vt 0.5372 0.5487 -1.9136
vt 0.4959 0.5484 -1.9260
vt 0.4558 0.5482 -1.9144
vt 0.4178 0.5479 -1.8815
vt 0.3766 0.5476 -1.8210
vt 0.3405 0.5473 -1.7447
vt 0.3016 0.5470 -1.6360
vt 0.2693 0.5468 -1.5213
vt 0.2354 0.5465 -1.3726
vt 0.2069 0.5463 -1.2196
vt 0.1790 0.5461 -1.0381
vt 0.1555 0.5460 -0.8500
vt 0.1350 0.5458 -0.6486
vt 0.1175 0.5457 -0.4302
vt 0.1034 0.5456 -0.1965
vt 0.0942 0.5455 0.0229
vt 0.9771 0.5455 0.0942
vt 0.7445 0.5455 0.0883
vt 0.5000 0.5454 0.0862
vt 0.2658 0.5771 0.8937
vt 0.5000 0.5772 0.8957
vt 0.0432 0.5771 0.8882
vt 0.8781 0.5770 -0.1978
vt 0.8882 0.5771 0.0432
vt 0.8654 0.5768 -0.4094
vt 0.8473 0.5766 -0.6368
vt 0.8281 0.5764 -0.8259
vt 0.8033 0.5761 -1.0244
vt 0.7778 0.5759 -1.1914
vt 0.7475 0.5755 -1.3543
vt 0.7161 0.5752 -1.4922
vt 0.6825 0.5748 -1.6120
vt 0.6461 0.5744 -1.7145
vt 0.6071 0.5740 -1.7968
vt 0.5705 0.5736 -1.8509
vt 0.5317 0.5732 -1.8856
vt 0.4909 0.5727 -1.8978
vt 0.4514 0.5723 -1.8863
vt 0.4138 0.5719 -1.8539
vt 0.3731 0.5714 -1.7940
vt 0.3374 0.5710 -1.7186
vt 0.2990 0.5706 -1.6112
vt 0.2671 0.5702 -1.4978
vt 0.2336 0.5699 -1.3508
vt 0.2054 0.5696 -1.1996
vt 0.1779 0.5693 -1.0202
vt 0.1546 0.5690 -0.8343
vt 0.1344 0.5688 -0.6353
vt 0.1171 0.5686 -0.4194
vt 0.1032 0.5684 -0.1884
vt 0.0941 0.5683 0.0284
vt 0.9716 0.5683 0.0941
vt 0.7417 0.5683 0.0882
vt 0.5000 0.5683 0.0862
vt 0.5000 0.5915 0.8884
vt 0.3081 0.5915 0.8871
vt 0.1174 0.5915 0.8832
vt 0.8832 0.5915 0.1174
vt 0.8766 0.5915 -0.0703
vt 0.8676 0.5915 -0.2541
vt 0.8551 0.5915 -0.4462
vt 0.8398 0.5915 -0.6309
vt 0.8120 0.5915 -0.8910
vt 0.7747 0.5915 -1.1524
vt 0.7450 0.5915 -1.3152
vt 0.7127 0.5915 -1.4594
vt 0.6781 0.5915 -1.5835
vt 0.6332 0.5915 -1.7063
vt 0.5861 0.5915 -1.7955
vt 0.5373 0.5915 -1.8500
vt 0.4875 0.5915 -1.8684
vt 0.4381 0.5915 -1.8505
vt 0.3893 0.5915 -1.7965
vt 0.3418 0.5915 -1.7068
vt 0.2964 0.5915 -1.5829
vt 0.2618 0.5915 -1.4586
vt 0.2295 0.5915 -1.3144
vt 0.1999 0.5915 -1.1517
vt 0.1626 0.5915 -0.8906
vt 0.1348 0.5915 -0.6297
vt 0.1195 0.5915 -0.4450
vt 0.1070 0.5915 -0.2536
vt 0.0979 0.5915 -0.0690
vt 0.0914 0.5915 0.1189
vt 0.8811 0.5915 0.0914
vt 0.6912 0.5915 0.0875
vt 0.5000 0.5915 0.0862
# 173 texture coords

o Letrero021
g Letrero021
usemtl blanco
s 1
f 4847/5145/4943 4848/5146/4944 4849/5147/4945 4850/5148/4946 
f 4850/5148/4946 4849/5147/4945 4851/5149/4947 4852/5150/4948 
f 4851/5151/4947 4853/5152/4949 4854/5153/4950 4852/5154/4948 
f 4854/5153/4950 4853/5152/4949 4855/5155/4951 4856/5156/4952 
f 4857/5157/4953 4856/5156/4952 4855/5155/4951 4858/5158/4954 
f 4858/5158/4954 4859/5159/4955 4860/5160/4956 4857/5157/4953 
f 4860/5160/4956 4859/5159/4955 4861/5161/4957 4862/5162/4958 
f 4863/5163/4959 4862/5162/4958 4861/5161/4957 4864/5164/4960 
f 4864/5164/4960 4865/5165/4961 4866/5166/4962 4863/5163/4959 
f 4866/5166/4962 4865/5165/4961 4867/5167/4963 4868/5168/4964 
f 4869/5169/4965 4868/5168/4964 4867/5167/4963 4870/5170/4966 
f 4870/5170/4966 4871/5171/4967 4872/5172/4968 4869/5169/4965 
f 4872/5172/4968 4871/5171/4967 4873/5173/4969 4874/5174/4970 
f 4875/5175/4971 4874/5174/4970 4873/5173/4969 4876/5176/4972 
f 4876/5176/4972 4877/5177/4973 4878/5178/4974 4875/5175/4971 
f 4878/5178/4974 4877/5177/4973 4879/5179/4975 4880/5180/4976 
f 4881/5181/4977 4880/5180/4976 4879/5179/4975 4882/5182/4978 
f 4882/5182/4978 4883/5183/4979 4884/5184/4980 4881/5181/4977 
f 4884/5184/4980 4883/5183/4979 4885/5185/4981 4886/5186/4982 
f 4887/5187/4983 4886/5186/4982 4885/5185/4981 4888/5188/4984 
f 4888/5188/4984 4889/5189/4985 4890/5190/4986 4887/5187/4983 
f 4890/5190/4986 4889/5189/4985 4891/5191/4987 4892/5192/4988 
f 4893/5193/4989 4892/5192/4988 4891/5191/4987 4894/5194/4990 
f 4894/5194/4990 4895/5195/4991 4896/5196/4992 4893/5193/4989 
f 4896/5196/4992 4895/5195/4991 4897/5197/4993 4898/5198/4994 
f 4899/5199/4995 4898/5198/4994 4897/5197/4993 4900/5200/4996 
f 4900/5200/4996 4901/5201/4997 4902/5202/4998 4899/5199/4995 
f 4902/5202/4998 4901/5201/4997 4903/5203/4999 4904/5204/5000 
f 4905/5205/5001 4904/5204/5000 4903/5203/4999 4906/5206/5002 
f 4906/5206/5002 4907/5207/5003 4908/5208/5004 4905/5205/5001 
f 4908/5209/5004 4907/5210/5003 4909/5211/5005 4910/5212/5006 
f 4911/5213/5007 4910/5212/5006 4909/5211/5005 4912/5214/5007 
f 4848/5146/4944 4913/5215/5008 4914/5216/5009 4849/5147/4945 
f 4849/5147/4945 4914/5216/5009 4915/5217/5010 4851/5149/4947 
f 4853/5152/4949 4851/5151/4947 4915/5218/5010 4916/5219/5011 
f 4853/5152/4949 4916/5219/5011 4917/5220/5012 4855/5155/4951 
f 4855/5155/4951 4917/5220/5012 4918/5221/5013 4858/5158/4954 
f 4918/5221/5013 4919/5222/5014 4859/5159/4955 4858/5158/4954 
f 4859/5159/4955 4919/5222/5014 4920/5223/5015 4861/5161/4957 
f 4861/5161/4957 4920/5223/5015 4921/5224/5016 4864/5164/4960 
f 4921/5224/5016 4922/5225/5017 4865/5165/4961 4864/5164/4960 
f 4865/5165/4961 4922/5225/5017 4923/5226/5018 4867/5167/4963 
f 4867/5167/4963 4923/5226/5018 4924/5227/5019 4870/5170/4966 
f 4924/5227/5019 4925/5228/5020 4871/5171/4967 4870/5170/4966 
f 4871/5171/4967 4925/5228/5020 4926/5229/5021 4873/5173/4969 
f 4873/5173/4969 4926/5229/5021 4927/5230/5022 4876/5176/4972 
f 4927/5230/5022 4928/5231/5023 4877/5177/4973 4876/5176/4972 
f 4877/5177/4973 4928/5231/5023 4929/5232/5024 4879/5179/4975 
f 4879/5179/4975 4929/5232/5024 4930/5233/5025 4882/5182/4978 
f 4930/5233/5025 4931/5234/5026 4883/5183/4979 4882/5182/4978 
f 4883/5183/4979 4931/5234/5026 4932/5235/5027 4885/5185/4981 
f 4885/5185/4981 4932/5235/5027 4933/5236/5028 4888/5188/4984 
f 4933/5236/5028 4934/5237/5029 4889/5189/4985 4888/5188/4984 
f 4889/5189/4985 4934/5237/5029 4935/5238/5030 4891/5191/4987 
f 4891/5191/4987 4935/5238/5030 4936/5239/5031 4894/5194/4990 
f 4936/5239/5031 4937/5240/5032 4895/5195/4991 4894/5194/4990 
f 4895/5195/4991 4937/5240/5032 4938/5241/5033 4897/5197/4993 
f 4897/5197/4993 4938/5241/5033 4939/5242/5034 4900/5200/4996 
f 4939/5242/5034 4940/5243/5035 4901/5201/4997 4900/5200/4996 
f 4901/5201/4997 4940/5243/5035 4941/5244/5036 4903/5203/4999 
f 4903/5203/4999 4941/5244/5036 4942/5245/5037 4906/5206/5002 
f 4943/5246/5038 4907/5207/5003 4906/5206/5002 4942/5245/5037 
f 4909/5211/5005 4907/5210/5003 4943/5247/5038 4944/5248/5039 
f 4912/5214/5007 4909/5211/5005 4944/5248/5039 4945/5249/5040 
f 4946/5250/5041 4914/5216/5009 4913/5215/5008 4947/5251/5042 
f 4915/5217/5010 4914/5216/5009 4946/5250/5041 4948/5252/5043 
f 4949/5253/5044 4916/5219/5011 4915/5218/5010 4948/5254/5043 
f 4917/5220/5012 4916/5219/5011 4949/5253/5044 4950/5255/5045 
f 4918/5221/5013 4917/5220/5012 4950/5255/5045 4951/5256/5046 
f 4952/5257/5047 4919/5222/5014 4918/5221/5013 4951/5256/5046 
f 4919/5222/5014 4952/5257/5047 4953/5258/5048 4920/5223/5015 
f 4954/5259/5049 4921/5224/5016 4920/5223/5015 4953/5258/5048 
f 4955/5260/5050 4922/5225/5017 4921/5224/5016 4954/5259/5049 
f 4956/5261/5051 4923/5226/5018 4922/5225/5017 4955/5260/5050 
f 4957/5262/5052 4924/5227/5019 4923/5226/5018 4956/5261/5051 
f 4958/5263/5053 4925/5228/5020 4924/5227/5019 4957/5262/5052 
f 4959/5264/5054 4926/5229/5021 4925/5228/5020 4958/5263/5053 
f 4960/5265/5055 4927/5230/5022 4926/5229/5021 4959/5264/5054 
f 4961/5266/5056 4928/5231/5023 4927/5230/5022 4960/5265/5055 
f 4962/5267/5057 4929/5232/5024 4928/5231/5023 4961/5266/5056 
f 4963/5268/5058 4930/5233/5025 4929/5232/5024 4962/5267/5057 
f 4964/5269/5059 4931/5234/5026 4930/5233/5025 4963/5268/5058 
f 4965/5270/5060 4932/5235/5027 4931/5234/5026 4964/5269/5059 
f 4965/5270/5060 4966/5271/5061 4933/5236/5028 4932/5235/5027 
f 4967/5272/5062 4934/5237/5029 4933/5236/5028 4966/5271/5061 
f 4967/5272/5062 4968/5273/5063 4935/5238/5030 4934/5237/5029 
f 4968/5273/5063 4969/5274/5064 4936/5239/5031 4935/5238/5030 
f 4970/5275/5065 4937/5240/5032 4936/5239/5031 4969/5274/5064 
f 4938/5241/5033 4937/5240/5032 4970/5275/5065 4971/5276/5066 
f 4939/5242/5034 4938/5241/5033 4971/5276/5066 4972/5277/5067 
f 4973/5278/5068 4940/5243/5035 4939/5242/5034 4972/5277/5067 
f 4941/5244/5036 4940/5243/5035 4973/5278/5068 4974/5279/5069 
f 4942/5245/5037 4941/5244/5036 4974/5279/5069 4975/5280/5070 
f 4943/5246/5038 4942/5245/5037 4975/5280/5070 4976/5281/5071 
f 4944/5248/5039 4943/5247/5038 4976/5282/5071 4977/5283/5072 
f 4978/5284/5073 4945/5249/5040 4944/5248/5039 4977/5283/5072 
f 4979/5285/5074 4980/5286/5075 4947/5251/5042 
f 4980/5286/5075 4981/5287/5076 4946/5250/5041 
f 4981/5288/5076 4982/5289/5077 4948/5254/5043 
f 4982/5289/5077 4983/5290/5078 4949/5253/5044 
f 4983/5290/5078 4984/5291/5079 4950/5255/5045 
f 4984/5291/5079 4985/5292/5080 4951/5256/5046 
f 4985/5292/5080 4986/5293/5081 4952/5257/5047 
f 4986/5293/5081 4987/5294/5082 4953/5258/5048 
f 4987/5294/5082 4988/5295/5083 4954/5259/5049 
f 4988/5295/5083 4989/5296/5084 4955/5260/5050 
f 4989/5296/5084 4990/5297/5085 4956/5261/5051 
f 4990/5297/5085 4991/5298/5086 4958/5263/5053 
f 4991/5298/5086 4992/5299/5087 4959/5264/5054 
f 4992/5299/5087 4993/5300/5088 4960/5265/5055 
f 4993/5300/5088 4994/5301/5089 4961/5266/5056 
f 4994/5301/5089 4995/5302/5090 4963/5268/5058 
f 4995/5302/5090 4996/5303/5091 4964/5269/5059 
f 4996/5303/5091 4997/5304/5092 4965/5270/5060 
f 4997/5304/5092 4998/5305/5093 4966/5271/5061 
f 4998/5305/5093 4999/5306/5094 4968/5273/5063 
f 4999/5306/5094 5000/5307/5095 4969/5274/5064 
f 5000/5307/5095 5001/5308/5096 4970/5275/5065 
f 5001/5308/5096 5002/5309/5097 4971/5276/5066 
f 5002/5309/5097 5003/5310/5098 4972/5277/5067 
f 5003/5310/5098 5004/5311/5099 4973/5278/5068 
f 5004/5311/5099 5005/5312/5100 4974/5279/5069 
f 5005/5312/5100 5006/5313/5101 4975/5280/5070 
f 5006/5313/5101 5007/5314/5102 4976/5281/5071 
f 5007/5315/5102 5008/5316/5103 4977/5283/5072 
f 5008/5316/5103 5009/5317/5104 4978/5284/5073 
f 4946/5250/5041 4947/5251/5042 4980/5286/5075 
f 4948/5252/5043 4946/5250/5041 4981/5287/5076 
f 4949/5253/5044 4948/5254/5043 4982/5289/5077 
f 4950/5255/5045 4949/5253/5044 4983/5290/5078 
f 4951/5256/5046 4950/5255/5045 4984/5291/5079 
f 4952/5257/5047 4951/5256/5046 4985/5292/5080 
f 4953/5258/5048 4952/5257/5047 4986/5293/5081 
f 4954/5259/5049 4953/5258/5048 4987/5294/5082 
f 4955/5260/5050 4954/5259/5049 4988/5295/5083 
f 4956/5261/5051 4955/5260/5050 4989/5296/5084 
f 4957/5262/5052 4956/5261/5051 4990/5297/5085 
f 4958/5263/5053 4957/5262/5052 4990/5297/5085 
f 4959/5264/5054 4958/5263/5053 4991/5298/5086 
f 4960/5265/5055 4959/5264/5054 4992/5299/5087 
f 4961/5266/5056 4960/5265/5055 4993/5300/5088 
f 4962/5267/5057 4961/5266/5056 4994/5301/5089 
f 4963/5268/5058 4962/5267/5057 4994/5301/5089 
f 4964/5269/5059 4963/5268/5058 4995/5302/5090 
f 4965/5270/5060 4964/5269/5059 4996/5303/5091 
f 4966/5271/5061 4965/5270/5060 4997/5304/5092 
f 4967/5272/5062 4966/5271/5061 4998/5305/5093 
f 4968/5273/5063 4967/5272/5062 4998/5305/5093 
f 4969/5274/5064 4968/5273/5063 4999/5306/5094 
f 4970/5275/5065 4969/5274/5064 5000/5307/5095 
f 4971/5276/5066 4970/5275/5065 5001/5308/5096 
f 4972/5277/5067 4971/5276/5066 5002/5309/5097 
f 4973/5278/5068 4972/5277/5067 5003/5310/5098 
f 4974/5279/5069 4973/5278/5068 5004/5311/5099 
f 4975/5280/5070 4974/5279/5069 5005/5312/5100 
f 4976/5281/5071 4975/5280/5070 5006/5313/5101 
f 4977/5283/5072 4976/5282/5071 5007/5315/5102 
f 4978/5284/5073 4977/5283/5072 5008/5316/5103 
# 96 polygons - 62 triangles

#
# object Letrero022
#

v  -1.5936 2.8575 -0.0000
v  -1.8247 2.8098 -0.0000
v  -1.8242 2.8032 0.1354
v  -1.5932 2.8508 0.1376
v  -1.8228 2.7845 0.2641
v  -1.5919 2.8318 0.2685
v  -1.8203 2.7500 0.4033
v  -1.5897 2.7967 0.4100
v  -1.8171 2.7065 0.5257
v  -1.5869 2.7525 0.5344
v  -1.5829 2.6895 0.6680
v  -1.8126 2.6446 0.6571
v  -1.8079 2.5792 0.7665
v  -1.5787 2.6230 0.7792
v  -1.8017 2.4945 0.8812
v  -1.5732 2.5367 0.8958
v  -1.5676 2.4481 0.9940
v  -1.7953 2.4073 0.9777
v  -1.7878 2.3039 1.0719
v  -1.5609 2.3429 1.0897
v  -1.7800 2.1967 1.1516
v  -1.5539 2.2338 1.1708
v  -1.5465 2.1171 1.2411
v  -1.7716 2.0820 1.2208
v  -1.7625 1.9575 1.2801
v  -1.5385 1.9905 1.3014
v  -1.7528 1.8243 1.3277
v  -1.5299 1.8550 1.3498
v  -1.5218 1.7279 1.3816
v  -1.7437 1.6993 1.3590
v  -1.7340 1.5668 1.3790
v  -1.5132 1.5930 1.4019
v  -1.7239 1.4274 1.3861
v  -1.5042 1.4513 1.4091
v  -1.4955 1.3139 1.4023
v  -1.7140 1.2924 1.3794
v  -1.7047 1.1641 1.3607
v  -1.4872 1.1834 1.3833
v  -1.6945 1.0251 1.3261
v  -1.4782 1.0421 1.3481
v  -1.4703 0.9179 1.3038
v  -1.6856 0.9031 1.2825
v  -1.6761 0.7720 1.2204
v  -1.4618 0.7846 1.2407
v  -1.6681 0.6630 1.1549
v  -1.4548 0.6737 1.1740
v  -1.4474 0.5572 1.0877
v  -1.6598 0.5485 1.0699
v  -1.6528 0.4523 0.9825
v  -1.4412 0.4593 0.9988
v  -1.6459 0.3584 0.8788
v  -1.4351 0.3638 0.8934
v  -1.4299 0.2829 0.7841
v  -1.6401 0.2788 0.7713
v  -1.6351 0.2098 0.6563
v  -1.4255 0.2126 0.6672
v  -1.6308 0.1507 0.5314
v  -1.4217 0.1525 0.5403
v  -1.4186 0.1042 0.4046
v  -1.6273 0.1032 0.3979
v  -1.6250 0.0720 0.2726
v  -1.4166 0.0725 0.2771
v  -1.6236 0.0521 0.1397
v  -1.4153 0.0522 0.1420
v  -1.4148 0.0450 -0.0000
v  -1.6231 0.0450 -0.0000
v  -1.9636 2.7779 -0.0000
v  -1.9631 2.7713 0.1339
v  -1.9616 2.7528 0.2611
v  -1.9589 2.7187 0.3989
v  -1.9556 2.6758 0.5199
v  -1.9508 2.6146 0.6498
v  -1.9457 2.5500 0.7579
v  -1.9391 2.4662 0.8714
v  -1.9323 2.3800 0.9668
v  -1.9243 2.2778 1.0600
v  -1.9160 2.1718 1.1388
v  -1.9071 2.0584 1.2073
v  -1.8974 1.9354 1.2659
v  -1.8870 1.8038 1.3129
v  -1.8773 1.6802 1.3439
v  -1.8670 1.5492 1.3637
v  -1.8562 1.4115 1.3706
v  -1.8457 1.2780 1.3641
v  -1.8358 1.1511 1.3455
v  -1.8250 1.0138 1.3113
v  -1.8155 0.8932 1.2682
v  -1.8053 0.7636 1.2068
v  -1.7968 0.6559 1.1420
v  -1.7879 0.5427 1.0580
v  -1.7805 0.4476 0.9715
v  -1.7732 0.3548 0.8690
v  -1.7670 0.2761 0.7627
v  -1.7616 0.2079 0.6490
v  -1.7570 0.1495 0.5255
v  -1.7534 0.1026 0.3935
v  -1.7509 0.0717 0.2696
v  -1.7494 0.0520 0.1382
v  -1.7488 0.0450 -0.0000
v  -2.3239 2.6250 0.3854
v  -2.3269 2.6579 0.2523
v  -2.3200 2.5835 0.5023
v  -2.3145 2.5244 0.6278
v  -2.3086 2.4621 0.7323
v  -2.3011 2.3813 0.8419
v  -2.2933 2.2981 0.9341
v  -2.2840 2.1995 1.0241
v  -2.2745 2.0972 1.1003
v  -2.2642 1.9878 1.1664
v  -2.2531 1.8691 1.2230
v  -2.2412 1.7421 1.2685
v  -2.2301 1.6229 1.2984
v  -2.2182 1.4964 1.3175
v  -2.2058 1.3635 1.3243
v  -2.1937 1.2347 1.3179
v  -2.1823 1.1123 1.3000
v  -2.1699 0.9798 1.2669
v  -2.1590 0.8634 1.2253
v  -2.1473 0.7384 1.1660
v  -2.1376 0.6344 1.1034
v  -2.1273 0.5253 1.0222
v  -2.1187 0.4335 0.9387
v  -2.1104 0.3439 0.8396
v  -2.1033 0.2680 0.7369
v  -2.0971 0.2022 0.6270
v  -2.0918 0.1458 0.5078
v  -2.0876 0.1005 0.3802
v  -2.0848 0.0708 0.2605
v  -2.0830 0.0517 0.1335
v  -2.0824 0.0450 -0.0000
v  -1.2222 0.0450 -0.0000
v  -1.2222 0.0497 0.1157
v  -1.2222 0.0638 0.2307
v  -1.2222 0.0872 0.3445
v  -1.2222 0.1198 0.4563
v  -1.2222 0.1645 0.5722
v  -1.2222 0.2192 0.6840
v  -1.2222 0.3191 0.8420
v  -1.2222 0.4525 1.0001
v  -1.2222 0.5588 1.0986
v  -1.2222 0.6746 1.1859
v  -1.2222 0.7986 1.2611
v  -1.2222 0.9610 1.3362
v  -1.2222 1.1314 1.3905
v  -1.2222 1.3064 1.4231
v  -1.2222 1.4834 1.4340
v  -1.2222 1.6620 1.4228
v  -1.2222 1.8368 1.3899
v  -1.2222 2.0057 1.3359
v  -1.2222 2.1666 1.2615
v  -1.2222 2.2905 1.1863
v  -1.2222 2.4063 1.0991
v  -1.2222 2.5128 1.0005
v  -1.2222 2.6464 0.8422
v  -1.2222 2.7459 0.6848
v  -1.2222 2.8007 0.5729
v  -1.2222 2.8456 0.4566
v  -1.2222 2.8781 0.3453
v  -1.2222 2.9015 0.2316
v  -1.2222 2.9156 0.1162
v  -1.2222 2.9204 -0.0000
v  -2.4185 2.6560 -0.0000
v  -2.4184 2.6560 0.0051
v  -2.4184 2.6513 0.1098
v  -2.4184 2.6380 0.2137
v  -2.4184 2.6157 0.3186
v  -2.4184 2.5848 0.4212
v  -2.4184 2.5423 0.5277
v  -2.4184 2.4905 0.6301
v  -2.4184 2.4298 0.7273
v  -2.4184 2.3608 0.8188
v  -2.4184 2.2719 0.9159
v  -2.4184 2.1735 1.0035
v  -2.4184 2.0668 1.0807
v  -2.4184 1.9529 1.1467
v  -2.4184 1.8101 1.2098
v  -2.4184 1.6608 1.2554
v  -2.4184 1.5067 1.2830
v  -2.4184 1.3504 1.2922
v  -2.4184 1.1954 1.2829
v  -2.4184 1.0419 1.2554
v  -2.4184 0.8925 1.2097
v  -2.4184 0.7492 1.1466
v  -2.4184 0.5808 1.0432
v  -2.4184 0.4298 0.9157
v  -2.4184 0.3408 0.8187
v  -2.4184 0.2403 0.6793
v  -2.4184 0.1588 0.5272
v  -2.4184 0.1163 0.4208
v  -2.4184 0.0852 0.3179
v  -2.4184 0.0629 0.2130
v  -2.4184 0.0495 0.1069
v  -2.4184 0.0450 -0.0000
# 193 vertices

vn -0.1854 0.9815 0.0477
vn -0.2129 0.9759 0.0484
vn -0.2126 0.9724 0.0957
vn -0.1854 0.9780 0.0958
vn -0.2112 0.9586 0.1910
vn -0.1847 0.9640 0.1912
vn -0.2088 0.9353 0.2858
vn -0.1826 0.9405 0.2866
vn -0.2054 0.9027 0.3781
vn -0.1793 0.9079 0.3789
vn -0.1750 0.8662 0.4681
vn -0.2011 0.8613 0.4667
vn -0.1959 0.8118 0.5500
vn -0.1706 0.8172 0.5506
vn -0.1900 0.7545 0.6282
vn -0.1655 0.7589 0.6298
vn -0.1601 0.6942 0.7017
vn -0.1832 0.6899 0.7003
vn -0.1757 0.6184 0.7659
vn -0.1537 0.6223 0.7675
vn -0.1676 0.5412 0.8240
vn -0.1465 0.5449 0.8256
vn -0.1383 0.4620 0.8760
vn -0.1589 0.4589 0.8742
vn -0.1495 0.3702 0.9168
vn -0.1306 0.3741 0.9181
vn -0.1397 0.2780 0.9504
vn -0.1231 0.2811 0.9518
vn -0.1147 0.1881 0.9754
vn -0.1298 0.1856 0.9740
vn -0.1197 0.0909 0.9886
vn -0.1054 0.0925 0.9901
vn -0.1092 -0.0070 0.9940
vn -0.0956 -0.0055 0.9954
vn -0.0869 -0.1008 0.9911
vn -0.0988 -0.1034 0.9897
vn -0.0884 -0.1987 0.9761
vn -0.0790 -0.1966 0.9773
vn -0.0782 -0.2935 0.9528
vn -0.0699 -0.2927 0.9536
vn -0.0603 -0.3855 0.9207
vn -0.0680 -0.3859 0.9200
vn -0.0584 -0.4746 0.8783
vn -0.0512 -0.4741 0.8790
vn -0.0492 -0.5580 0.8284
vn -0.0434 -0.5567 0.8296
vn -0.0364 -0.6356 0.7712
vn -0.0406 -0.6361 0.7705
vn -0.0326 -0.7083 0.7052
vn -0.0296 -0.7076 0.7060
vn -0.0253 -0.7739 0.6329
vn -0.0222 -0.7730 0.6340
vn -0.0169 -0.8321 0.5543
vn -0.0188 -0.8318 0.5547
vn -0.0132 -0.8818 0.4715
vn -0.0130 -0.8814 0.4722
vn -0.0085 -0.9242 0.3818
vn -0.0099 -0.9240 0.3823
vn -0.0070 -0.9574 0.2886
vn -0.0048 -0.9575 0.2885
vn -0.0022 -0.9807 0.1953
vn -0.0046 -0.9807 0.1954
vn -0.0006 -0.9950 0.0996
vn -0.0029 -0.9950 0.0994
vn -0.0019 -0.9988 0.0487
vn 0.0000 -0.9987 0.0503
vn -0.2404 0.9695 0.0478
vn -0.2395 0.9663 0.0948
vn -0.2367 0.9527 0.1904
vn -0.2340 0.9296 0.2849
vn -0.2302 0.8972 0.3769
vn -0.2254 0.8560 0.4653
vn -0.2196 0.8068 0.5484
vn -0.2129 0.7499 0.6264
vn -0.2054 0.6855 0.6985
vn -0.1970 0.6144 0.7640
vn -0.1879 0.5376 0.8220
vn -0.1782 0.4557 0.8721
vn -0.1677 0.3673 0.9149
vn -0.1567 0.2754 0.9485
vn -0.1457 0.1834 0.9722
vn -0.1343 0.0890 0.9869
vn -0.1226 -0.0086 0.9924
vn -0.1109 -0.1048 0.9883
vn -0.0993 -0.1998 0.9748
vn -0.0878 -0.2945 0.9516
vn -0.0764 -0.3867 0.9190
vn -0.0656 -0.4752 0.8774
vn -0.0552 -0.5585 0.8277
vn -0.0456 -0.6365 0.7699
vn -0.0366 -0.7086 0.7047
vn -0.0284 -0.7741 0.6325
vn -0.0212 -0.8320 0.5544
vn -0.0149 -0.8819 0.4713
vn -0.0096 -0.9243 0.3816
vn -0.0054 -0.9575 0.2884
vn -0.0024 -0.9808 0.1952
vn -0.0006 -0.9950 0.0995
vn -0.2581 0.9232 0.2849
vn -0.2612 0.9480 0.1819
vn -0.2548 0.8910 0.3759
vn -0.2501 0.8492 0.4651
vn -0.2447 0.8005 0.5470
vn -0.2377 0.7431 0.6256
vn -0.2297 0.6793 0.6969
vn -0.2207 0.6082 0.7625
vn -0.2111 0.5317 0.8202
vn -0.2005 0.4505 0.8700
vn -0.1885 0.3634 0.9124
vn -0.1757 0.2712 0.9464
vn -0.1633 0.1792 0.9702
vn -0.1507 0.0846 0.9850
vn -0.1389 -0.0133 0.9902
vn -0.1264 -0.1069 0.9862
vn -0.1120 -0.2017 0.9730
vn -0.0983 -0.2967 0.9499
vn -0.0856 -0.3887 0.9174
vn -0.0753 -0.4785 0.8748
vn -0.0645 -0.5581 0.8273
vn -0.0519 -0.6380 0.7683
vn -0.0412 -0.7094 0.7036
vn -0.0325 -0.7750 0.6311
vn -0.0243 -0.8319 0.5545
vn -0.0161 -0.8821 0.4707
vn -0.0091 -0.9244 0.3813
vn -0.0043 -0.9576 0.2880
vn -0.0012 -0.9808 0.1950
vn 0.0006 -0.9951 0.0993
vn 0.0011 -0.9988 0.0494
vn 0.0000 -0.9992 0.0405
vn 0.0005 -0.9968 0.0796
vn 0.0012 -0.9869 0.1612
vn 0.0003 -0.9704 0.2415
vn -0.0026 -0.9469 0.3216
vn -0.0062 -0.9157 0.4019
vn -0.0070 -0.8738 0.4863
vn -0.0077 -0.8060 0.5919
vn -0.0193 -0.7191 0.6946
vn -0.0311 -0.6393 0.7683
vn -0.0392 -0.5587 0.8284
vn -0.0453 -0.4684 0.8824
vn -0.0510 -0.3599 0.9316
vn -0.0605 -0.2405 0.9688
vn -0.0725 -0.1180 0.9904
vn -0.0839 0.0033 0.9965
vn -0.0924 0.1260 0.9877
vn -0.1022 0.2475 0.9635
vn -0.1138 0.3640 0.9244
vn -0.1241 0.4687 0.8746
vn -0.1315 0.5576 0.8196
vn -0.1377 0.6369 0.7586
vn -0.1407 0.7157 0.6840
vn -0.1458 0.7997 0.5825
vn -0.1548 0.8640 0.4790
vn -0.1597 0.9047 0.3950
vn -0.1610 0.9351 0.3158
vn -0.1628 0.9576 0.2377
vn -0.1641 0.9735 0.1591
vn -0.1659 0.9830 0.0793
vn -0.1667 0.9852 0.0401
vn -0.2589 0.9659 0.0019
vn -0.2586 0.9657 0.0228
vn -0.2588 0.9624 0.0824
vn -0.2704 0.9506 0.1522
vn -0.2757 0.9310 0.2392
vn -0.2755 0.9069 0.3188
vn -0.2696 0.8760 0.3999
vn -0.2654 0.8386 0.4758
vn -0.2582 0.7943 0.5499
vn -0.2524 0.7439 0.6188
vn -0.2451 0.6783 0.6927
vn -0.2347 0.6067 0.7595
vn -0.2237 0.5276 0.8195
vn -0.2139 0.4409 0.8717
vn -0.2027 0.3376 0.9192
vn -0.1893 0.2262 0.9555
vn -0.1723 0.1105 0.9788
vn -0.1524 -0.0073 0.9883
vn -0.1363 -0.1210 0.9833
vn -0.1214 -0.2377 0.9637
vn -0.1054 -0.3512 0.9303
vn -0.0882 -0.4670 0.8799
vn -0.0723 -0.5881 0.8056
vn -0.0525 -0.6970 0.7152
vn -0.0381 -0.7760 0.6295
vn -0.0299 -0.8490 0.5275
vn -0.0194 -0.9080 0.4186
vn -0.0113 -0.9443 0.3290
vn -0.0074 -0.9688 0.2477
vn -0.0041 -0.9862 0.1658
vn -0.0013 -0.9966 0.0826
vn 0.0000 -0.9991 0.0419
# 192 vertex normals

vt 0.5000 0.6192 0.8709
vt 0.5000 0.6365 0.8576
vt 0.2764 0.6365 0.8558
vt 0.2727 0.6192 0.8690
vt 0.0639 0.6364 0.8505
vt 0.0566 0.6191 0.8637
vt 0.8505 0.6364 0.0639
vt 0.8409 0.6362 -0.1662
vt 0.8539 0.6190 -0.1772
vt 0.8637 0.6191 0.0566
vt 0.8288 0.6360 -0.3683
vt 0.8416 0.6187 -0.3827
vt 0.8240 0.6184 -0.6033
vt 0.8115 0.6356 -0.5853
vt 0.7933 0.6353 -0.7659
vt 0.8055 0.6181 -0.7869
vt 0.7696 0.6348 -0.9554
vt 0.7814 0.6177 -0.9796
vt 0.7567 0.6173 -1.1416
vt 0.7453 0.6343 -1.1148
vt 0.7164 0.6338 -1.2703
vt 0.7273 0.6168 -1.2997
vt 0.6865 0.6332 -1.4020
vt 0.6969 0.6163 -1.4336
vt 0.6643 0.6157 -1.5499
vt 0.6545 0.6326 -1.5164
vt 0.6198 0.6319 -1.6143
vt 0.6290 0.6151 -1.6494
vt 0.5826 0.6312 -1.6928
vt 0.5912 0.6145 -1.7293
vt 0.5557 0.6139 -1.7818
vt 0.5477 0.6305 -1.7445
vt 0.5108 0.6298 -1.7776
vt 0.5181 0.6132 -1.8154
vt 0.4719 0.6290 -1.7892
vt 0.4785 0.6126 -1.8272
vt 0.4402 0.6119 -1.8161
vt 0.4342 0.6283 -1.7783
vt 0.3984 0.6276 -1.7473
vt 0.4038 0.6113 -1.7846
vt 0.3596 0.6268 -1.6901
vt 0.3644 0.6106 -1.7265
vt 0.3297 0.6100 -1.6534
vt 0.3256 0.6261 -1.6182
vt 0.2890 0.6254 -1.5156
vt 0.2925 0.6094 -1.5491
vt 0.2586 0.6248 -1.4074
vt 0.2616 0.6089 -1.4391
vt 0.2291 0.6083 -1.2964
vt 0.2267 0.6242 -1.2670
vt 0.1998 0.6237 -1.1226
vt 0.2018 0.6078 -1.1496
vt 0.1736 0.6232 -0.9514
vt 0.1751 0.6074 -0.9755
vt 0.1525 0.6070 -0.7951
vt 0.1514 0.6227 -0.7739
vt 0.1321 0.6224 -0.5839
vt 0.1329 0.6067 -0.6019
vt 0.1156 0.6220 -0.3777
vt 0.1162 0.6064 -0.3923
vt 0.1027 0.6062 -0.1682
vt 0.1024 0.6218 -0.1572
vt 0.0937 0.6216 0.0498
vt 0.0938 0.6060 0.0423
vt 0.9577 0.6060 0.0938
vt 0.9502 0.6216 0.0937
vt 0.7308 0.6215 0.0881
vt 0.7346 0.6059 0.0882
vt 0.5000 0.6059 0.0862
vt 0.5000 0.6215 0.0862
vt 0.5000 0.6469 0.8487
vt 0.2789 0.6469 0.8469
vt 0.0687 0.6468 0.8417
vt 0.8417 0.6468 0.0687
vt 0.8322 0.6466 -0.1588
vt 0.8202 0.6463 -0.3586
vt 0.8031 0.6460 -0.5732
vt 0.7851 0.6456 -0.7518
vt 0.7617 0.6451 -0.9392
vt 0.7377 0.6446 -1.0968
vt 0.7092 0.6440 -1.2506
vt 0.6796 0.6434 -1.3809
vt 0.6479 0.6427 -1.4939
vt 0.6136 0.6420 -1.5907
vt 0.5769 0.6412 -1.6684
vt 0.5424 0.6405 -1.7195
vt 0.5059 0.6397 -1.7522
vt 0.4674 0.6389 -1.7637
vt 0.4302 0.6381 -1.7529
vt 0.3948 0.6374 -1.7223
vt 0.3565 0.6366 -1.6658
vt 0.3228 0.6359 -1.5946
vt 0.2867 0.6351 -1.4932
vt 0.2566 0.6345 -1.3861
vt 0.2250 0.6338 -1.2473
vt 0.1985 0.6332 -1.1046
vt 0.1726 0.6327 -0.9352
vt 0.1507 0.6322 -0.7597
vt 0.1316 0.6318 -0.5718
vt 0.1153 0.6315 -0.3680
vt 0.1022 0.6312 -0.1499
vt 0.0936 0.6310 0.0548
vt 0.9452 0.6310 0.0936
vt 0.7282 0.6309 0.0881
vt 0.5000 0.6309 0.0862
vt 0.8060 0.6739 -0.1365
vt 0.8152 0.6741 0.0833
vt 0.7945 0.6736 -0.3295
vt 0.7780 0.6732 -0.5369
vt 0.7606 0.6728 -0.7094
vt 0.7380 0.6722 -0.8905
vt 0.7148 0.6716 -1.0428
vt 0.6873 0.6709 -1.1914
vt 0.6588 0.6702 -1.3172
vt 0.6282 0.6694 -1.4265
vt 0.5951 0.6686 -1.5200
vt 0.5597 0.6677 -1.5951
vt 0.5264 0.6669 -1.6444
vt 0.4911 0.6660 -1.6760
vt 0.4541 0.6651 -1.6871
vt 0.4181 0.6642 -1.6767
vt 0.3840 0.6633 -1.6471
vt 0.3470 0.6624 -1.5925
vt 0.3145 0.6616 -1.5237
vt 0.2796 0.6607 -1.4257
vt 0.2506 0.6600 -1.3223
vt 0.2202 0.6592 -1.1882
vt 0.1946 0.6585 -1.0503
vt 0.1696 0.6579 -0.8867
vt 0.1484 0.6574 -0.7171
vt 0.1300 0.6569 -0.5356
vt 0.1143 0.6565 -0.3386
vt 0.1017 0.6562 -0.1279
vt 0.0934 0.6560 0.0698
vt 0.7205 0.6559 0.0880
vt 0.9302 0.6560 0.0934
vt 0.5000 0.6558 0.0862
vt 0.5000 0.5915 0.0862
vt 0.6912 0.5915 0.0875
vt 0.8811 0.5915 0.0914
vt 0.0914 0.5915 0.1189
vt 0.0979 0.5915 -0.0690
vt 0.1070 0.5915 -0.2536
vt 0.1195 0.5915 -0.4450
vt 0.1348 0.5915 -0.6297
vt 0.1626 0.5915 -0.8906
vt 0.1999 0.5915 -1.1517
vt 0.2295 0.5915 -1.3144
vt 0.2618 0.5915 -1.4586
vt 0.2964 0.5915 -1.5829
vt 0.3418 0.5915 -1.7068
vt 0.3893 0.5915 -1.7965
vt 0.4381 0.5915 -1.8505
vt 0.4875 0.5915 -1.8684
vt 0.5373 0.5915 -1.8500
vt 0.5861 0.5915 -1.7955
vt 0.6332 0.5915 -1.7063
vt 0.6781 0.5915 -1.5835
vt 0.7127 0.5915 -1.4594
vt 0.7450 0.5915 -1.3152
vt 0.7747 0.5915 -1.1524
vt 0.8120 0.5915 -0.8910
vt 0.8398 0.5915 -0.6309
vt 0.8551 0.5915 -0.4462
vt 0.8676 0.5915 -0.2541
vt 0.8766 0.5915 -0.0703
vt 0.8832 0.5915 0.1174
vt 0.1174 0.5915 0.8832
vt 0.3081 0.5915 0.8871
vt 0.5000 0.5915 0.8884
vt 0.5000 0.6810 0.8147
vt 0.4916 0.6810 0.8147
vt 0.3187 0.6810 0.8134
vt 0.1470 0.6810 0.8097
vt 0.0833 0.6741 0.8152
vt 0.8097 0.6810 0.1470
vt 0.8035 0.6810 -0.0261
vt 0.7948 0.6810 -0.1956
vt 0.7830 0.6810 -0.3716
vt 0.7685 0.6810 -0.5406
vt 0.7516 0.6810 -0.7012
vt 0.7323 0.6810 -0.8523
vt 0.7075 0.6810 -1.0127
vt 0.6801 0.6810 -1.1574
vt 0.6503 0.6810 -1.2849
vt 0.6185 0.6810 -1.3940
vt 0.5787 0.6810 -1.4980
vt 0.5370 0.6810 -1.5734
vt 0.4940 0.6810 -1.6190
vt 0.4504 0.6810 -1.6342
vt 0.4072 0.6810 -1.6189
vt 0.3643 0.6810 -1.5733
vt 0.3226 0.6810 -1.4980
vt 0.2826 0.6810 -1.3937
vt 0.2357 0.6810 -1.2230
vt 0.1935 0.6810 -1.0123
vt 0.1687 0.6810 -0.8521
vt 0.1406 0.6810 -0.6220
vt 0.1179 0.6810 -0.3708
vt 0.1061 0.6810 -0.1950
vt 0.0974 0.6810 -0.0251
vt 0.0912 0.6810 0.1482
vt 0.8518 0.6810 0.0912
vt 0.6765 0.6810 0.0874
vt 0.5000 0.6810 0.0862
# 205 texture coords

o Letrero022
g Letrero022
usemtl blanco
s 1
f 5010/5318/5105 5011/5319/5106 5012/5320/5107 5013/5321/5108 
f 5013/5321/5108 5012/5320/5107 5014/5322/5109 5015/5323/5110 
f 5014/5324/5109 5016/5325/5111 5017/5326/5112 5015/5327/5110 
f 5017/5326/5112 5016/5325/5111 5018/5328/5113 5019/5329/5114 
f 5020/5330/5115 5019/5329/5114 5018/5328/5113 5021/5331/5116 
f 5021/5331/5116 5022/5332/5117 5023/5333/5118 5020/5330/5115 
f 5023/5333/5118 5022/5332/5117 5024/5334/5119 5025/5335/5120 
f 5026/5336/5121 5025/5335/5120 5024/5334/5119 5027/5337/5122 
f 5027/5337/5122 5028/5338/5123 5029/5339/5124 5026/5336/5121 
f 5029/5339/5124 5028/5338/5123 5030/5340/5125 5031/5341/5126 
f 5032/5342/5127 5031/5341/5126 5030/5340/5125 5033/5343/5128 
f 5033/5343/5128 5034/5344/5129 5035/5345/5130 5032/5342/5127 
f 5035/5345/5130 5034/5344/5129 5036/5346/5131 5037/5347/5132 
f 5038/5348/5133 5037/5347/5132 5036/5346/5131 5039/5349/5134 
f 5039/5349/5134 5040/5350/5135 5041/5351/5136 5038/5348/5133 
f 5041/5351/5136 5040/5350/5135 5042/5352/5137 5043/5353/5138 
f 5044/5354/5139 5043/5353/5138 5042/5352/5137 5045/5355/5140 
f 5045/5355/5140 5046/5356/5141 5047/5357/5142 5044/5354/5139 
f 5047/5357/5142 5046/5356/5141 5048/5358/5143 5049/5359/5144 
f 5050/5360/5145 5049/5359/5144 5048/5358/5143 5051/5361/5146 
f 5051/5361/5146 5052/5362/5147 5053/5363/5148 5050/5360/5145 
f 5053/5363/5148 5052/5362/5147 5054/5364/5149 5055/5365/5150 
f 5056/5366/5151 5055/5365/5150 5054/5364/5149 5057/5367/5152 
f 5057/5367/5152 5058/5368/5153 5059/5369/5154 5056/5366/5151 
f 5059/5369/5154 5058/5368/5153 5060/5370/5155 5061/5371/5156 
f 5062/5372/5157 5061/5371/5156 5060/5370/5155 5063/5373/5158 
f 5063/5373/5158 5064/5374/5159 5065/5375/5160 5062/5372/5157 
f 5065/5375/5160 5064/5374/5159 5066/5376/5161 5067/5377/5162 
f 5068/5378/5163 5067/5377/5162 5066/5376/5161 5069/5379/5164 
f 5069/5379/5164 5070/5380/5165 5071/5381/5166 5068/5378/5163 
f 5071/5382/5166 5070/5383/5165 5072/5384/5167 5073/5385/5168 
f 5074/5386/5169 5073/5385/5168 5072/5384/5167 5075/5387/5170 
f 5011/5319/5106 5076/5388/5171 5077/5389/5172 5012/5320/5107 
f 5012/5320/5107 5077/5389/5172 5078/5390/5173 5014/5322/5109 
f 5016/5325/5111 5014/5324/5109 5078/5391/5173 5079/5392/5174 
f 5016/5325/5111 5079/5392/5174 5080/5393/5175 5018/5328/5113 
f 5018/5328/5113 5080/5393/5175 5081/5394/5176 5021/5331/5116 
f 5081/5394/5176 5082/5395/5177 5022/5332/5117 5021/5331/5116 
f 5022/5332/5117 5082/5395/5177 5083/5396/5178 5024/5334/5119 
f 5024/5334/5119 5083/5396/5178 5084/5397/5179 5027/5337/5122 
f 5084/5397/5179 5085/5398/5180 5028/5338/5123 5027/5337/5122 
f 5028/5338/5123 5085/5398/5180 5086/5399/5181 5030/5340/5125 
f 5030/5340/5125 5086/5399/5181 5087/5400/5182 5033/5343/5128 
f 5087/5400/5182 5088/5401/5183 5034/5344/5129 5033/5343/5128 
f 5034/5344/5129 5088/5401/5183 5089/5402/5184 5036/5346/5131 
f 5036/5346/5131 5089/5402/5184 5090/5403/5185 5039/5349/5134 
f 5090/5403/5185 5091/5404/5186 5040/5350/5135 5039/5349/5134 
f 5040/5350/5135 5091/5404/5186 5092/5405/5187 5042/5352/5137 
f 5042/5352/5137 5092/5405/5187 5093/5406/5188 5045/5355/5140 
f 5093/5406/5188 5094/5407/5189 5046/5356/5141 5045/5355/5140 
f 5046/5356/5141 5094/5407/5189 5095/5408/5190 5048/5358/5143 
f 5048/5358/5143 5095/5408/5190 5096/5409/5191 5051/5361/5146 
f 5096/5409/5191 5097/5410/5192 5052/5362/5147 5051/5361/5146 
f 5052/5362/5147 5097/5410/5192 5098/5411/5193 5054/5364/5149 
f 5054/5364/5149 5098/5411/5193 5099/5412/5194 5057/5367/5152 
f 5099/5412/5194 5100/5413/5195 5058/5368/5153 5057/5367/5152 
f 5058/5368/5153 5100/5413/5195 5101/5414/5196 5060/5370/5155 
f 5060/5370/5155 5101/5414/5196 5102/5415/5197 5063/5373/5158 
f 5102/5415/5197 5103/5416/5198 5064/5374/5159 5063/5373/5158 
f 5064/5374/5159 5103/5416/5198 5104/5417/5199 5066/5376/5161 
f 5066/5376/5161 5104/5417/5199 5105/5418/5200 5069/5379/5164 
f 5106/5419/5201 5070/5380/5165 5069/5379/5164 5105/5418/5200 
f 5072/5384/5167 5070/5383/5165 5106/5420/5201 5107/5421/5202 
f 5075/5387/5170 5072/5384/5167 5107/5421/5202 5108/5422/5170 
f 5109/5423/5203 5079/5392/5174 5078/5391/5173 5110/5424/5204 
f 5080/5393/5175 5079/5392/5174 5109/5423/5203 5111/5425/5205 
f 5081/5394/5176 5080/5393/5175 5111/5425/5205 5112/5426/5206 
f 5113/5427/5207 5082/5395/5177 5081/5394/5176 5112/5426/5206 
f 5113/5427/5207 5114/5428/5208 5083/5396/5178 5082/5395/5177 
f 5084/5397/5179 5083/5396/5178 5114/5428/5208 5115/5429/5209 
f 5116/5430/5210 5085/5398/5180 5084/5397/5179 5115/5429/5209 
f 5117/5431/5211 5086/5399/5181 5085/5398/5180 5116/5430/5210 
f 5118/5432/5212 5087/5400/5182 5086/5399/5181 5117/5431/5211 
f 5119/5433/5213 5088/5401/5183 5087/5400/5182 5118/5432/5212 
f 5120/5434/5214 5089/5402/5184 5088/5401/5183 5119/5433/5213 
f 5121/5435/5215 5090/5403/5185 5089/5402/5184 5120/5434/5214 
f 5122/5436/5216 5091/5404/5186 5090/5403/5185 5121/5435/5215 
f 5123/5437/5217 5092/5405/5187 5091/5404/5186 5122/5436/5216 
f 5124/5438/5218 5093/5406/5188 5092/5405/5187 5123/5437/5217 
f 5125/5439/5219 5094/5407/5189 5093/5406/5188 5124/5438/5218 
f 5126/5440/5220 5095/5408/5190 5094/5407/5189 5125/5439/5219 
f 5126/5440/5220 5127/5441/5221 5096/5409/5191 5095/5408/5190 
f 5128/5442/5222 5097/5410/5192 5096/5409/5191 5127/5441/5221 
f 5129/5443/5223 5098/5411/5193 5097/5410/5192 5128/5442/5222 
f 5099/5412/5194 5098/5411/5193 5129/5443/5223 5130/5444/5224 
f 5131/5445/5225 5100/5413/5195 5099/5412/5194 5130/5444/5224 
f 5101/5414/5196 5100/5413/5195 5131/5445/5225 5132/5446/5226 
f 5132/5446/5226 5133/5447/5227 5102/5415/5197 5101/5414/5196 
f 5134/5448/5228 5103/5416/5198 5102/5415/5197 5133/5447/5227 
f 5104/5417/5199 5103/5416/5198 5134/5448/5228 5135/5449/5229 
f 5105/5418/5200 5104/5417/5199 5135/5449/5229 5136/5450/5230 
f 5106/5419/5201 5105/5418/5200 5136/5450/5230 5137/5451/5231 
f 5138/5452/5232 5107/5421/5202 5106/5420/5201 5137/5453/5231 
f 5139/5454/5233 5108/5422/5170 5107/5421/5202 5138/5452/5232 
f 5140/5455/5234 5141/5456/5235 5074/5386/5169 
f 5141/5456/5235 5142/5457/5236 5073/5385/5168 
f 5142/5458/5236 5143/5459/5237 5071/5381/5166 
f 5143/5459/5237 5144/5460/5238 5068/5378/5163 
f 5144/5460/5238 5145/5461/5239 5067/5377/5162 
f 5145/5461/5239 5146/5462/5240 5065/5375/5160 
f 5146/5462/5240 5147/5463/5241 5062/5372/5157 
f 5147/5463/5241 5148/5464/5242 5061/5371/5156 
f 5148/5464/5242 5149/5465/5243 5059/5369/5154 
f 5149/5465/5243 5150/5466/5244 5056/5366/5151 
f 5150/5466/5244 5151/5467/5245 5053/5363/5148 
f 5151/5467/5245 5152/5468/5246 5050/5360/5145 
f 5152/5468/5246 5153/5469/5247 5049/5359/5144 
f 5153/5469/5247 5154/5470/5248 5047/5357/5142 
f 5154/5470/5248 5155/5471/5249 5044/5354/5139 
f 5155/5471/5249 5156/5472/5250 5041/5351/5136 
f 5156/5472/5250 5157/5473/5251 5038/5348/5133 
f 5157/5473/5251 5158/5474/5252 5037/5347/5132 
f 5158/5474/5252 5159/5475/5253 5035/5345/5130 
f 5159/5475/5253 5160/5476/5254 5031/5341/5126 
f 5160/5476/5254 5161/5477/5255 5029/5339/5124 
f 5161/5477/5255 5162/5478/5256 5026/5336/5121 
f 5162/5478/5256 5163/5479/5257 5025/5335/5120 
f 5163/5479/5257 5164/5480/5258 5023/5333/5118 
f 5164/5480/5258 5165/5481/5259 5020/5330/5115 
f 5165/5481/5259 5166/5482/5260 5019/5329/5114 
f 5166/5482/5260 5167/5483/5261 5017/5326/5112 
f 5167/5483/5261 5168/5484/5262 5015/5327/5110 
f 5168/5485/5262 5169/5486/5263 5013/5321/5108 
f 5169/5486/5263 5170/5487/5264 5010/5318/5105 
f 5171/5488/5265 5172/5489/5266 5076/5388/5171 
f 5172/5489/5266 5173/5490/5267 5076/5388/5171 
f 5173/5490/5267 5174/5491/5268 5110/5492/5204 
f 5174/5493/5268 5175/5494/5269 5110/5424/5204 
f 5175/5494/5269 5176/5495/5270 5109/5423/5203 
f 5176/5495/5270 5177/5496/5271 5111/5425/5205 
f 5177/5496/5271 5178/5497/5272 5112/5426/5206 
f 5178/5497/5272 5179/5498/5273 5113/5427/5207 
f 5179/5498/5273 5180/5499/5274 5113/5427/5207 
f 5180/5499/5274 5181/5500/5275 5114/5428/5208 
f 5181/5500/5275 5182/5501/5276 5115/5429/5209 
f 5182/5501/5276 5183/5502/5277 5116/5430/5210 
f 5183/5502/5277 5184/5503/5278 5118/5432/5212 
f 5184/5503/5278 5185/5504/5279 5119/5433/5213 
f 5185/5504/5279 5186/5505/5280 5120/5434/5214 
f 5186/5505/5280 5187/5506/5281 5121/5435/5215 
f 5187/5506/5281 5188/5507/5282 5122/5436/5216 
f 5188/5507/5282 5189/5508/5283 5124/5438/5218 
f 5189/5508/5283 5190/5509/5284 5125/5439/5219 
f 5190/5509/5284 5191/5510/5285 5126/5440/5220 
f 5191/5510/5285 5192/5511/5286 5127/5441/5221 
f 5192/5511/5286 5193/5512/5287 5129/5443/5223 
f 5193/5512/5287 5194/5513/5288 5130/5444/5224 
f 5194/5513/5288 5195/5514/5289 5131/5445/5225 
f 5195/5514/5289 5196/5515/5290 5133/5447/5227 
f 5196/5515/5290 5197/5516/5291 5134/5448/5228 
f 5197/5516/5291 5198/5517/5292 5135/5449/5229 
f 5198/5517/5292 5199/5518/5293 5136/5450/5230 
f 5199/5518/5293 5200/5519/5294 5137/5451/5231 
f 5200/5520/5294 5201/5521/5295 5138/5452/5232 
f 5201/5521/5295 5202/5522/5296 5139/5454/5233 
f 5010/5318/5105 5013/5321/5108 5169/5486/5263 
f 5013/5321/5108 5015/5323/5110 5168/5485/5262 
f 5015/5327/5110 5017/5326/5112 5167/5483/5261 
f 5017/5326/5112 5019/5329/5114 5166/5482/5260 
f 5019/5329/5114 5020/5330/5115 5165/5481/5259 
f 5020/5330/5115 5023/5333/5118 5164/5480/5258 
f 5023/5333/5118 5025/5335/5120 5163/5479/5257 
f 5025/5335/5120 5026/5336/5121 5162/5478/5256 
f 5026/5336/5121 5029/5339/5124 5161/5477/5255 
f 5029/5339/5124 5031/5341/5126 5160/5476/5254 
f 5031/5341/5126 5032/5342/5127 5159/5475/5253 
f 5032/5342/5127 5035/5345/5130 5159/5475/5253 
f 5035/5345/5130 5037/5347/5132 5158/5474/5252 
f 5037/5347/5132 5038/5348/5133 5157/5473/5251 
f 5038/5348/5133 5041/5351/5136 5156/5472/5250 
f 5041/5351/5136 5043/5353/5138 5155/5471/5249 
f 5043/5353/5138 5044/5354/5139 5155/5471/5249 
f 5044/5354/5139 5047/5357/5142 5154/5470/5248 
f 5047/5357/5142 5049/5359/5144 5153/5469/5247 
f 5049/5359/5144 5050/5360/5145 5152/5468/5246 
f 5050/5360/5145 5053/5363/5148 5151/5467/5245 
f 5053/5363/5148 5055/5365/5150 5150/5466/5244 
f 5055/5365/5150 5056/5366/5151 5150/5466/5244 
f 5056/5366/5151 5059/5369/5154 5149/5465/5243 
f 5059/5369/5154 5061/5371/5156 5148/5464/5242 
f 5061/5371/5156 5062/5372/5157 5147/5463/5241 
f 5062/5372/5157 5065/5375/5160 5146/5462/5240 
f 5065/5375/5160 5067/5377/5162 5145/5461/5239 
f 5067/5377/5162 5068/5378/5163 5144/5460/5238 
f 5068/5378/5163 5071/5381/5166 5143/5459/5237 
f 5071/5382/5166 5073/5385/5168 5142/5457/5236 
f 5073/5385/5168 5074/5386/5169 5141/5456/5235 
f 5077/5389/5172 5076/5388/5171 5173/5490/5267 
f 5078/5390/5173 5077/5389/5172 5110/5492/5204 
f 5109/5423/5203 5110/5424/5204 5175/5494/5269 
f 5111/5425/5205 5109/5423/5203 5176/5495/5270 
f 5112/5426/5206 5111/5425/5205 5177/5496/5271 
f 5113/5427/5207 5112/5426/5206 5178/5497/5272 
f 5114/5428/5208 5113/5427/5207 5180/5499/5274 
f 5115/5429/5209 5114/5428/5208 5181/5500/5275 
f 5116/5430/5210 5115/5429/5209 5182/5501/5276 
f 5117/5431/5211 5116/5430/5210 5183/5502/5277 
f 5118/5432/5212 5117/5431/5211 5183/5502/5277 
f 5119/5433/5213 5118/5432/5212 5184/5503/5278 
f 5120/5434/5214 5119/5433/5213 5185/5504/5279 
f 5121/5435/5215 5120/5434/5214 5186/5505/5280 
f 5122/5436/5216 5121/5435/5215 5187/5506/5281 
f 5123/5437/5217 5122/5436/5216 5188/5507/5282 
f 5124/5438/5218 5123/5437/5217 5188/5507/5282 
f 5125/5439/5219 5124/5438/5218 5189/5508/5283 
f 5126/5440/5220 5125/5439/5219 5190/5509/5284 
f 5127/5441/5221 5126/5440/5220 5191/5510/5285 
f 5128/5442/5222 5127/5441/5221 5192/5511/5286 
f 5129/5443/5223 5128/5442/5222 5192/5511/5286 
f 5130/5444/5224 5129/5443/5223 5193/5512/5287 
f 5131/5445/5225 5130/5444/5224 5194/5513/5288 
f 5132/5446/5226 5131/5445/5225 5195/5514/5289 
f 5133/5447/5227 5132/5446/5226 5195/5514/5289 
f 5134/5448/5228 5133/5447/5227 5196/5515/5290 
f 5135/5449/5229 5134/5448/5228 5197/5516/5291 
f 5136/5450/5230 5135/5449/5229 5198/5517/5292 
f 5137/5451/5231 5136/5450/5230 5199/5518/5293 
f 5138/5452/5232 5137/5453/5231 5200/5520/5294 
f 5139/5454/5233 5138/5452/5232 5201/5521/5295 
f 5173/5490/5267 5110/5492/5204 5077/5389/5172 
# 94 polygons - 126 triangles

#
# object Letrero023
#

v  -2.7103 2.5636 -0.0000
v  -2.7747 2.5418 -0.0000
v  -2.7740 2.5358 0.1227
v  -2.7096 2.5576 0.1237
v  -2.7721 2.5189 0.2393
v  -2.7078 2.5405 0.2414
v  -2.7686 2.4877 0.3656
v  -2.7043 2.5091 0.3686
v  -2.7642 2.4485 0.4765
v  -2.7000 2.4695 0.4805
v  -2.6938 2.4131 0.6006
v  -2.7579 2.3926 0.5956
v  -2.7513 2.3335 0.6946
v  -2.6873 2.3536 0.7005
v  -2.7427 2.2570 0.7986
v  -2.6788 2.2763 0.8054
v  -2.6701 2.1969 0.8936
v  -2.7339 2.1783 0.8861
v  -2.7234 2.0849 0.9715
v  -2.6598 2.1027 0.9797
v  -2.7126 1.9881 1.0437
v  -2.6491 2.0051 1.0525
v  -2.6377 1.9006 1.1158
v  -2.7009 1.8845 1.1065
v  -2.6883 1.7721 1.1602
v  -2.6253 1.7872 1.1700
v  -2.6748 1.6518 1.2033
v  -2.6120 1.6659 1.2135
v  -2.5995 1.5520 1.2421
v  -2.6622 1.5389 1.2317
v  -2.6487 1.4192 1.2498
v  -2.5863 1.4313 1.2604
v  -2.6346 1.2934 1.2562
v  -2.5724 1.3043 1.2668
v  -2.5590 1.1813 1.2608
v  -2.6209 1.1715 1.2502
v  -2.6079 1.0556 1.2332
v  -2.5462 1.0644 1.2436
v  -2.5939 0.9301 1.2018
v  -2.5323 0.9379 1.2120
v  -2.5201 0.8267 1.1722
v  -2.5815 0.8199 1.1623
v  -2.5682 0.7016 1.1060
v  -2.5071 0.7073 1.1154
v  -2.5572 0.6031 1.0467
v  -2.4962 0.6080 1.0555
v  -2.5456 0.4997 0.9696
v  -2.5263 0.3280 0.7964
v  -2.5183 0.2562 0.6990
v  -2.4579 0.2580 0.7050
v  -2.4953 0.0514 0.1266
v  -2.4946 0.0450 -0.0000
v  -2.4346 0.0450 -0.0000
v  -3.1426 2.4072 -0.0000
v  -3.1419 2.4015 0.1163
v  -3.1399 2.3855 0.2269
v  -3.1361 2.3561 0.3465
v  -3.1313 2.3189 0.4516
v  -3.1246 2.2660 0.5645
v  -3.1174 2.2102 0.6584
v  -3.1082 2.1378 0.7570
v  -3.0986 2.0633 0.8399
v  -3.0873 1.9749 0.9208
v  -3.0756 1.8833 0.9893
v  -3.0631 1.7853 1.0488
v  -3.0494 1.6790 1.0997
v  -3.0349 1.5652 1.1406
v  -3.0212 1.4584 1.1674
v  -3.0067 1.3452 1.1846
v  -2.9915 1.2261 1.1907
v  -2.9767 1.1107 1.1850
v  -2.9627 1.0011 1.1689
v  -2.9475 0.8824 1.1392
v  -2.9342 0.7781 1.1017
v  -2.9198 0.6662 1.0484
v  -2.9079 0.5730 0.9921
v  -2.8954 0.4752 0.9191
v  -2.5358 0.4128 0.8904
v  -2.8849 0.3930 0.8440
v  -2.8746 0.3127 0.7549
v  -2.8659 0.2448 0.6626
v  -2.5113 0.1938 0.5948
v  -2.8584 0.1858 0.5638
v  -2.5053 0.1404 0.4817
v  -2.8519 0.1353 0.4565
v  -2.5005 0.0976 0.3607
v  -2.8467 0.0948 0.3419
v  -2.8433 0.0681 0.2342
v  -2.4973 0.0694 0.2471
v  -2.8411 0.0510 0.1200
v  -2.8403 0.0450 -0.0000
v  -3.5189 2.2305 0.2123
v  -3.5149 2.2030 0.3243
v  -3.5099 2.1683 0.4227
v  -3.5027 2.1189 0.5283
v  -3.4952 2.0668 0.6162
v  -3.4854 1.9991 0.7085
v  -3.4753 1.9296 0.7861
v  -3.4633 1.8471 0.8618
v  -3.4510 1.7616 0.9259
v  -3.4377 1.6701 0.9815
v  -3.4233 1.5707 1.0292
v  -3.4079 1.4645 1.0674
v  -3.3935 1.3648 1.0926
v  -3.3782 1.2590 1.1087
v  -3.3621 1.1479 1.1144
v  -3.3465 1.0402 1.1090
v  -3.3316 0.9378 1.0939
v  -3.3156 0.8269 1.0661
v  -3.3015 0.7296 1.0311
v  -3.2863 0.6250 0.9812
v  -3.2737 0.5380 0.9285
v  -3.2605 0.4467 0.8602
v  -3.2494 0.3699 0.7899
v  -3.2385 0.2950 0.7065
v  -3.2293 0.2316 0.6201
v  -3.2214 0.1765 0.5276
v  -3.2145 0.1293 0.4273
v  -3.2090 0.0915 0.3199
v  -3.2054 0.0666 0.2192
v  -3.2031 0.0507 0.1123
v  -3.2023 0.0450 -0.0000
v  -3.4827 1.6553 0.9729
v  -3.4682 1.5569 1.0201
v  -3.4527 1.4516 1.0580
v  -3.4382 1.3528 1.0830
v  -3.4228 1.2480 1.0989
v  -3.4067 1.1379 1.1045
v  -3.3910 1.0311 1.0993
v  -3.3761 0.9296 1.0843
v  -3.3599 0.8198 1.0567
v  -3.3458 0.7234 1.0220
v  -3.3305 0.6197 0.9725
v  -3.3179 0.5335 0.9203
v  -3.3046 0.4431 0.8526
v  -3.2934 0.3670 0.7829
v  -3.2825 0.2927 0.7003
v  -3.2733 0.2299 0.6147
v  -3.2652 0.1753 0.5230
v  -3.2584 0.1286 0.4235
v  -3.2529 0.0910 0.3171
v  -3.2492 0.0664 0.2172
v  -3.2469 0.0506 0.1113
v  -3.2461 0.0450 -0.0000
v  -2.4184 0.0450 -0.0000
v  -2.4184 0.0495 0.1069
v  -2.4184 0.0629 0.2130
v  -2.4184 0.0852 0.3179
v  -2.4184 0.1163 0.4208
v  -2.4184 0.1588 0.5272
v  -2.4184 0.2403 0.6793
v  -2.4184 0.3408 0.8187
v  -2.4184 0.4298 0.9157
v  -2.4184 0.5283 1.0033
v  -2.4184 0.6352 1.0805
v  -2.4184 0.7492 1.1466
v  -2.4184 0.8925 1.2097
v  -2.4184 1.0419 1.2554
v  -2.4184 1.1954 1.2829
v  -2.4184 1.3504 1.2922
v  -2.4184 1.5067 1.2830
v  -2.4184 1.6608 1.2554
v  -2.4184 1.8101 1.2098
v  -2.4184 1.9529 1.1467
v  -2.4184 2.0668 1.0807
v  -2.4184 2.1735 1.0035
v  -2.4184 2.2719 0.9159
v  -2.4184 2.3608 0.8188
v  -2.4184 2.4298 0.7273
v  -2.4184 2.4905 0.6301
v  -2.4184 2.5423 0.5277
v  -2.4184 2.5848 0.4212
v  -2.4184 2.6157 0.3186
v  -2.4184 2.6380 0.2137
v  -2.4184 2.6513 0.1098
v  -2.4184 2.6560 0.0051
v  -2.4185 2.6560 -0.0000
v  -3.5672 2.2307 -0.0000
v  -3.5672 2.2266 0.0921
v  -3.5218 2.2507 -0.0000
v  -3.5672 2.2145 0.1835
v  -3.5672 2.1944 0.2734
v  -3.5672 2.1665 0.3612
v  -3.5672 2.1286 0.4514
v  -3.5672 2.0825 0.5378
v  -3.5672 2.0288 0.6195
v  -3.5672 1.9678 0.6960
v  -3.5672 1.8912 0.7749
v  -3.5672 1.8070 0.8456
v  -3.5672 1.7161 0.9075
v  -3.5672 1.6194 0.9599
v  -3.5672 1.5046 1.0072
v  -3.5672 1.3853 1.0413
v  -3.5672 1.2627 1.0619
v  -3.5672 1.1385 1.0687
v  -3.5672 1.0149 1.0618
v  -3.5672 0.8925 1.0411
v  -3.5672 0.7728 1.0068
v  -3.5672 0.7144 0.9847
v  -3.5672 0.5608 0.9068
v  -3.5672 0.4697 0.8450
v  -3.5672 0.3461 0.7358
v  -3.5672 0.2475 0.6189
v  -3.5672 0.1935 0.5371
v  -3.5672 0.1474 0.4509
v  -3.5672 0.1094 0.3608
v  -3.5672 0.0814 0.2730
v  -3.5672 0.0612 0.1830
v  -3.5672 0.0491 0.0919
v  -3.5672 0.0450 -0.0000
# 210 vertices

vn -0.3122 0.9489 0.0471
vn -0.3320 0.9421 0.0477
vn -0.3316 0.9387 0.0942
vn -0.3121 0.9454 0.0944
vn -0.3294 0.9253 0.1880
vn -0.3107 0.9317 0.1884
vn -0.3257 0.9026 0.2814
vn -0.3073 0.9087 0.2826
vn -0.3205 0.8710 0.3724
vn -0.3022 0.8770 0.3736
vn -0.2955 0.8364 0.4617
vn -0.3139 0.8307 0.4597
vn -0.3059 0.7827 0.5421
vn -0.2879 0.7884 0.5436
vn -0.2967 0.7269 0.6193
vn -0.2794 0.7319 0.6215
vn -0.2696 0.6687 0.6929
vn -0.2862 0.6640 0.6908
vn -0.2746 0.5943 0.7559
vn -0.2588 0.5985 0.7582
vn -0.2620 0.5190 0.8137
vn -0.2469 0.5227 0.8160
vn -0.2341 0.4419 0.8660
vn -0.2485 0.4386 0.8636
vn -0.2340 0.3518 0.9064
vn -0.2212 0.3556 0.9081
vn -0.2187 0.2614 0.9401
vn -0.2077 0.2644 0.9418
vn -0.1934 0.1732 0.9657
vn -0.2034 0.1709 0.9641
vn -0.1876 0.0779 0.9792
vn -0.1783 0.0791 0.9808
vn -0.1712 -0.0183 0.9851
vn -0.1619 -0.0181 0.9866
vn -0.1469 -0.1113 0.9829
vn -0.1549 -0.1132 0.9814
vn -0.1388 -0.2071 0.9684
vn -0.1326 -0.2042 0.9699
vn -0.1227 -0.3006 0.9458
vn -0.1171 -0.2991 0.9470
vn -0.1013 -0.3913 0.9147
vn -0.1069 -0.3918 0.9138
vn -0.0917 -0.4794 0.8728
vn -0.0881 -0.4801 0.8728
vn -0.0773 -0.5619 0.8236
vn -0.0731 -0.5706 0.8180
vn 0.0288 -0.6474 0.7616
vn -0.0395 -0.7764 0.6289
vn -0.0296 -0.8331 0.5523
vn -0.0162 -0.8321 0.5544
vn 0.0165 -0.9953 0.0953
vn 0.0000 -0.9987 0.0502
vn -0.0031 -0.9986 0.0530
vn -0.3620 0.9310 0.0475
vn -0.3618 0.9275 0.0938
vn -0.3592 0.9143 0.1872
vn -0.3551 0.8918 0.2802
vn -0.3494 0.8604 0.3709
vn -0.3422 0.8205 0.4579
vn -0.3335 0.7728 0.5399
vn -0.3235 0.7175 0.6169
vn -0.3120 0.6550 0.6882
vn -0.2994 0.5858 0.7531
vn -0.2857 0.5110 0.8107
vn -0.2710 0.4312 0.8606
vn -0.2551 0.3450 0.9033
vn -0.2385 0.2552 0.9370
vn -0.2218 0.1653 0.9610
vn -0.2045 0.0728 0.9762
vn -0.1867 -0.0228 0.9822
vn -0.1689 -0.1172 0.9786
vn -0.1514 -0.2105 0.9658
vn -0.1338 -0.3035 0.9434
vn -0.1165 -0.3943 0.9116
vn -0.1000 -0.4815 0.8707
vn -0.0843 -0.5636 0.8217
vn -0.0695 -0.6406 0.7647
vn -0.0464 -0.7036 0.7091
vn -0.0558 -0.7118 0.7002
vn -0.0433 -0.7765 0.6286
vn -0.0323 -0.8337 0.5512
vn -0.0079 -0.8804 0.4742
vn -0.0227 -0.8831 0.4687
vn -0.0163 -0.9247 0.3803
vn -0.0146 -0.9250 0.3796
vn -0.0107 -0.9578 0.2871
vn -0.0082 -0.9579 0.2869
vn -0.0037 -0.9810 0.1942
vn -0.0062 -0.9808 0.1950
vn -0.0009 -0.9951 0.0990
vn 0.0000 -0.9987 0.0501
vn -0.3867 0.9044 0.1806
vn -0.3824 0.8806 0.2799
vn -0.3768 0.8496 0.3690
vn -0.3689 0.8095 0.4568
vn -0.3604 0.7622 0.5377
vn -0.3503 0.7061 0.6154
vn -0.3390 0.6448 0.6851
vn -0.3252 0.5758 0.7502
vn -0.3259 0.4944 0.8058
vn -0.2935 0.4227 0.8574
vn -0.2763 0.3371 0.9000
vn -0.2583 0.2479 0.9337
vn -0.2402 0.1586 0.9577
vn -0.2215 0.0668 0.9729
vn -0.2022 -0.0283 0.9789
vn -0.1830 -0.1220 0.9755
vn -0.1639 -0.2148 0.9628
vn -0.1449 -0.3072 0.9405
vn -0.1262 -0.3975 0.9089
vn -0.1082 -0.4842 0.8683
vn -0.0912 -0.5658 0.8195
vn -0.0752 -0.6424 0.7626
vn -0.0604 -0.7132 0.6983
vn -0.0469 -0.7776 0.6270
vn -0.0349 -0.8345 0.5499
vn -0.0246 -0.8836 0.4675
vn -0.0158 -0.9254 0.3787
vn -0.0088 -0.9581 0.2862
vn -0.0040 -0.9810 0.1938
vn -0.0010 -0.9951 0.0988
vn 0.0000 -0.9987 0.0500
vn -0.3069 0.4258 0.8512
vn -0.2870 0.3347 0.8976
vn -0.2680 0.2453 0.9317
vn -0.2492 0.1561 0.9558
vn -0.2296 0.0642 0.9712
vn -0.2099 -0.0308 0.9772
vn -0.1911 -0.1246 0.9736
vn -0.1720 -0.2160 0.9611
vn -0.1518 -0.3082 0.9391
vn -0.1333 -0.3999 0.9068
vn -0.1155 -0.4837 0.8676
vn -0.0946 -0.5663 0.8188
vn -0.0793 -0.6437 0.7612
vn -0.0639 -0.7134 0.6978
vn -0.0494 -0.7775 0.6269
vn -0.0354 -0.8347 0.5496
vn -0.0245 -0.8837 0.4673
vn -0.0151 -0.9254 0.3786
vn -0.0080 -0.9582 0.2860
vn -0.0032 -0.9811 0.1937
vn -0.0002 -0.9951 0.0987
vn 0.0007 -0.9988 0.0494
vn 0.0000 -0.9991 0.0419
vn -0.4647 -0.8790 0.1070
vn -0.0045 -0.9878 0.1554
vn -0.0038 -0.9686 0.2486
vn -0.0096 -0.9434 0.3315
vn -0.0105 -0.9050 0.4253
vn -0.0597 -0.8612 0.5048
vn -0.0329 -0.7690 0.6384
vn -0.0697 -0.6819 0.7281
vn -0.1498 -0.6404 0.7533
vn -0.0716 -0.5392 0.8391
vn -0.0855 -0.4484 0.8897
vn -0.0983 -0.3421 0.9345
vn -0.1184 -0.2280 0.9664
vn -0.1388 -0.1107 0.9841
vn -0.1565 0.0039 0.9877
vn -0.1724 0.1209 0.9776
vn -0.1901 0.2360 0.9530
vn -0.2091 0.3462 0.9146
vn -0.2266 0.4464 0.8657
vn -0.2399 0.5317 0.8122
vn -0.2511 0.6092 0.7522
vn -0.2610 0.6799 0.6853
vn -0.2710 0.7423 0.6129
vn -0.2789 0.7926 0.5422
vn -0.2846 0.8360 0.4692
vn -0.2890 0.8729 0.3932
vn -0.2924 0.9031 0.3144
vn -0.2958 0.9255 0.2366
vn -0.2983 0.9412 0.1587
vn -0.3010 0.9502 0.0806
vn -0.3020 0.9530 0.0225
vn -0.3017 0.9534 0.0019
vn -0.4038 0.9139 0.0403
vn -0.3858 0.9186 0.0860
vn -0.3896 0.9197 0.0482
vn -0.3907 0.9083 0.1494
vn -0.3935 0.8879 0.2384
vn -0.3939 0.8620 0.3190
vn -0.3861 0.8311 0.4003
vn -0.3823 0.7923 0.4755
vn -0.3715 0.7479 0.5501
vn -0.3624 0.6975 0.6182
vn -0.3501 0.6345 0.6890
vn -0.3310 0.5562 0.7623
vn -0.2523 0.5240 0.8135
vn -0.3085 0.4040 0.8612
vn -0.2905 0.3082 0.9059
vn -0.2715 0.2063 0.9401
vn -0.2494 0.1002 0.9632
vn -0.2255 -0.0079 0.9742
vn -0.2007 -0.1171 0.9726
vn -0.1761 -0.2251 0.9583
vn -0.1523 -0.3191 0.9354
vn -0.1374 -0.4026 0.9050
vn -0.1165 -0.5121 0.8510
vn -0.0947 -0.6145 0.7832
vn -0.0721 -0.7186 0.6917
vn -0.0501 -0.8036 0.5930
vn -0.0353 -0.8602 0.5087
vn -0.0252 -0.9035 0.4278
vn -0.0165 -0.9389 0.3439
vn -0.0099 -0.9656 0.2597
vn -0.0050 -0.9847 0.1741
vn -0.0014 -0.9962 0.0871
vn 0.0000 -0.9990 0.0441
# 210 vertex normals

vt 0.5000 0.7028 0.7889
vt 0.5000 0.7076 0.7828
vt 0.2973 0.7076 0.7811
vt 0.2956 0.7028 0.7872
vt 0.1047 0.7074 0.7764
vt 0.1014 0.7026 0.7825
vt 0.7764 0.7074 0.1047
vt 0.7677 0.7072 -0.1038
vt 0.7737 0.7024 -0.1089
vt 0.7825 0.7026 0.1014
vt 0.7568 0.7068 -0.2869
vt 0.7627 0.7020 -0.2936
vt 0.7469 0.7016 -0.4919
vt 0.7412 0.7064 -0.4836
vt 0.7247 0.7059 -0.6473
vt 0.7303 0.7011 -0.6570
vt 0.7034 0.7052 -0.8190
vt 0.7088 0.7005 -0.8302
vt 0.6866 0.6998 -0.9759
vt 0.6814 0.7046 -0.9635
vt 0.6553 0.7038 -1.1045
vt 0.6603 0.6990 -1.1180
vt 0.6283 0.7030 -1.2238
vt 0.6331 0.6982 -1.2384
vt 0.6039 0.6974 -1.3429
vt 0.5994 0.7021 -1.3274
vt 0.5680 0.7012 -1.4162
vt 0.5723 0.6964 -1.4324
vt 0.5345 0.7002 -1.4874
vt 0.5384 0.6955 -1.5042
vt 0.5066 0.6945 -1.5514
vt 0.5030 0.6992 -1.5342
vt 0.4696 0.6982 -1.5642
vt 0.4730 0.6935 -1.5816
vt 0.4345 0.6971 -1.5747
vt 0.4375 0.6925 -1.5923
vt 0.4032 0.6915 -1.5823
vt 0.4005 0.6961 -1.5648
vt 0.3681 0.6952 -1.5367
vt 0.3706 0.6905 -1.5539
vt 0.3331 0.6941 -1.4850
vt 0.3353 0.6895 -1.5017
vt 0.3043 0.6886 -1.4359
vt 0.3024 0.6932 -1.4197
vt 0.2694 0.6922 -1.3267
vt 0.2710 0.6876 -1.3422
vt 0.2419 0.6914 -1.2287
vt 0.2432 0.6868 -1.2433
vt 0.2130 0.6905 -1.1015
vt 0.1651 0.6890 -0.8154
vt 0.1451 0.6884 -0.6545
vt 0.1456 0.6839 -0.6643
vt 0.7091 0.6867 0.0879
vt 0.5000 0.6867 0.0862
vt 0.5000 0.6822 0.0862
vt 0.5000 0.7352 0.7453
vt 0.3079 0.7351 0.7437
vt 0.1253 0.7350 0.7392
vt 0.7310 0.7347 -0.0723
vt 0.7392 0.7350 0.1253
vt 0.7206 0.7343 -0.2459
vt 0.7059 0.7338 -0.4323
vt 0.6903 0.7333 -0.5875
vt 0.6701 0.7326 -0.7503
vt 0.6493 0.7319 -0.8872
vt 0.6246 0.7310 -1.0208
vt 0.5991 0.7301 -1.1339
vt 0.5717 0.7292 -1.2322
vt 0.5421 0.7282 -1.3163
vt 0.5103 0.7271 -1.3838
vt 0.4805 0.7261 -1.4282
vt 0.4489 0.7250 -1.4566
vt 0.4157 0.7239 -1.4666
vt 0.3835 0.7227 -1.4572
vt 0.3529 0.7217 -1.4306
vt 0.3198 0.7206 -1.3815
vt 0.2907 0.7196 -1.3196
vt 0.2595 0.7185 -1.2315
vt 0.2335 0.7176 -1.1385
vt 0.2062 0.7167 -1.0180
vt 0.1888 0.6898 -0.9706
vt 0.1833 0.7159 -0.8939
vt 0.1609 0.7151 -0.7468
vt 0.1419 0.7145 -0.5944
vt 0.1277 0.6879 -0.4823
vt 0.1254 0.7139 -0.4311
vt 0.1128 0.6875 -0.2955
vt 0.1114 0.7134 -0.2540
vt 0.1008 0.6871 -0.0957
vt 0.1000 0.7130 -0.0646
vt 0.0926 0.7128 0.1132
vt 0.0930 0.6869 0.0919
vt 0.8868 0.7128 0.0926
vt 0.6982 0.7126 0.0878
vt 0.9081 0.6869 0.0930
vt 0.5000 0.7125 0.0862
vt 0.6960 0.7633 0.1494
vt 0.6883 0.7630 -0.0356
vt 0.6786 0.7626 -0.1981
vt 0.6648 0.7621 -0.3726
vt 0.6503 0.7615 -0.5177
vt 0.6314 0.7608 -0.6701
vt 0.6120 0.7601 -0.7983
vt 0.5890 0.7592 -0.9233
vt 0.5651 0.7582 -1.0292
vt 0.5396 0.7572 -1.1211
vt 0.5119 0.7562 -1.1998
vt 0.4822 0.7550 -1.2630
vt 0.4544 0.7539 -1.3045
vt 0.4249 0.7528 -1.3311
vt 0.3939 0.7516 -1.3405
vt 0.3638 0.7504 -1.3317
vt 0.3353 0.7493 -1.3068
vt 0.3043 0.7481 -1.2608
vt 0.2772 0.7470 -1.2030
vt 0.2480 0.7459 -1.1205
vt 0.2237 0.7450 -1.0335
vt 0.1983 0.7440 -0.9206
vt 0.1768 0.7431 -0.8046
vt 0.1559 0.7423 -0.6669
vt 0.1382 0.7416 -0.5242
vt 0.1228 0.7411 -0.3714
vt 0.1097 0.7405 -0.2057
vt 0.0991 0.7401 -0.0284
vt 0.0922 0.7399 0.1380
vt 0.6855 0.7397 0.0877
vt 0.8620 0.7399 0.0922
vt 0.5000 0.7396 0.0862
vt 0.5355 0.7606 -1.1068
vt 0.5080 0.7595 -1.1848
vt 0.4786 0.7584 -1.2475
vt 0.4511 0.7573 -1.2886
vt 0.4218 0.7561 -1.3150
vt 0.3911 0.7549 -1.3243
vt 0.3613 0.7537 -1.3155
vt 0.3330 0.7526 -1.2909
vt 0.3024 0.7514 -1.2453
vt 0.2754 0.7504 -1.1880
vt 0.2465 0.7492 -1.1062
vt 0.2225 0.7483 -1.0200
vt 0.1972 0.7473 -0.9081
vt 0.1760 0.7464 -0.7931
vt 0.1553 0.7456 -0.6566
vt 0.1377 0.7449 -0.5152
vt 0.1225 0.7443 -0.3638
vt 0.1095 0.7438 -0.1995
vt 0.0990 0.7434 -0.0238
vt 0.0921 0.7431 0.1412
vt 0.8588 0.7431 0.0921
vt 0.6839 0.7430 0.0877
vt 0.5000 0.7429 0.0862
vt 0.5000 0.6810 0.0862
vt 0.6765 0.6810 0.0874
vt 0.8518 0.6810 0.0912
vt 0.0912 0.6810 0.1482
vt 0.0974 0.6810 -0.0251
vt 0.1061 0.6810 -0.1950
vt 0.1179 0.6810 -0.3708
vt 0.1406 0.6810 -0.6220
vt 0.1687 0.6810 -0.8521
vt 0.1935 0.6810 -1.0123
vt 0.2210 0.6810 -1.1570
vt 0.2508 0.6810 -1.2845
vt 0.2826 0.6810 -1.3937
vt 0.3226 0.6810 -1.4980
vt 0.3643 0.6810 -1.5733
vt 0.4072 0.6810 -1.6189
vt 0.4504 0.6810 -1.6342
vt 0.4940 0.6810 -1.6190
vt 0.5370 0.6810 -1.5734
vt 0.5787 0.6810 -1.4980
vt 0.6185 0.6810 -1.3940
vt 0.6503 0.6810 -1.2849
vt 0.6801 0.6810 -1.1574
vt 0.7075 0.6810 -1.0127
vt 0.7323 0.6810 -0.8523
vt 0.7516 0.6810 -0.7012
vt 0.7685 0.6810 -0.5406
vt 0.7830 0.6810 -0.3716
vt 0.7948 0.6810 -0.1956
vt 0.8035 0.6810 -0.0261
vt 0.8097 0.6810 0.1470
vt 0.1470 0.6810 0.8097
vt 0.3187 0.6810 0.8134
vt 0.4916 0.6810 0.8147
vt 0.5000 0.6810 0.8147
vt 0.5000 0.7669 0.6960
vt 0.3479 0.7669 0.6949
vt 0.5000 0.7635 0.7016
vt 0.1969 0.7669 0.6915
vt 0.1494 0.7633 0.6960
vt 0.6915 0.7669 0.1969
vt 0.6859 0.7669 0.0485
vt 0.6781 0.7669 -0.0965
vt 0.6675 0.7669 -0.2456
vt 0.6547 0.7669 -0.3883
vt 0.6397 0.7669 -0.5232
vt 0.6227 0.7669 -0.6495
vt 0.6013 0.7669 -0.7799
vt 0.5778 0.7669 -0.8967
vt 0.5524 0.7669 -0.9988
vt 0.5254 0.7669 -1.0854
vt 0.4934 0.7669 -1.1635
vt 0.4601 0.7669 -1.2198
vt 0.4259 0.7669 -1.2538
vt 0.3913 0.7669 -1.2651
vt 0.3568 0.7669 -1.2536
vt 0.3226 0.7669 -1.2195
vt 0.2892 0.7669 -1.1629
vt 0.2729 0.7669 -1.1263
vt 0.2301 0.7669 -0.9977
vt 0.2047 0.7669 -0.8955
vt 0.1702 0.7669 -0.7153
vt 0.1427 0.7669 -0.5221
vt 0.1276 0.7669 -0.3871
vt 0.1147 0.7669 -0.2447
vt 0.1041 0.7669 -0.0959
vt 0.0963 0.7669 0.0492
vt 0.0907 0.7669 0.1977
vt 0.8023 0.7669 0.0907
vt 0.6517 0.7669 0.0873
vt 0.5000 0.7669 0.0862
# 222 texture coords

o Letrero023
g Letrero023
usemtl blanco
s 1
f 5203/5523/5297 5204/5524/5298 5205/5525/5299 5206/5526/5300 
f 5206/5526/5300 5205/5525/5299 5207/5527/5301 5208/5528/5302 
f 5207/5529/5301 5209/5530/5303 5210/5531/5304 5208/5532/5302 
f 5210/5531/5304 5209/5530/5303 5211/5533/5305 5212/5534/5306 
f 5213/5535/5307 5212/5534/5306 5211/5533/5305 5214/5536/5308 
f 5214/5536/5308 5215/5537/5309 5216/5538/5310 5213/5535/5307 
f 5216/5538/5310 5215/5537/5309 5217/5539/5311 5218/5540/5312 
f 5219/5541/5313 5218/5540/5312 5217/5539/5311 5220/5542/5314 
f 5220/5542/5314 5221/5543/5315 5222/5544/5316 5219/5541/5313 
f 5222/5544/5316 5221/5543/5315 5223/5545/5317 5224/5546/5318 
f 5225/5547/5319 5224/5546/5318 5223/5545/5317 5226/5548/5320 
f 5226/5548/5320 5227/5549/5321 5228/5550/5322 5225/5547/5319 
f 5228/5550/5322 5227/5549/5321 5229/5551/5323 5230/5552/5324 
f 5231/5553/5325 5230/5552/5324 5229/5551/5323 5232/5554/5326 
f 5232/5554/5326 5233/5555/5327 5234/5556/5328 5231/5553/5325 
f 5234/5556/5328 5233/5555/5327 5235/5557/5329 5236/5558/5330 
f 5237/5559/5331 5236/5558/5330 5235/5557/5329 5238/5560/5332 
f 5238/5560/5332 5239/5561/5333 5240/5562/5334 5237/5559/5331 
f 5240/5562/5334 5239/5561/5333 5241/5563/5335 5242/5564/5336 
f 5243/5565/5337 5242/5564/5336 5241/5563/5335 5244/5566/5338 
f 5244/5566/5338 5245/5567/5339 5246/5568/5340 5243/5565/5337 
f 5246/5568/5340 5245/5567/5339 5247/5569/5341 5248/5570/5342 
f 5248/5570/5342 5247/5569/5341 5249/5571/5343 
f 5250/5572/5344 5251/5573/5345 5252/5574/5346 
f 5253/5575/5347 5254/5576/5348 5255/5577/5349 
f 5256/5578/5350 5257/5579/5351 5205/5525/5299 5204/5524/5298 
f 5205/5525/5299 5257/5579/5351 5258/5580/5352 5207/5527/5301 
f 5259/5581/5353 5209/5530/5303 5207/5529/5301 5258/5582/5352 
f 5209/5530/5303 5259/5581/5353 5260/5583/5354 5211/5533/5305 
f 5260/5583/5354 5261/5584/5355 5214/5536/5308 5211/5533/5305 
f 5261/5584/5355 5262/5585/5356 5215/5537/5309 5214/5536/5308 
f 5215/5537/5309 5262/5585/5356 5263/5586/5357 5217/5539/5311 
f 5263/5586/5357 5264/5587/5358 5220/5542/5314 5217/5539/5311 
f 5264/5587/5358 5265/5588/5359 5221/5543/5315 5220/5542/5314 
f 5221/5543/5315 5265/5588/5359 5266/5589/5360 5223/5545/5317 
f 5266/5589/5360 5267/5590/5361 5226/5548/5320 5223/5545/5317 
f 5267/5590/5361 5268/5591/5362 5227/5549/5321 5226/5548/5320 
f 5227/5549/5321 5268/5591/5362 5269/5592/5363 5229/5551/5323 
f 5269/5592/5363 5270/5593/5364 5232/5554/5326 5229/5551/5323 
f 5270/5593/5364 5271/5594/5365 5233/5555/5327 5232/5554/5326 
f 5233/5555/5327 5271/5594/5365 5272/5595/5366 5235/5557/5329 
f 5272/5595/5366 5273/5596/5367 5238/5560/5332 5235/5557/5329 
f 5273/5596/5367 5274/5597/5368 5239/5561/5333 5238/5560/5332 
f 5239/5561/5333 5274/5597/5368 5275/5598/5369 5241/5563/5335 
f 5275/5598/5369 5276/5599/5370 5244/5566/5338 5241/5563/5335 
f 5276/5599/5370 5277/5600/5371 5245/5567/5339 5244/5566/5338 
f 5245/5567/5339 5277/5600/5371 5278/5601/5372 5247/5569/5341 
f 5278/5601/5372 5279/5602/5373 5249/5571/5343 5247/5569/5341 
f 5280/5603/5374 5249/5571/5343 5279/5602/5373 5281/5604/5375 
f 5250/5572/5344 5280/5603/5374 5281/5604/5375 5282/5605/5376 
f 5283/5606/5377 5251/5573/5345 5250/5572/5344 5282/5605/5376 
f 5284/5607/5378 5251/5573/5345 5283/5606/5377 5285/5608/5379 
f 5286/5609/5380 5284/5607/5378 5285/5608/5379 5287/5610/5381 
f 5288/5611/5382 5286/5609/5380 5287/5610/5381 5289/5612/5383 
f 5289/5612/5383 5290/5613/5384 5291/5614/5385 5288/5611/5382 
f 5290/5615/5384 5292/5616/5386 5253/5575/5347 5291/5617/5385 
f 5254/5576/5348 5253/5575/5347 5292/5616/5386 5293/5618/5387 
f 5294/5619/5388 5295/5620/5389 5259/5581/5353 5258/5582/5352 
f 5295/5620/5389 5296/5621/5390 5260/5583/5354 5259/5581/5353 
f 5260/5583/5354 5296/5621/5390 5297/5622/5391 5261/5584/5355 
f 5261/5584/5355 5297/5622/5391 5298/5623/5392 5262/5585/5356 
f 5299/5624/5393 5263/5586/5357 5262/5585/5356 5298/5623/5392 
f 5264/5587/5358 5263/5586/5357 5299/5624/5393 5300/5625/5394 
f 5301/5626/5395 5265/5588/5359 5264/5587/5358 5300/5625/5394 
f 5302/5627/5396 5266/5589/5360 5265/5588/5359 5301/5626/5395 
f 5267/5590/5361 5266/5589/5360 5302/5627/5396 5303/5628/5397 
f 5268/5591/5362 5267/5590/5361 5303/5628/5397 5304/5629/5398 
f 5305/5630/5399 5269/5592/5363 5268/5591/5362 5304/5629/5398 
f 5270/5593/5364 5269/5592/5363 5305/5630/5399 5306/5631/5400 
f 5271/5594/5365 5270/5593/5364 5306/5631/5400 5307/5632/5401 
f 5308/5633/5402 5272/5595/5366 5271/5594/5365 5307/5632/5401 
f 5273/5596/5367 5272/5595/5366 5308/5633/5402 5309/5634/5403 
f 5273/5596/5367 5309/5634/5403 5310/5635/5404 5274/5597/5368 
f 5311/5636/5405 5275/5598/5369 5274/5597/5368 5310/5635/5404 
f 5312/5637/5406 5276/5599/5370 5275/5598/5369 5311/5636/5405 
f 5313/5638/5407 5277/5600/5371 5276/5599/5370 5312/5637/5406 
f 5314/5639/5408 5278/5601/5372 5277/5600/5371 5313/5638/5407 
f 5315/5640/5409 5279/5602/5373 5278/5601/5372 5314/5639/5408 
f 5316/5641/5410 5281/5604/5375 5279/5602/5373 5315/5640/5409 
f 5317/5642/5411 5282/5605/5376 5281/5604/5375 5316/5641/5410 
f 5318/5643/5412 5283/5606/5377 5282/5605/5376 5317/5642/5411 
f 5319/5644/5413 5285/5608/5379 5283/5606/5377 5318/5643/5412 
f 5320/5645/5414 5287/5610/5381 5285/5608/5379 5319/5644/5413 
f 5321/5646/5415 5289/5612/5383 5287/5610/5381 5320/5645/5414 
f 5289/5612/5383 5321/5646/5415 5322/5647/5416 5290/5613/5384 
f 5323/5648/5417 5292/5616/5386 5290/5615/5384 5322/5649/5416 
f 5324/5650/5418 5293/5618/5387 5292/5616/5386 5323/5648/5417 
f 5325/5651/5419 5303/5628/5397 5302/5627/5396 
f 5326/5652/5420 5304/5629/5398 5303/5628/5397 5325/5651/5419 
f 5327/5653/5421 5305/5630/5399 5304/5629/5398 5326/5652/5420 
f 5328/5654/5422 5306/5631/5400 5305/5630/5399 5327/5653/5421 
f 5329/5655/5423 5307/5632/5401 5306/5631/5400 5328/5654/5422 
f 5330/5656/5424 5308/5633/5402 5307/5632/5401 5329/5655/5423 
f 5331/5657/5425 5309/5634/5403 5308/5633/5402 5330/5656/5424 
f 5309/5634/5403 5331/5657/5425 5332/5658/5426 5310/5635/5404 
f 5311/5636/5405 5310/5635/5404 5332/5658/5426 5333/5659/5427 
f 5311/5636/5405 5333/5659/5427 5334/5660/5428 5312/5637/5406 
f 5313/5638/5407 5312/5637/5406 5334/5660/5428 5335/5661/5429 
f 5314/5639/5408 5313/5638/5407 5335/5661/5429 5336/5662/5430 
f 5315/5640/5409 5314/5639/5408 5336/5662/5430 5337/5663/5431 
f 5316/5641/5410 5315/5640/5409 5337/5663/5431 5338/5664/5432 
f 5317/5642/5411 5316/5641/5410 5338/5664/5432 5339/5665/5433 
f 5340/5666/5434 5318/5643/5412 5317/5642/5411 5339/5665/5433 
f 5318/5643/5412 5340/5666/5434 5341/5667/5435 5319/5644/5413 
f 5319/5644/5413 5341/5667/5435 5342/5668/5436 5320/5645/5414 
f 5320/5645/5414 5342/5668/5436 5343/5669/5437 5321/5646/5415 
f 5321/5646/5415 5343/5669/5437 5344/5670/5438 5322/5647/5416 
f 5322/5649/5416 5344/5671/5438 5345/5672/5439 5323/5648/5417 
f 5324/5650/5418 5323/5648/5417 5345/5672/5439 5346/5673/5440 
f 5347/5674/5441 5348/5675/5442 5255/5577/5349 
f 5348/5675/5442 5349/5676/5443 5255/5577/5349 
f 5349/5677/5443 5350/5678/5444 5291/5614/5385 
f 5350/5678/5444 5351/5679/5445 5288/5611/5382 
f 5351/5679/5445 5352/5680/5446 5286/5609/5380 
f 5352/5680/5446 5353/5681/5447 5252/5574/5346 
f 5353/5681/5447 5354/5682/5448 5252/5574/5346 
f 5354/5682/5448 5355/5683/5449 5280/5603/5374 
f 5355/5683/5449 5356/5684/5450 5248/5570/5342 
f 5356/5684/5450 5357/5685/5451 5248/5570/5342 
f 5357/5685/5451 5358/5686/5452 5246/5568/5340 
f 5358/5686/5452 5359/5687/5453 5243/5565/5337 
f 5359/5687/5453 5360/5688/5454 5242/5564/5336 
f 5360/5688/5454 5361/5689/5455 5240/5562/5334 
f 5361/5689/5455 5362/5690/5456 5236/5558/5330 
f 5362/5690/5456 5363/5691/5457 5234/5556/5328 
f 5363/5691/5457 5364/5692/5458 5231/5553/5325 
f 5364/5692/5458 5365/5693/5459 5230/5552/5324 
f 5365/5693/5459 5366/5694/5460 5228/5550/5322 
f 5366/5694/5460 5367/5695/5461 5224/5546/5318 
f 5367/5695/5461 5368/5696/5462 5222/5544/5316 
f 5368/5696/5462 5369/5697/5463 5219/5541/5313 
f 5369/5697/5463 5370/5698/5464 5218/5540/5312 
f 5370/5698/5464 5371/5699/5465 5216/5538/5310 
f 5371/5699/5465 5372/5700/5466 5216/5538/5310 
f 5372/5700/5466 5373/5701/5467 5213/5535/5307 
f 5373/5701/5467 5374/5702/5468 5212/5534/5306 
f 5374/5702/5468 5375/5703/5469 5210/5531/5304 
f 5375/5703/5469 5376/5704/5470 5208/5532/5302 
f 5376/5705/5470 5377/5706/5471 5206/5526/5300 
f 5377/5706/5471 5378/5707/5472 5203/5523/5297 
f 5378/5707/5472 5379/5708/5473 5203/5523/5297 
f 5380/5709/5474 5381/5710/5475 5382/5711/5476 
f 5381/5710/5475 5383/5712/5477 5294/5713/5388 
f 5383/5714/5477 5384/5715/5478 5294/5619/5388 
f 5384/5715/5478 5385/5716/5479 5295/5620/5389 
f 5385/5716/5479 5386/5717/5480 5296/5621/5390 
f 5386/5717/5480 5387/5718/5481 5297/5622/5391 
f 5387/5718/5481 5388/5719/5482 5298/5623/5392 
f 5388/5719/5482 5389/5720/5483 5299/5624/5393 
f 5389/5720/5483 5390/5721/5484 5300/5625/5394 
f 5390/5721/5484 5391/5722/5485 5301/5626/5395 
f 5391/5722/5485 5392/5723/5486 5325/5651/5419 
f 5392/5723/5486 5393/5724/5487 5325/5651/5419 
f 5393/5724/5487 5394/5725/5488 5326/5652/5420 
f 5394/5725/5488 5395/5726/5489 5327/5653/5421 
f 5395/5726/5489 5396/5727/5490 5328/5654/5422 
f 5396/5727/5490 5397/5728/5491 5329/5655/5423 
f 5397/5728/5491 5398/5729/5492 5330/5656/5424 
f 5398/5729/5492 5399/5730/5493 5331/5657/5425 
f 5399/5730/5493 5400/5731/5494 5333/5659/5427 
f 5400/5731/5494 5401/5732/5495 5334/5660/5428 
f 5401/5732/5495 5402/5733/5496 5335/5661/5429 
f 5402/5733/5496 5403/5734/5497 5336/5662/5430 
f 5403/5734/5497 5404/5735/5498 5337/5663/5431 
f 5404/5735/5498 5405/5736/5499 5339/5665/5433 
f 5405/5736/5499 5406/5737/5500 5340/5666/5434 
f 5406/5737/5500 5407/5738/5501 5341/5667/5435 
f 5407/5738/5501 5408/5739/5502 5342/5668/5436 
f 5408/5739/5502 5409/5740/5503 5343/5669/5437 
f 5409/5740/5503 5410/5741/5504 5344/5670/5438 
f 5410/5742/5504 5411/5743/5505 5345/5672/5439 
f 5411/5743/5505 5412/5744/5506 5346/5673/5440 
f 5256/5578/5350 5382/5711/5476 5257/5579/5351 
f 5203/5523/5297 5206/5526/5300 5377/5706/5471 
f 5206/5526/5300 5208/5528/5302 5376/5705/5470 
f 5208/5532/5302 5210/5531/5304 5375/5703/5469 
f 5210/5531/5304 5212/5534/5306 5374/5702/5468 
f 5212/5534/5306 5213/5535/5307 5373/5701/5467 
f 5213/5535/5307 5216/5538/5310 5372/5700/5466 
f 5216/5538/5310 5218/5540/5312 5370/5698/5464 
f 5218/5540/5312 5219/5541/5313 5369/5697/5463 
f 5219/5541/5313 5222/5544/5316 5368/5696/5462 
f 5222/5544/5316 5224/5546/5318 5367/5695/5461 
f 5224/5546/5318 5225/5547/5319 5366/5694/5460 
f 5225/5547/5319 5228/5550/5322 5366/5694/5460 
f 5228/5550/5322 5230/5552/5324 5365/5693/5459 
f 5230/5552/5324 5231/5553/5325 5364/5692/5458 
f 5231/5553/5325 5234/5556/5328 5363/5691/5457 
f 5234/5556/5328 5236/5558/5330 5362/5690/5456 
f 5236/5558/5330 5237/5559/5331 5361/5689/5455 
f 5237/5559/5331 5240/5562/5334 5361/5689/5455 
f 5240/5562/5334 5242/5564/5336 5360/5688/5454 
f 5242/5564/5336 5243/5565/5337 5359/5687/5453 
f 5243/5565/5337 5246/5568/5340 5358/5686/5452 
f 5246/5568/5340 5248/5570/5342 5357/5685/5451 
f 5248/5570/5342 5249/5571/5343 5280/5603/5374 
f 5252/5574/5346 5251/5573/5345 5284/5607/5378 
f 5250/5572/5344 5252/5574/5346 5354/5682/5448 
f 5253/5575/5347 5255/5577/5349 5349/5676/5443 
f 5258/5580/5352 5257/5579/5351 5294/5713/5388 
f 5280/5603/5374 5250/5572/5344 5354/5682/5448 
f 5284/5607/5378 5286/5609/5380 5352/5680/5446 
f 5286/5609/5380 5288/5611/5382 5351/5679/5445 
f 5288/5611/5382 5291/5614/5385 5350/5678/5444 
f 5291/5617/5385 5253/5575/5347 5349/5676/5443 
f 5295/5620/5389 5294/5619/5388 5384/5715/5478 
f 5296/5621/5390 5295/5620/5389 5385/5716/5479 
f 5297/5622/5391 5296/5621/5390 5386/5717/5480 
f 5298/5623/5392 5297/5622/5391 5387/5718/5481 
f 5299/5624/5393 5298/5623/5392 5388/5719/5482 
f 5300/5625/5394 5299/5624/5393 5389/5720/5483 
f 5301/5626/5395 5300/5625/5394 5390/5721/5484 
f 5302/5627/5396 5301/5626/5395 5391/5722/5485 
f 5325/5651/5419 5302/5627/5396 5391/5722/5485 
f 5326/5652/5420 5325/5651/5419 5393/5724/5487 
f 5327/5653/5421 5326/5652/5420 5394/5725/5488 
f 5328/5654/5422 5327/5653/5421 5395/5726/5489 
f 5329/5655/5423 5328/5654/5422 5396/5727/5490 
f 5330/5656/5424 5329/5655/5423 5397/5728/5491 
f 5331/5657/5425 5330/5656/5424 5398/5729/5492 
f 5332/5658/5426 5331/5657/5425 5399/5730/5493 
f 5333/5659/5427 5332/5658/5426 5399/5730/5493 
f 5334/5660/5428 5333/5659/5427 5400/5731/5494 
f 5335/5661/5429 5334/5660/5428 5401/5732/5495 
f 5336/5662/5430 5335/5661/5429 5402/5733/5496 
f 5337/5663/5431 5336/5662/5430 5403/5734/5497 
f 5338/5664/5432 5337/5663/5431 5404/5735/5498 
f 5339/5665/5433 5338/5664/5432 5404/5735/5498 
f 5340/5666/5434 5339/5665/5433 5405/5736/5499 
f 5341/5667/5435 5340/5666/5434 5406/5737/5500 
f 5342/5668/5436 5341/5667/5435 5407/5738/5501 
f 5343/5669/5437 5342/5668/5436 5408/5739/5502 
f 5344/5670/5438 5343/5669/5437 5409/5740/5503 
f 5345/5672/5439 5344/5671/5438 5410/5742/5504 
f 5346/5673/5440 5345/5672/5439 5411/5743/5505 
f 5352/5680/5446 5252/5574/5346 5284/5607/5378 
f 5280/5603/5374 5355/5683/5449 5248/5570/5342 
f 5382/5711/5476 5381/5710/5475 5257/5579/5351 
f 5381/5710/5475 5294/5713/5388 5257/5579/5351 
# 105 polygons - 134 triangles

