# 3ds Max Wavefront OBJ Exporter v0.99 - (c)2007 guruware
# File Created: 29.03.2025 18:55:19

mtllib llanta1.mtl

#
# object Llanta1
#

v  -0.0865 0.2662 0.2032
v  -0.0865 0.2211 0.2516
v  -0.0709 0.2327 0.2648
v  -0.0709 0.2801 0.2138
v  0.1029 0.3273 0.1598
v  0.1029 0.2895 0.2210
v  0.1431 0.2801 0.2138
v  0.1431 0.3167 0.1546
v  -0.0307 0.3273 0.1598
v  -0.0709 0.3167 0.1546
v  -0.0307 0.2895 0.2210
v  -0.0307 0.3524 0.0924
v  -0.0709 0.3410 0.0894
v  0.1029 0.3524 0.0924
v  -0.0307 0.3639 0.0214
v  -0.0709 0.3521 0.0207
v  0.1029 0.3639 0.0214
v  -0.0307 0.3613 -0.0505
v  -0.0709 0.3496 -0.0489
v  0.1029 0.3613 -0.0505
v  -0.0307 0.3448 -0.1205
v  -0.0709 0.3335 -0.1166
v  0.1029 0.3448 -0.1205
v  -0.0307 0.3149 -0.1859
v  -0.0709 0.3046 -0.1799
v  0.1029 0.3149 -0.1859
v  -0.0307 0.2728 -0.2442
v  -0.0709 0.2639 -0.2364
v  0.1029 0.2728 -0.2442
v  -0.0307 0.2201 -0.2932
v  -0.0709 0.2129 -0.2838
v  0.1029 0.2201 -0.2932
v  -0.0307 0.1589 -0.3310
v  -0.0709 0.1537 -0.3203
v  0.1029 0.1589 -0.3310
v  -0.0307 0.0915 -0.3561
v  -0.0709 0.0885 -0.3446
v  0.1029 0.0915 -0.3561
v  -0.0307 0.0205 -0.3676
v  -0.0709 0.0198 -0.3557
v  0.1029 0.0205 -0.3676
v  -0.0307 -0.0514 -0.3650
v  -0.0709 -0.0498 -0.3532
v  0.1029 -0.0514 -0.3650
v  -0.0307 -0.1213 -0.3485
v  -0.0709 -0.1175 -0.3372
v  0.1029 -0.1213 -0.3485
v  -0.0307 -0.1868 -0.3186
v  -0.0709 -0.1808 -0.3083
v  0.1029 -0.1868 -0.3186
v  -0.0307 -0.2451 -0.2765
v  -0.0709 -0.2372 -0.2676
v  0.1029 -0.2451 -0.2765
v  -0.0307 -0.2941 -0.2238
v  -0.0709 -0.2846 -0.2166
v  0.1029 -0.2941 -0.2238
v  -0.0307 -0.3319 -0.1626
v  -0.0709 -0.3212 -0.1574
v  0.1029 -0.3319 -0.1626
v  -0.0307 -0.3570 -0.0952
v  -0.0709 -0.3455 -0.0922
v  0.1029 -0.3570 -0.0952
v  -0.0307 -0.3685 -0.0242
v  -0.0709 -0.3566 -0.0235
v  0.1029 -0.3685 -0.0242
v  -0.0307 -0.3659 0.0477
v  -0.0709 -0.3541 0.0461
v  0.1029 -0.3659 0.0477
v  -0.0307 -0.3493 0.1177
v  -0.0709 -0.3381 0.1138
v  0.1029 -0.3493 0.1177
v  -0.0307 -0.3194 0.1831
v  -0.0709 -0.3092 0.1771
v  0.1029 -0.3194 0.1831
v  -0.0307 -0.2773 0.2414
v  -0.0709 -0.2684 0.2336
v  0.1029 -0.2773 0.2414
v  -0.0307 -0.2247 0.2904
v  -0.0709 -0.2175 0.2810
v  0.1029 -0.2247 0.2904
v  -0.0307 -0.1635 0.3282
v  -0.0709 -0.1583 0.3175
v  0.1029 -0.1635 0.3282
v  -0.0307 -0.0961 0.3533
v  -0.0709 -0.0930 0.3418
v  0.1029 -0.0961 0.3533
v  -0.0307 -0.0251 0.3648
v  -0.0709 -0.0243 0.3529
v  0.1029 -0.0251 0.3648
v  -0.0307 0.0468 0.3622
v  -0.0709 0.0452 0.3504
v  0.1029 0.0468 0.3622
v  -0.0307 0.1168 0.3457
v  -0.0709 0.1129 0.3344
v  0.1029 0.1168 0.3457
v  -0.0307 0.1822 0.3158
v  -0.0709 0.1762 0.3055
v  0.1029 0.1822 0.3158
v  -0.0865 0.3009 0.1469
v  -0.0865 0.1674 0.2904
v  -0.0307 0.2405 0.2737
v  0.1029 0.2405 0.2737
v  0.1587 0.2662 0.2032
v  0.1431 0.2327 0.2648
v  0.1587 0.2211 0.2516
v  0.1431 0.1762 0.3055
v  0.1587 0.1674 0.2904
v  0.1431 0.1129 0.3344
v  0.1587 0.1073 0.3179
v  -0.0849 -0.2023 -0.2279
v  -0.0873 -0.2126 -0.2397
v  -0.0873 -0.2550 -0.1941
v  -0.0849 -0.2426 -0.1846
v  -0.0865 0.1073 0.3179
v  0.1431 0.0452 0.3504
v  0.1587 0.0429 0.3331
v  -0.0865 0.0429 0.3331
v  0.1431 -0.0243 0.3529
v  0.1587 -0.0233 0.3355
v  -0.0865 -0.0233 0.3355
v  0.1431 -0.0930 0.3418
v  0.1587 -0.0886 0.3249
v  -0.0865 -0.0886 0.3249
v  0.1431 -0.1583 0.3175
v  0.1587 -0.1506 0.3018
v  -0.0865 -0.1506 0.3018
v  0.1431 -0.2175 0.2810
v  0.1587 -0.2069 0.2671
v  -0.0865 -0.2069 0.2671
v  0.1431 -0.2684 0.2336
v  0.1587 -0.2553 0.2220
v  -0.0865 -0.2553 0.2220
v  0.1431 -0.3092 0.1771
v  0.1587 -0.2940 0.1683
v  -0.0865 -0.2940 0.1683
v  0.1431 -0.3381 0.1138
v  0.1587 -0.3215 0.1081
v  -0.0865 -0.3215 0.1081
v  0.1431 -0.3541 0.0461
v  0.1587 -0.3368 0.0437
v  -0.0865 -0.3368 0.0437
v  0.1431 -0.3566 -0.0235
v  0.1587 -0.3392 -0.0224
v  -0.0865 -0.3392 -0.0224
v  0.1431 -0.3455 -0.0922
v  0.1587 -0.3286 -0.0877
v  -0.0865 -0.3286 -0.0877
v  0.1431 -0.3212 -0.1574
v  0.1587 -0.3055 -0.1497
v  -0.0865 -0.3055 -0.1497
v  0.1431 -0.2846 -0.2166
v  0.1587 -0.2707 -0.2060
v  -0.0865 -0.2707 -0.2060
v  0.1431 -0.2372 -0.2676
v  0.1587 -0.2257 -0.2545
v  -0.0865 -0.2257 -0.2545
v  0.1431 -0.1808 -0.3083
v  0.1587 -0.1720 -0.2932
v  -0.0865 -0.1720 -0.2932
v  0.1431 -0.1175 -0.3372
v  0.1587 -0.1118 -0.3207
v  -0.0865 -0.1118 -0.3207
v  0.1431 -0.0498 -0.3532
v  0.1587 -0.0474 -0.3359
v  -0.0865 -0.0474 -0.3359
v  0.1431 0.0198 -0.3557
v  0.1587 0.0187 -0.3383
v  -0.0865 0.0187 -0.3383
v  0.1431 0.0885 -0.3446
v  0.1587 0.0840 -0.3277
v  -0.0865 0.0840 -0.3277
v  0.1431 0.1537 -0.3203
v  0.1587 0.1460 -0.3046
v  -0.0865 0.1460 -0.3046
v  0.1431 0.2129 -0.2838
v  0.1587 0.2023 -0.2699
v  -0.0865 0.2023 -0.2699
v  0.1431 0.2639 -0.2364
v  0.1587 0.2508 -0.2248
v  -0.0865 0.2508 -0.2248
v  0.1431 0.3046 -0.1799
v  0.1587 0.2895 -0.1711
v  -0.0865 0.2895 -0.1711
v  0.1431 0.3335 -0.1166
v  0.1587 0.3170 -0.1109
v  -0.0865 0.3170 -0.1109
v  0.1431 0.3496 -0.0489
v  0.1587 0.3322 -0.0466
v  -0.0865 0.3322 -0.0466
v  0.1431 0.3521 0.0207
v  0.1587 0.3346 0.0196
v  -0.0865 0.3346 0.0196
v  0.1431 0.3410 0.0894
v  0.1587 0.3240 0.0849
v  -0.0865 0.3240 0.0849
v  0.1587 0.3009 0.1469
v  -0.0873 -0.1621 -0.2761
v  -0.0849 -0.1542 -0.2626
v  -0.0849 -0.1854 0.2389
v  -0.0873 -0.1949 0.2514
v  -0.0873 -0.1419 0.2841
v  -0.0849 -0.1350 0.2700
v  -0.0873 -0.2405 0.2089
v  -0.0849 -0.2288 0.1986
v  0.1560 0.2243 -0.2014
v  0.1594 0.2360 -0.2117
v  0.1594 0.2724 -0.1612
v  0.1560 0.2589 -0.1533
v  0.1594 0.1904 -0.2542
v  0.1560 0.1809 -0.2417
v  0.1560 -0.2426 -0.1846
v  0.1594 -0.2550 -0.1941
v  0.1594 -0.2126 -0.2397
v  0.1560 -0.2023 -0.2279
v  0.1594 -0.2878 -0.1410
v  0.1560 -0.2737 -0.1342
v  -0.0849 0.2243 -0.2014
v  -0.0873 0.2360 -0.2117
v  -0.0873 0.1904 -0.2542
v  -0.0849 0.1809 -0.2417
v  -0.0873 0.2724 -0.1612
v  -0.0849 0.2589 -0.1533
v  0.1560 -0.1350 0.2700
v  0.1594 -0.1419 0.2841
v  0.1594 -0.1949 0.2514
v  0.1560 -0.1854 0.2389
v  0.1594 -0.0835 0.3058
v  0.1560 -0.0795 0.2907
v  -0.0873 -0.2878 -0.1410
v  -0.0849 -0.2737 -0.1342
v  -0.0873 -0.0835 0.3058
v  -0.0849 -0.0795 0.2907
v  0.1594 0.1374 -0.2869
v  0.1560 0.1305 -0.2729
v  0.1594 -0.3095 -0.0827
v  0.1560 -0.2944 -0.0787
v  -0.0873 0.1374 -0.2869
v  -0.0849 0.1305 -0.2729
v  0.1560 0.2381 0.1818
v  0.1594 0.2505 0.1912
v  0.1594 0.2080 0.2369
v  0.1560 0.1977 0.2251
v  0.1594 0.2832 0.1382
v  0.1560 0.2692 0.1314
v  0.1594 -0.0220 0.3158
v  0.1560 -0.0211 0.3002
v  -0.0873 -0.3095 -0.0827
v  -0.0849 -0.2944 -0.0787
v  -0.0849 0.2381 0.1818
v  -0.0873 0.2505 0.1912
v  -0.0873 0.2832 0.1382
v  -0.0849 0.2692 0.1314
v  -0.0873 0.2080 0.2369
v  -0.0849 0.1977 0.2251
v  -0.0873 -0.0220 0.3158
v  -0.0849 -0.0211 0.3002
v  0.1594 0.0790 -0.3087
v  0.1560 0.0750 -0.2935
v  0.1594 -0.3195 -0.0212
v  0.1560 -0.3039 -0.0202
v  -0.0873 0.0790 -0.3087
v  -0.0849 0.0750 -0.2935
v  0.1594 0.0402 0.3135
v  0.1560 0.0381 0.2981
v  -0.0873 -0.3195 -0.0212
v  -0.0849 -0.3039 -0.0202
v  0.1594 0.3050 0.0798
v  0.1560 0.2899 0.0759
v  -0.0873 0.0402 0.3135
v  -0.0849 0.0381 0.2981
v  0.1594 0.0175 -0.3186
v  0.1560 0.0165 -0.3030
v  -0.0873 0.3050 0.0798
v  -0.0849 0.2899 0.0759
v  0.1594 -0.3172 0.0411
v  0.1560 -0.3017 0.0390
v  -0.0873 0.0175 -0.3186
v  -0.0849 0.0165 -0.3030
v  0.1594 0.1009 0.2992
v  0.1560 0.0958 0.2844
v  -0.0873 -0.3172 0.0411
v  -0.0849 -0.3017 0.0390
v  0.1594 0.3149 0.0183
v  0.1560 0.2993 0.0174
v  -0.0873 0.1009 0.2992
v  -0.0849 0.0958 0.2844
v  0.1594 -0.0448 -0.3164
v  0.1560 -0.0427 -0.3009
v  -0.0873 0.3149 0.0183
v  -0.0849 0.2993 0.0174
v  0.1594 -0.3029 0.1017
v  0.1560 -0.2881 0.0967
v  -0.0873 -0.0448 -0.3164
v  -0.0849 -0.0427 -0.3009
v  0.1594 0.1575 0.2733
v  0.1560 0.1497 0.2598
v  -0.0873 -0.3029 0.1017
v  -0.0849 -0.2881 0.0967
v  0.1594 0.3127 -0.0439
v  0.1560 0.2972 -0.0418
v  -0.0873 0.1575 0.2733
v  -0.0849 0.1497 0.2598
v  0.1594 -0.1054 -0.3020
v  0.1560 -0.1003 -0.2872
v  -0.0873 0.3127 -0.0439
v  -0.0849 0.2972 -0.0418
v  0.1594 -0.2770 0.1584
v  0.1560 -0.2635 0.1505
v  -0.0873 -0.1054 -0.3020
v  -0.0849 -0.1003 -0.2872
v  -0.0873 -0.2770 0.1584
v  -0.0849 -0.2635 0.1505
v  0.1594 0.2983 -0.1045
v  0.1560 0.2836 -0.0995
v  0.1594 -0.1621 -0.2761
v  0.1560 -0.1542 -0.2626
v  -0.0873 0.2983 -0.1045
v  -0.0849 0.2836 -0.0995
v  0.1594 -0.2405 0.2089
v  0.1560 -0.2288 0.1986
v  -0.0871 0.1738 -0.2325
v  -0.0873 0.1766 -0.2361
v  -0.0873 0.1274 -0.2665
v  -0.0871 0.1254 -0.2624
v  -0.0873 0.2190 -0.1967
v  -0.0871 0.2155 -0.1937
v  -0.0871 -0.1946 -0.2192
v  -0.0873 -0.1976 -0.2227
v  -0.0873 -0.2370 -0.1803
v  -0.0871 -0.2334 -0.1775
v  -0.0873 -0.1507 -0.2565
v  -0.0871 -0.1484 -0.2526
v  -0.0871 -0.2534 0.1447
v  -0.0873 -0.2574 0.1470
v  -0.0873 -0.2235 0.1939
v  -0.0871 -0.2201 0.1909
v  -0.0873 -0.2814 0.0944
v  -0.0871 -0.2771 0.0929
v  -0.0871 0.2786 0.0729
v  -0.0873 0.2830 0.0741
v  -0.0873 0.2923 0.0169
v  -0.0871 0.2877 0.0167
v  -0.0873 0.2628 0.1283
v  -0.0871 0.2587 0.1263
v  -0.0871 0.0920 0.2734
v  -0.0873 0.0935 0.2777
v  -0.0873 0.1461 0.2537
v  -0.0871 0.1438 0.2497
v  -0.0873 0.0372 0.2911
v  -0.0871 0.0366 0.2865
v  -0.0873 0.0732 -0.2867
v  -0.0871 0.0720 -0.2823
v  -0.0873 -0.2674 -0.1311
v  -0.0871 -0.2633 -0.1291
v  -0.0873 -0.1812 0.2333
v  -0.0871 -0.1784 0.2297
v  -0.0873 0.2902 -0.0409
v  -0.0871 0.2857 -0.0403
v  -0.0873 0.1930 0.2198
v  -0.0871 0.1900 0.2164
v  -0.0873 0.0161 -0.2960
v  -0.0871 0.0158 -0.2914
v  -0.0873 -0.2876 -0.0769
v  -0.0871 -0.2832 -0.0757
v  -0.0873 -0.1319 0.2637
v  -0.0871 -0.1299 0.2596
v  -0.0873 0.2769 -0.0972
v  -0.0871 0.2726 -0.0957
v  -0.0873 0.2324 0.1775
v  -0.0871 0.2288 0.1747
v  -0.0873 -0.0417 -0.2939
v  -0.0871 -0.0411 -0.2893
v  -0.0873 -0.2968 -0.0197
v  -0.0871 -0.2923 -0.0195
v  -0.0873 -0.0777 0.2839
v  -0.0871 -0.0766 0.2795
v  -0.0873 0.2528 -0.1498
v  -0.0871 0.2489 -0.1475
v  -0.0873 -0.0980 -0.2806
v  -0.0871 -0.0966 -0.2762
v  -0.0873 -0.2947 0.0381
v  -0.0871 -0.2902 0.0375
v  -0.0873 -0.0206 0.2932
v  -0.0871 -0.0203 0.2886
v  -0.0613 -0.2076 0.1799
v  -0.0764 -0.2139 0.1854
v  -0.0764 -0.1734 0.2231
v  -0.0613 -0.1683 0.2164
v  -0.0764 -0.2462 0.1405
v  -0.0613 -0.2390 0.1363
v  -0.0613 0.0678 -0.2662
v  -0.0764 0.0699 -0.2743
v  -0.0764 0.0153 -0.2831
v  -0.0613 0.0147 -0.2748
v  -0.0764 0.1217 -0.2549
v  -0.0613 0.1181 -0.2474
v  -0.0764 -0.1263 0.2521
v  -0.0613 -0.1226 0.2446
v  -0.0764 -0.0400 -0.2811
v  -0.0613 -0.0389 -0.2728
v  -0.0764 -0.0744 0.2714
v  -0.0613 -0.0723 0.2634
v  -0.0764 -0.0939 -0.2684
v  -0.0613 -0.0912 -0.2605
v  -0.0764 -0.0198 0.2803
v  -0.0613 -0.0193 0.2720
v  -0.0764 -0.1442 -0.2454
v  -0.0613 -0.1400 -0.2382
v  -0.0613 0.2156 0.1646
v  -0.0764 0.2222 0.1697
v  -0.0764 0.2513 0.1226
v  -0.0613 0.2438 0.1189
v  -0.0764 0.1845 0.2102
v  -0.0613 0.1790 0.2039
v  -0.0764 0.0355 0.2783
v  -0.0613 0.0344 0.2700
v  -0.0764 -0.1891 -0.2130
v  -0.0613 -0.1835 -0.2067
v  -0.0764 0.2706 0.0708
v  -0.0613 0.2625 0.0686
v  -0.0764 0.0893 0.2656
v  -0.0613 0.0866 0.2577
v  -0.0764 -0.2267 -0.1725
v  -0.0613 -0.2201 -0.1674
v  -0.0764 0.2794 0.0161
v  -0.0613 0.2711 0.0156
v  -0.0764 0.1396 0.2426
v  -0.0613 0.1354 0.2353
v  -0.0764 -0.2558 -0.1254
v  -0.0613 -0.2483 -0.1217
v  -0.0764 0.2774 -0.0392
v  -0.0613 0.2692 -0.0380
v  -0.0764 -0.2751 -0.0736
v  -0.0613 -0.2671 -0.0714
v  -0.0764 0.2647 -0.0930
v  -0.0613 0.2568 -0.0903
v  -0.0764 -0.2840 -0.0189
v  -0.0613 -0.2756 -0.0184
v  -0.0764 0.2417 -0.1433
v  -0.0613 0.2345 -0.1391
v  -0.0764 -0.2820 0.0363
v  -0.0613 -0.2737 0.0352
v  -0.0764 0.2093 -0.1882
v  -0.0613 0.2031 -0.1827
v  -0.0764 -0.2692 0.0902
v  -0.0613 -0.2613 0.0875
v  -0.0764 0.1688 -0.2259
v  -0.0613 0.1637 -0.2192
v  0.1600 -0.2964 -0.0197
v  0.1569 -0.2973 -0.0198
v  0.1569 -0.2881 -0.0770
v  0.1600 -0.2872 -0.0768
v  0.1569 -0.2953 0.0381
v  0.1600 -0.2943 0.0380
v  0.1600 -0.0776 0.2835
v  0.1569 -0.0779 0.2844
v  0.1569 -0.1322 0.2642
v  0.1600 -0.1318 0.2633
v  0.1569 -0.0206 0.2937
v  0.1600 -0.0206 0.2927
v  0.1600 0.2525 -0.1496
v  0.1569 0.2533 -0.1501
v  0.1569 0.2774 -0.0973
v  0.1600 0.2765 -0.0970
v  0.1569 0.2194 -0.1971
v  0.1600 0.2187 -0.1964
v  0.1600 -0.0979 -0.2802
v  0.1569 -0.0982 -0.2810
v  0.1569 -0.0418 -0.2944
v  0.1600 -0.0417 -0.2935
v  0.1569 -0.1509 -0.2570
v  0.1600 -0.1505 -0.2562
v  0.1569 -0.2819 0.0945
v  0.1600 -0.2810 0.0942
v  0.1600 0.2321 0.1772
v  0.1569 0.2329 0.1778
v  0.1569 0.1934 0.2202
v  0.1600 0.1928 0.2195
v  0.1569 0.2633 0.1285
v  0.1600 0.2625 0.1281
v  0.1569 0.0373 0.2916
v  0.1600 0.0371 0.2907
v  0.1569 0.1769 -0.2365
v  0.1600 0.1764 -0.2358
v  0.1569 -0.1979 -0.2230
v  0.1600 -0.1973 -0.2223
v  0.1569 -0.2578 0.1473
v  0.1600 -0.2570 0.1468
v  0.1569 0.2835 0.0742
v  0.1600 0.2826 0.0739
v  0.1569 0.0937 0.2782
v  0.1600 0.0934 0.2774
v  0.1569 0.1276 -0.2670
v  0.1600 0.1272 -0.2661
v  0.1569 -0.2374 -0.1806
v  0.1600 -0.2367 -0.1801
v  0.1569 -0.2239 0.1943
v  0.1600 -0.2232 0.1936
v  0.1569 0.2928 0.0170
v  0.1600 0.2919 0.0169
v  0.1569 0.1464 0.2541
v  0.1600 0.1459 0.2533
v  0.1569 0.0733 -0.2872
v  0.1600 0.0731 -0.2863
v  0.1569 -0.2679 -0.1313
v  0.1600 -0.2670 -0.1309
v  0.1569 -0.1815 0.2337
v  0.1600 -0.1809 0.2330
v  0.1569 0.2907 -0.0409
v  0.1600 0.2898 -0.0408
v  0.1569 0.0161 -0.2965
v  0.1600 0.0160 -0.2955
v  0.1616 0.1272 -0.2661
v  0.1618 0.1272 -0.2661
v  0.1618 0.0731 -0.2863
v  0.1616 0.0731 -0.2863
v  0.1688 -0.2032 0.1760
v  0.1689 -0.2028 0.1756
v  0.1689 -0.1644 0.2113
v  0.1688 -0.1648 0.2118
v  0.1688 0.0663 -0.2606
v  0.1689 0.0661 -0.2600
v  0.1689 0.0144 -0.2684
v  0.1688 0.0144 -0.2690
v  0.1616 -0.2232 0.1936
v  0.1618 -0.2232 0.1936
v  0.1618 -0.1809 0.2330
v  0.1616 -0.1809 0.2330
v  0.1677 0.0673 -0.2644
v  0.1677 0.1173 -0.2458
v  0.1688 0.1155 -0.2422
v  0.1688 0.1751 0.1996
v  0.1689 0.1748 0.1991
v  0.1689 0.2105 0.1607
v  0.1688 0.2109 0.1611
v  0.1689 -0.1198 0.2389
v  0.1688 -0.1201 0.2394
v  0.1688 -0.0381 -0.2671
v  0.1677 -0.0387 -0.2710
v  0.1677 0.0146 -0.2729
v  0.1677 -0.1672 0.2150
v  0.1677 -0.2062 0.1786
v  0.1689 -0.0381 -0.2665
v  0.1688 -0.0708 0.2578
v  0.1677 -0.0718 0.2616
v  0.1677 -0.1218 0.2430
v  0.1689 -0.0707 0.2572
v  0.1688 -0.0893 -0.2550
v  0.1677 -0.0906 -0.2587
v  0.1689 -0.0891 -0.2544
v  0.1688 -0.0189 0.2661
v  0.1677 -0.0192 0.2701
v  0.1689 -0.0189 0.2656
v  0.1688 -0.1371 -0.2331
v  0.1677 -0.1391 -0.2366
v  0.1689 -0.1368 -0.2326
v  0.1616 0.1928 0.2195
v  0.1618 0.1928 0.2195
v  0.1618 0.2321 0.1772
v  0.1616 0.2321 0.1772
v  0.1653 0.0696 -0.2732
v  0.1653 0.1212 -0.2539
v  0.1689 0.2380 0.1161
v  0.1688 0.2385 0.1164
v  0.1688 0.0336 0.2643
v  0.1677 0.0341 0.2682
v  0.1677 0.2141 0.1635
v  0.1677 0.1778 0.2025
v  0.1689 0.0335 0.2637
v  0.1688 -0.1797 -0.2024
v  0.1677 -0.1823 -0.2053
v  0.1689 -0.1793 -0.2019
v  0.1688 0.2569 0.0671
v  0.1677 0.2607 0.0681
v  0.1677 0.2421 0.1181
v  0.1689 0.2563 0.0670
v  0.1688 0.0847 0.2522
v  0.1677 0.0860 0.2559
v  0.1689 0.0845 0.2516
v  0.1688 -0.2155 -0.1639
v  0.1677 -0.2186 -0.1663
v  0.1689 -0.2150 -0.1636
v  0.1688 0.2653 0.0153
v  0.1677 0.2692 0.0155
v  0.1689 0.2647 0.0152
v  0.1688 0.1325 0.2303
v  0.1677 0.1345 0.2337
v  0.1689 0.1322 0.2298
v  0.1688 -0.2431 -0.1192
v  0.1677 -0.2466 -0.1209
v  0.1689 -0.2426 -0.1189
v  0.1688 0.2634 -0.0373
v  0.1677 0.2673 -0.0378
v  0.1689 0.2628 -0.0372
v  0.1688 -0.2614 -0.0699
v  0.1677 -0.2653 -0.0710
v  0.1689 -0.2609 -0.0698
v  0.1688 0.2513 -0.0884
v  0.1677 0.2550 -0.0897
v  0.1689 0.2508 -0.0882
v  0.1688 -0.2698 -0.0181
v  0.1677 -0.2738 -0.0183
v  0.1689 -0.2693 -0.0180
v  0.1688 0.2294 -0.1362
v  0.1677 0.2329 -0.1382
v  0.1689 0.2290 -0.1359
v  0.1688 -0.2679 0.0345
v  0.1677 -0.2719 0.0350
v  0.1689 -0.2674 0.0344
v  0.1688 0.1987 -0.1788
v  0.1677 0.2017 -0.1814
v  0.1689 0.1983 -0.1784
v  0.1688 -0.2558 0.0856
v  0.1677 -0.2596 0.0869
v  0.1689 -0.2553 0.0854
v  0.1688 0.1602 -0.2146
v  0.1677 0.1626 -0.2178
v  0.1689 0.1599 -0.2142
v  0.1688 -0.2340 0.1334
v  0.1677 -0.2374 0.1354
v  0.1689 -0.2335 0.1331
v  0.1689 0.1153 -0.2417
v  0.1551 0.2381 0.1162
v  0.1672 0.2380 0.1161
v  0.1672 0.2105 0.1608
v  0.1551 0.2106 0.1608
v  0.1672 0.2564 0.0670
v  -0.0493 0.2674 0.0154
v  -0.0493 0.2589 0.0677
v  0.1551 0.2565 0.0670
v  -0.0493 0.2404 0.1173
v  -0.0493 0.2655 -0.0375
v  -0.0493 0.2533 -0.0891
v  -0.0493 0.2313 -0.1373
v  -0.0493 0.2003 -0.1802
v  -0.0493 0.1615 -0.2163
v  -0.0493 0.1164 -0.2441
v  -0.0493 0.0668 -0.2626
v  -0.0493 0.0145 -0.2711
v  -0.0493 -0.0384 -0.2692
v  -0.0493 -0.0900 -0.2570
v  -0.0493 -0.1381 -0.2350
v  -0.0493 -0.1811 -0.2040
v  -0.0493 -0.2172 -0.1652
v  -0.0493 -0.2450 -0.1201
v  -0.0493 -0.2635 -0.0705
v  -0.0493 -0.2719 -0.0182
v  -0.0493 -0.2700 0.0347
v  -0.0493 -0.2578 0.0863
v  -0.0493 -0.2358 0.1345
v  -0.0493 -0.2048 0.1774
v  -0.0493 -0.1661 0.2135
v  -0.0493 -0.1210 0.2413
v  -0.0493 -0.0714 0.2598
v  -0.0493 -0.0191 0.2683
v  -0.0493 0.0339 0.2664
v  -0.0493 0.0854 0.2542
v  -0.0493 0.1336 0.2321
v  -0.0493 0.1765 0.2012
v  -0.0493 0.2126 0.1624
v  0.1551 0.1748 0.1992
v  0.1551 0.1323 0.2299
v  0.1551 0.0846 0.2517
v  0.1551 0.0335 0.2638
v  0.1551 -0.0189 0.2657
v  0.1551 -0.0707 0.2573
v  0.1551 -0.1199 0.2390
v  0.1551 -0.1645 0.2115
v  0.1551 -0.2029 0.1757
v  0.1551 -0.2336 0.1332
v  0.1551 -0.2554 0.0854
v  0.1551 -0.2675 0.0344
v  0.1551 -0.2694 -0.0180
v  0.1551 -0.2610 -0.0698
v  0.1551 -0.2427 -0.1190
v  0.1551 -0.2151 -0.1636
v  0.1551 -0.1794 -0.2020
v  0.1551 -0.1368 -0.2327
v  0.1551 -0.0891 -0.2545
v  0.1551 -0.0381 -0.2666
v  0.1551 0.0144 -0.2685
v  0.1551 0.0661 -0.2601
v  0.1551 0.1153 -0.2418
v  0.1551 0.1600 -0.2143
v  0.1551 0.1984 -0.1785
v  0.1551 0.2291 -0.1360
v  0.1551 0.2509 -0.0883
v  0.1551 0.2629 -0.0372
v  0.1551 0.2648 0.0152
v  0.1672 0.2647 0.0152
v  0.1672 0.2628 -0.0372
v  0.1672 0.2508 -0.0882
v  0.1672 0.2290 -0.1359
v  0.1672 0.1983 -0.1784
v  0.1672 0.1599 -0.2142
v  0.1672 0.1153 -0.2417
v  0.1672 0.0661 -0.2600
v  0.1672 0.0144 -0.2684
v  0.1672 -0.0381 -0.2665
v  0.1672 -0.0891 -0.2544
v  0.1672 -0.1368 -0.2326
v  0.1672 -0.1793 -0.2020
v  0.1672 -0.2150 -0.1636
v  0.1672 -0.2426 -0.1189
v  0.1672 -0.2609 -0.0698
v  0.1672 -0.2693 -0.0180
v  0.1672 -0.2674 0.0344
v  0.1672 -0.2553 0.0854
v  0.1672 -0.2335 0.1331
v  0.1672 -0.2028 0.1756
v  0.1672 -0.1644 0.2114
v  0.1672 -0.1198 0.2389
v  0.1672 -0.0707 0.2572
v  0.1672 -0.0189 0.2656
v  0.1672 0.0335 0.2637
v  0.1672 0.0845 0.2516
v  0.1672 0.1322 0.2298
v  0.1672 0.1748 0.1992
v  0.1630 0.0719 -0.2819
v  0.1619 0.0729 -0.2858
v  0.1619 0.1270 -0.2656
v  0.1630 0.1252 -0.2621
v  0.1616 -0.2570 0.1468
v  0.1618 -0.2570 0.1468
v  0.1653 0.0152 -0.2820
v  0.1630 0.0158 -0.2910
v  0.1616 0.1764 -0.2358
v  0.1618 0.1764 -0.2358
v  0.1616 -0.2810 0.0942
v  0.1618 -0.2810 0.0942
v  0.1616 0.2187 -0.1964
v  0.1618 0.2187 -0.1964
v  0.1616 -0.2943 0.0380
v  0.1618 -0.2943 0.0380
v  0.1616 0.2525 -0.1496
v  0.1618 0.2525 -0.1496
v  0.1616 -0.2964 -0.0197
v  0.1618 -0.2964 -0.0197
v  0.1616 0.2765 -0.0970
v  0.1618 0.2765 -0.0970
v  0.1616 -0.2872 -0.0768
v  0.1618 -0.2872 -0.0768
v  0.1616 0.2898 -0.0408
v  0.1618 0.2898 -0.0408
v  0.1616 -0.2670 -0.1309
v  0.1618 -0.2670 -0.1309
v  0.1616 0.1459 0.2533
v  0.1618 0.1459 0.2533
v  0.1616 0.2919 0.0169
v  0.1618 0.2919 0.0169
v  0.1616 -0.2367 -0.1801
v  0.1618 -0.2367 -0.1801
v  0.1616 0.0934 0.2774
v  0.1618 0.0934 0.2774
v  0.1616 0.2826 0.0739
v  0.1618 0.2826 0.0739
v  0.1616 -0.1973 -0.2223
v  0.1618 -0.1973 -0.2223
v  0.1616 0.0371 0.2907
v  0.1618 0.0371 0.2907
v  0.1616 0.2625 0.1281
v  0.1618 0.2625 0.1281
v  0.1616 -0.1505 -0.2562
v  0.1618 -0.1505 -0.2562
v  0.1616 -0.0206 0.2927
v  0.1618 -0.0206 0.2927
v  0.1616 -0.0979 -0.2802
v  0.1618 -0.0979 -0.2802
v  0.1630 0.2285 0.1745
v  0.1619 0.2317 0.1769
v  0.1619 0.1924 0.2191
v  0.1630 0.1898 0.2161
v  0.1616 -0.0776 0.2835
v  0.1618 -0.0776 0.2835
v  0.1616 -0.0417 -0.2935
v  0.1618 -0.0417 -0.2935
v  0.1616 -0.1318 0.2633
v  0.1618 -0.1318 0.2633
v  0.1616 0.0160 -0.2955
v  0.1618 0.0160 -0.2955
v  0.1630 -0.1782 0.2294
v  0.1619 -0.1806 0.2325
v  0.1619 -0.2228 0.1933
v  0.1630 -0.2198 0.1906
v  0.1653 -0.2130 0.1846
v  0.1653 -0.2453 0.1399
v  0.1653 0.2213 0.1690
v  0.1653 0.1838 0.2093
v  0.1653 -0.1727 0.2222
v  0.1653 0.1681 -0.2250
v  0.1630 -0.2531 0.1445
v  0.1653 -0.2682 0.0898
v  0.1630 0.1736 -0.2322
v  0.1653 0.2085 -0.1874
v  0.1630 -0.2767 0.0928
v  0.1653 -0.2809 0.0362
v  0.1630 0.2153 -0.1934
v  0.1653 0.2407 -0.1428
v  0.1630 -0.2898 0.0374
v  0.1653 -0.2828 -0.0189
v  0.1630 0.2486 -0.1473
v  0.1653 0.2636 -0.0926
v  0.1630 -0.2919 -0.0194
v  0.1653 -0.2740 -0.0733
v  0.1630 0.2722 -0.0956
v  0.1653 0.2763 -0.0390
v  0.1630 -0.2828 -0.0756
v  0.1653 -0.2548 -0.1249
v  0.1630 0.2853 -0.0402
v  0.1653 0.1391 0.2416
v  0.1619 0.0160 -0.2950
v  0.1630 -0.2629 -0.1289
v  0.1653 0.2783 0.0161
v  0.1630 0.1436 0.2494
v  0.1653 -0.2258 -0.1718
v  0.1630 0.2873 0.0166
v  0.1653 0.0890 0.2645
v  0.1630 -0.2331 -0.1773
v  0.1653 0.2695 0.0705
v  0.1630 0.0919 0.2731
v  0.1653 -0.1883 -0.2121
v  0.1630 0.2783 0.0728
v  0.1653 0.0353 0.2772
v  0.1630 -0.1943 -0.2189
v  0.1653 0.2502 0.1221
v  0.1630 0.0365 0.2862
v  0.1653 -0.1436 -0.2444
v  0.1630 0.2584 0.1261
v  0.1653 -0.0197 0.2792
v  0.1630 -0.1482 -0.2522
v  0.1630 -0.0203 0.2882
v  0.1653 -0.0935 -0.2673
v  0.1653 -0.0741 0.2704
v  0.1630 -0.0964 -0.2759
v  0.1653 -0.0399 -0.2800
v  0.1630 -0.0765 0.2791
v  0.1653 -0.1258 0.2511
v  0.1630 -0.0411 -0.2890
v  0.1630 -0.1298 0.2593
v  0.1619 -0.1315 0.2628
v  0.1619 -0.0416 -0.2929
v  0.1619 -0.0775 0.2830
v  0.1619 -0.0977 -0.2796
v  0.1619 -0.0206 0.2922
v  0.1619 -0.1502 -0.2557
v  0.1619 0.2620 0.1278
v  0.1619 0.0371 0.2901
v  0.1619 -0.1969 -0.2219
v  0.1619 0.2821 0.0738
v  0.1619 0.0932 0.2768
v  0.1619 -0.2362 -0.1797
v  0.1619 0.2913 0.0169
v  0.1619 0.1456 0.2529
v  0.1619 -0.2665 -0.1306
v  0.1619 0.2892 -0.0407
v  0.1619 -0.2866 -0.0766
v  0.1619 0.2760 -0.0969
v  0.1619 -0.2959 -0.0197
v  0.1619 0.2520 -0.1493
v  0.1619 -0.2938 0.0379
v  0.1619 0.2182 -0.1961
v  0.1619 -0.2805 0.0941
v  0.1619 0.1760 -0.2353
v  0.1619 -0.2565 0.1465
v  -0.0629 0.0146 0.0249
v  -0.0630 0.0178 0.0266
v  -0.0630 0.0207 0.0188
v  -0.0630 0.0168 0.0188
v  -0.0630 0.0222 0.0134
v  -0.0630 0.0184 0.0135
v  -0.0630 0.0233 0.0072
v  -0.0630 0.0195 0.0073
v  -0.0630 0.0239 0.0005
v  -0.0630 0.0201 0.0006
v  -0.0630 0.0239 -0.0063
v  -0.0630 0.0200 -0.0062
v  -0.0630 0.0234 -0.0130
v  -0.0630 0.0195 -0.0129
v  -0.0630 0.0223 -0.0191
v  -0.0630 0.0183 -0.0191
v  -0.0630 0.0208 -0.0244
v  -0.0630 0.0167 -0.0244
v  -0.0630 0.0179 -0.0326
v  -0.0629 0.0143 -0.0308
v  -0.0552 0.0163 -0.0244
v  -0.0552 0.0179 -0.0191
v  -0.0552 0.0219 -0.0191
v  -0.0552 0.0204 -0.0244
v  -0.0552 0.0139 -0.0308
v  -0.0552 0.0141 0.0249
v  -0.0552 0.0174 0.0266
v  -0.0552 0.0174 -0.0326
v  -0.0552 0.0164 0.0188
v  -0.0552 0.0203 0.0188
v  -0.0552 0.0180 0.0135
v  -0.0552 0.0218 0.0134
v  -0.0552 0.0191 0.0073
v  -0.0552 0.0229 0.0072
v  -0.0552 0.0196 0.0006
v  -0.0552 0.0235 0.0005
v  -0.0552 0.0196 -0.0062
v  -0.0552 0.0235 -0.0063
v  -0.0552 0.0190 -0.0129
v  -0.0552 0.0230 -0.0130
# 904 vertices

vn -0.9191 0.3134 0.2389
vn -0.9191 0.2608 0.2955
vn -0.5276 0.5622 0.6368
vn -0.5276 0.6756 0.5149
vn 0.1421 0.8892 0.4349
vn 0.1421 0.7873 0.6000
vn 0.5276 0.6756 0.5149
vn 0.5276 0.7631 0.3732
vn -0.1421 0.8892 0.4349
vn -0.5276 0.7631 0.3732
vn -0.1421 0.7873 0.6000
vn -0.1421 0.9570 0.2531
vn -0.5276 0.8212 0.2172
vn 0.1421 0.9569 0.2531
vn -0.1421 0.9879 0.0615
vn -0.5276 0.8478 0.0528
vn 0.1421 0.9879 0.0615
vn -0.1421 0.9810 -0.1324
vn -0.5276 0.8419 -0.1136
vn 0.1421 0.9810 -0.1324
vn -0.1421 0.9363 -0.3212
vn -0.5276 0.8035 -0.2757
vn 0.1421 0.9363 -0.3212
vn -0.1421 0.8556 -0.4977
vn -0.5276 0.7343 -0.4271
vn 0.1421 0.8556 -0.4977
vn -0.1421 0.7421 -0.6551
vn -0.5276 0.6368 -0.5622
vn 0.1421 0.7421 -0.6551
vn -0.1421 0.6000 -0.7873
vn -0.5276 0.5149 -0.6756
vn 0.1421 0.6000 -0.7873
vn -0.1421 0.4349 -0.8892
vn -0.5276 0.3732 -0.7631
vn 0.1421 0.4349 -0.8892
vn -0.1421 0.2531 -0.9570
vn -0.5276 0.2172 -0.8213
vn 0.1421 0.2531 -0.9570
vn -0.1421 0.0615 -0.9879
vn -0.5276 0.0528 -0.8478
vn 0.1421 0.0615 -0.9879
vn -0.1421 -0.1324 -0.9810
vn -0.5276 -0.1136 -0.8418
vn 0.1421 -0.1324 -0.9810
vn -0.1421 -0.3212 -0.9363
vn -0.5276 -0.2757 -0.8035
vn 0.1421 -0.3212 -0.9363
vn -0.1421 -0.4977 -0.8556
vn -0.5276 -0.4271 -0.7343
vn 0.1421 -0.4977 -0.8556
vn -0.1421 -0.6551 -0.7421
vn -0.5276 -0.5622 -0.6368
vn 0.1421 -0.6551 -0.7421
vn -0.1421 -0.7873 -0.6000
vn -0.5276 -0.6756 -0.5149
vn 0.1421 -0.7873 -0.6000
vn -0.1421 -0.8892 -0.4349
vn -0.5276 -0.7631 -0.3732
vn 0.1421 -0.8892 -0.4349
vn -0.1421 -0.9570 -0.2531
vn -0.5276 -0.8212 -0.2172
vn 0.1421 -0.9570 -0.2531
vn -0.1421 -0.9879 -0.0615
vn -0.5276 -0.8478 -0.0528
vn 0.1421 -0.9879 -0.0615
vn -0.1421 -0.9810 0.1324
vn -0.5276 -0.8418 0.1136
vn 0.1421 -0.9810 0.1324
vn -0.1421 -0.9363 0.3212
vn -0.5276 -0.8035 0.2757
vn 0.1421 -0.9363 0.3212
vn -0.1421 -0.8556 0.4977
vn -0.5276 -0.7343 0.4271
vn 0.1421 -0.8556 0.4977
vn -0.1421 -0.7421 0.6551
vn -0.5276 -0.6368 0.5622
vn 0.1421 -0.7421 0.6551
vn -0.1421 -0.6000 0.7873
vn -0.5276 -0.5149 0.6756
vn 0.1421 -0.6000 0.7873
vn -0.1421 -0.4349 0.8892
vn -0.5276 -0.3732 0.7631
vn 0.1421 -0.4349 0.8892
vn -0.1421 -0.2531 0.9569
vn -0.5276 -0.2172 0.8212
vn 0.1421 -0.2531 0.9569
vn -0.1421 -0.0615 0.9879
vn -0.5276 -0.0528 0.8478
vn 0.1421 -0.0615 0.9879
vn -0.1421 0.1324 0.9810
vn -0.5276 0.1136 0.8418
vn 0.1421 0.1324 0.9810
vn -0.1421 0.3212 0.9363
vn -0.5276 0.2757 0.8035
vn 0.1421 0.3212 0.9363
vn -0.1421 0.4977 0.8556
vn -0.5276 0.4271 0.7343
vn 0.1421 0.4977 0.8556
vn -0.9191 0.3540 0.1732
vn -0.9191 0.1982 0.3407
vn -0.1421 0.6551 0.7421
vn 0.1421 0.6551 0.7421
vn 0.9204 0.3110 0.2370
vn 0.5276 0.5622 0.6368
vn 0.9204 0.2588 0.2931
vn 0.5276 0.4271 0.7343
vn 0.9204 0.1966 0.3380
vn 0.5276 0.2757 0.8035
vn 0.9204 0.1269 0.3699
vn -0.9974 -0.0477 -0.0540
vn -0.9988 0.0327 0.0370
vn -0.9988 0.0392 0.0299
vn -0.9974 -0.0573 -0.0437
vn -0.9191 0.1279 0.3728
vn 0.5276 0.1136 0.8418
vn 0.9204 0.0523 0.3875
vn -0.9191 0.0527 0.3906
vn 0.5276 -0.0528 0.8478
vn 0.9204 -0.0243 0.3903
vn -0.9191 -0.0245 0.3933
vn 0.5276 -0.2172 0.8212
vn 0.9204 -0.1000 0.3780
vn -0.9191 -0.1008 0.3810
vn 0.5276 -0.3732 0.7631
vn 0.9204 -0.1718 0.3513
vn -0.9191 -0.1732 0.3540
vn 0.5276 -0.5149 0.6756
vn 0.9204 -0.2370 0.3110
vn -0.9191 -0.2389 0.3134
vn 0.5276 -0.6368 0.5622
vn 0.9204 -0.2931 0.2588
vn -0.9191 -0.2955 0.2608
vn 0.5276 -0.7343 0.4271
vn 0.9204 -0.3380 0.1966
vn -0.9191 -0.3407 0.1982
vn 0.5276 -0.8035 0.2757
vn 0.9204 -0.3699 0.1269
vn -0.9191 -0.3728 0.1279
vn 0.5276 -0.8419 0.1136
vn 0.9204 -0.3875 0.0523
vn -0.9191 -0.3906 0.0527
vn 0.5276 -0.8478 -0.0528
vn 0.9204 -0.3903 -0.0243
vn -0.9191 -0.3933 -0.0245
vn 0.5276 -0.8213 -0.2172
vn 0.9204 -0.3780 -0.1000
vn -0.9191 -0.3810 -0.1008
vn 0.5276 -0.7631 -0.3732
vn 0.9204 -0.3513 -0.1718
vn -0.9191 -0.3540 -0.1732
vn 0.5276 -0.6756 -0.5149
vn 0.9204 -0.3110 -0.2370
vn -0.9191 -0.3134 -0.2389
vn 0.5276 -0.5622 -0.6368
vn 0.9204 -0.2588 -0.2931
vn -0.9191 -0.2608 -0.2955
vn 0.5276 -0.4271 -0.7343
vn 0.9204 -0.1966 -0.3380
vn -0.9191 -0.1982 -0.3407
vn 0.5276 -0.2757 -0.8035
vn 0.9204 -0.1269 -0.3699
vn -0.9191 -0.1279 -0.3728
vn 0.5276 -0.1136 -0.8419
vn 0.9204 -0.0523 -0.3875
vn -0.9191 -0.0527 -0.3906
vn 0.5276 0.0528 -0.8478
vn 0.9204 0.0243 -0.3903
vn -0.9191 0.0245 -0.3933
vn 0.5276 0.2172 -0.8213
vn 0.9204 0.1000 -0.3780
vn -0.9191 0.1008 -0.3810
vn 0.5276 0.3732 -0.7631
vn 0.9204 0.1718 -0.3513
vn -0.9191 0.1732 -0.3540
vn 0.5276 0.5149 -0.6756
vn 0.9204 0.2370 -0.3110
vn -0.9191 0.2389 -0.3134
vn 0.5276 0.6368 -0.5622
vn 0.9204 0.2931 -0.2588
vn -0.9191 0.2955 -0.2608
vn 0.5276 0.7343 -0.4271
vn 0.9204 0.3380 -0.1966
vn -0.9191 0.3407 -0.1982
vn 0.5276 0.8035 -0.2757
vn 0.9204 0.3699 -0.1269
vn -0.9191 0.3728 -0.1279
vn 0.5276 0.8419 -0.1136
vn 0.9204 0.3875 -0.0523
vn -0.9191 0.3906 -0.0527
vn 0.5276 0.8478 0.0528
vn 0.9204 0.3903 0.0243
vn -0.9191 0.3933 0.0245
vn 0.5276 0.8212 0.2172
vn 0.9204 0.3780 0.1000
vn -0.9191 0.3810 0.1008
vn 0.9204 0.3513 0.1718
vn -0.9988 0.0248 0.0426
vn -0.9974 -0.0362 -0.0623
vn -0.9974 -0.0437 0.0573
vn -0.9988 0.0299 -0.0392
vn -0.9988 0.0217 -0.0443
vn -0.9974 -0.0317 0.0648
vn -0.9988 0.0370 -0.0327
vn -0.9974 -0.0540 0.0477
vn 0.9989 -0.0354 0.0312
vn 0.9967 -0.0613 0.0541
vn 0.9967 -0.0707 0.0411
vn 0.9989 -0.0408 0.0237
vn 0.9966 -0.0496 0.0651
vn 0.9989 -0.0286 0.0376
vn 0.9989 0.0375 0.0286
vn 0.9966 0.0651 0.0496
vn 0.9967 0.0541 0.0613
vn 0.9989 0.0312 0.0354
vn 0.9966 0.0735 0.0359
vn 0.9989 0.0424 0.0207
vn -0.9974 0.0540 -0.0477
vn -0.9988 -0.0370 0.0327
vn -0.9988 -0.0299 0.0392
vn -0.9974 0.0437 -0.0573
vn -0.9988 -0.0426 0.0248
vn -0.9974 0.0623 -0.0362
vn 0.9989 0.0207 -0.0424
vn 0.9966 0.0359 -0.0735
vn 0.9966 0.0496 -0.0651
vn 0.9989 0.0286 -0.0375
vn 0.9966 0.0209 -0.0791
vn 0.9989 0.0121 -0.0456
vn -0.9988 0.0443 0.0217
vn -0.9974 -0.0648 -0.0317
vn -0.9988 0.0126 -0.0477
vn -0.9974 -0.0184 0.0697
vn 0.9966 -0.0359 0.0735
vn 0.9989 -0.0207 0.0424
vn 0.9966 0.0791 0.0209
vn 0.9989 0.0456 0.0121
vn -0.9988 -0.0217 0.0443
vn -0.9974 0.0317 -0.0648
vn 0.9989 -0.0376 -0.0286
vn 0.9966 -0.0651 -0.0496
vn 0.9967 -0.0541 -0.0613
vn 0.9989 -0.0312 -0.0354
vn 0.9966 -0.0735 -0.0359
vn 0.9989 -0.0424 -0.0207
vn 0.9966 0.0051 -0.0817
vn 0.9989 0.0029 -0.0471
vn -0.9988 0.0477 0.0126
vn -0.9974 -0.0697 -0.0184
vn -0.9974 0.0573 0.0437
vn -0.9988 -0.0392 -0.0299
vn -0.9988 -0.0443 -0.0217
vn -0.9974 0.0648 0.0317
vn -0.9988 -0.0327 -0.0370
vn -0.9974 0.0477 0.0540
vn -0.9988 0.0031 -0.0492
vn -0.9974 -0.0045 0.0719
vn 0.9966 -0.0209 0.0791
vn 0.9989 -0.0121 0.0456
vn 0.9966 0.0817 0.0051
vn 0.9989 0.0471 0.0029
vn -0.9988 -0.0126 0.0477
vn -0.9974 0.0184 -0.0697
vn 0.9966 -0.0109 -0.0811
vn 0.9989 -0.0063 -0.0468
vn -0.9988 0.0492 0.0031
vn -0.9974 -0.0719 -0.0045
vn 0.9966 -0.0791 -0.0209
vn 0.9989 -0.0456 -0.0121
vn -0.9988 -0.0066 -0.0489
vn -0.9974 0.0096 0.0714
vn 0.9966 -0.0051 0.0817
vn 0.9989 -0.0029 0.0471
vn -0.9988 -0.0477 -0.0126
vn -0.9974 0.0697 0.0184
vn 0.9966 0.0811 -0.0109
vn 0.9989 0.0468 -0.0063
vn -0.9988 -0.0031 0.0492
vn -0.9974 0.0045 -0.0719
vn 0.9966 -0.0266 -0.0774
vn 0.9989 -0.0153 -0.0447
vn -0.9988 0.0489 -0.0066
vn -0.9974 -0.0714 0.0096
vn 0.9966 -0.0817 -0.0051
vn 0.9989 -0.0471 -0.0029
vn -0.9988 -0.0160 -0.0467
vn -0.9974 0.0234 0.0682
vn 0.9966 0.0109 0.0811
vn 0.9989 0.0063 0.0468
vn -0.9988 -0.0492 -0.0031
vn -0.9974 0.0720 0.0045
vn 0.9966 0.0774 -0.0266
vn 0.9989 0.0447 -0.0153
vn -0.9988 0.0066 0.0489
vn -0.9974 -0.0096 -0.0714
vn 0.9967 -0.0411 -0.0707
vn 0.9989 -0.0237 -0.0408
vn -0.9988 0.0467 -0.0160
vn -0.9974 -0.0682 0.0234
vn 0.9966 -0.0811 0.0109
vn 0.9989 -0.0468 0.0063
vn -0.9988 -0.0248 -0.0427
vn -0.9974 0.0362 0.0623
vn 0.9966 0.0266 0.0774
vn 0.9989 0.0153 0.0447
vn -0.9988 -0.0489 0.0066
vn -0.9974 0.0714 -0.0096
vn 0.9967 0.0707 -0.0411
vn 0.9989 0.0408 -0.0237
vn -0.9988 0.0160 0.0467
vn -0.9974 -0.0234 -0.0682
vn -0.9988 0.0426 -0.0248
vn -0.9974 -0.0623 0.0362
vn 0.9966 -0.0774 0.0266
vn 0.9989 -0.0447 0.0153
vn 0.9967 0.0411 0.0707
vn 0.9989 0.0237 0.0408
vn -0.9988 -0.0467 0.0160
vn -0.9974 0.0682 -0.0234
vn 0.9967 0.0613 -0.0541
vn 0.9989 0.0354 -0.0312
vn -0.8967 -0.2683 0.3520
vn -0.9889 0.0900 -0.1181
vn -0.9889 0.0652 -0.1334
vn -0.8968 -0.1944 0.3975
vn -0.9889 0.1113 -0.0983
vn -0.8967 -0.3318 0.2929
vn -0.8967 0.2929 0.3318
vn -0.9889 -0.0983 -0.1113
vn -0.9889 -0.1181 -0.0900
vn -0.8968 0.3520 0.2682
vn -0.9889 -0.0747 -0.1284
vn -0.8968 0.2225 0.3825
vn -0.8968 0.3825 -0.2225
vn -0.9889 -0.1284 0.0747
vn -0.9889 -0.1113 0.0983
vn -0.8967 0.3318 -0.2929
vn -0.9889 -0.1405 0.0482
vn -0.8968 0.4186 -0.1436
vn -0.8968 -0.4278 -0.1131
vn -0.9889 0.1435 0.0380
vn -0.9889 0.1482 0.0092
vn -0.8968 -0.4417 -0.0275
vn -0.9889 0.1334 0.0652
vn -0.8968 -0.3975 -0.1944
vn -0.8968 -0.1436 -0.4186
vn -0.9889 0.0482 0.1405
vn -0.9889 0.0747 0.1283
vn -0.8968 -0.2225 -0.3825
vn -0.9889 0.0199 0.1472
vn -0.8968 -0.0592 -0.4385
vn -0.9889 0.0380 -0.1436
vn -0.8968 -0.1131 0.4278
vn -0.9889 -0.1334 -0.0652
vn -0.8968 0.3975 0.1944
vn -0.9889 -0.0900 0.1181
vn -0.8968 0.2682 -0.3519
vn -0.9889 0.1472 -0.0199
vn -0.8968 -0.4385 0.0592
vn -0.9889 0.0983 0.1113
vn -0.8968 -0.2928 -0.3317
vn -0.9889 0.0092 -0.1482
vn -0.8968 -0.0275 0.4417
vn -0.9889 -0.1436 -0.0380
vn -0.8968 0.4278 0.1131
vn -0.9889 -0.0652 0.1334
vn -0.8968 0.1944 -0.3975
vn -0.9889 0.1404 -0.0482
vn -0.8968 -0.4186 0.1436
vn -0.9889 0.1181 0.0900
vn -0.8968 -0.3519 -0.2682
vn -0.9889 -0.0199 -0.1472
vn -0.8968 0.0592 0.4385
vn -0.9889 -0.1482 -0.0092
vn -0.8968 0.4417 0.0275
vn -0.9889 -0.0380 0.1436
vn -0.8968 0.1131 -0.4278
vn -0.9889 0.1284 -0.0747
vn -0.8968 -0.3825 0.2225
vn -0.9889 -0.0482 -0.1405
vn -0.8968 0.1436 0.4186
vn -0.9889 -0.1472 0.0199
vn -0.8968 0.4385 -0.0592
vn -0.9889 -0.0092 0.1482
vn -0.8968 0.0275 -0.4417
vn -0.3944 0.6889 -0.6082
vn -0.5527 0.6248 -0.5515
vn -0.5527 0.5052 -0.6628
vn -0.3944 0.5570 -0.7309
vn -0.5527 0.7203 -0.4190
vn -0.3944 0.7943 -0.4621
vn -0.3944 -0.2349 0.8884
vn -0.5527 -0.2131 0.8057
vn -0.5527 -0.0518 0.8317
vn -0.3944 -0.0571 0.9172
vn -0.5527 -0.3661 0.7486
vn -0.3944 -0.4038 0.8255
vn -0.5527 0.3661 -0.7486
vn -0.3944 0.4038 -0.8255
vn -0.5527 0.1115 0.8259
vn -0.3944 0.1229 0.9107
vn -0.5527 0.2131 -0.8057
vn -0.3944 0.2349 -0.8884
vn -0.5527 0.2704 0.7883
vn -0.3944 0.2982 0.8692
vn -0.5527 0.0518 -0.8317
vn -0.3944 0.0571 -0.9172
vn -0.5527 0.4190 0.7203
vn -0.3944 0.4621 0.7943
vn -0.3944 -0.7309 -0.5570
vn -0.5527 -0.6628 -0.5052
vn -0.5527 -0.7486 -0.3661
vn -0.3944 -0.8255 -0.4038
vn -0.5527 -0.5515 -0.6248
vn -0.3944 -0.6082 -0.6889
vn -0.5527 -0.1115 -0.8259
vn -0.3944 -0.1229 -0.9107
vn -0.5527 0.5515 0.6248
vn -0.3944 0.6082 0.6889
vn -0.5527 -0.8057 -0.2131
vn -0.3944 -0.8884 -0.2349
vn -0.5527 -0.2704 -0.7883
vn -0.3944 -0.2982 -0.8692
vn -0.5527 0.6628 0.5052
vn -0.3944 0.7309 0.5570
vn -0.5527 -0.8317 -0.0518
vn -0.3944 -0.9172 -0.0571
vn -0.5527 -0.4190 -0.7203
vn -0.3944 -0.4621 -0.7943
vn -0.5527 0.7486 0.3661
vn -0.3944 0.8255 0.4038
vn -0.5527 -0.8259 0.1115
vn -0.3944 -0.9107 0.1229
vn -0.5527 0.8057 0.2131
vn -0.3944 0.8884 0.2349
vn -0.5527 -0.7883 0.2704
vn -0.3944 -0.8692 0.2982
vn -0.5527 0.8317 0.0518
vn -0.3944 0.9172 0.0571
vn -0.5527 -0.7203 0.4190
vn -0.3944 -0.7943 0.4621
vn -0.5527 0.8259 -0.1115
vn -0.3944 0.9107 -0.1229
vn -0.5528 -0.6247 0.5515
vn -0.3944 -0.6889 0.6082
vn -0.5527 0.7883 -0.2704
vn -0.3944 0.8692 -0.2982
vn -0.5527 -0.5052 0.6628
vn -0.3944 -0.5570 0.7309
vn 0.1458 -0.9874 -0.0615
vn 0.2860 -0.9564 -0.0596
vn 0.2860 -0.9264 -0.2450
vn 0.1458 -0.9564 -0.2529
vn 0.9899 -0.1408 0.0190
vn 0.9899 -0.1418 -0.0088
vn 0.1458 -0.9804 0.1323
vn 0.2860 -0.9496 0.1282
vn 0.1458 -0.2529 0.9564
vn 0.2859 -0.2450 0.9264
vn 0.2860 -0.4210 0.8608
vn 0.1459 -0.4347 0.8887
vn 0.9899 -0.1374 -0.0363
vn 0.9899 -0.0088 0.1418
vn 0.9899 -0.0363 0.1374
vn 0.1458 -0.0615 0.9874
vn 0.2860 -0.0596 0.9564
vn 0.1460 0.8551 -0.4974
vn 0.2860 0.8283 -0.4818
vn 0.2860 0.9064 -0.3110
vn 0.1459 0.9358 -0.3210
vn 0.9899 -0.0624 0.1276
vn 0.9899 0.1065 -0.0940
vn 0.9899 0.1228 -0.0714
vn 0.1460 0.7417 -0.6547
vn 0.2860 0.7184 -0.6341
vn 0.1459 -0.3211 -0.9357
vn 0.2861 -0.3110 -0.9063
vn 0.2860 -0.1282 -0.9496
vn 0.1458 -0.1323 -0.9804
vn 0.9899 0.1344 -0.0461
vn 0.9899 -0.0714 -0.1228
vn 0.9899 -0.0461 -0.1344
vn 0.1459 -0.4974 -0.8551
vn 0.2861 -0.4818 -0.8283
vn 0.9899 -0.1344 0.0461
vn 0.9899 -0.0190 -0.1408
vn 0.1458 -0.9358 0.3211
vn 0.2860 -0.9064 0.3110
vn 0.1458 0.7868 0.5997
vn 0.2860 0.7621 0.5809
vn 0.2860 0.6342 0.7184
vn 0.1459 0.6547 0.7417
vn 0.9899 0.1276 0.0624
vn 0.9899 0.1130 0.0861
vn 0.1458 0.8887 0.4347
vn 0.2860 0.8608 0.4210
vn 0.9899 0.0190 0.1408
vn 0.9899 0.0940 0.1065
vn 0.1459 0.1323 0.9804
vn 0.2860 0.1282 0.9496
vn 0.9899 0.0861 -0.1130
vn 0.1459 0.5997 -0.7868
vn 0.2860 0.5808 -0.7621
vn 0.9899 -0.0940 -0.1065
vn 0.1458 -0.6547 -0.7417
vn 0.2861 -0.6341 -0.7184
vn 0.9899 -0.1228 0.0714
vn 0.1458 -0.8552 0.4974
vn 0.2860 -0.8283 0.4818
vn 0.9899 0.1374 0.0363
vn 0.1458 0.9564 0.2530
vn 0.2860 0.9264 0.2450
vn 0.9899 0.0461 0.1344
vn 0.1459 0.3210 0.9358
vn 0.2860 0.3110 0.9064
vn 0.9899 0.0624 -0.1276
vn 0.1458 0.4347 -0.8887
vn 0.2860 0.4210 -0.8608
vn 0.9899 -0.1130 -0.0861
vn 0.1458 -0.7868 -0.5997
vn 0.2861 -0.7621 -0.5808
vn 0.9899 -0.1065 0.0940
vn 0.1458 -0.7417 0.6547
vn 0.2859 -0.7184 0.6342
vn 0.9899 0.1418 0.0088
vn 0.1458 0.9874 0.0615
vn 0.2860 0.9564 0.0596
vn 0.9899 0.0714 0.1228
vn 0.1459 0.4974 0.8552
vn 0.2860 0.4818 0.8283
vn 0.9899 0.0363 -0.1374
vn 0.1458 0.2529 -0.9564
vn 0.2859 0.2450 -0.9264
vn 0.9899 -0.1276 -0.0624
vn 0.1458 -0.8887 -0.4346
vn 0.2860 -0.8608 -0.4210
vn 0.9899 -0.0861 0.1130
vn 0.1459 -0.5997 0.7868
vn 0.2859 -0.5809 0.7621
vn 0.9899 0.1408 -0.0190
vn 0.1458 0.9804 -0.1323
vn 0.2860 0.9496 -0.1282
vn 0.9899 0.0088 -0.1418
vn 0.1458 0.0615 -0.9874
vn 0.2859 0.0596 -0.9564
vn 0.0003 0.4393 -0.8983
vn 0.0006 0.4393 -0.8983
vn 0.0003 0.2556 -0.9668
vn 0.0001 0.2557 -0.9668
vn 0.9675 -0.1895 0.1673
vn 0.9675 -0.1533 0.2011
vn 0.9675 -0.1532 0.2011
vn 0.9676 0.0646 -0.2442
vn 0.9676 0.0645 -0.2440
vn 0.9676 0.0157 -0.2520
vn 0.9676 0.0157 -0.2522
vn -0.0003 -0.7497 0.6618
vn -0.0006 -0.7497 0.6618
vn -0.0019 -0.6060 0.7954
vn -0.0008 -0.6062 0.7953
vn 0.9675 0.0646 -0.2444
vn 0.9675 0.1111 -0.2271
vn 0.9676 0.1110 -0.2270
vn 0.9675 0.1673 0.1895
vn 0.9676 0.1672 0.1894
vn 0.9675 0.2010 0.1532
vn 0.9675 -0.1111 0.2272
vn 0.9675 -0.1111 0.2271
vn 0.9675 -0.0338 -0.2504
vn 0.9675 -0.0338 -0.2505
vn 0.9675 0.0157 -0.2523
vn 0.9675 -0.1532 0.2010
vn 0.9676 -0.0338 -0.2503
vn 0.9675 -0.0646 0.2444
vn 0.9675 -0.0647 0.2445
vn 0.9676 -0.0820 -0.2390
vn 0.9675 -0.0820 -0.2391
vn 0.9676 -0.0819 -0.2389
vn 0.9675 -0.0157 0.2523
vn 0.9676 -0.1270 -0.2184
vn 0.9675 -0.1271 -0.2185
vn 0.9676 -0.1270 -0.2182
vn -0.0002 0.6618 0.7497
vn -0.0005 0.6618 0.7497
vn 0.0004 0.7953 0.6062
vn 0.0002 0.7953 0.6062
vn 0.9676 0.2269 0.1110
vn 0.9675 0.2270 0.1110
vn 0.9675 0.0338 0.2505
vn 0.9675 0.2011 0.1532
vn 0.9676 0.0338 0.2504
vn 0.9676 -0.1672 -0.1894
vn 0.9675 -0.1673 -0.1895
vn 0.9676 -0.1671 -0.1893
vn 0.9675 0.2443 0.0646
vn 0.9675 0.2444 0.0646
vn 0.9675 0.2271 0.1111
vn 0.9676 0.2441 0.0646
vn 0.9675 0.0820 0.2390
vn 0.9675 0.0820 0.2391
vn 0.9676 0.0820 0.2390
vn 0.9675 -0.2010 -0.1532
vn 0.9675 -0.2011 -0.1532
vn 0.9676 -0.2009 -0.1531
vn 0.9675 0.2522 0.0157
vn 0.9675 0.2523 0.0157
vn 0.9676 0.2521 0.0157
vn 0.9675 0.1271 0.2184
vn 0.9675 0.1271 0.2185
vn 0.9676 0.1270 0.2184
vn 0.9675 -0.2270 -0.1110
vn 0.9675 -0.2271 -0.1111
vn 0.9676 -0.2270 -0.1110
vn 0.9675 0.2504 -0.0338
vn 0.9675 0.2505 -0.0338
vn 0.9676 0.2503 -0.0338
vn 0.9675 -0.2444 -0.0646
vn 0.9675 -0.2443 -0.0646
vn 0.9675 0.2390 -0.0820
vn 0.9675 0.2391 -0.0820
vn 0.9676 0.2389 -0.0820
vn 0.9675 -0.2523 -0.0157
vn 0.9676 -0.2522 -0.0157
vn 0.9675 0.2185 -0.1271
vn 0.9676 0.2184 -0.1270
vn 0.9675 -0.2504 0.0338
vn 0.9675 -0.2505 0.0338
vn 0.9676 -0.2503 0.0338
vn 0.9675 0.1895 -0.1673
vn 0.9676 -0.2390 0.0820
vn 0.9675 -0.2391 0.0820
vn 0.9676 -0.2388 0.0820
vn 0.9675 0.1532 -0.2010
vn 0.9675 0.1532 -0.2011
vn 0.9675 -0.2185 0.1271
vn 0.9676 -0.2184 0.1271
vn 0.9676 0.1109 -0.2268
vn -0.0108 -0.8983 -0.4393
vn -0.0090 -0.8983 -0.4393
vn -0.0090 -0.7953 -0.6061
vn -0.0108 -0.7953 -0.6061
vn -0.0089 -0.8983 -0.4394
vn -0.0090 -0.9667 -0.2557
vn -0.1569 -0.9857 -0.0614
vn -0.1569 -0.9548 -0.2525
vn -0.0108 -0.9667 -0.2557
vn -0.1569 -0.8872 -0.4339
vn -0.1569 -0.9787 0.1321
vn -0.1569 -0.9342 0.3205
vn -0.1568 -0.8537 0.4966
vn -0.1568 -0.7404 0.6536
vn -0.1568 -0.5987 0.7855
vn -0.1568 -0.4339 0.8872
vn -0.1569 -0.2525 0.9548
vn -0.1569 -0.0614 0.9857
vn -0.1569 0.1321 0.9787
vn -0.1568 0.3205 0.9342
vn -0.1569 0.4966 0.8537
vn -0.1569 0.6536 0.7404
vn -0.1569 0.7855 0.5987
vn -0.1569 0.8872 0.4339
vn -0.1569 0.9548 0.2525
vn -0.1569 0.9857 0.0614
vn -0.1569 0.9787 -0.1321
vn -0.1569 0.9342 -0.3205
vn -0.1569 0.8537 -0.4966
vn -0.1569 0.7404 -0.6536
vn -0.1569 0.5987 -0.7855
vn -0.1568 0.4339 -0.8872
vn -0.1568 0.2525 -0.9548
vn -0.1568 0.0614 -0.9857
vn -0.1569 -0.1321 -0.9787
vn -0.1569 -0.3205 -0.9342
vn -0.1569 -0.4966 -0.8537
vn -0.1569 -0.6536 -0.7404
vn -0.1569 -0.7855 -0.5987
vn -0.0108 -0.6618 -0.7496
vn -0.0108 -0.5028 -0.8643
vn -0.0108 -0.3245 -0.9458
vn -0.0108 -0.1337 -0.9910
vn -0.0108 0.0622 -0.9980
vn -0.0108 0.2557 -0.9667
vn -0.0108 0.4393 -0.8983
vn -0.0108 0.6061 -0.7953
vn -0.0108 0.7496 -0.6618
vn -0.0107 0.8643 -0.5028
vn -0.0108 0.9458 -0.3245
vn -0.0108 0.9910 -0.1338
vn -0.0108 0.9980 0.0621
vn -0.0107 0.9667 0.2557
vn -0.0108 0.8983 0.4393
vn -0.0108 0.7953 0.6061
vn -0.0108 0.6618 0.7496
vn -0.0107 0.5028 0.8643
vn -0.0107 0.3245 0.9458
vn -0.0108 0.1337 0.9910
vn -0.0108 -0.0621 0.9980
vn -0.0108 -0.2557 0.9667
vn -0.0108 -0.4393 0.8983
vn -0.0108 -0.6061 0.7953
vn -0.0107 -0.7496 0.6618
vn -0.0108 -0.8643 0.5028
vn -0.0108 -0.9458 0.3245
vn -0.0108 -0.9910 0.1337
vn -0.0108 -0.9980 -0.0621
vn -0.0090 -0.9980 -0.0621
vn -0.0090 -0.9910 0.1338
vn -0.0089 -0.9910 0.1338
vn -0.0089 -0.9458 0.3245
vn -0.0090 -0.8644 0.5028
vn -0.0090 -0.7497 0.6618
vn -0.0090 -0.6061 0.7953
vn -0.0089 -0.4393 0.8983
vn -0.0088 -0.4393 0.8983
vn -0.0089 -0.2557 0.9667
vn -0.0090 -0.0621 0.9980
vn -0.0089 -0.0621 0.9980
vn -0.0090 0.1338 0.9910
vn -0.0089 0.1337 0.9910
vn -0.0090 0.3245 0.9458
vn -0.0091 0.3245 0.9458
vn -0.0090 0.5028 0.8644
vn -0.0090 0.5028 0.8643
vn -0.0090 0.6618 0.7497
vn -0.0089 0.6618 0.7497
vn -0.0089 0.7953 0.6061
vn -0.0089 0.7953 0.6062
vn -0.0089 0.8983 0.4393
vn -0.0090 0.9667 0.2557
vn -0.0090 0.9980 0.0621
vn -0.0090 0.9910 -0.1338
vn -0.0090 0.9910 -0.1337
vn -0.0090 0.9458 -0.3245
vn -0.0090 0.8644 -0.5028
vn -0.0090 0.7497 -0.6618
vn -0.0090 0.6061 -0.7953
vn -0.0091 0.6061 -0.7953
vn -0.0090 0.4393 -0.8983
vn -0.0089 0.2557 -0.9667
vn -0.0088 0.2557 -0.9667
vn -0.0089 0.0622 -0.9980
vn -0.0088 0.0622 -0.9980
vn -0.0090 -0.1337 -0.9910
vn -0.0091 -0.1337 -0.9910
vn -0.0091 -0.3245 -0.9458
vn -0.0090 -0.5028 -0.8644
vn -0.0090 -0.6618 -0.7497
vn 0.0001 -0.8644 0.5028
vn 0.0004 0.6062 -0.7953
vn 0.0007 0.6061 -0.7954
vn -0.0001 -0.9459 0.3245
vn -0.0002 -0.9459 0.3246
vn -0.0001 0.7497 -0.6618
vn -0.0005 0.7496 -0.6619
vn -0.0002 -0.9910 0.1338
vn -0.0004 -0.9910 0.1338
vn -0.0007 0.8644 -0.5027
vn -0.0018 0.8643 -0.5030
vn -0.0001 -0.9981 -0.0622
vn -0.0003 -0.9981 -0.0622
vn -0.0006 0.9459 -0.3245
vn -0.0014 0.9459 -0.3245
vn -0.0001 -0.9668 -0.2557
vn -0.0003 -0.9668 -0.2557
vn -0.0004 0.9910 -0.1337
vn -0.0010 0.9910 -0.1339
vn 0.0001 -0.8983 -0.4395
vn 0.0002 -0.8984 -0.4393
vn -0.0006 0.5029 0.8643
vn -0.0013 0.5026 0.8645
vn -0.0003 0.9981 0.0622
vn -0.0005 0.9981 0.0622
vn 0.0002 -0.7953 -0.6062
vn 0.0005 -0.7954 -0.6061
vn -0.0003 0.3245 0.9459
vn -0.0006 0.3245 0.9459
vn 0.0001 0.9668 0.2557
vn 0.0003 0.9668 0.2557
vn 0.0001 -0.6618 -0.7497
vn 0.0002 -0.6618 -0.7497
vn -0.0001 0.1338 0.9910
vn -0.0001 0.1337 0.9910
vn 0.0004 0.8983 0.4393
vn 0.0007 0.8983 0.4394
vn -0.0001 -0.5028 -0.8644
vn -0.0002 -0.5028 -0.8644
vn -0.0001 -0.0621 0.9981
vn -0.0002 -0.0622 0.9981
vn -0.0001 -0.3245 -0.9459
vn -0.0002 -0.3245 -0.9459
vn 0.0001 -0.2557 0.9668
vn 0.0003 -0.2557 0.9668
vn 0.0000 -0.1337 -0.9910
vn -0.0003 -0.4394 0.8983
vn -0.0008 -0.4393 0.8983
vn 0.0000 0.0622 -0.9981
vn 0.9675 0.0157 -0.2525
vn 0.9675 0.0157 -0.2524
vn 0.9675 0.1111 -0.2270
vn 0.9674 -0.0339 -0.2508
vn 0.9675 -0.0338 -0.2507
vn 0.9675 -0.1895 0.1672
vn 0.9674 -0.0821 -0.2394
vn 0.9675 -0.0821 -0.2393
vn 0.9675 -0.0157 0.2525
vn 0.9675 -0.0157 0.2524
vn 0.9674 -0.1272 -0.2188
vn 0.9675 -0.1272 -0.2186
vn 0.9675 0.2271 0.1110
vn 0.9674 0.0339 0.2509
vn 0.9675 0.0338 0.2507
vn 0.9674 -0.1675 -0.1898
vn 0.9675 -0.1674 -0.1896
vn 0.9674 0.0821 0.2394
vn 0.9675 0.0821 0.2393
vn 0.9674 -0.2014 -0.1534
vn 0.9675 -0.2012 -0.1533
vn 0.9675 0.2524 0.0157
vn 0.9675 0.1271 0.2186
vn 0.9674 -0.2274 -0.1112
vn 0.9675 -0.2272 -0.1111
vn 0.9675 0.2507 -0.0338
vn 0.9675 0.2506 -0.0338
vn 0.9675 -0.2445 -0.0647
vn 0.9675 0.2392 -0.0821
vn 0.9675 -0.2525 -0.0157
vn 0.9675 -0.2524 -0.0157
vn 0.9675 0.2186 -0.1271
vn 0.9675 -0.2508 0.0338
vn 0.9675 -0.2506 0.0338
vn 0.9675 0.1896 -0.1674
vn 0.9675 0.1896 -0.1673
vn 0.9675 -0.2392 0.0821
vn 0.9675 0.1533 -0.2011
vn -1.0000 -0.0016 -0.0000
vn -0.0513 -0.9459 0.3205
vn -0.0513 -0.9456 0.3213
vn -0.0527 -0.9707 0.2345
vn -0.0527 -0.9709 0.2336
vn 0.0528 0.9735 -0.2226
vn 0.0528 0.9733 -0.2234
vn 0.0516 0.9499 -0.3082
vn 0.0516 0.9501 -0.3075
vn -0.0507 -0.9342 0.3532
vn -0.0252 -0.4645 0.8852
vn 0.0510 0.9392 -0.3395
vn -0.0243 -0.4486 -0.8934
vn -0.0514 -0.9476 -0.3154
vn -0.0514 -0.9473 -0.3161
vn -0.0508 -0.9363 -0.3476
vn 0.0510 0.9386 0.3411
vn 0.0515 0.9492 0.3104
vn 0.0515 0.9494 0.3097
vn -0.0528 -0.9719 -0.2294
vn -0.0527 -0.9717 -0.2303
vn 0.0528 0.9725 0.2270
vn 0.0528 0.9727 0.2262
vn -0.0538 -0.9901 -0.1294
vn -0.0537 -0.9901 -0.1298
vn 0.0537 0.9901 0.1297
vn 0.0537 0.9901 0.1293
vn -0.0542 -0.9977 -0.0410
vn -0.0542 -0.9977 -0.0411
vn 0.0542 0.9976 0.0439
vn 0.0542 0.9976 0.0438
vn -0.0542 -0.9976 0.0440
vn -0.0542 -0.9976 0.0442
vn 0.0542 0.9978 -0.0386
vn 0.0542 0.9978 -0.0385
vn -0.0537 -0.9897 0.1328
vn -0.0537 -0.9896 0.1333
vn 0.0538 0.9907 -0.1249
vn 0.0538 0.9908 -0.1245
# 872 vertex normals

vt 0.4542 0.7451 0.0000
vt 0.4455 0.7434 0.0000
vt 0.4458 0.7410 0.0000
vt 0.4549 0.7429 0.0000
vt 0.6818 0.9297 0.0000
vt 0.6902 0.9297 0.0000
vt 0.6893 0.9351 0.0000
vt 0.6811 0.9351 0.0000
vt 0.6818 0.9117 0.0000
vt 0.6811 0.9063 0.0000
vt 0.6893 0.9063 0.0000
vt 0.6902 0.9117 0.0000
vt 0.6726 0.9117 0.0000
vt 0.6723 0.9063 0.0000
vt 0.6726 0.9297 0.0000
vt 0.6630 0.9117 0.0000
vt 0.6630 0.9063 0.0000
vt 0.6630 0.9297 0.0000
vt 0.6534 0.9117 0.0000
vt 0.6536 0.9063 0.0000
vt 0.6534 0.9297 0.0000
vt 0.6441 0.9117 0.0000
vt 0.6446 0.9063 0.0000
vt 0.6441 0.9297 0.0000
vt 0.6354 0.9117 0.0000
vt 0.6363 0.9063 0.0000
vt 0.6354 0.9297 0.0000
vt 0.6279 0.9117 0.0000
vt 0.6290 0.9063 0.0000
vt 0.6279 0.9297 0.0000
vt 0.8635 0.9123 0.0000
vt 0.8645 0.9177 0.0000
vt 0.8575 0.9178 0.0000
vt 0.8563 0.9124 0.0000
vt 0.8563 0.8945 0.0000
vt 0.8635 0.8944 0.0000
vt 0.8719 0.9123 0.0000
vt 0.8726 0.9177 0.0000
vt 0.8719 0.8943 0.0000
vt 0.8810 0.9123 0.0000
vt 0.8814 0.9177 0.0000
vt 0.8810 0.8943 0.0000
vt 0.8906 0.9123 0.0000
vt 0.8907 0.9177 0.0000
vt 0.8906 0.8943 0.0000
vt 0.9002 0.9123 0.0000
vt 0.9000 0.9177 0.0000
vt 0.9003 0.8943 0.0000
vt 0.9096 0.9123 0.0000
vt 0.9090 0.9177 0.0000
vt 0.9096 0.8943 0.0000
vt 0.9183 0.9123 0.0000
vt 0.9174 0.9177 0.0000
vt 0.9183 0.8944 0.0000
vt 0.9260 0.9124 0.0000
vt 0.9249 0.9178 0.0000
vt 0.9260 0.8945 0.0000
vt 0.7810 0.9297 0.0000
vt 0.7820 0.9351 0.0000
vt 0.7749 0.9351 0.0000
vt 0.7738 0.9297 0.0000
vt 0.7738 0.9117 0.0000
vt 0.7810 0.9117 0.0000
vt 0.7894 0.9297 0.0000
vt 0.7901 0.9351 0.0000
vt 0.7894 0.9117 0.0000
vt 0.7985 0.9297 0.0000
vt 0.7989 0.9351 0.0000
vt 0.7985 0.9117 0.0000
vt 0.8081 0.9297 0.0000
vt 0.8082 0.9351 0.0000
vt 0.8081 0.9117 0.0000
vt 0.8178 0.9297 0.0000
vt 0.8175 0.9351 0.0000
vt 0.8178 0.9117 0.0000
vt 0.8271 0.9297 0.0000
vt 0.8265 0.9351 0.0000
vt 0.8271 0.9117 0.0000
vt 0.8358 0.9297 0.0000
vt 0.8349 0.9351 0.0000
vt 0.8358 0.9117 0.0000
vt 0.8434 0.9297 0.0000
vt 0.8423 0.9351 0.0000
vt 0.8434 0.9117 0.0000
vt 0.9107 0.6657 0.0000
vt 0.9053 0.6666 0.0000
vt 0.9053 0.6596 0.0000
vt 0.9107 0.6584 0.0000
vt 0.9286 0.6584 0.0000
vt 0.9286 0.6657 0.0000
vt 0.9107 0.6740 0.0000
vt 0.9053 0.6747 0.0000
vt 0.9287 0.6740 0.0000
vt 0.9107 0.6831 0.0000
vt 0.9053 0.6835 0.0000
vt 0.9287 0.6831 0.0000
vt 0.9107 0.6927 0.0000
vt 0.9053 0.6928 0.0000
vt 0.9287 0.6927 0.0000
vt 0.9107 0.7024 0.0000
vt 0.9053 0.7021 0.0000
vt 0.9287 0.7024 0.0000
vt 0.9107 0.7117 0.0000
vt 0.9053 0.7111 0.0000
vt 0.9287 0.7117 0.0000
vt 0.9107 0.7204 0.0000
vt 0.9053 0.7195 0.0000
vt 0.9286 0.7204 0.0000
vt 0.4636 0.7464 0.0000
vt 0.4624 0.7485 0.0000
vt 0.4366 0.7434 0.0000
vt 0.4364 0.7410 0.0000
vt 0.9107 0.7281 0.0000
vt 0.9053 0.7270 0.0000
vt 0.9286 0.7281 0.0000
vt 0.1906 0.7865 0.0000
vt 0.1929 0.7871 0.0000
vt 0.1893 0.7958 0.0000
vt 0.1872 0.7947 0.0000
vt 0.1841 0.8035 0.0000
vt 0.1822 0.8021 0.0000
vt 0.6975 0.9117 0.0000
vt 0.6975 0.9297 0.0000
vt 0.6964 0.9351 0.0000
vt 0.9340 0.7195 0.0000
vt 0.9340 0.7270 0.0000
vt 0.1775 0.8101 0.0000
vt 0.1760 0.8084 0.0000
vt 0.4371 0.8289 0.0000
vt 0.4369 0.8310 0.0000
vt 0.4287 0.8294 0.0000
vt 0.4293 0.8274 0.0000
vt 0.4279 0.7451 0.0000
vt 0.4272 0.7429 0.0000
vt 0.9340 0.7111 0.0000
vt 0.1697 0.8153 0.0000
vt 0.1686 0.8133 0.0000
vt 0.4197 0.7485 0.0000
vt 0.4186 0.7464 0.0000
vt 0.9341 0.7021 0.0000
vt 0.1611 0.8189 0.0000
vt 0.1604 0.8167 0.0000
vt 0.4123 0.7535 0.0000
vt 0.4108 0.7516 0.0000
vt 0.9341 0.6928 0.0000
vt 0.1519 0.8207 0.0000
vt 0.1516 0.8184 0.0000
vt 0.4060 0.7598 0.0000
vt 0.4042 0.7582 0.0000
vt 0.9341 0.6835 0.0000
vt 0.1426 0.8207 0.0000
vt 0.1428 0.8184 0.0000
vt 0.4011 0.7671 0.0000
vt 0.3990 0.7660 0.0000
vt 0.9340 0.6747 0.0000
vt 0.1334 0.8189 0.0000
vt 0.1340 0.8167 0.0000
vt 0.3977 0.7754 0.0000
vt 0.3955 0.7747 0.0000
vt 0.9340 0.6666 0.0000
vt 0.1248 0.8153 0.0000
vt 0.1258 0.8133 0.0000
vt 0.3959 0.7841 0.0000
vt 0.3936 0.7838 0.0000
vt 0.9340 0.6596 0.0000
vt 0.1170 0.8101 0.0000
vt 0.1184 0.8084 0.0000
vt 0.3959 0.7930 0.0000
vt 0.3937 0.7932 0.0000
vt 0.8349 0.9063 0.0000
vt 0.8423 0.9063 0.0000
vt 0.1104 0.8035 0.0000
vt 0.1121 0.8021 0.0000
vt 0.3977 0.8017 0.0000
vt 0.3955 0.8023 0.0000
vt 0.8265 0.9063 0.0000
vt 0.1052 0.7957 0.0000
vt 0.1072 0.7947 0.0000
vt 0.4011 0.8099 0.0000
vt 0.3991 0.8110 0.0000
vt 0.8175 0.9063 0.0000
vt 0.1016 0.7871 0.0000
vt 0.1038 0.7865 0.0000
vt 0.4060 0.8173 0.0000
vt 0.4043 0.8188 0.0000
vt 0.8082 0.9063 0.0000
vt 0.0998 0.7779 0.0000
vt 0.1021 0.7778 0.0000
vt 0.4123 0.8236 0.0000
vt 0.4109 0.8254 0.0000
vt 0.7989 0.9063 0.0000
vt 0.0998 0.7686 0.0000
vt 0.1021 0.7689 0.0000
vt 0.4197 0.8285 0.0000
vt 0.4186 0.8306 0.0000
vt 0.7901 0.9063 0.0000
vt 0.1016 0.7594 0.0000
vt 0.1038 0.7601 0.0000
vt 0.4279 0.8319 0.0000
vt 0.4273 0.8341 0.0000
vt 0.7820 0.9063 0.0000
vt 0.1052 0.7508 0.0000
vt 0.1072 0.7519 0.0000
vt 0.4366 0.8336 0.0000
vt 0.4364 0.8360 0.0000
vt 0.7749 0.9063 0.0000
vt 0.1104 0.7430 0.0000
vt 0.1121 0.7445 0.0000
vt 0.4455 0.8336 0.0000
vt 0.4458 0.8360 0.0000
vt 0.9174 0.8890 0.0000
vt 0.9249 0.8891 0.0000
vt 0.1170 0.7364 0.0000
vt 0.1184 0.7383 0.0000
vt 0.4542 0.8319 0.0000
vt 0.4549 0.8341 0.0000
vt 0.9090 0.8890 0.0000
vt 0.1247 0.7312 0.0000
vt 0.1258 0.7333 0.0000
vt 0.4624 0.8285 0.0000
vt 0.4636 0.8306 0.0000
vt 0.9000 0.8889 0.0000
vt 0.1334 0.7276 0.0000
vt 0.1340 0.7299 0.0000
vt 0.4698 0.8236 0.0000
vt 0.4714 0.8254 0.0000
vt 0.8907 0.8889 0.0000
vt 0.1425 0.7258 0.0000
vt 0.1427 0.7282 0.0000
vt 0.4761 0.8173 0.0000
vt 0.4780 0.8188 0.0000
vt 0.8814 0.8889 0.0000
vt 0.1519 0.7258 0.0000
vt 0.1516 0.7282 0.0000
vt 0.4810 0.8099 0.0000
vt 0.4831 0.8110 0.0000
vt 0.8726 0.8890 0.0000
vt 0.1611 0.7276 0.0000
vt 0.1603 0.7299 0.0000
vt 0.4844 0.8017 0.0000
vt 0.4867 0.8023 0.0000
vt 0.8645 0.8890 0.0000
vt 0.1697 0.7312 0.0000
vt 0.1685 0.7333 0.0000
vt 0.4862 0.7930 0.0000
vt 0.4885 0.7932 0.0000
vt 0.8575 0.8891 0.0000
vt 0.1775 0.7364 0.0000
vt 0.1759 0.7383 0.0000
vt 0.4861 0.7841 0.0000
vt 0.4885 0.7838 0.0000
vt 0.6363 0.9351 0.0000
vt 0.6290 0.9351 0.0000
vt 0.1841 0.7430 0.0000
vt 0.1822 0.7446 0.0000
vt 0.4844 0.7754 0.0000
vt 0.4867 0.7747 0.0000
vt 0.6446 0.9351 0.0000
vt 0.1893 0.7508 0.0000
vt 0.1872 0.7520 0.0000
vt 0.4810 0.7671 0.0000
vt 0.4831 0.7660 0.0000
vt 0.6536 0.9351 0.0000
vt 0.1929 0.7594 0.0000
vt 0.1906 0.7602 0.0000
vt 0.4761 0.7598 0.0000
vt 0.4779 0.7582 0.0000
vt 0.6630 0.9351 0.0000
vt 0.1947 0.7686 0.0000
vt 0.1923 0.7689 0.0000
vt 0.4698 0.7535 0.0000
vt 0.4713 0.7516 0.0000
vt 0.6723 0.9351 0.0000
vt 0.1947 0.7780 0.0000
vt 0.1923 0.7778 0.0000
vt 0.4452 0.8310 0.0000
vt 0.4450 0.8289 0.0000
vt 0.4022 0.7767 0.0000
vt 0.4002 0.7761 0.0000
vt 0.4034 0.7684 0.0000
vt 0.4053 0.7694 0.0000
vt 0.3986 0.7843 0.0000
vt 0.4007 0.7845 0.0000
vt 0.1663 0.7375 0.0000
vt 0.1673 0.7357 0.0000
vt 0.1743 0.7403 0.0000
vt 0.1729 0.7419 0.0000
vt 0.1596 0.7325 0.0000
vt 0.1590 0.7345 0.0000
vt 0.1084 0.7615 0.0000
vt 0.1063 0.7609 0.0000
vt 0.1095 0.7532 0.0000
vt 0.1114 0.7542 0.0000
vt 0.1047 0.7691 0.0000
vt 0.1068 0.7693 0.0000
vt 0.4814 0.7925 0.0000
vt 0.4835 0.7927 0.0000
vt 0.4819 0.8009 0.0000
vt 0.4799 0.8003 0.0000
vt 0.4835 0.7843 0.0000
vt 0.4814 0.7845 0.0000
vt 0.1432 0.8137 0.0000
vt 0.1430 0.8158 0.0000
vt 0.1348 0.8142 0.0000
vt 0.1354 0.8121 0.0000
vt 0.1514 0.8158 0.0000
vt 0.1512 0.8137 0.0000
vt 0.4209 0.8262 0.0000
vt 0.4219 0.8243 0.0000
vt 0.4080 0.7614 0.0000
vt 0.4097 0.7628 0.0000
vt 0.1514 0.7308 0.0000
vt 0.1512 0.7329 0.0000
vt 0.1047 0.7775 0.0000
vt 0.1068 0.7773 0.0000
vt 0.4787 0.8086 0.0000
vt 0.4768 0.8077 0.0000
vt 0.1860 0.7851 0.0000
vt 0.1880 0.7857 0.0000
vt 0.1848 0.7934 0.0000
vt 0.1830 0.7924 0.0000
vt 0.1897 0.7775 0.0000
vt 0.1876 0.7773 0.0000
vt 0.1596 0.8142 0.0000
vt 0.1590 0.8122 0.0000
vt 0.4140 0.8215 0.0000
vt 0.4153 0.8199 0.0000
vt 0.4528 0.7497 0.0000
vt 0.4534 0.7477 0.0000
vt 0.4611 0.7509 0.0000
vt 0.4602 0.7527 0.0000
vt 0.4452 0.7460 0.0000
vt 0.4450 0.7481 0.0000
vt 0.4140 0.7555 0.0000
vt 0.4153 0.7571 0.0000
vt 0.1430 0.7308 0.0000
vt 0.1432 0.7329 0.0000
vt 0.1063 0.7857 0.0000
vt 0.1084 0.7851 0.0000
vt 0.4740 0.8156 0.0000
vt 0.4724 0.8143 0.0000
vt 0.1673 0.8110 0.0000
vt 0.1663 0.8091 0.0000
vt 0.4081 0.8156 0.0000
vt 0.4097 0.8143 0.0000
vt 0.1897 0.7691 0.0000
vt 0.1876 0.7693 0.0000
vt 0.4209 0.7509 0.0000
vt 0.4219 0.7527 0.0000
vt 0.1348 0.7325 0.0000
vt 0.1354 0.7345 0.0000
vt 0.4681 0.7555 0.0000
vt 0.4668 0.7571 0.0000
vt 0.1095 0.7934 0.0000
vt 0.1114 0.7924 0.0000
vt 0.4681 0.8215 0.0000
vt 0.4668 0.8199 0.0000
vt 0.1743 0.8063 0.0000
vt 0.1729 0.8047 0.0000
vt 0.4034 0.8086 0.0000
vt 0.4053 0.8077 0.0000
vt 0.1880 0.7609 0.0000
vt 0.1860 0.7615 0.0000
vt 0.4286 0.7477 0.0000
vt 0.4293 0.7497 0.0000
vt 0.1271 0.7357 0.0000
vt 0.1281 0.7375 0.0000
vt 0.4740 0.7614 0.0000
vt 0.4724 0.7628 0.0000
vt 0.1142 0.8004 0.0000
vt 0.1158 0.7991 0.0000
vt 0.4612 0.8262 0.0000
vt 0.4602 0.8243 0.0000
vt 0.1802 0.8004 0.0000
vt 0.1786 0.7991 0.0000
vt 0.4002 0.8009 0.0000
vt 0.4022 0.8003 0.0000
vt 0.1848 0.7532 0.0000
vt 0.1830 0.7542 0.0000
vt 0.4368 0.7460 0.0000
vt 0.4371 0.7481 0.0000
vt 0.1201 0.7403 0.0000
vt 0.1214 0.7419 0.0000
vt 0.4787 0.7684 0.0000
vt 0.4768 0.7694 0.0000
vt 0.1201 0.8063 0.0000
vt 0.1215 0.8047 0.0000
vt 0.4534 0.8294 0.0000
vt 0.4528 0.8274 0.0000
vt 0.3986 0.7927 0.0000
vt 0.4007 0.7925 0.0000
vt 0.1802 0.7462 0.0000
vt 0.1786 0.7476 0.0000
vt 0.1142 0.7462 0.0000
vt 0.1158 0.7476 0.0000
vt 0.4819 0.7761 0.0000
vt 0.4799 0.7767 0.0000
vt 0.1271 0.8110 0.0000
vt 0.1281 0.8091 0.0000
vt 0.4784 0.7998 0.0000
vt 0.4790 0.8000 0.0000
vt 0.4760 0.8072 0.0000
vt 0.4755 0.8069 0.0000
vt 0.4805 0.7924 0.0000
vt 0.4799 0.7923 0.0000
vt 0.4372 0.8274 0.0000
vt 0.4372 0.8280 0.0000
vt 0.4295 0.8265 0.0000
vt 0.4297 0.8259 0.0000
vt 0.4449 0.8280 0.0000
vt 0.4449 0.8274 0.0000
vt 0.4022 0.7923 0.0000
vt 0.4016 0.7924 0.0000
vt 0.4016 0.7846 0.0000
vt 0.4022 0.7847 0.0000
vt 0.4031 0.8000 0.0000
vt 0.4037 0.7999 0.0000
vt 0.4658 0.7584 0.0000
vt 0.4662 0.7579 0.0000
vt 0.4717 0.7634 0.0000
vt 0.4712 0.7638 0.0000
vt 0.4597 0.7536 0.0000
vt 0.4594 0.7541 0.0000
vt 0.4297 0.7512 0.0000
vt 0.4295 0.7506 0.0000
vt 0.4371 0.7491 0.0000
vt 0.4372 0.7497 0.0000
vt 0.4223 0.7536 0.0000
vt 0.4226 0.7541 0.0000
vt 0.4717 0.8137 0.0000
vt 0.4712 0.8133 0.0000
vt 0.4224 0.8235 0.0000
vt 0.4227 0.8229 0.0000
vt 0.4031 0.7770 0.0000
vt 0.4037 0.7772 0.0000
vt 0.4760 0.7698 0.0000
vt 0.4754 0.7701 0.0000
vt 0.4449 0.7491 0.0000
vt 0.4449 0.7497 0.0000
vt 0.4662 0.8192 0.0000
vt 0.4658 0.8187 0.0000
vt 0.4159 0.8192 0.0000
vt 0.4163 0.8187 0.0000
vt 0.4061 0.7698 0.0000
vt 0.4066 0.7701 0.0000
vt 0.4790 0.7770 0.0000
vt 0.4784 0.7772 0.0000
vt 0.4525 0.7506 0.0000
vt 0.4524 0.7512 0.0000
vt 0.4597 0.8235 0.0000
vt 0.4594 0.8229 0.0000
vt 0.4104 0.8137 0.0000
vt 0.4109 0.8133 0.0000
vt 0.4104 0.7634 0.0000
vt 0.4109 0.7638 0.0000
vt 0.4805 0.7846 0.0000
vt 0.4799 0.7847 0.0000
vt 0.4526 0.8265 0.0000
vt 0.4524 0.8259 0.0000
vt 0.4061 0.8072 0.0000
vt 0.4066 0.8069 0.0000
vt 0.4159 0.7579 0.0000
vt 0.4163 0.7584 0.0000
vt 0.1558 0.7426 0.0000
vt 0.1578 0.7418 0.0000
vt 0.1578 0.7474 0.0000
vt 0.1558 0.7480 0.0000
vt 0.4034 0.7848 0.0000
vt 0.4034 0.7922 0.0000
vt 0.1013 0.9460 0.0000
vt 0.1007 0.9480 0.0000
vt 0.0949 0.9480 0.0000
vt 0.0956 0.9460 0.0000
vt 0.4836 0.5340 0.0000
vt 0.4856 0.5337 0.0000
vt 0.4856 0.5411 0.0000
vt 0.4836 0.5411 0.0000
vt 0.4048 0.7775 0.0000
vt 0.4856 0.5267 0.0000
vt 0.4871 0.5262 0.0000
vt 0.4871 0.5334 0.0000
vt 0.4836 0.5271 0.0000
vt 0.1579 0.7538 0.0000
vt 0.1558 0.7543 0.0000
vt 0.4871 0.5410 0.0000
vt 0.4856 0.5485 0.0000
vt 0.4836 0.5483 0.0000
vt 0.1593 0.7467 0.0000
vt 0.1593 0.7533 0.0000
vt 0.1579 0.7608 0.0000
vt 0.1559 0.7611 0.0000
vt 0.4871 0.5487 0.0000
vt 0.4856 0.5557 0.0000
vt 0.4836 0.5553 0.0000
vt 0.1594 0.7606 0.0000
vt 0.1579 0.7682 0.0000
vt 0.1559 0.7682 0.0000
vt 0.4871 0.5561 0.0000
vt 0.4856 0.5623 0.0000
vt 0.4836 0.5618 0.0000
vt 0.1594 0.7682 0.0000
vt 0.5290 0.8055 0.0000
vt 0.5270 0.8061 0.0000
vt 0.5270 0.7997 0.0000
vt 0.5290 0.7992 0.0000
vt 0.4870 0.5629 0.0000
vt 0.4448 0.7508 0.0000
vt 0.4521 0.7522 0.0000
vt 0.5290 0.8109 0.0000
vt 0.5270 0.8117 0.0000
vt 0.1579 0.7756 0.0000
vt 0.1559 0.7754 0.0000
vt 0.5255 0.8068 0.0000
vt 0.5255 0.8002 0.0000
vt 0.4856 0.5683 0.0000
vt 0.4836 0.5675 0.0000
vt 0.1594 0.7758 0.0000
vt 0.5270 0.7927 0.0000
vt 0.5290 0.7924 0.0000
vt 0.4870 0.5690 0.0000
vt 0.1579 0.7828 0.0000
vt 0.1558 0.7824 0.0000
vt 0.5255 0.7929 0.0000
vt 0.1476 0.9460 0.0000
vt 0.1485 0.9480 0.0000
vt 0.1428 0.9480 0.0000
vt 0.1422 0.9460 0.0000
vt 0.1593 0.7832 0.0000
vt 0.5270 0.7853 0.0000
vt 0.5290 0.7853 0.0000
vt 0.4374 0.8262 0.0000
vt 0.4301 0.8248 0.0000
vt 0.1578 0.7895 0.0000
vt 0.1558 0.7889 0.0000
vt 0.5255 0.7853 0.0000
vt 0.1363 0.9480 0.0000
vt 0.1359 0.9460 0.0000
vt 0.1593 0.7901 0.0000
vt 0.5270 0.7779 0.0000
vt 0.5290 0.7781 0.0000
vt 0.1435 0.9494 0.0000
vt 0.1368 0.9494 0.0000
vt 0.1578 0.7954 0.0000
vt 0.1558 0.7946 0.0000
vt 0.5255 0.7777 0.0000
vt 0.1293 0.9480 0.0000
vt 0.1290 0.9460 0.0000
vt 0.1592 0.7962 0.0000
vt 0.5270 0.7707 0.0000
vt 0.5290 0.7711 0.0000
vt 0.1295 0.9494 0.0000
vt 0.1219 0.9480 0.0000
vt 0.1219 0.9460 0.0000
vt 0.5255 0.7703 0.0000
vt 0.5270 0.7640 0.0000
vt 0.5290 0.7646 0.0000
vt 0.1219 0.9494 0.0000
vt 0.1145 0.9480 0.0000
vt 0.1147 0.9460 0.0000
vt 0.5255 0.7634 0.0000
vt 0.5270 0.7581 0.0000
vt 0.5290 0.7589 0.0000
vt 0.1143 0.9494 0.0000
vt 0.1073 0.9480 0.0000
vt 0.1077 0.9460 0.0000
vt 0.5255 0.7574 0.0000
vt 0.4836 0.5155 0.0000
vt 0.4856 0.5147 0.0000
vt 0.4856 0.5203 0.0000
vt 0.4836 0.5209 0.0000
vt 0.1069 0.9494 0.0000
vt 0.4870 0.5139 0.0000
vt 0.4870 0.5196 0.0000
vt 0.1001 0.9494 0.0000
vt 0.6292 0.9957 0.0000
vt 0.6292 0.9961 0.0000
vt 0.6215 0.9961 0.0000
vt 0.6215 0.9957 0.0000
vt 0.1122 0.7920 0.0000
vt 0.1092 0.7848 0.0000
vt 0.6370 0.9957 0.0000
vt 0.6370 0.9961 0.0000
vt 0.4916 0.9437 0.0000
vt 0.4917 0.9433 0.0000
vt 0.4990 0.9433 0.0000
vt 0.4990 0.9437 0.0000
vt 0.1077 0.7772 0.0000
vt 0.1587 0.8113 0.0000
vt 0.1511 0.8128 0.0000
vt 0.4840 0.9437 0.0000
vt 0.4840 0.9433 0.0000
vt 0.1711 0.9957 0.0000
vt 0.1712 0.9961 0.0000
vt 0.1642 0.9961 0.0000
vt 0.1642 0.9957 0.0000
vt 0.1433 0.8128 0.0000
vt 0.1659 0.7383 0.0000
vt 0.1724 0.7426 0.0000
vt 0.1772 0.9957 0.0000
vt 0.1773 0.9961 0.0000
vt 0.8408 0.5103 0.0000
vt 0.8404 0.5103 0.0000
vt 0.8404 0.5028 0.0000
vt 0.8409 0.5028 0.0000
vt 0.1779 0.7481 0.0000
vt 0.1165 0.7481 0.0000
vt 0.1220 0.7426 0.0000
vt 0.8408 0.5173 0.0000
vt 0.8404 0.5173 0.0000
vt 0.1165 0.7985 0.0000
vt 0.1285 0.7383 0.0000
vt 0.6445 0.9957 0.0000
vt 0.6445 0.9961 0.0000
vt 0.1271 0.9957 0.0000
vt 0.1271 0.9961 0.0000
vt 0.1212 0.9961 0.0000
vt 0.1212 0.9957 0.0000
vt 0.1867 0.7772 0.0000
vt 0.1852 0.7848 0.0000
vt 0.1339 0.9957 0.0000
vt 0.1339 0.9961 0.0000
vt 0.1659 0.8083 0.0000
vt 0.1822 0.7920 0.0000
vt 0.4762 0.9437 0.0000
vt 0.4762 0.9433 0.0000
vt 0.1587 0.7353 0.0000
vt 0.8408 0.4733 0.0000
vt 0.8404 0.4732 0.0000
vt 0.8403 0.4674 0.0000
vt 0.8407 0.4675 0.0000
vt 0.1122 0.7546 0.0000
vt 0.8407 0.5234 0.0000
vt 0.8403 0.5235 0.0000
vt 0.1220 0.8040 0.0000
vt 0.6514 0.9957 0.0000
vt 0.6515 0.9961 0.0000
vt 0.1867 0.7694 0.0000
vt 0.1413 0.9957 0.0000
vt 0.1413 0.9961 0.0000
vt 0.1724 0.8040 0.0000
vt 0.4687 0.9437 0.0000
vt 0.4687 0.9433 0.0000
vt 0.1511 0.7338 0.0000
vt 0.8408 0.4800 0.0000
vt 0.8404 0.4800 0.0000
vt 0.1092 0.7618 0.0000
vt 0.6075 0.9957 0.0000
vt 0.6074 0.9961 0.0000
vt 0.6015 0.9961 0.0000
vt 0.6016 0.9957 0.0000
vt 0.1285 0.8083 0.0000
vt 0.6576 0.9957 0.0000
vt 0.6577 0.9961 0.0000
vt 0.1852 0.7618 0.0000
vt 0.1490 0.9957 0.0000
vt 0.1490 0.9961 0.0000
vt 0.1779 0.7985 0.0000
vt 0.4617 0.9437 0.0000
vt 0.4617 0.9433 0.0000
vt 0.1433 0.7338 0.0000
vt 0.8409 0.4874 0.0000
vt 0.8404 0.4873 0.0000
vt 0.1077 0.7694 0.0000
vt 0.6142 0.9957 0.0000
vt 0.6141 0.9961 0.0000
vt 0.1357 0.8113 0.0000
vt 0.5057 0.9437 0.0000
vt 0.5058 0.9433 0.0000
vt 0.5116 0.9433 0.0000
vt 0.5115 0.9437 0.0000
vt 0.1822 0.7546 0.0000
vt 0.1567 0.9957 0.0000
vt 0.1567 0.9961 0.0000
vt 0.4556 0.9437 0.0000
vt 0.4555 0.9433 0.0000
vt 0.1357 0.7353 0.0000
vt 0.8409 0.4950 0.0000
vt 0.8404 0.4950 0.0000
vt 0.8410 0.4800 0.0000
vt 0.8411 0.4800 0.0000
vt 0.8411 0.4874 0.0000
vt 0.8281 0.0580 0.0000
vt 0.8282 0.0580 0.0000
vt 0.8321 0.0638 0.0000
vt 0.8320 0.0639 0.0000
vt 0.8769 0.0093 0.0000
vt 0.8768 0.0093 0.0000
vt 0.8703 0.0067 0.0000
vt 0.8703 0.0066 0.0000
vt 0.5115 0.9439 0.0000
vt 0.5115 0.9440 0.0000
vt 0.5057 0.9440 0.0000
vt 0.5057 0.9439 0.0000
vt 0.8771 0.0088 0.0000
vt 0.8831 0.0128 0.0000
vt 0.8827 0.0132 0.0000
vt 0.8768 0.0728 0.0000
vt 0.8768 0.0727 0.0000
vt 0.8827 0.0688 0.0000
vt 0.8827 0.0689 0.0000
vt 0.8371 0.0688 0.0000
vt 0.8370 0.0689 0.0000
vt 0.8634 0.0052 0.0000
vt 0.8635 0.0047 0.0000
vt 0.8705 0.0061 0.0000
vt 0.8316 0.0642 0.0000
vt 0.8277 0.0582 0.0000
vt 0.8634 0.0053 0.0000
vt 0.8429 0.0728 0.0000
vt 0.8427 0.0733 0.0000
vt 0.8367 0.0693 0.0000
vt 0.8429 0.0727 0.0000
vt 0.8564 0.0052 0.0000
vt 0.8563 0.0047 0.0000
vt 0.8564 0.0053 0.0000
vt 0.8494 0.0755 0.0000
vt 0.8493 0.0760 0.0000
vt 0.8494 0.0754 0.0000
vt 0.8494 0.0066 0.0000
vt 0.8493 0.0061 0.0000
vt 0.8495 0.0066 0.0000
vt 0.1212 0.9955 0.0000
vt 0.1271 0.9955 0.0000
vt 0.8777 0.0077 0.0000
vt 0.8838 0.0119 0.0000
vt 0.8876 0.0638 0.0000
vt 0.8877 0.0639 0.0000
vt 0.8563 0.0769 0.0000
vt 0.8563 0.0774 0.0000
vt 0.8831 0.0693 0.0000
vt 0.8771 0.0733 0.0000
vt 0.8563 0.0768 0.0000
vt 0.8429 0.0093 0.0000
vt 0.8427 0.0088 0.0000
vt 0.8430 0.0093 0.0000
vt 0.8916 0.0580 0.0000
vt 0.8921 0.0583 0.0000
vt 0.8881 0.0642 0.0000
vt 0.8634 0.0769 0.0000
vt 0.8635 0.0774 0.0000
vt 0.8634 0.0768 0.0000
vt 0.8371 0.0132 0.0000
vt 0.8367 0.0128 0.0000
vt 0.8943 0.0515 0.0000
vt 0.8948 0.0517 0.0000
vt 0.8703 0.0755 0.0000
vt 0.8705 0.0760 0.0000
vt 0.8703 0.0754 0.0000
vt 0.8321 0.0182 0.0000
vt 0.8317 0.0178 0.0000
vt 0.8957 0.0446 0.0000
vt 0.8962 0.0446 0.0000
vt 0.8956 0.0446 0.0000
vt 0.8281 0.0240 0.0000
vt 0.8277 0.0238 0.0000
vt 0.8282 0.0241 0.0000
vt 0.8957 0.0375 0.0000
vt 0.8962 0.0375 0.0000
vt 0.8956 0.0375 0.0000
vt 0.8254 0.0306 0.0000
vt 0.8249 0.0304 0.0000
vt 0.8255 0.0306 0.0000
vt 0.8943 0.0306 0.0000
vt 0.8948 0.0304 0.0000
vt 0.8241 0.0375 0.0000
vt 0.8235 0.0374 0.0000
vt 0.8916 0.0241 0.0000
vt 0.8921 0.0238 0.0000
vt 0.8241 0.0445 0.0000
vt 0.8235 0.0446 0.0000
vt 0.8877 0.0182 0.0000
vt 0.8881 0.0179 0.0000
vt 0.8254 0.0515 0.0000
vt 0.8249 0.0516 0.0000
vt 0.8255 0.0515 0.0000
vt 0.8827 0.0133 0.0000
vt 0.5581 0.7989 0.0000
vt 0.5597 0.7989 0.0000
vt 0.5597 0.8050 0.0000
vt 0.5581 0.8050 0.0000
vt 0.5599 0.7989 0.0000
vt 0.5597 0.7922 0.0000
vt 0.5599 0.7922 0.0000
vt 0.5306 0.7852 0.0000
vt 0.5306 0.7923 0.0000
vt 0.5581 0.7922 0.0000
vt 0.5306 0.7990 0.0000
vt 0.5306 0.7781 0.0000
vt 0.5306 0.7713 0.0000
vt 0.5306 0.7649 0.0000
vt 0.5306 0.7592 0.0000
vt 0.4820 0.5212 0.0000
vt 0.4820 0.5159 0.0000
vt 0.4820 0.5273 0.0000
vt 0.4820 0.5341 0.0000
vt 0.4820 0.5411 0.0000
vt 0.4820 0.5482 0.0000
vt 0.4820 0.5551 0.0000
vt 0.4820 0.5615 0.0000
vt 0.4820 0.5672 0.0000
vt 0.1419 0.9443 0.0000
vt 0.1473 0.9443 0.0000
vt 0.1357 0.9443 0.0000
vt 0.1289 0.9443 0.0000
vt 0.1219 0.9443 0.0000
vt 0.1148 0.9443 0.0000
vt 0.1079 0.9443 0.0000
vt 0.1016 0.9443 0.0000
vt 0.0960 0.9443 0.0000
vt 0.1542 0.7483 0.0000
vt 0.1541 0.7430 0.0000
vt 0.1542 0.7545 0.0000
vt 0.1543 0.7612 0.0000
vt 0.1543 0.7683 0.0000
vt 0.1543 0.7754 0.0000
vt 0.1542 0.7822 0.0000
vt 0.1542 0.7886 0.0000
vt 0.1541 0.7943 0.0000
vt 0.5306 0.8052 0.0000
vt 0.5306 0.8105 0.0000
vt 0.5581 0.8103 0.0000
vt 0.1267 0.7940 0.0000
vt 0.1267 0.7884 0.0000
vt 0.1268 0.7821 0.0000
vt 0.1268 0.7753 0.0000
vt 0.1268 0.7683 0.0000
vt 0.1268 0.7613 0.0000
vt 0.1268 0.7546 0.0000
vt 0.1267 0.7485 0.0000
vt 0.1267 0.7432 0.0000
vt 0.0962 0.9169 0.0000
vt 0.1018 0.9169 0.0000
vt 0.1080 0.9169 0.0000
vt 0.1148 0.9169 0.0000
vt 0.1218 0.9169 0.0000
vt 0.1288 0.9169 0.0000
vt 0.1355 0.9169 0.0000
vt 0.1417 0.9169 0.0000
vt 0.1470 0.9169 0.0000
vt 0.4545 0.5669 0.0000
vt 0.4545 0.5613 0.0000
vt 0.4545 0.5550 0.0000
vt 0.4545 0.5482 0.0000
vt 0.4545 0.5411 0.0000
vt 0.4545 0.5342 0.0000
vt 0.4545 0.5275 0.0000
vt 0.4545 0.5214 0.0000
vt 0.4545 0.5161 0.0000
vt 0.5581 0.7595 0.0000
vt 0.5581 0.7651 0.0000
vt 0.5581 0.7714 0.0000
vt 0.5581 0.7782 0.0000
vt 0.5581 0.7852 0.0000
vt 0.5597 0.7852 0.0000
vt 0.5599 0.7852 0.0000
vt 0.5599 0.8050 0.0000
vt 0.5597 0.7782 0.0000
vt 0.5599 0.7782 0.0000
vt 0.5597 0.7714 0.0000
vt 0.5599 0.7714 0.0000
vt 0.5597 0.7651 0.0000
vt 0.5599 0.7651 0.0000
vt 0.5597 0.7595 0.0000
vt 0.5599 0.7595 0.0000
vt 0.4526 0.5161 0.0000
vt 0.4529 0.5161 0.0000
vt 0.4529 0.5214 0.0000
vt 0.4527 0.5214 0.0000
vt 0.4529 0.5275 0.0000
vt 0.4527 0.5275 0.0000
vt 0.4529 0.5342 0.0000
vt 0.4527 0.5342 0.0000
vt 0.4529 0.5411 0.0000
vt 0.4527 0.5411 0.0000
vt 0.4529 0.5482 0.0000
vt 0.4527 0.5482 0.0000
vt 0.4529 0.5550 0.0000
vt 0.4527 0.5550 0.0000
vt 0.4529 0.5613 0.0000
vt 0.4527 0.5613 0.0000
vt 0.4529 0.5669 0.0000
vt 0.4526 0.5669 0.0000
vt 0.1470 0.9150 0.0000
vt 0.1470 0.9153 0.0000
vt 0.1417 0.9153 0.0000
vt 0.1417 0.9150 0.0000
vt 0.1355 0.9153 0.0000
vt 0.1355 0.9150 0.0000
vt 0.1288 0.9153 0.0000
vt 0.1288 0.9150 0.0000
vt 0.1218 0.9153 0.0000
vt 0.1218 0.9150 0.0000
vt 0.1148 0.9153 0.0000
vt 0.1148 0.9150 0.0000
vt 0.1080 0.9153 0.0000
vt 0.1080 0.9150 0.0000
vt 0.1018 0.9153 0.0000
vt 0.1018 0.9150 0.0000
vt 0.0962 0.9153 0.0000
vt 0.0962 0.9150 0.0000
vt 0.1248 0.7433 0.0000
vt 0.1251 0.7433 0.0000
vt 0.1251 0.7485 0.0000
vt 0.1249 0.7485 0.0000
vt 0.1251 0.7546 0.0000
vt 0.1249 0.7546 0.0000
vt 0.1252 0.7613 0.0000
vt 0.1249 0.7613 0.0000
vt 0.1252 0.7683 0.0000
vt 0.1249 0.7683 0.0000
vt 0.1252 0.7753 0.0000
vt 0.1249 0.7753 0.0000
vt 0.1251 0.7821 0.0000
vt 0.1249 0.7821 0.0000
vt 0.1251 0.7884 0.0000
vt 0.1249 0.7884 0.0000
vt 0.1251 0.7940 0.0000
vt 0.1248 0.7940 0.0000
vt 0.5599 0.8103 0.0000
vt 0.5597 0.8103 0.0000
vt 0.8783 0.0067 0.0000
vt 0.8785 0.0062 0.0000
vt 0.8850 0.0105 0.0000
vt 0.8846 0.0109 0.0000
vt 0.6514 0.9955 0.0000
vt 0.6576 0.9955 0.0000
vt 0.8709 0.0049 0.0000
vt 0.8712 0.0037 0.0000
vt 0.8410 0.4733 0.0000
vt 0.6445 0.9955 0.0000
vt 0.8409 0.4675 0.0000
vt 0.8410 0.4675 0.0000
vt 0.6370 0.9955 0.0000
vt 0.1711 0.9955 0.0000
vt 0.1772 0.9955 0.0000
vt 0.6292 0.9955 0.0000
vt 0.1642 0.9955 0.0000
vt 0.6215 0.9955 0.0000
vt 0.1567 0.9955 0.0000
vt 0.6142 0.9955 0.0000
vt 0.4617 0.9439 0.0000
vt 0.4617 0.9440 0.0000
vt 0.4556 0.9440 0.0000
vt 0.4556 0.9439 0.0000
vt 0.1490 0.9955 0.0000
vt 0.6075 0.9955 0.0000
vt 0.4687 0.9439 0.0000
vt 0.4687 0.9440 0.0000
vt 0.1413 0.9955 0.0000
vt 0.6016 0.9955 0.0000
vt 0.4762 0.9440 0.0000
vt 0.1339 0.9955 0.0000
vt 0.8410 0.5173 0.0000
vt 0.8410 0.5234 0.0000
vt 0.8409 0.5234 0.0000
vt 0.4840 0.9440 0.0000
vt 0.8410 0.5103 0.0000
vt 0.8411 0.5103 0.0000
vt 0.8846 0.0712 0.0000
vt 0.8850 0.0716 0.0000
vt 0.8785 0.0759 0.0000
vt 0.8783 0.0754 0.0000
vt 0.4916 0.9440 0.0000
vt 0.8411 0.5028 0.0000
vt 0.4990 0.9439 0.0000
vt 0.4990 0.9440 0.0000
vt 0.8411 0.4950 0.0000
vt 0.8298 0.0657 0.0000
vt 0.8294 0.0661 0.0000
vt 0.8251 0.0596 0.0000
vt 0.8255 0.0594 0.0000
vt 0.8266 0.0588 0.0000
vt 0.8238 0.0520 0.0000
vt 0.8838 0.0702 0.0000
vt 0.8777 0.0743 0.0000
vt 0.8307 0.0650 0.0000
vt 0.8891 0.0171 0.0000
vt 0.8226 0.0523 0.0000
vt 0.8223 0.0447 0.0000
vt 0.8900 0.0163 0.0000
vt 0.8932 0.0232 0.0000
vt 0.8211 0.0448 0.0000
vt 0.8223 0.0373 0.0000
vt 0.8943 0.0227 0.0000
vt 0.8960 0.0301 0.0000
vt 0.8211 0.0372 0.0000
vt 0.8238 0.0301 0.0000
vt 0.8972 0.0297 0.0000
vt 0.8975 0.0373 0.0000
vt 0.8226 0.0297 0.0000
vt 0.8266 0.0232 0.0000
vt 0.8987 0.0372 0.0000
vt 0.8975 0.0447 0.0000
vt 0.8255 0.0226 0.0000
vt 0.8307 0.0171 0.0000
vt 0.8987 0.0449 0.0000
vt 0.8708 0.0772 0.0000
vt 0.8714 0.0032 0.0000
vt 0.8786 0.0061 0.0000
vt 0.8298 0.0163 0.0000
vt 0.8960 0.0520 0.0000
vt 0.8712 0.0783 0.0000
vt 0.8360 0.0118 0.0000
vt 0.8972 0.0524 0.0000
vt 0.8636 0.0786 0.0000
vt 0.8352 0.0109 0.0000
vt 0.8932 0.0588 0.0000
vt 0.8637 0.0798 0.0000
vt 0.8421 0.0077 0.0000
vt 0.8943 0.0594 0.0000
vt 0.8562 0.0786 0.0000
vt 0.8415 0.0066 0.0000
vt 0.8891 0.0650 0.0000
vt 0.8561 0.0798 0.0000
vt 0.8489 0.0049 0.0000
vt 0.8900 0.0658 0.0000
vt 0.8489 0.0772 0.0000
vt 0.8486 0.0037 0.0000
vt 0.8486 0.0783 0.0000
vt 0.8562 0.0035 0.0000
vt 0.8421 0.0743 0.0000
vt 0.8561 0.0022 0.0000
vt 0.8636 0.0035 0.0000
vt 0.8415 0.0754 0.0000
vt 0.8359 0.0702 0.0000
vt 0.8637 0.0022 0.0000
vt 0.8352 0.0712 0.0000
vt 0.8348 0.0716 0.0000
vt 0.8293 0.0661 0.0000
vt 0.8850 0.0104 0.0000
vt 0.8638 0.0016 0.0000
vt 0.8638 0.0017 0.0000
vt 0.8250 0.0597 0.0000
vt 0.8412 0.0759 0.0000
vt 0.8413 0.0759 0.0000
vt 0.8560 0.0016 0.0000
vt 0.8560 0.0017 0.0000
vt 0.8484 0.0789 0.0000
vt 0.8484 0.0788 0.0000
vt 0.8484 0.0031 0.0000
vt 0.8485 0.0032 0.0000
vt 0.8905 0.0662 0.0000
vt 0.8904 0.0661 0.0000
vt 0.8560 0.0804 0.0000
vt 0.8786 0.0760 0.0000
vt 0.8413 0.0061 0.0000
vt 0.8413 0.0062 0.0000
vt 0.8948 0.0597 0.0000
vt 0.8947 0.0597 0.0000
vt 0.8638 0.0804 0.0000
vt 0.8348 0.0104 0.0000
vt 0.8349 0.0105 0.0000
vt 0.8978 0.0525 0.0000
vt 0.8977 0.0525 0.0000
vt 0.8714 0.0789 0.0000
vt 0.8714 0.0788 0.0000
vt 0.8293 0.0159 0.0000
vt 0.8294 0.0160 0.0000
vt 0.8993 0.0449 0.0000
vt 0.8992 0.0449 0.0000
vt 0.8250 0.0224 0.0000
vt 0.8251 0.0224 0.0000
vt 0.8993 0.0372 0.0000
vt 0.8992 0.0372 0.0000
vt 0.8220 0.0295 0.0000
vt 0.8221 0.0295 0.0000
vt 0.8978 0.0296 0.0000
vt 0.8977 0.0296 0.0000
vt 0.8205 0.0371 0.0000
vt 0.8206 0.0371 0.0000
vt 0.8948 0.0224 0.0000
vt 0.8947 0.0224 0.0000
vt 0.8205 0.0449 0.0000
vt 0.8206 0.0449 0.0000
vt 0.8905 0.0159 0.0000
vt 0.8904 0.0160 0.0000
vt 0.8220 0.0525 0.0000
vt 0.8221 0.0525 0.0000
vt 0.6964 0.9063 0.0000
vt 0.4236 0.4658 0.0000
vt 0.4241 0.4656 0.0000
vt 0.4244 0.4666 0.0000
vt 0.4239 0.4666 0.0000
vt 0.4246 0.4673 0.0000
vt 0.4241 0.4673 0.0000
vt 0.4248 0.4682 0.0000
vt 0.4243 0.4682 0.0000
vt 0.4249 0.4691 0.0000
vt 0.4244 0.4691 0.0000
vt 0.4249 0.4700 0.0000
vt 0.4244 0.4700 0.0000
vt 0.4248 0.4709 0.0000
vt 0.4243 0.4709 0.0000
vt 0.4247 0.4717 0.0000
vt 0.4241 0.4717 0.0000
vt 0.4245 0.4724 0.0000
vt 0.4239 0.4724 0.0000
vt 0.4241 0.4735 0.0000
vt 0.4236 0.4733 0.0000
vt 0.0136 0.2495 0.0000
vt 0.0136 0.2506 0.0000
vt 0.0128 0.2506 0.0000
vt 0.0128 0.2495 0.0000
vt 0.3512 0.2691 0.0000
vt 0.3512 0.2702 0.0000
vt 0.3505 0.2702 0.0000
vt 0.3505 0.2691 0.0000
vt 0.0144 0.2495 0.0000
vt 0.0144 0.2506 0.0000
vt 0.9555 0.2866 0.0000
vt 0.9555 0.2877 0.0000
vt 0.9551 0.2876 0.0000
vt 0.9551 0.2866 0.0000
vt 0.3494 0.2702 0.0000
vt 0.3494 0.2691 0.0000
vt 0.9485 0.1409 0.0000
vt 0.9485 0.1419 0.0000
vt 0.9480 0.1420 0.0000
vt 0.9480 0.1409 0.0000
vt 0.0077 0.2495 0.0000
vt 0.0077 0.2506 0.0000
vt 0.0069 0.2506 0.0000
vt 0.0069 0.2495 0.0000
vt 0.3574 0.2691 0.0000
vt 0.3574 0.2702 0.0000
vt 0.3563 0.2702 0.0000
vt 0.3563 0.2691 0.0000
vt 0.0085 0.2495 0.0000
vt 0.0085 0.2506 0.0000
vt 0.3556 0.2702 0.0000
vt 0.3556 0.2691 0.0000
vt 0.0093 0.2495 0.0000
vt 0.0093 0.2506 0.0000
vt 0.3548 0.2702 0.0000
vt 0.3548 0.2691 0.0000
vt 0.0102 0.2495 0.0000
vt 0.0102 0.2506 0.0000
vt 0.3539 0.2702 0.0000
vt 0.3539 0.2691 0.0000
vt 0.0111 0.2495 0.0000
vt 0.0111 0.2506 0.0000
vt 0.3529 0.2702 0.0000
vt 0.3529 0.2691 0.0000
vt 0.0120 0.2495 0.0000
vt 0.0120 0.2506 0.0000
vt 0.3521 0.2702 0.0000
vt 0.3520 0.2691 0.0000
# 1147 texture coords

o Llanta1
g Llanta1
usemtl Material__13
s 1
f 1/1/1 2/2/2 3/3/3 4/4/4 
f 5/5/5 6/6/6 7/7/7 8/8/8 
f 9/9/9 10/10/10 4/11/4 11/12/11 
f 9/9/9 11/12/11 6/6/6 5/5/5 
f 12/13/12 13/14/13 10/10/10 9/9/9 
f 12/13/12 9/9/9 5/5/5 14/15/14 
f 15/16/15 16/17/16 13/14/13 12/13/12 
f 15/16/15 12/13/12 14/15/14 17/18/17 
f 18/19/18 19/20/19 16/17/16 15/16/15 
f 18/19/18 15/16/15 17/18/17 20/21/20 
f 21/22/21 22/23/22 19/20/19 18/19/18 
f 21/22/21 18/19/18 20/21/20 23/24/23 
f 24/25/24 25/26/25 22/23/22 21/22/21 
f 24/25/24 21/22/21 23/24/23 26/27/26 
f 27/28/27 28/29/28 25/26/25 24/25/24 
f 27/28/27 24/25/24 26/27/26 29/30/29 
f 30/31/30 31/32/31 28/33/28 27/34/27 
f 30/31/30 27/34/27 29/35/29 32/36/32 
f 33/37/33 34/38/34 31/32/31 30/31/30 
f 33/37/33 30/31/30 32/36/32 35/39/35 
f 36/40/36 37/41/37 34/38/34 33/37/33 
f 36/40/36 33/37/33 35/39/35 38/42/38 
f 39/43/39 40/44/40 37/41/37 36/40/36 
f 39/43/39 36/40/36 38/42/38 41/45/41 
f 42/46/42 43/47/43 40/44/40 39/43/39 
f 42/46/42 39/43/39 41/45/41 44/48/44 
f 45/49/45 46/50/46 43/47/43 42/46/42 
f 45/49/45 42/46/42 44/48/44 47/51/47 
f 48/52/48 49/53/49 46/50/46 45/49/45 
f 48/52/48 45/49/45 47/51/47 50/54/50 
f 51/55/51 52/56/52 49/53/49 48/52/48 
f 51/55/51 48/52/48 50/54/50 53/57/53 
f 54/58/54 55/59/55 52/60/52 51/61/51 
f 54/58/54 51/61/51 53/62/53 56/63/56 
f 57/64/57 58/65/58 55/59/55 54/58/54 
f 57/64/57 54/58/54 56/63/56 59/66/59 
f 60/67/60 61/68/61 58/65/58 57/64/57 
f 60/67/60 57/64/57 59/66/59 62/69/62 
f 63/70/63 64/71/64 61/68/61 60/67/60 
f 63/70/63 60/67/60 62/69/62 65/72/65 
f 66/73/66 67/74/67 64/71/64 63/70/63 
f 66/73/66 63/70/63 65/72/65 68/75/68 
f 69/76/69 70/77/70 67/74/67 66/73/66 
f 69/76/69 66/73/66 68/75/68 71/78/71 
f 72/79/72 73/80/73 70/77/70 69/76/69 
f 72/79/72 69/76/69 71/78/71 74/81/74 
f 75/82/75 76/83/76 73/80/73 72/79/72 
f 75/82/75 72/79/72 74/81/74 77/84/77 
f 78/85/78 79/86/79 76/87/76 75/88/75 
f 78/85/78 75/88/75 77/89/77 80/90/80 
f 81/91/81 82/92/82 79/86/79 78/85/78 
f 81/91/81 78/85/78 80/90/80 83/93/83 
f 84/94/84 85/95/85 82/92/82 81/91/81 
f 84/94/84 81/91/81 83/93/83 86/96/86 
f 87/97/87 88/98/88 85/95/85 84/94/84 
f 87/97/87 84/94/84 86/96/86 89/99/89 
f 90/100/90 91/101/91 88/98/88 87/97/87 
f 90/100/90 87/97/87 89/99/89 92/102/92 
f 93/103/93 94/104/94 91/101/91 90/100/90 
f 93/103/93 90/100/90 92/102/92 95/105/95 
f 96/106/96 97/107/97 94/104/94 93/103/93 
f 96/106/96 93/103/93 95/105/95 98/108/98 
f 10/109/10 99/110/99 1/1/1 4/4/4 
f 3/3/3 2/2/2 100/111/100 97/112/97 
f 101/113/101 3/114/3 97/107/97 96/106/96 
f 98/108/98 102/115/102 101/113/101 96/106/96 
f 103/116/103 7/117/7 104/118/104 105/119/105 
f 104/118/104 106/120/106 107/121/107 105/119/105 
f 6/6/6 11/12/11 101/122/101 102/123/102 
f 7/7/7 6/6/6 102/123/102 104/124/104 
f 102/115/102 98/108/98 106/125/106 104/126/104 
f 106/120/106 108/127/108 109/128/109 107/121/107 
f 110/129/110 111/130/111 112/131/112 113/132/113 
f 97/112/97 100/111/100 114/133/114 94/134/94 
f 98/108/98 95/105/95 108/135/108 106/125/106 
f 108/127/108 115/136/115 116/137/116 109/128/109 
f 94/134/94 114/133/114 117/138/117 91/139/91 
f 95/105/95 92/102/92 115/140/115 108/135/108 
f 115/136/115 118/141/118 119/142/119 116/137/116 
f 91/139/91 117/138/117 120/143/120 88/144/88 
f 92/102/92 89/99/89 118/145/118 115/140/115 
f 118/141/118 121/146/121 122/147/122 119/142/119 
f 88/144/88 120/143/120 123/148/123 85/149/85 
f 89/99/89 86/96/86 121/150/121 118/145/118 
f 121/146/121 124/151/124 125/152/125 122/147/122 
f 85/149/85 123/148/123 126/153/126 82/154/82 
f 86/96/86 83/93/83 124/155/124 121/150/121 
f 124/151/124 127/156/127 128/157/128 125/152/125 
f 82/154/82 126/153/126 129/158/129 79/159/79 
f 83/93/83 80/90/80 127/160/127 124/155/124 
f 127/156/127 130/161/130 131/162/131 128/157/128 
f 79/159/79 129/158/129 132/163/132 76/164/76 
f 80/90/80 77/89/77 130/165/130 127/160/127 
f 130/161/130 133/166/133 134/167/134 131/162/131 
f 76/164/76 132/163/132 135/168/135 73/169/73 
f 77/84/77 74/81/74 133/170/133 130/171/130 
f 133/166/133 136/172/136 137/173/137 134/167/134 
f 73/169/73 135/168/135 138/174/138 70/175/70 
f 74/81/74 71/78/71 136/176/136 133/170/133 
f 136/172/136 139/177/139 140/178/140 137/173/137 
f 70/175/70 138/174/138 141/179/141 67/180/67 
f 71/78/71 68/75/68 139/181/139 136/176/136 
f 139/177/139 142/182/142 143/183/143 140/178/140 
f 67/180/67 141/179/141 144/184/144 64/185/64 
f 68/75/68 65/72/65 142/186/142 139/181/139 
f 142/182/142 145/187/145 146/188/146 143/183/143 
f 64/185/64 144/184/144 147/189/147 61/190/61 
f 65/72/65 62/69/62 145/191/145 142/186/142 
f 145/187/145 148/192/148 149/193/149 146/188/146 
f 61/190/61 147/189/147 150/194/150 58/195/58 
f 62/69/62 59/66/59 148/196/148 145/191/145 
f 148/192/148 151/197/151 152/198/152 149/193/149 
f 58/195/58 150/194/150 153/199/153 55/200/55 
f 59/66/59 56/63/56 151/201/151 148/196/148 
f 151/197/151 154/202/154 155/203/155 152/198/152 
f 55/200/55 153/199/153 156/204/156 52/205/52 
f 56/63/56 53/62/53 154/206/154 151/201/151 
f 154/202/154 157/207/157 158/208/158 155/203/155 
f 52/205/52 156/204/156 159/209/159 49/210/49 
f 53/57/53 50/54/50 157/211/157 154/212/154 
f 157/207/157 160/213/160 161/214/161 158/208/158 
f 49/210/49 159/209/159 162/215/162 46/216/46 
f 50/54/50 47/51/47 160/217/160 157/211/157 
f 160/213/160 163/218/163 164/219/164 161/214/161 
f 46/216/46 162/215/162 165/220/165 43/221/43 
f 47/51/47 44/48/44 163/222/163 160/217/160 
f 163/218/163 166/223/166 167/224/167 164/219/164 
f 43/221/43 165/220/165 168/225/168 40/226/40 
f 44/48/44 41/45/41 166/227/166 163/222/163 
f 166/223/166 169/228/169 170/229/170 167/224/167 
f 40/226/40 168/225/168 171/230/171 37/231/37 
f 41/45/41 38/42/38 169/232/169 166/227/166 
f 169/228/169 172/233/172 173/234/173 170/229/170 
f 37/231/37 171/230/171 174/235/174 34/236/34 
f 38/42/38 35/39/35 172/237/172 169/232/169 
f 172/233/172 175/238/175 176/239/176 173/234/173 
f 34/236/34 174/235/174 177/240/177 31/241/31 
f 35/39/35 32/36/32 175/242/175 172/237/172 
f 175/238/175 178/243/178 179/244/179 176/239/176 
f 31/241/31 177/240/177 180/245/180 28/246/28 
f 32/36/32 29/35/29 178/247/178 175/242/175 
f 178/243/178 181/248/181 182/249/182 179/244/179 
f 28/246/28 180/245/180 183/250/183 25/251/25 
f 29/30/29 26/27/26 181/252/181 178/253/178 
f 181/248/181 184/254/184 185/255/185 182/249/182 
f 25/251/25 183/250/183 186/256/186 22/257/22 
f 26/27/26 23/24/23 184/258/184 181/252/181 
f 184/254/184 187/259/187 188/260/188 185/255/185 
f 22/257/22 186/256/186 189/261/189 19/262/19 
f 23/24/23 20/21/20 187/263/187 184/258/184 
f 187/259/187 190/264/190 191/265/191 188/260/188 
f 19/262/19 189/261/189 192/266/192 16/267/16 
f 20/21/20 17/18/17 190/268/190 187/263/187 
f 190/264/190 193/269/193 194/270/194 191/265/191 
f 16/267/16 192/266/192 195/271/195 13/272/13 
f 17/18/17 14/15/14 193/273/193 190/268/190 
f 193/269/193 8/274/8 196/275/196 194/270/194 
f 13/272/13 195/271/195 99/110/99 10/109/10 
f 14/15/14 5/5/5 8/8/8 193/273/193 
f 8/274/8 7/117/7 103/116/103 196/275/196 
f 111/130/111 197/276/197 159/209/159 156/204/156 
f 198/277/198 197/276/197 111/130/111 110/129/110 
f 199/278/199 200/279/200 201/280/201 202/281/202 
f 111/130/111 156/204/156 153/199/153 112/131/112 
f 200/279/200 203/282/203 132/163/132 129/158/129 
f 204/283/204 203/282/203 200/279/200 199/278/199 
f 205/284/205 206/285/206 207/286/207 208/287/208 
f 200/279/200 129/158/129 126/153/126 201/280/201 
f 209/288/209 176/239/176 179/244/179 206/285/206 
f 210/289/210 209/288/209 206/285/206 205/284/205 
f 211/290/211 212/291/212 213/292/213 214/293/214 
f 206/285/206 179/244/179 182/249/182 207/286/207 
f 215/294/215 149/193/149 152/198/152 212/291/212 
f 216/295/216 215/294/215 212/291/212 211/290/211 
f 217/296/217 218/297/218 219/298/219 220/299/220 
f 212/291/212 152/198/152 155/203/155 213/292/213 
f 218/297/218 221/300/221 183/250/183 180/245/180 
f 222/301/222 221/300/221 218/297/218 217/296/217 
f 223/302/223 224/303/224 225/304/225 226/305/226 
f 218/297/218 180/245/180 177/240/177 219/298/219 
f 227/306/227 122/147/122 125/152/125 224/303/224 
f 228/307/228 227/306/227 224/303/224 223/302/223 
f 113/132/113 112/131/112 229/308/229 230/309/230 
f 224/303/224 125/152/125 128/157/128 225/304/225 
f 202/281/202 201/280/201 231/310/231 232/311/232 
f 112/131/112 153/199/153 150/194/150 229/308/229 
f 233/312/233 173/234/173 176/239/176 209/288/209 
f 201/280/201 126/153/126 123/148/123 231/310/231 
f 234/313/234 233/312/233 209/288/209 210/289/210 
f 235/314/235 146/188/146 149/193/149 215/294/215 
f 236/315/236 235/314/235 215/294/215 216/295/216 
f 220/299/220 219/298/219 237/316/237 238/317/238 
f 239/318/239 240/319/240 241/320/241 242/321/242 
f 219/298/219 177/240/177 174/235/174 237/316/237 
f 243/322/243 196/275/196 103/116/103 240/319/240 
f 244/323/244 243/322/243 240/319/240 239/318/239 
f 245/324/245 119/142/119 122/147/122 227/306/227 
f 240/319/240 103/116/103 105/119/105 241/320/241 
f 246/325/246 245/324/245 227/306/227 228/307/228 
f 230/309/230 229/308/229 247/326/247 248/327/248 
f 249/328/249 250/329/250 251/330/251 252/331/252 
f 229/308/229 150/194/150 147/189/147 247/326/247 
f 253/332/253 2/2/2 1/1/1 250/329/250 
f 254/333/254 253/332/253 250/329/250 249/328/249 
f 232/311/232 231/310/231 255/334/255 256/335/256 
f 250/329/250 1/1/1 99/110/99 251/330/251 
f 257/336/257 170/229/170 173/234/173 233/312/233 
f 231/310/231 123/148/123 120/143/120 255/334/255 
f 258/337/258 257/336/257 233/312/233 234/313/234 
f 259/338/259 143/183/143 146/188/146 235/314/235 
f 260/339/260 259/338/259 235/314/235 236/315/236 
f 238/317/238 237/316/237 261/340/261 262/341/262 
f 263/342/263 116/137/116 119/142/119 245/324/245 
f 237/316/237 174/235/174 171/230/171 261/340/261 
f 264/343/264 263/342/263 245/324/245 246/325/246 
f 248/327/248 247/326/247 265/344/265 266/345/266 
f 267/346/267 194/270/194 196/275/196 243/322/243 
f 247/326/247 147/189/147 144/184/144 265/344/265 
f 268/347/268 267/346/267 243/322/243 244/323/244 
f 256/335/256 255/334/255 269/348/269 270/349/270 
f 271/350/271 167/224/167 170/229/170 257/336/257 
f 255/334/255 120/143/120 117/138/117 269/348/269 
f 272/351/272 271/350/271 257/336/257 258/337/258 
f 252/331/252 251/330/251 273/352/273 274/353/274 
f 275/354/275 140/178/140 143/183/143 259/338/259 
f 251/330/251 99/110/99 195/271/195 273/352/273 
f 276/355/276 275/354/275 259/338/259 260/339/260 
f 262/341/262 261/340/261 277/356/277 278/357/278 
f 279/358/279 109/128/109 116/137/116 263/342/263 
f 261/340/261 171/230/171 168/225/168 277/356/277 
f 280/359/280 279/358/279 263/342/263 264/343/264 
f 266/345/266 265/344/265 281/360/281 282/361/282 
f 283/362/283 191/265/191 194/270/194 267/346/267 
f 265/344/265 144/184/144 141/179/141 281/360/281 
f 284/363/284 283/362/283 267/346/267 268/347/268 
f 270/349/270 269/348/269 285/364/285 286/365/286 
f 287/366/287 164/219/164 167/224/167 271/350/271 
f 269/348/269 117/138/117 114/133/114 285/364/285 
f 288/367/288 287/366/287 271/350/271 272/351/272 
f 274/353/274 273/352/273 289/368/289 290/369/290 
f 291/370/291 137/173/137 140/178/140 275/354/275 
f 273/352/273 195/271/195 192/266/192 289/368/289 
f 292/371/292 291/370/291 275/354/275 276/355/276 
f 278/357/278 277/356/277 293/372/293 294/373/294 
f 295/374/295 107/121/107 109/128/109 279/358/279 
f 277/356/277 168/225/168 165/220/165 293/372/293 
f 296/375/296 295/374/295 279/358/279 280/359/280 
f 282/361/282 281/360/281 297/376/297 298/377/298 
f 299/378/299 188/260/188 191/265/191 283/362/283 
f 281/360/281 141/179/141 138/174/138 297/376/297 
f 300/379/300 299/378/299 283/362/283 284/363/284 
f 286/365/286 285/364/285 301/380/301 302/381/302 
f 303/382/303 161/214/161 164/219/164 287/366/287 
f 285/364/285 114/133/114 100/111/100 301/380/301 
f 304/383/304 303/382/303 287/366/287 288/367/288 
f 290/369/290 289/368/289 305/384/305 306/385/306 
f 307/386/307 134/167/134 137/173/137 291/370/291 
f 289/368/289 192/266/192 189/261/189 305/384/305 
f 308/387/308 307/386/307 291/370/291 292/371/292 
f 294/373/294 293/372/293 309/388/309 310/389/310 
f 241/320/241 105/119/105 107/121/107 295/374/295 
f 293/372/293 165/220/165 162/215/162 309/388/309 
f 242/321/242 241/320/241 295/374/295 296/375/296 
f 298/377/298 297/376/297 311/390/311 312/391/312 
f 313/392/313 185/255/185 188/260/188 299/378/299 
f 297/376/297 138/174/138 135/168/135 311/390/311 
f 314/393/314 313/392/313 299/378/299 300/379/300 
f 302/381/302 301/380/301 253/332/253 254/333/254 
f 315/394/315 158/208/158 161/214/161 303/382/303 
f 301/380/301 100/111/100 2/2/2 253/332/253 
f 316/395/316 315/394/315 303/382/303 304/383/304 
f 306/385/306 305/384/305 317/396/317 318/397/318 
f 319/398/319 131/162/131 134/167/134 307/386/307 
f 305/384/305 189/261/189 186/256/186 317/396/317 
f 320/399/320 319/398/319 307/386/307 308/387/308 
f 310/389/310 309/388/309 197/276/197 198/277/198 
f 312/391/312 311/390/311 203/282/203 204/283/204 
f 309/388/309 162/215/162 159/209/159 197/276/197 
f 207/286/207 182/249/182 185/255/185 313/392/313 
f 311/390/311 135/168/135 132/163/132 203/282/203 
f 208/287/208 207/286/207 313/392/313 314/393/314 
f 213/292/213 155/203/155 158/208/158 315/394/315 
f 214/293/214 213/292/213 315/394/315 316/395/316 
f 318/397/318 317/396/317 221/300/221 222/301/222 
f 225/304/225 128/157/128 131/162/131 319/398/319 
f 317/396/317 186/256/186 183/250/183 221/300/221 
f 226/305/226 225/304/225 319/398/319 320/399/320 
f 321/400/321 322/401/322 323/402/323 324/403/324 
f 322/401/322 325/404/325 217/296/217 220/299/220 
f 326/405/326 325/404/325 322/401/322 321/400/321 
f 327/406/327 328/407/328 329/408/329 330/409/330 
f 322/401/322 220/299/220 238/317/238 323/402/323 
f 328/407/328 331/410/331 198/277/198 110/129/110 
f 332/411/332 331/410/331 328/407/328 327/406/327 
f 333/412/333 334/413/334 335/414/335 336/415/336 
f 328/407/328 110/129/110 113/132/113 329/408/329 
f 334/413/334 337/416/337 298/377/298 312/391/312 
f 338/417/338 337/416/337 334/413/334 333/412/333 
f 339/418/339 340/419/340 341/420/341 342/421/342 
f 334/413/334 312/391/312 204/283/204 335/414/335 
f 340/419/340 343/422/343 252/331/252 274/353/274 
f 344/423/344 343/422/343 340/419/340 339/418/339 
f 345/424/345 346/425/346 347/426/347 348/427/348 
f 340/419/340 274/353/274 290/369/290 341/420/341 
f 346/425/346 349/428/349 270/349/270 286/365/286 
f 350/429/350 349/428/349 346/425/346 345/424/345 
f 324/403/324 323/402/323 351/430/351 352/431/352 
f 346/425/346 286/365/286 302/381/302 347/426/347 
f 330/409/330 329/408/329 353/432/353 354/433/354 
f 323/402/323 238/317/238 262/341/262 351/430/351 
f 336/415/336 335/414/335 355/434/355 356/435/356 
f 329/408/329 113/132/113 230/309/230 353/432/353 
f 342/421/342 341/420/341 357/436/357 358/437/358 
f 335/414/335 204/283/204 199/278/199 355/434/355 
f 348/427/348 347/426/347 359/438/359 360/439/360 
f 341/420/341 290/369/290 306/385/306 357/436/357 
f 352/431/352 351/430/351 361/440/361 362/441/362 
f 347/426/347 302/381/302 254/333/254 359/438/359 
f 354/433/354 353/432/353 363/442/363 364/443/364 
f 351/430/351 262/341/262 278/357/278 361/440/361 
f 356/435/356 355/434/355 365/444/365 366/445/366 
f 353/432/353 230/309/230 248/327/248 363/442/363 
f 358/437/358 357/436/357 367/446/367 368/447/368 
f 355/434/355 199/278/199 202/281/202 365/444/365 
f 360/439/360 359/438/359 369/448/369 370/449/370 
f 357/436/357 306/385/306 318/397/318 367/446/367 
f 362/441/362 361/440/361 371/450/371 372/451/372 
f 359/438/359 254/333/254 249/328/249 369/448/369 
f 364/443/364 363/442/363 373/452/373 374/453/374 
f 361/440/361 278/357/278 294/373/294 371/450/371 
f 366/445/366 365/444/365 375/454/375 376/455/376 
f 363/442/363 248/327/248 266/345/266 373/452/373 
f 368/447/368 367/446/367 377/456/377 378/457/378 
f 365/444/365 202/281/202 232/311/232 375/454/375 
f 372/451/372 371/450/371 379/458/379 380/459/380 
f 367/446/367 318/397/318 222/301/222 377/456/377 
f 374/453/374 373/452/373 381/460/381 382/461/382 
f 371/450/371 294/373/294 310/389/310 379/458/379 
f 376/455/376 375/454/375 383/462/383 384/463/384 
f 373/452/373 266/345/266 282/361/282 381/460/381 
f 378/457/378 377/456/377 325/404/325 326/405/326 
f 375/454/375 232/311/232 256/335/256 383/462/383 
f 380/459/380 379/458/379 331/410/331 332/411/332 
f 377/456/377 222/301/222 217/296/217 325/404/325 
f 382/461/382 381/460/381 337/416/337 338/417/338 
f 379/458/379 310/389/310 198/277/198 331/410/331 
f 370/449/370 369/448/369 343/422/343 344/423/344 
f 381/460/381 282/361/282 298/377/298 337/416/337 
f 384/463/384 383/462/383 349/428/349 350/429/350 
f 369/448/369 249/328/249 252/331/252 343/422/343 
f 385/464/385 386/465/386 387/466/387 388/467/388 
f 383/462/383 256/335/256 270/349/270 349/428/349 
f 386/468/386 389/469/389 333/412/333 336/415/336 
f 390/470/390 389/471/389 386/472/386 385/473/385 
f 391/474/391 392/475/392 393/476/393 394/477/394 
f 386/468/386 336/415/336 356/435/356 387/478/387 
f 392/475/392 395/479/395 324/480/324 352/481/352 
f 396/482/396 395/479/395 392/475/392 391/474/391 
f 388/467/388 387/466/387 397/483/397 398/484/398 
f 392/475/392 352/481/352 362/485/362 393/476/393 
f 394/477/394 393/476/393 399/486/399 400/487/400 
f 387/466/387 356/488/356 366/489/366 397/483/397 
f 398/484/398 397/483/397 401/490/401 402/491/402 
f 393/476/393 362/485/362 372/492/372 399/486/399 
f 400/487/400 399/486/399 403/493/403 404/494/404 
f 397/483/397 366/489/366 376/495/376 401/490/401 
f 402/491/402 401/490/401 405/496/405 406/497/406 
f 399/486/399 372/492/372 380/498/380 403/493/403 
f 404/494/404 403/493/403 407/499/407 408/500/408 
f 401/490/401 376/495/376 384/501/384 405/496/405 
f 409/502/409 410/503/410 411/504/411 412/505/412 
f 403/493/403 380/498/380 332/506/332 407/499/407 
f 413/507/413 360/439/360 370/449/370 410/508/410 
f 414/509/414 413/510/413 410/503/410 409/502/409 
f 406/497/406 405/496/405 415/511/415 416/512/416 
f 410/503/410 370/513/370 344/514/344 411/504/411 
f 408/500/408 407/499/407 417/515/417 418/516/418 
f 405/496/405 384/501/384 350/517/350 415/511/415 
f 412/505/412 411/504/411 419/518/419 420/519/420 
f 407/499/407 332/506/332 327/520/327 417/515/417 
f 416/512/416 415/511/415 421/521/421 422/522/422 
f 411/504/411 344/514/344 339/523/339 419/518/419 
f 418/524/418 417/525/417 423/526/423 424/527/424 
f 415/511/415 350/517/350 345/528/345 421/521/421 
f 420/519/420 419/518/419 425/529/425 426/530/426 
f 417/531/417 327/406/327 330/409/330 423/532/423 
f 422/522/422 421/521/421 427/533/427 428/534/428 
f 419/518/419 339/523/339 342/535/342 425/529/425 
f 424/527/424 423/526/423 429/536/429 430/537/430 
f 421/521/421 345/528/345 348/538/348 427/533/427 
f 426/530/426 425/529/425 431/539/431 432/540/432 
f 423/526/423 330/541/330 354/542/354 429/536/429 
f 428/534/428 427/533/427 413/543/413 414/544/414 
f 425/529/425 342/535/342 358/545/358 431/539/431 
f 430/537/430 429/536/429 433/546/433 434/547/434 
f 427/533/427 348/538/348 360/548/360 413/543/413 
f 432/540/432 431/539/431 435/549/435 436/550/436 
f 429/536/429 354/542/354 364/551/364 433/546/433 
f 434/547/434 433/546/433 437/552/437 438/553/438 
f 431/539/431 358/545/358 368/554/368 435/549/435 
f 436/550/436 435/549/435 439/555/439 440/556/440 
f 433/546/433 364/551/364 374/557/374 437/552/437 
f 438/553/438 437/552/437 441/558/441 442/559/442 
f 435/549/435 368/554/368 378/560/378 439/555/439 
f 440/556/440 439/555/439 443/561/443 444/562/444 
f 437/552/437 374/557/374 382/563/382 441/558/441 
f 442/559/442 441/558/441 445/564/445 446/565/446 
f 439/555/439 378/560/378 326/566/326 443/561/443 
f 444/567/444 443/568/443 447/569/447 448/570/448 
f 441/558/441 382/563/382 338/571/338 445/564/445 
f 446/565/446 445/564/445 389/471/389 390/470/390 
f 443/568/443 326/572/326 321/573/321 447/569/447 
f 448/570/448 447/569/447 395/479/395 396/482/396 
f 445/564/445 338/571/338 333/574/333 389/471/389 
f 449/575/449 450/576/450 451/577/451 452/578/452 
f 447/569/447 321/573/321 324/480/324 395/479/395 
f 453/579/453 276/355/276 260/339/260 450/580/454 
f 454/581/455 453/582/456 450/576/450 449/575/449 
f 455/583/457 456/584/458 457/585/459 458/586/460 
f 450/580/454 260/339/260 236/315/236 451/587/461 
f 459/588/462 246/325/246 228/307/228 456/589/463 
f 460/590/464 459/591/465 456/584/458 455/583/457 
f 461/592/466 462/593/467 463/594/468 464/595/469 
f 456/589/463 228/307/228 223/302/223 457/596/470 
f 465/597/471 205/284/205 208/287/208 462/598/472 
f 466/599/473 465/600/474 462/593/467 461/592/466 
f 467/601/475 468/602/476 469/603/477 470/604/478 
f 462/598/472 208/287/208 314/393/314 463/605/479 
f 471/606/480 316/395/316 304/383/304 468/607/481 
f 472/608/482 471/609/483 468/602/476 467/601/475 
f 473/610/484 292/371/292 276/355/276 453/579/453 
f 468/607/481 304/383/304 288/367/288 469/611/485 
f 474/612/486 473/613/487 453/582/456 454/581/455 
f 475/614/488 476/615/489 477/616/490 478/617/491 
f 479/618/492 244/323/244 239/318/239 476/619/493 
f 480/620/494 479/621/495 476/615/489 475/614/488 
f 481/622/496 264/343/264 246/325/246 459/588/462 
f 476/619/493 239/318/239 242/321/242 477/623/497 
f 482/624/498 481/625/499 459/591/465 460/590/464 
f 483/626/500 210/289/210 205/284/205 465/597/471 
f 484/627/501 483/628/502 465/629/474 466/630/473 
f 485/631/503 214/293/214 316/395/316 471/606/480 
f 486/632/504 485/633/505 471/609/483 472/608/482 
f 487/634/506 308/387/308 292/371/292 473/610/484 
f 488/635/507 487/636/508 473/613/487 474/612/486 
f 489/637/509 268/347/268 244/323/244 479/618/492 
f 490/638/510 489/639/511 479/621/495 480/620/494 
f 491/640/512 280/359/280 264/343/264 481/622/496 
f 492/641/513 491/642/514 481/625/499 482/624/498 
f 493/643/515 234/313/234 210/289/210 483/626/500 
f 494/644/516 493/645/517 483/628/502 484/627/501 
f 495/646/518 211/290/211 214/293/214 485/631/503 
f 496/647/519 495/648/520 485/649/505 486/650/504 
f 497/651/521 320/399/320 308/387/308 487/634/506 
f 498/652/522 497/653/523 487/636/508 488/635/507 
f 499/654/524 284/363/284 268/347/268 489/637/509 
f 500/655/525 499/656/526 489/639/511 490/638/510 
f 501/657/527 296/375/296 280/359/280 491/640/512 
f 502/658/528 501/659/529 491/642/514 492/641/513 
f 503/660/530 258/337/258 234/313/234 493/643/515 
f 504/661/531 503/662/532 493/645/517 494/644/516 
f 505/663/533 216/295/216 211/290/211 495/646/518 
f 506/664/534 505/665/535 495/648/520 496/647/519 
f 507/666/536 226/305/226 320/399/320 497/651/521 
f 508/667/537 507/668/538 497/669/523 498/670/522 
f 509/671/539 300/379/300 284/363/284 499/654/524 
f 510/672/540 509/673/541 499/656/526 500/655/525 
f 477/623/497 242/321/242 296/375/296 501/657/527 
f 478/674/491 477/675/490 501/659/529 502/658/528 
f 511/676/542 272/351/272 258/337/258 503/660/530 
f 512/677/543 511/678/544 503/662/532 504/661/531 
f 451/587/461 236/315/236 216/295/216 505/663/533 
f 452/578/452 451/577/451 505/665/535 506/664/534 
f 457/596/470 223/302/223 226/305/226 507/666/536 
f 458/586/460 457/585/459 507/668/538 508/667/537 
f 463/605/479 314/393/314 300/379/300 509/671/539 
f 464/595/469 463/594/468 509/673/541 510/672/540 
f 469/611/485 288/367/288 272/351/272 511/676/542 
f 470/604/478 469/603/477 511/678/544 512/677/543 
f 513/679/545 514/680/546 515/681/547 516/681/548 
f 517/682/549 518/683/549 519/684/550 520/685/551 
f 521/686/552 522/687/553 523/688/554 524/689/555 
f 525/690/556 526/691/557 527/692/558 528/693/559 
f 521/686/552 529/694/560 530/695/561 531/696/562 
f 532/697/563 533/698/564 534/699/565 535/700/565 
f 520/685/551 519/684/550 536/701/566 537/702/567 
f 524/689/555 538/703/568 539/704/569 540/705/570 
f 520/685/551 541/706/571 542/707/549 517/682/549 
f 524/689/555 523/688/554 543/708/572 538/703/568 
f 537/702/567 544/709/573 545/710/573 546/711/567 
f 537/702/567 536/701/566 547/712/574 544/709/573 
f 538/703/568 548/713/575 549/714/576 539/704/569 
f 538/703/568 543/708/572 550/715/577 548/713/575 
f 544/709/573 551/716/578 552/717/578 545/710/573 
f 544/709/573 547/712/574 553/718/578 551/716/578 
f 548/713/575 554/719/579 555/720/580 549/714/576 
f 548/713/575 550/715/577 556/721/581 554/719/579 
f 557/722/582 558/722/583 559/723/584 560/723/585 
f 529/694/560 561/724/560 562/725/561 530/695/561 
f 535/700/565 534/699/565 563/726/586 564/727/587 
f 551/716/578 565/728/588 566/729/588 552/717/578 
f 535/700/565 567/730/589 568/731/563 532/697/563 
f 551/716/578 553/718/578 569/732/590 565/728/588 
f 554/719/579 570/733/591 571/734/592 555/720/580 
f 554/719/579 556/721/581 572/735/593 570/733/591 
f 564/727/587 573/736/594 574/737/595 575/738/596 
f 564/727/587 563/726/586 576/736/597 573/736/594 
f 565/728/588 577/739/598 578/740/599 566/729/588 
f 565/728/588 569/732/590 579/741/600 577/739/598 
f 570/733/591 580/742/601 581/743/602 571/734/592 
f 570/733/591 572/735/593 582/742/603 580/742/601 
f 573/736/594 583/744/604 584/745/605 574/737/595 
f 573/736/594 576/736/597 585/744/606 583/744/604 
f 577/739/598 586/746/607 587/747/608 578/740/599 
f 577/739/598 579/741/600 588/748/609 586/746/607 
f 580/742/601 589/749/610 590/750/611 581/743/602 
f 580/742/601 582/742/603 591/749/612 589/749/610 
f 583/744/604 592/751/613 593/752/614 584/745/605 
f 583/744/604 585/744/606 594/753/615 592/751/613 
f 586/746/607 532/697/563 568/731/563 587/747/608 
f 586/746/607 588/748/609 533/698/564 532/697/563 
f 589/749/610 595/754/616 596/755/616 590/750/611 
f 589/749/610 591/749/612 597/756/617 595/754/616 
f 592/751/613 598/757/618 599/758/619 593/752/614 
f 592/751/613 594/753/615 600/759/620 598/757/618 
f 595/754/616 601/760/621 602/761/621 596/755/616 
f 595/754/616 597/756/617 603/762/622 601/760/621 
f 598/757/618 604/763/623 605/764/623 599/758/619 
f 598/757/618 600/759/620 606/763/624 604/763/623 
f 601/760/621 607/765/625 608/766/626 602/761/621 
f 601/760/621 603/762/622 609/765/627 607/765/625 
f 604/763/623 610/767/628 611/768/628 605/764/623 
f 604/763/623 606/763/624 612/767/628 610/767/628 
f 607/765/625 613/769/629 614/770/630 608/766/626 
f 607/765/625 609/765/627 615/769/631 613/769/629 
f 610/767/628 616/771/632 617/772/633 611/768/628 
f 610/767/628 612/767/628 618/771/632 616/771/632 
f 613/769/629 619/773/634 620/774/634 614/770/630 
f 613/769/629 615/769/631 621/775/635 619/773/634 
f 616/771/632 531/696/562 530/695/561 617/772/633 
f 616/771/632 618/771/632 622/776/636 531/696/562 
f 619/773/634 517/682/549 542/707/549 620/774/634 
f 619/773/634 621/775/635 518/683/549 517/682/549 
f 623/777/637 624/778/638 625/779/639 626/780/640 
f 563/781/641 624/778/638 627/782/642 576/783/642 
f 426/530/426 628/784/643 629/785/644 420/519/420 
f 630/786/645 623/777/637 631/787/646 629/785/644 
f 432/540/432 632/788/647 628/784/643 426/530/426 
f 436/550/436 633/789/648 632/788/647 432/540/432 
f 440/556/440 634/790/649 633/789/648 436/550/436 
f 444/562/444 635/791/650 634/790/649 440/556/440 
f 448/570/448 636/792/651 635/793/650 444/567/444 
f 396/482/396 637/794/652 636/792/651 448/570/448 
f 391/474/391 638/795/653 637/794/652 396/482/396 
f 394/477/394 639/796/654 638/795/653 391/474/391 
f 400/487/400 640/797/655 639/796/654 394/477/394 
f 404/494/404 641/798/656 640/797/655 400/487/400 
f 408/500/408 642/799/657 641/798/656 404/494/404 
f 418/516/418 643/800/658 642/799/657 408/500/408 
f 424/527/424 644/801/659 643/802/658 418/524/418 
f 430/537/430 645/803/660 644/801/659 424/527/424 
f 434/547/434 646/804/661 645/803/660 430/537/430 
f 438/553/438 647/805/662 646/804/661 434/547/434 
f 442/559/442 648/806/663 647/805/662 438/553/438 
f 446/565/446 649/807/664 648/806/663 442/559/442 
f 390/470/390 650/808/665 649/807/664 446/565/446 
f 385/473/385 651/809/666 650/808/665 390/470/390 
f 388/467/388 652/810/667 651/811/666 385/464/385 
f 398/484/398 653/812/668 652/810/667 388/467/388 
f 402/491/402 654/813/669 653/812/668 398/484/398 
f 406/497/406 655/814/670 654/813/669 402/491/402 
f 416/512/416 656/815/671 655/814/670 406/497/406 
f 422/522/422 657/816/672 656/815/671 416/512/416 
f 428/534/428 658/817/673 657/816/672 422/522/422 
f 414/544/414 659/818/674 658/817/673 428/534/428 
f 409/502/409 660/819/675 659/820/674 414/509/414 
f 412/505/412 631/787/646 660/819/675 409/502/409 
f 660/819/675 631/787/646 623/777/637 626/780/640 
f 626/780/640 661/821/676 659/820/674 660/819/675 
f 661/822/676 662/823/677 658/817/673 659/818/674 
f 662/823/677 663/824/678 657/816/672 658/817/673 
f 663/824/678 664/825/679 656/815/671 657/816/672 
f 664/825/679 665/826/680 655/814/670 656/815/671 
f 665/826/680 666/827/681 654/813/669 655/814/670 
f 666/827/681 667/828/682 653/812/668 654/813/669 
f 667/828/682 668/829/683 652/810/667 653/812/668 
f 668/829/683 669/830/684 651/811/666 652/810/667 
f 669/831/684 670/832/685 650/808/665 651/809/666 
f 670/832/685 671/833/686 649/807/664 650/808/665 
f 671/833/686 672/834/687 648/806/663 649/807/664 
f 672/834/687 673/835/688 647/805/662 648/806/663 
f 673/835/688 674/836/689 646/804/661 647/805/662 
f 674/836/689 675/837/690 645/803/660 646/804/661 
f 675/837/690 676/838/691 644/801/659 645/803/660 
f 676/838/691 677/839/692 643/802/658 644/801/659 
f 677/840/692 678/841/693 642/799/657 643/800/658 
f 678/841/693 679/842/694 641/798/656 642/799/657 
f 679/842/694 680/843/695 640/797/655 641/798/656 
f 680/843/695 681/844/696 639/796/654 640/797/655 
f 681/844/696 682/845/697 638/795/653 639/796/654 
f 682/845/697 683/846/698 637/794/652 638/795/653 
f 683/846/698 684/847/699 636/792/651 637/794/652 
f 684/847/699 685/848/700 635/793/650 636/792/651 
f 685/849/700 686/850/701 634/790/649 635/791/650 
f 686/850/701 687/851/702 633/789/648 634/790/649 
f 687/851/702 688/852/703 632/788/647 633/789/648 
f 688/852/703 689/853/704 628/784/643 632/788/647 
f 689/853/704 630/786/645 629/785/644 628/784/643 
f 420/519/420 629/785/644 631/787/646 412/505/412 
f 630/786/645 627/782/642 624/778/638 623/777/637 
f 576/783/642 627/782/642 690/854/705 585/855/705 
f 534/856/639 625/779/639 624/778/638 563/781/641 
f 689/853/704 690/854/705 627/782/642 630/786/645 
f 585/855/705 690/854/705 691/857/706 594/858/707 
f 688/852/703 691/857/706 690/854/705 689/853/704 
f 594/858/707 691/857/706 692/859/708 600/860/708 
f 687/851/702 692/859/708 691/857/706 688/852/703 
f 600/860/708 692/859/708 693/861/709 606/862/709 
f 686/850/701 693/861/709 692/859/708 687/851/702 
f 606/862/709 693/861/709 694/863/710 612/864/710 
f 685/849/700 694/863/710 693/861/709 686/850/701 
f 612/865/710 694/866/710 695/867/711 618/868/711 
f 684/847/699 695/867/711 694/866/710 685/848/700 
f 618/868/711 695/867/711 696/869/712 622/870/713 
f 683/846/698 696/869/712 695/867/711 684/847/699 
f 622/870/713 696/869/712 697/871/714 522/872/714 
f 682/845/697 697/871/714 696/869/712 683/846/698 
f 522/872/714 697/871/714 698/873/715 523/874/716 
f 681/844/696 698/873/715 697/871/714 682/845/697 
f 523/874/716 698/873/715 699/875/717 543/876/718 
f 680/843/695 699/875/717 698/873/715 681/844/696 
f 543/876/718 699/875/717 700/877/719 550/878/720 
f 679/842/694 700/877/719 699/875/717 680/843/695 
f 550/878/720 700/877/719 701/879/721 556/880/722 
f 678/841/693 701/879/721 700/877/719 679/842/694 
f 556/880/722 701/879/721 702/881/723 572/882/724 
f 677/840/692 702/881/723 701/879/721 678/841/693 
f 572/883/724 702/884/723 703/885/725 582/886/726 
f 676/838/691 703/885/725 702/884/723 677/839/692 
f 582/886/726 703/885/725 704/887/727 591/888/727 
f 675/837/690 704/887/727 703/885/725 676/838/691 
f 591/888/727 704/887/727 705/889/728 597/890/728 
f 674/836/689 705/889/728 704/887/727 675/837/690 
f 597/890/728 705/889/728 706/891/729 603/892/729 
f 673/835/688 706/891/729 705/889/728 674/836/689 
f 603/892/729 706/891/729 707/893/730 609/894/731 
f 672/834/687 707/893/730 706/891/729 673/835/688 
f 609/894/731 707/893/730 708/895/732 615/896/732 
f 671/833/686 708/895/732 707/893/730 672/834/687 
f 615/896/732 708/895/732 709/897/733 621/898/733 
f 670/832/685 709/897/733 708/895/732 671/833/686 
f 621/898/733 709/897/733 710/899/734 518/900/734 
f 669/831/684 710/899/734 709/897/733 670/832/685 
f 518/901/734 710/902/734 711/903/735 519/904/736 
f 668/829/683 711/903/735 710/902/734 669/830/684 
f 519/904/736 711/903/735 712/905/737 536/906/737 
f 667/828/682 712/905/737 711/903/735 668/829/683 
f 536/906/737 712/905/737 713/907/738 547/908/739 
f 666/827/681 713/907/738 712/905/737 667/828/682 
f 547/908/739 713/907/738 714/909/740 553/910/741 
f 665/826/680 714/909/740 713/907/738 666/827/681 
f 553/910/741 714/909/740 715/911/742 569/912/743 
f 664/825/679 715/911/742 714/909/740 665/826/680 
f 569/912/743 715/911/742 716/913/744 579/914/744 
f 663/824/678 716/913/744 715/911/742 664/825/679 
f 579/914/744 716/913/744 717/915/745 588/916/745 
f 662/823/677 717/915/745 716/913/744 663/824/678 
f 588/916/745 717/915/745 718/917/746 533/918/746 
f 661/822/676 718/917/746 717/915/745 662/823/677 
f 534/856/639 533/919/746 718/920/746 625/779/639 
f 626/780/640 625/779/639 718/920/746 661/821/676 
f 719/921/560 720/922/560 721/923/561 722/924/561 
f 723/925/747 724/925/747 526/926/557 525/926/556 
f 520/685/551 537/702/567 546/711/567 541/706/571 
f 498/670/522 525/690/556 528/693/559 508/667/537 
f 725/927/570 726/928/570 719/921/560 561/724/560 
f 727/929/748 728/929/749 514/680/546 513/679/545 
f 521/686/552 524/689/555 540/705/570 529/694/560 
f 494/644/516 513/679/545 516/681/548 504/661/531 
f 488/635/507 723/925/747 525/926/556 498/652/522 
f 729/930/750 730/930/751 724/925/747 723/925/747 
f 484/627/501 727/929/748 513/679/545 494/644/516 
f 731/931/752 732/932/753 728/929/749 727/929/748 
f 474/612/486 729/930/750 723/925/747 488/635/507 
f 733/933/754 734/933/755 730/930/751 729/930/750 
f 466/630/473 731/931/752 727/929/748 484/627/501 
f 735/934/756 736/934/757 732/935/753 731/935/752 
f 454/581/455 733/933/754 729/930/750 474/612/486 
f 737/936/758 738/936/759 734/933/755 733/933/754 
f 461/592/466 735/934/756 731/935/752 466/599/473 
f 739/937/760 740/937/761 736/934/757 735/934/756 
f 449/575/449 737/936/758 733/933/754 454/581/455 
f 741/938/762 742/938/763 738/936/759 737/936/758 
f 464/595/469 739/937/760 735/934/756 461/592/466 
f 743/939/764 744/939/765 740/937/761 739/937/760 
f 452/578/452 741/938/762 737/936/758 449/575/449 
f 745/940/766 746/940/767 742/938/763 741/938/762 
f 510/672/540 743/939/764 739/937/760 464/595/469 
f 747/941/768 748/942/769 558/943/583 557/944/582 
f 535/700/565 564/727/587 575/738/596 567/730/589 
f 475/614/488 478/617/491 557/722/582 560/723/585 
f 506/664/534 745/940/766 741/938/762 452/578/452 
f 749/945/770 750/945/771 744/939/765 743/939/764 
f 502/658/528 747/941/768 557/944/582 478/674/491 
f 751/946/772 752/946/773 746/940/767 745/940/766 
f 500/655/525 749/945/770 743/939/764 510/672/540 
f 753/947/774 754/948/775 748/942/769 747/941/768 
f 496/647/519 751/946/772 745/940/766 506/664/534 
f 755/949/776 756/949/777 750/945/771 749/945/770 
f 492/641/513 753/947/774 747/941/768 502/658/528 
f 757/950/778 758/950/779 752/946/773 751/946/772 
f 490/638/510 755/949/776 749/945/770 500/655/525 
f 759/951/780 760/951/781 754/948/775 753/947/774 
f 486/650/504 757/950/778 751/946/772 496/647/519 
f 761/952/782 762/952/783 756/949/777 755/949/776 
f 482/624/498 759/951/780 753/947/774 492/641/513 
f 763/953/784 764/953/785 758/954/779 757/955/778 
f 480/620/494 761/952/782 755/949/776 490/638/510 
f 765/956/786 766/956/787 760/951/781 759/951/780 
f 472/608/482 763/953/784 757/955/778 486/632/504 
f 560/723/585 559/723/584 762/952/783 761/952/782 
f 460/590/464 765/956/786 759/951/780 482/624/498 
f 767/957/788 768/958/789 764/953/785 763/953/784 
f 769/959/589 770/960/589 771/961/563 772/962/563 
f 773/963/790 774/963/791 766/956/787 765/956/786 
f 467/601/475 767/957/788 763/953/784 472/608/482 
f 775/964/792 776/964/792 768/958/789 767/957/788 
f 455/583/457 773/963/790 765/956/786 460/590/464 
f 777/965/793 778/966/794 774/963/791 773/963/790 
f 470/604/478 775/964/792 767/957/788 467/601/475 
f 779/967/795 780/967/795 776/964/792 775/964/792 
f 458/586/460 777/965/793 773/963/790 455/583/457 
f 528/693/559 527/692/558 778/966/794 777/965/793 
f 512/677/543 779/967/795 775/964/792 470/604/478 
f 516/681/548 515/681/547 780/967/795 779/967/795 
f 781/968/571 782/969/571 783/970/549 784/971/549 
f 542/707/549 785/972/549 786/973/634 620/774/634 
f 567/730/589 787/974/589 788/975/563 568/731/563 
f 785/972/549 789/976/551 781/968/571 784/971/549 
f 531/696/562 622/776/636 522/687/553 521/686/552 
f 530/695/561 562/725/561 790/977/633 617/772/633 
f 541/706/571 789/976/551 785/972/549 542/707/549 
f 562/725/561 561/724/560 719/921/560 722/924/561 
f 785/972/549 784/971/549 791/978/634 786/973/634 
f 620/774/634 786/973/634 792/979/630 614/770/630 
f 562/725/561 722/924/561 793/980/633 790/977/633 
f 617/772/633 790/977/633 794/981/628 611/768/628 
f 786/973/634 791/978/634 795/982/630 792/979/630 
f 614/770/630 792/979/630 796/983/626 608/766/626 
f 790/977/633 793/980/633 797/984/628 794/981/628 
f 611/768/628 794/981/628 798/985/623 605/764/623 
f 792/979/630 795/982/630 799/986/626 796/983/626 
f 608/766/626 796/983/626 800/987/621 602/761/621 
f 794/981/628 797/984/628 801/988/623 798/985/623 
f 605/764/623 798/985/623 802/989/619 599/758/619 
f 796/983/626 799/986/626 803/990/621 800/987/621 
f 602/761/621 800/987/621 804/991/616 596/755/616 
f 798/985/623 801/988/623 805/992/619 802/989/619 
f 599/758/619 802/989/619 806/993/614 593/752/614 
f 800/987/621 803/990/621 807/994/616 804/991/616 
f 596/755/616 804/991/616 808/995/611 590/750/611 
f 802/989/619 805/992/619 809/996/614 806/993/614 
f 568/731/563 788/975/563 810/997/608 587/747/608 
f 780/998/796 515/999/560 720/922/560 811/998/797 
f 788/975/563 787/974/589 769/959/589 772/962/563 
f 804/991/616 807/994/616 812/1000/611 808/995/611 
f 593/752/614 806/993/614 813/1001/605 584/745/605 
f 788/975/563 772/962/563 814/1002/608 810/997/608 
f 590/750/611 808/995/611 815/1003/602 581/743/602 
f 806/993/614 809/996/614 816/1004/605 813/1001/605 
f 587/747/608 810/997/608 817/1005/599 578/740/599 
f 808/995/611 812/1000/611 818/1006/601 815/1003/602 
f 584/745/605 813/1001/605 819/1007/595 574/737/595 
f 810/997/608 814/1002/608 820/1008/599 817/1005/599 
f 581/743/602 815/1003/602 821/1009/592 571/734/592 
f 813/1001/605 816/1004/605 822/1010/595 819/1007/595 
f 578/740/599 817/1005/599 823/1011/588 566/729/588 
f 815/1003/602 818/1006/601 824/1012/592 821/1009/592 
f 574/737/595 819/1007/595 825/1013/596 575/738/596 
f 817/1005/599 820/1008/599 826/1014/588 823/1011/588 
f 571/734/592 821/1009/592 827/1015/580 555/720/580 
f 819/1007/595 822/1010/595 828/1016/596 825/1013/596 
f 566/729/588 823/1011/588 829/1017/578 552/717/578 
f 821/1009/592 824/1012/592 830/1018/580 827/1015/580 
f 575/738/596 825/1013/596 787/974/589 567/730/589 
f 823/1011/588 826/1014/588 831/1019/578 829/1017/578 
f 555/720/580 827/1015/580 832/1020/576 549/714/576 
f 825/1013/596 828/1016/596 769/959/589 787/974/589 
f 552/717/578 829/1017/578 833/1021/573 545/710/573 
f 827/1015/580 830/1018/580 834/1022/576 832/1020/576 
f 549/714/576 832/1020/576 835/1023/569 539/704/569 
f 829/1017/578 831/1019/578 836/1024/573 833/1021/573 
f 545/710/573 833/1021/573 837/1025/567 546/711/567 
f 832/1020/576 834/1022/576 838/1026/569 835/1023/569 
f 539/704/569 835/1023/569 725/927/570 540/705/570 
f 833/1021/573 836/1024/573 839/1027/567 837/1025/567 
f 546/711/567 837/1025/567 789/976/551 541/706/571 
f 835/1023/569 838/1026/569 726/928/570 725/927/570 
f 540/705/570 725/927/570 561/724/560 529/694/560 
f 837/1025/567 839/1027/567 781/968/571 789/976/551 
f 504/661/531 516/681/548 779/967/795 512/677/543 
f 726/928/570 811/998/797 720/922/560 719/921/560 
f 778/1028/567 527/1029/571 782/969/571 840/1028/567 
f 514/1030/798 721/923/561 720/922/560 515/999/560 
f 508/667/537 528/693/559 777/965/793 458/586/460 
f 839/1027/567 840/1028/567 782/969/571 781/968/571 
f 776/1031/799 780/998/796 811/998/797 841/1032/800 
f 526/1033/801 783/970/549 782/969/571 527/1029/571 
f 838/1026/569 841/1032/800 811/998/797 726/928/570 
f 774/1034/573 778/1028/567 840/1028/567 842/1035/573 
f 836/1024/573 842/1035/573 840/1028/567 839/1027/567 
f 768/1036/802 776/1031/799 841/1032/800 843/1037/803 
f 834/1022/576 843/1037/803 841/1032/800 838/1026/569 
f 766/1038/804 774/1034/573 842/1035/573 844/1039/805 
f 831/1019/578 844/1039/805 842/1035/573 836/1024/573 
f 764/1040/806 768/1036/802 843/1037/803 845/1041/807 
f 830/1018/580 845/1041/807 843/1037/803 834/1022/576 
f 762/1042/808 559/960/589 770/960/589 846/1043/596 
f 475/614/488 560/723/585 761/952/782 480/620/494 
f 828/1016/596 846/1043/596 770/960/589 769/959/589 
f 760/1044/809 766/1038/804 844/1039/805 847/1044/810 
f 558/1045/563 771/961/563 770/960/589 559/960/589 
f 826/1014/588 847/1044/810 844/1039/805 831/1019/578 
f 758/1046/811 764/1040/806 845/1041/807 848/1047/812 
f 824/1012/592 848/1047/812 845/1041/807 830/1018/580 
f 756/1048/594 762/1042/808 846/1043/596 849/1049/595 
f 822/1010/595 849/1049/595 846/1043/596 828/1016/596 
f 754/1050/813 760/1044/809 847/1044/810 850/1050/814 
f 820/1008/599 850/1050/814 847/1044/810 826/1014/588 
f 752/1051/815 758/1046/811 848/1047/812 851/1052/816 
f 818/1006/601 851/1052/816 848/1047/812 824/1012/592 
f 750/1053/817 756/1048/594 849/1049/595 852/1054/605 
f 816/1004/605 852/1054/605 849/1049/595 822/1010/595 
f 748/1055/818 754/1050/813 850/1050/814 853/1056/818 
f 814/1002/608 853/1056/818 850/1050/814 820/1008/599 
f 746/1057/819 752/1051/815 851/1052/816 854/1058/820 
f 812/1000/611 854/1058/820 851/1052/816 818/1006/601 
f 744/1059/821 750/1053/817 852/1054/605 855/1060/822 
f 809/996/614 855/1060/822 852/1054/605 816/1004/605 
f 558/1045/563 748/1055/818 853/1056/818 771/961/563 
f 772/962/563 771/961/563 853/1056/818 814/1002/608 
f 742/1061/823 746/1057/819 854/1058/820 856/1062/823 
f 807/994/616 856/1062/823 854/1058/820 812/1000/611 
f 740/1063/824 744/1059/821 855/1060/822 857/1064/824 
f 805/992/619 857/1064/824 855/1060/822 809/996/614 
f 738/1065/825 742/1061/823 856/1062/823 858/1066/826 
f 803/990/621 858/1066/826 856/1062/823 807/994/616 
f 736/1067/827 740/1063/824 857/1064/824 859/1068/623 
f 801/988/623 859/1068/623 857/1064/824 805/992/619 
f 734/1069/828 738/1065/825 858/1066/826 860/1070/829 
f 799/986/626 860/1070/829 858/1066/826 803/990/621 
f 732/1071/830 736/1067/827 859/1068/623 861/1072/831 
f 797/984/628 861/1072/831 859/1068/623 801/988/623 
f 730/1073/832 734/1069/828 860/1070/829 862/1074/832 
f 795/982/630 862/1074/832 860/1070/829 799/986/626 
f 728/1075/833 732/1071/830 861/1072/831 863/1076/833 
f 793/980/633 863/1076/833 861/1072/831 797/984/628 
f 724/1077/634 730/1073/832 862/1074/832 864/1078/634 
f 791/978/634 864/1078/634 862/1074/832 795/982/630 
f 514/1030/798 728/1075/833 863/1076/833 721/923/561 
f 722/924/561 721/923/561 863/1076/833 793/980/633 
f 526/1033/801 724/1077/634 864/1078/634 783/970/549 
f 784/971/549 783/970/549 864/1078/634 791/978/634 
f 4/11/4 3/1079/3 101/122/101 11/12/11 
f 865/1080/834 866/1081/834 867/1082/834 868/1083/834 
f 868/1083/834 867/1082/834 869/1084/834 870/1085/834 
f 870/1085/834 869/1084/834 871/1086/834 872/1087/834 
f 872/1087/834 871/1086/834 873/1088/834 874/1089/834 
f 874/1089/834 873/1088/834 875/1090/834 876/1091/834 
f 876/1091/834 875/1090/834 877/1092/834 878/1093/834 
f 878/1093/834 877/1092/834 879/1094/834 880/1095/834 
f 880/1095/834 879/1094/834 881/1096/834 882/1097/834 
f 882/1097/834 881/1096/834 883/1098/834 884/1099/834 
f 882/1100/835 885/1101/836 886/1102/837 880/1103/838 
f 879/1104/839 887/1105/840 888/1106/841 881/1107/842 
f 884/1108/843 889/1109/843 885/1101/836 882/1100/835 
f 865/1110/844 890/1111/844 891/1112/844 866/1113/844 
f 881/1107/842 888/1106/841 892/1114/845 883/1115/845 
f 883/1116/846 892/1117/846 889/1118/846 884/1119/846 
f 868/1120/847 893/1121/848 890/1122/849 865/1123/849 
f 866/1124/850 891/1125/850 894/1126/851 867/1127/852 
f 870/1128/853 895/1129/854 893/1121/848 868/1120/847 
f 867/1127/852 894/1126/851 896/1130/855 869/1131/856 
f 872/1132/857 897/1133/858 895/1129/854 870/1128/853 
f 869/1131/856 896/1130/855 898/1134/859 871/1135/860 
f 874/1136/861 899/1137/862 897/1133/858 872/1132/857 
f 871/1135/860 898/1134/859 900/1138/863 873/1139/864 
f 876/1140/865 901/1141/866 899/1137/862 874/1136/861 
f 873/1139/864 900/1138/863 902/1142/867 875/1143/868 
f 878/1144/869 903/1145/870 901/1141/866 876/1140/865 
f 875/1143/868 902/1142/867 904/1146/871 877/1147/872 
f 880/1103/838 886/1102/837 903/1145/870 878/1144/869 
f 877/1147/872 904/1146/871 887/1105/840 879/1104/839 
# 893 polygons

#
# object Rin
#

v  -0.0573 -0.0314 0.0220
v  -0.0530 -0.0641 0.0488
v  -0.0530 -0.0529 0.0600
v  -0.0573 -0.0260 0.0274
v  -0.0530 -0.0640 -0.0539
v  -0.0573 -0.0313 -0.0271
v  -0.0573 -0.0259 -0.0324
v  -0.0530 -0.0527 -0.0652
v  -0.0530 -0.0395 -0.0740
v  -0.0573 -0.0196 -0.0366
v  -0.0573 -0.0126 -0.0395
v  -0.0530 -0.0248 -0.0800
v  -0.0530 -0.0093 -0.0831
v  -0.0573 -0.0052 -0.0410
v  -0.0177 -0.0399 -0.0748
v  -0.0177 -0.0533 -0.0659
v  -0.0530 0.0700 -0.0406
v  -0.0573 0.0327 -0.0207
v  -0.0573 0.0356 -0.0137
v  -0.0530 0.0761 -0.0259
v  -0.0530 0.0612 -0.0538
v  -0.0573 0.0285 -0.0270
v  -0.0573 0.0371 -0.0062
v  -0.0530 0.0792 -0.0103
v  -0.0573 -0.0197 0.0316
v  -0.0530 -0.0397 0.0689
v  -0.0530 -0.0251 0.0750
v  -0.0573 -0.0127 0.0345
v  -0.0530 0.0500 -0.0650
v  -0.0573 0.0231 -0.0323
v  -0.0530 -0.0728 -0.0408
v  -0.0177 -0.0647 -0.0545
v  -0.0177 -0.0736 -0.0412
v  -0.0530 -0.0820 0.0053
v  -0.0530 -0.0790 0.0209
v  -0.0573 -0.0385 0.0087
v  -0.0573 -0.0399 0.0013
v  -0.0530 -0.0095 0.0781
v  -0.0573 -0.0053 0.0360
v  -0.0530 0.0368 -0.0739
v  -0.0573 0.0168 -0.0366
v  -0.0530 0.0064 0.0781
v  -0.0573 0.0023 0.0360
v  -0.0530 0.0222 -0.0799
v  -0.0573 0.0098 -0.0395
v  -0.0530 0.0220 0.0750
v  -0.0573 0.0097 0.0345
v  -0.0530 0.0066 -0.0831
v  -0.0573 0.0024 -0.0410
v  -0.0530 0.0498 0.0602
v  -0.0530 0.0366 0.0690
v  -0.0177 0.0371 0.0698
v  -0.0177 0.0504 0.0609
v  -0.0177 0.0222 0.0759
v  -0.0177 0.0067 -0.0840
v  -0.0177 -0.0093 -0.0840
v  -0.0573 0.0231 0.0274
v  -0.0530 0.0611 0.0490
v  -0.0573 0.0284 0.0221
v  -0.0530 -0.0729 0.0356
v  -0.0573 -0.0356 0.0157
v  -0.0530 0.0699 0.0358
v  -0.0573 0.0326 0.0158
v  -0.0530 -0.0820 -0.0105
v  -0.0573 -0.0399 -0.0063
v  -0.0530 0.0760 0.0211
v  -0.0573 0.0356 0.0088
v  -0.0530 -0.0789 -0.0261
v  -0.0573 -0.0384 -0.0138
v  -0.0530 0.0791 0.0056
v  -0.0573 0.0370 0.0014
v  -0.0573 -0.0355 -0.0208
v  -0.0595 0.0023 0.0360
v  -0.0595 -0.0053 0.0359
v  -0.0595 -0.0399 -0.0063
v  -0.0595 -0.0384 -0.0137
v  -0.0595 -0.0399 0.0012
v  -0.0595 0.0168 -0.0365
v  -0.0595 0.0231 -0.0323
v  -0.0595 0.0098 -0.0394
v  -0.0595 -0.0355 -0.0207
v  -0.0595 0.0097 0.0345
v  -0.0595 0.0024 -0.0409
v  -0.0595 -0.0259 -0.0324
v  -0.0595 -0.0196 -0.0366
v  -0.0573 0.0167 0.0316
v  -0.0595 0.0167 0.0316
v  -0.0595 -0.0313 -0.0270
v  -0.0595 -0.0126 -0.0395
v  -0.0595 -0.0052 -0.0409
v  -0.0595 0.0284 -0.0269
v  -0.0595 -0.0384 0.0087
v  -0.0595 -0.0355 0.0157
v  -0.0595 -0.0313 0.0220
v  -0.0595 -0.0260 0.0273
v  -0.0595 -0.0197 0.0316
v  -0.0595 -0.0127 0.0345
v  -0.0595 0.0230 0.0274
v  -0.0595 0.0284 0.0221
v  -0.0595 0.0326 0.0158
v  -0.0595 0.0355 0.0088
v  -0.0595 0.0370 0.0014
v  -0.0595 0.0370 -0.0062
v  -0.0595 0.0355 -0.0136
v  -0.0595 0.0326 -0.0206
v  -0.0177 -0.0798 0.0212
v  -0.0177 -0.0737 0.0360
v  -0.0177 -0.0829 0.0054
v  -0.0177 -0.0829 -0.0106
v  -0.0177 0.0618 0.0496
v  -0.0177 0.0707 0.0362
v  -0.0177 -0.0251 -0.0809
v  -0.0177 0.0769 0.0214
v  -0.0177 -0.0798 -0.0264
v  -0.0177 0.0800 0.0057
v  -0.0177 -0.0648 0.0494
v  -0.0177 -0.0535 0.0607
v  -0.0177 0.0770 -0.0261
v  -0.0177 0.0708 -0.0410
v  -0.0177 -0.0401 0.0697
v  -0.0177 0.0619 -0.0543
v  -0.0177 0.0801 -0.0104
v  -0.0177 -0.0253 0.0758
v  -0.0177 0.0506 -0.0657
v  -0.0177 -0.0096 0.0790
v  -0.0177 0.0373 -0.0746
v  -0.0177 0.0065 0.0790
v  -0.0177 0.0224 -0.0808
v  -0.0650 -0.0209 0.0388
v  -0.0171 -0.0204 0.0378
v  -0.0172 -0.0294 0.0341
v  -0.0651 -0.0300 0.0351
v  -0.0652 -0.1798 -0.1105
v  -0.0153 -0.1794 -0.1103
v  -0.0140 -0.2513 -0.1579
v  -0.0657 -0.2517 -0.1581
v  -0.0129 -0.2717 -0.1080
v  -0.0129 -0.2633 -0.1285
v  -0.0142 -0.1892 -0.0891
v  -0.0142 -0.1960 -0.0743
v  -0.0153 -0.1263 -0.0556
v  -0.0153 -0.1324 -0.0460
v  -0.0142 -0.1824 -0.1038
v  -0.0153 -0.1202 -0.0652
v  -0.0129 -0.2550 -0.1489
v  -0.0578 -0.2721 -0.1081
v  -0.0576 -0.1968 -0.0745
v  -0.0652 -0.1900 -0.0893
v  -0.0657 -0.2638 -0.1286
v  -0.0663 -0.1829 -0.1040
v  -0.0668 -0.2554 -0.1492
v  -0.0649 -0.1293 -0.0561
v  -0.0659 -0.1215 -0.0656
v  -0.0575 -0.1364 -0.0466
v  -0.0159 -0.0767 -0.0381
v  -0.0159 -0.0836 -0.0325
v  -0.0159 -0.0904 -0.0268
v  -0.0162 -0.0602 -0.0179
v  -0.0162 -0.0681 -0.0152
v  -0.0161 -0.0523 -0.0207
v  -0.0163 -0.1175 -0.0695
v  -0.0169 -0.0738 -0.0406
v  -0.0172 -0.0489 -0.0219
v  -0.0577 -0.1014 -0.0284
v  -0.0650 -0.0917 -0.0337
v  -0.0660 -0.0798 -0.0387
v  -0.0652 -0.0734 -0.0198
v  -0.0662 -0.0572 -0.0215
v  -0.0579 -0.0862 -0.0176
v  -0.0169 -0.0942 -0.0241
v  -0.0172 -0.0726 -0.0138
v  -0.0412 -0.0845 -0.0157
v  -0.0410 -0.1013 -0.0255
v  -0.0406 -0.1379 -0.0422
v  -0.0162 -0.0441 -0.0094
v  -0.0162 -0.0523 -0.0087
v  -0.0163 -0.0604 -0.0079
v  -0.0162 -0.0527 -0.0017
v  -0.0163 -0.0604 -0.0028
v  -0.0161 -0.0449 -0.0006
v  -0.0172 -0.0406 -0.0097
v  -0.0171 -0.0415 -0.0001
v  -0.0652 -0.0677 -0.0108
v  -0.0662 -0.0498 -0.0102
v  -0.0652 -0.0684 -0.0038
v  -0.0661 -0.0507 -0.0013
v  -0.0580 -0.0821 -0.0057
v  -0.0580 -0.0817 -0.0108
v  -0.0162 -0.0720 -0.0138
v  -0.0162 -0.0715 -0.0139
v  -0.0163 -0.0640 -0.0076
v  -0.0163 -0.0645 -0.0076
v  -0.0163 -0.0638 -0.0033
v  -0.0163 -0.0643 -0.0034
v  -0.0160 -0.0491 0.0089
v  -0.0162 -0.0561 0.0055
v  -0.0163 -0.0631 0.0021
v  -0.0162 -0.0673 0.0136
v  -0.0163 -0.0730 0.0078
v  -0.0160 -0.0617 0.0194
v  -0.0174 -0.0764 0.0048
v  -0.0413 -0.0885 0.0035
v  -0.0413 -0.0814 -0.0014
v  -0.0174 -0.0672 0.0003
v  -0.0413 -0.0794 -0.0054
v  -0.0580 -0.0843 -0.0007
v  -0.0580 -0.0912 0.0054
v  -0.0163 -0.1356 -0.0412
v  -0.0170 -0.0460 0.0104
v  -0.0170 -0.0592 0.0219
v  -0.0651 -0.0715 0.0035
v  -0.0661 -0.0547 0.0082
v  -0.0651 -0.0806 0.0118
v  -0.0661 -0.0666 0.0187
v  -0.0171 -0.1442 0.0185
v  -0.0414 -0.1467 0.0189
v  -0.0413 -0.1069 0.0103
v  -0.0173 -0.0996 0.0108
v  -0.0580 -0.1084 0.0134
v  -0.0583 -0.1468 0.0235
v  -0.0174 -0.0650 -0.0035
v  -0.0170 -0.0882 0.0344
v  -0.0160 -0.0898 0.0309
v  -0.0158 -0.1376 0.0457
v  -0.0168 -0.1365 0.0504
v  -0.0652 -0.1017 0.0218
v  -0.0661 -0.0930 0.0305
v  -0.0655 -0.1432 0.0344
v  -0.0665 -0.1389 0.0455
v  -0.0161 -0.0936 0.0229
v  -0.0162 -0.0974 0.0149
v  -0.0159 -0.1402 0.0348
v  -0.0160 -0.1428 0.0240
v  -0.0589 -0.2133 0.0353
v  -0.0664 -0.2099 0.0504
v  -0.0674 -0.2063 0.0655
v  -0.0686 -0.2859 0.0884
v  -0.0676 -0.2911 0.0683
v  -0.0598 -0.2962 0.0481
v  -0.0153 -0.2058 0.0655
v  -0.0154 -0.2090 0.0505
v  -0.0155 -0.2123 0.0354
v  -0.0148 -0.2905 0.0683
v  -0.0149 -0.2957 0.0482
v  -0.0146 -0.2854 0.0885
v  -0.0161 -0.2983 0.0381
v  -0.0419 -0.2983 0.0393
v  -0.0416 -0.2144 0.0288
v  -0.0167 -0.2140 0.0279
v  -0.0164 -0.2043 0.0721
v  -0.0157 -0.2831 0.0973
v  -0.0662 -0.2048 0.0721
v  -0.0654 -0.1370 0.0503
v  -0.0650 -0.0602 0.0218
v  -0.0650 -0.0890 0.0343
v  -0.0674 -0.2836 0.0972
v  -0.0650 -0.0426 -0.0002
v  -0.0650 -0.0471 0.0103
v  -0.0651 -0.0416 -0.0100
v  -0.0651 -0.0499 -0.0222
v  -0.0650 -0.0745 -0.0409
v  -0.0649 -0.1180 -0.0697
v  -0.0163 -0.1086 0.0910
v  -0.0649 -0.1090 0.0914
v  -0.0650 -0.0689 0.0578
v  -0.0169 -0.0685 0.0572
v  -0.0142 -0.1994 -0.0670
v  -0.0129 -0.2759 -0.0978
v  -0.0129 -0.2754 -0.0990
v  -0.0142 -0.1990 -0.0679
v  -0.0153 -0.1351 -0.0418
v  -0.0153 -0.1355 -0.0412
v  -0.0153 -0.1994 -0.0670
v  -0.0402 -0.1995 -0.0680
v  -0.0398 -0.2756 -0.0991
v  -0.0140 -0.2759 -0.0978
v  -0.0156 -0.2138 0.0288
v  -0.0161 -0.1439 0.0192
v  -0.0156 -0.2140 0.0279
v  -0.0161 -0.1441 0.0186
v  -0.0149 -0.2980 0.0393
v  -0.0149 -0.2983 0.0381
v  -0.0163 -0.0990 0.0114
v  -0.0163 -0.0755 0.0052
v  -0.0163 -0.0992 0.0109
v  -0.0163 -0.0758 0.0049
v  -0.0163 -0.0661 0.0006
v  -0.0163 -0.0666 0.0004
v  -0.0173 -0.0652 -0.0077
v  -0.0413 -0.0792 -0.0097
v  -0.0159 -0.0934 -0.0244
v  -0.0159 -0.0938 -0.0240
v  -0.0161 -0.0219 0.0409
v  -0.0160 -0.0139 0.0475
v  -0.0162 -0.0192 0.0533
v  -0.0162 -0.0252 0.0480
v  -0.0163 -0.0245 0.0590
v  -0.0163 -0.0285 0.0551
v  -0.0162 -0.0147 0.0664
v  -0.0163 -0.0218 0.0702
v  -0.0160 -0.0075 0.0626
v  -0.0159 -0.0582 0.0811
v  -0.0162 -0.0422 0.0631
v  -0.0412 -0.0476 0.0746
v  -0.0410 -0.0617 0.0879
v  -0.0156 -0.0428 0.2110
v  -0.0416 -0.0421 0.2116
v  -0.0414 -0.0322 0.1440
v  -0.0161 -0.0317 0.1413
v  -0.0398 -0.1824 0.2340
v  -0.0129 -0.1811 0.2346
v  -0.0142 -0.1296 0.1701
v  -0.0402 -0.1307 0.1699
v  -0.0419 -0.0560 0.2949
v  -0.0149 -0.0572 0.2946
v  -0.0163 -0.0342 0.0577
v  -0.0163 -0.0301 0.0587
v  -0.0413 -0.0363 0.0726
v  -0.0413 -0.0403 0.0712
v  -0.0153 -0.0903 0.1119
v  -0.0159 -0.0600 0.0771
v  -0.0159 -0.0584 0.0806
v  -0.0153 -0.0870 0.1157
v  -0.0153 -0.0866 0.1162
v  -0.0162 -0.0422 0.0626
v  -0.0162 -0.0424 0.0590
v  -0.0163 -0.0254 0.0721
v  -0.0413 -0.0303 0.0838
v  -0.0413 -0.0330 0.0756
v  -0.0163 -0.0271 0.0619
v  -0.0406 -0.0882 0.1182
v  -0.0162 -0.0219 0.0956
v  -0.0163 -0.0258 0.0961
v  -0.0163 -0.0250 0.0718
v  -0.0163 -0.0263 0.0962
v  -0.0161 -0.0310 0.1414
v  -0.0160 -0.0262 0.1416
v  -0.0413 -0.0290 0.1034
v  -0.0129 -0.2243 0.2001
v  -0.0140 -0.2319 0.1940
v  -0.0153 -0.1655 0.1387
v  -0.0142 -0.1602 0.1434
v  -0.0153 -0.1053 0.0947
v  -0.0652 0.0787 0.2003
v  -0.0649 0.0529 0.1308
v  -0.0163 0.0527 0.1303
v  -0.0153 0.0785 0.1999
v  -0.0650 -0.0121 0.0460
v  -0.0650 -0.0048 0.0619
v  -0.0170 -0.0044 0.0610
v  -0.0170 -0.0116 0.0450
v  -0.0651 0.0260 0.0522
v  -0.0172 0.0254 0.0514
v  -0.0169 0.0344 0.0812
v  -0.0650 0.0349 0.0818
v  -0.0650 -0.0010 0.0930
v  -0.0170 -0.0007 0.0923
v  -0.0654 0.0007 0.1436
v  -0.0168 0.0010 0.1431
v  -0.0172 -0.0435 0.0387
v  -0.0651 -0.0440 0.0395
v  -0.0662 0.0022 0.2147
v  -0.0674 0.0037 0.2972
v  -0.0157 0.0039 0.2968
v  -0.0164 0.0024 0.2142
v  -0.0668 -0.2246 0.2004
v  -0.0663 -0.1605 0.1438
v  -0.0652 -0.1658 0.1390
v  -0.0657 -0.2322 0.1944
v  -0.0659 -0.1060 0.0959
v  -0.0662 -0.0454 0.0468
v  -0.0662 -0.0325 0.0428
v  -0.0661 -0.0243 0.0462
v  -0.0661 -0.0095 0.0671
v  -0.0661 -0.0057 0.0958
v  -0.0665 -0.0044 0.1441
v  -0.0660 -0.0684 0.0636
v  -0.0158 -0.0039 0.1428
v  -0.0153 -0.0044 0.2137
v  -0.0154 -0.0197 0.2126
v  -0.0159 -0.0150 0.1422
v  -0.0155 -0.0351 0.2115
v  -0.0148 -0.0260 0.2957
v  -0.0149 -0.0468 0.2949
v  -0.0146 -0.0052 0.2965
v  -0.0160 -0.0045 0.0929
v  -0.0161 -0.0132 0.0942
v  -0.0589 -0.0355 0.2124
v  -0.0583 -0.0278 0.1453
v  -0.0598 -0.0470 0.2954
v  -0.0674 -0.0046 0.2143
v  -0.0686 -0.0054 0.2969
v  -0.0580 -0.0265 0.1058
v  -0.0580 -0.0293 0.0869
v  -0.0419 0.2189 -0.2066
v  -0.0416 0.1588 -0.1472
v  -0.0156 0.1591 -0.1462
v  -0.0149 0.2197 -0.2057
v  -0.0652 -0.0165 0.1017
v  -0.0651 -0.0201 0.0786
v  -0.0655 -0.0163 0.1450
v  -0.0580 -0.0332 0.0786
v  -0.0651 -0.0255 0.0675
v  -0.0652 -0.0316 0.0625
v  -0.0580 -0.0374 0.0751
v  -0.0661 -0.0163 0.0528
v  -0.0163 0.0528 0.0438
v  -0.0413 0.0637 0.0540
v  -0.0413 0.0598 0.0561
v  -0.0163 0.0488 0.0456
v  -0.0664 -0.0201 0.2134
v  -0.0676 -0.0262 0.2962
v  -0.0163 -0.0268 0.0615
v  -0.0163 -0.0299 0.0583
v  -0.0576 -0.1362 0.1655
v  -0.0578 -0.1900 0.2281
v  -0.0575 -0.0920 0.1155
v  -0.0577 -0.0646 0.0872
v  -0.0579 -0.0500 0.0757
v  -0.0162 -0.0429 0.0506
v  -0.0161 -0.0433 0.0423
v  -0.0162 -0.0301 0.0376
v  -0.0162 -0.0317 0.0456
v  -0.0163 -0.0334 0.0537
v  -0.0652 -0.0484 0.0628
v  -0.0652 -0.0381 0.0599
v  -0.0580 -0.0421 0.0733
v  -0.0163 -0.0341 0.0572
v  -0.0650 -0.0669 0.0763
v  -0.0649 -0.0992 0.1060
v  -0.0129 -0.1822 0.2338
v  -0.0142 -0.1304 0.1694
v  -0.0142 -0.1357 0.1648
v  -0.0129 -0.1898 0.2277
v  -0.0159 -0.0669 0.0608
v  -0.0159 -0.0635 0.0689
v  -0.0153 -0.0978 0.1033
v  -0.0156 -0.0418 0.2110
v  -0.0149 -0.0559 0.2946
v  -0.0129 -0.2070 0.2139
v  -0.0142 -0.1480 0.1541
v  -0.0652 -0.1484 0.1547
v  -0.0657 -0.2073 0.2143
v  -0.0668 0.1167 0.2763
v  -0.0663 0.0850 0.1969
v  -0.0657 0.1085 0.2813
v  -0.0659 0.0582 0.1295
v  -0.0650 0.0430 0.0243
v  -0.0170 0.0422 0.0236
v  -0.0171 0.0324 0.0294
v  -0.0650 0.0331 0.0302
v  -0.0159 0.0383 0.0809
v  -0.0153 0.0573 0.1285
v  -0.0161 0.0289 0.0524
v  -0.0650 0.0604 0.0228
v  -0.0170 0.0596 0.0221
v  -0.0651 0.0266 0.0374
v  -0.0172 0.0259 0.0366
v  -0.0155 0.1911 0.1018
v  -0.0156 0.1883 0.1080
v  -0.0161 0.1263 0.0743
v  -0.0160 0.1282 0.0698
v  -0.0156 0.1880 0.1088
v  -0.0161 0.1261 0.0750
v  -0.0149 0.2624 0.1493
v  -0.0149 0.2619 0.1505
v  -0.0149 0.2658 0.1408
v  -0.0159 0.0471 0.0804
v  -0.0153 0.0679 0.1243
v  -0.0159 0.0560 0.0799
v  -0.0153 0.0786 0.1202
v  -0.0162 0.0369 0.0548
v  -0.0162 0.0449 0.0573
v  -0.0163 0.1421 -0.0104
v  -0.0649 0.1427 -0.0105
v  -0.0650 0.0906 -0.0067
v  -0.0169 0.0898 -0.0065
v  -0.0168 0.1388 0.0448
v  -0.0164 0.2063 0.0674
v  -0.0153 0.2036 0.0736
v  -0.0158 0.1369 0.0493
v  -0.0157 0.2847 0.0938
v  -0.0146 0.2813 0.1022
v  -0.0577 0.0640 0.0876
v  -0.0650 0.0530 0.0861
v  -0.0649 0.0701 0.1265
v  -0.0575 0.0814 0.1230
v  -0.0660 0.0405 0.0832
v  -0.0652 0.0464 0.0641
v  -0.0662 0.0324 0.0559
v  -0.0579 0.0581 0.0700
v  -0.0163 0.0630 0.0457
v  -0.0413 0.0724 0.0542
v  -0.0163 0.0854 0.0547
v  -0.0413 0.0913 0.0596
v  -0.0398 0.1626 0.2478
v  -0.0129 0.1636 0.2469
v  -0.0142 0.1202 0.1767
v  -0.0402 0.1197 0.1776
v  -0.0162 0.0489 0.0585
v  -0.0162 0.0484 0.0583
v  -0.0163 0.0460 0.0488
v  -0.0163 0.0465 0.0490
v  -0.0163 0.0484 0.0452
v  -0.0163 0.0430 0.0469
v  -0.0163 0.0460 0.0428
v  -0.0162 0.0289 0.0385
v  -0.0161 0.0348 0.0318
v  -0.0162 0.0360 0.0427
v  -0.0162 0.0404 0.0373
v  -0.0414 0.1284 0.0763
v  -0.0406 0.0852 0.1203
v  -0.0153 0.0839 0.1181
v  -0.0413 0.0571 0.0594
v  -0.0412 0.0578 0.0674
v  -0.0662 0.2067 0.0677
v  -0.0674 0.2850 0.0941
v  -0.0583 0.1312 0.0726
v  -0.0589 0.1918 0.1024
v  -0.0664 0.1979 0.0882
v  -0.0655 0.1348 0.0617
v  -0.0674 0.2040 0.0740
v  -0.0665 0.1379 0.0502
v  -0.0686 0.2817 0.1026
v  -0.0676 0.2740 0.1219
v  -0.0598 0.2662 0.1412
v  -0.0163 0.0510 0.0404
v  -0.0163 0.0526 0.0434
v  -0.0163 0.0629 0.0452
v  -0.0163 0.0624 0.0417
v  -0.0580 0.0757 0.0543
v  -0.0580 0.0943 0.0580
v  -0.0652 0.0939 0.0473
v  -0.0651 0.0709 0.0428
v  -0.0661 0.0919 0.0352
v  -0.0661 0.0637 0.0290
v  -0.0654 0.1392 0.0452
v  -0.0171 0.0395 -0.0188
v  -0.0172 0.0446 -0.0106
v  -0.0651 0.0456 -0.0111
v  -0.0650 0.0405 -0.0194
v  -0.0580 0.0665 0.0552
v  -0.0651 0.0587 0.0442
v  -0.0652 0.0519 0.0483
v  -0.0580 0.0618 0.0579
v  -0.0661 0.0479 0.0305
v  -0.0661 0.0390 0.0358
v  -0.0160 0.0438 0.0266
v  -0.0160 0.0601 0.0256
v  -0.0154 0.1973 0.0877
v  -0.0159 0.1325 0.0596
v  -0.0148 0.2735 0.1215
v  -0.0416 0.1888 0.1084
v  -0.0419 0.2627 0.1495
v  -0.0159 0.0604 0.0796
v  -0.0410 0.0656 0.0852
v  -0.0650 0.0909 0.0297
v  -0.0170 0.0904 0.0292
v  -0.0662 0.0330 0.0425
v  -0.0140 0.1083 0.2809
v  -0.0652 0.0472 0.0535
v  -0.0580 0.0584 0.0618
v  -0.0129 0.1624 0.2476
v  -0.0142 0.1193 0.1772
v  -0.0153 0.0832 0.1184
v  -0.0142 0.1131 0.1807
v  -0.0129 0.1542 0.2527
v  -0.0129 0.1353 0.2642
v  -0.0142 0.0989 0.1885
v  -0.0142 0.0847 0.1964
v  -0.0129 0.1165 0.2758
v  -0.0578 0.1544 0.2530
v  -0.0576 0.1136 0.1813
v  -0.0652 0.0993 0.1892
v  -0.0657 0.1356 0.2647
v  -0.0162 0.0862 0.0503
v  -0.0163 0.0855 0.0541
v  -0.0160 0.0896 0.0330
v  -0.0161 0.0879 0.0417
v  -0.0162 0.0613 0.0336
v  -0.0159 0.0599 0.0796
v  -0.0162 0.0474 0.0335
v  -0.0161 0.0425 -0.0205
v  -0.0160 0.0400 -0.0306
v  -0.0162 0.0476 -0.0321
v  -0.0162 0.0493 -0.0244
v  -0.0163 0.0552 -0.0337
v  -0.0163 0.0562 -0.0282
v  -0.0162 0.0516 -0.0454
v  -0.0163 0.0596 -0.0443
v  -0.0160 0.0436 -0.0466
v  -0.0159 0.0955 -0.0319
v  -0.0162 0.0720 -0.0267
v  -0.0412 0.0831 -0.0328
v  -0.0410 0.1023 -0.0353
v  -0.0414 0.1112 -0.0981
v  -0.0161 0.1093 -0.0962
v  -0.0398 0.2857 -0.0833
v  -0.0129 0.2851 -0.0845
v  -0.0142 0.2055 -0.0623
v  -0.0402 0.2063 -0.0615
v  -0.0163 0.0623 -0.0270
v  -0.0163 0.0596 -0.0301
v  -0.0413 0.0727 -0.0378
v  -0.0413 0.0752 -0.0343
v  -0.0153 0.1396 -0.0381
v  -0.0159 0.0945 -0.0276
v  -0.0159 0.0954 -0.0313
v  -0.0153 0.1391 -0.0430
v  -0.0153 0.1391 -0.0437
v  -0.0162 0.0717 -0.0262
v  -0.0162 0.0697 -0.0232
v  -0.0163 0.0636 -0.0437
v  -0.0413 0.0745 -0.0504
v  -0.0413 0.0718 -0.0421
v  -0.0163 0.0590 -0.0345
v  -0.0406 0.1416 -0.0444
v  -0.0162 0.0746 -0.0648
v  -0.0163 0.0780 -0.0630
v  -0.0163 0.0631 -0.0438
v  -0.0163 0.0785 -0.0628
v  -0.0161 0.1087 -0.0967
v  -0.0160 0.1050 -0.0997
v  -0.0413 0.0849 -0.0671
v  -0.0129 0.2998 -0.0312
v  -0.0140 0.3024 -0.0219
v  -0.0153 0.2162 -0.0158
v  -0.0142 0.2146 -0.0227
v  -0.0153 0.1417 -0.0153
v  -0.0153 0.0545 -0.2067
v  -0.0652 0.0546 -0.2072
v  -0.0649 0.0353 -0.1356
v  -0.0163 0.0352 -0.1351
v  -0.0650 0.0376 -0.0304
v  -0.0650 0.0409 -0.0476
v  -0.0170 0.0401 -0.0471
v  -0.0170 0.0366 -0.0299
v  -0.0651 0.0116 -0.0559
v  -0.0172 0.0117 -0.0549
v  -0.0169 0.0216 -0.0844
v  -0.0650 0.0216 -0.0852
v  -0.0650 0.0560 -0.0750
v  -0.0170 0.0554 -0.0746
v  -0.0654 0.0843 -0.1171
v  -0.0168 0.0838 -0.1168
v  -0.0172 0.0587 -0.0061
v  -0.0651 0.0596 -0.0065
v  -0.0662 0.1247 -0.1756
v  -0.0674 0.1719 -0.2435
v  -0.0157 0.1715 -0.2432
v  -0.0164 0.1243 -0.1753
v  -0.0668 0.3003 -0.0313
v  -0.0663 0.2152 -0.0229
v  -0.0652 0.2167 -0.0159
v  -0.0657 0.3029 -0.0220
v  -0.0659 0.1429 -0.0159
v  -0.0662 0.0650 -0.0115
v  -0.0662 0.0523 -0.0158
v  -0.0661 0.0475 -0.0234
v  -0.0661 0.0478 -0.0490
v  -0.0661 0.0615 -0.0745
v  -0.0665 0.0888 -0.1144
v  -0.0660 0.0935 -0.0117
v  -0.0158 0.0876 -0.1137
v  -0.0153 0.1295 -0.1710
v  -0.0154 0.1413 -0.1611
v  -0.0159 0.0963 -0.1067
v  -0.0155 0.1531 -0.1512
v  -0.0148 0.1951 -0.2249
v  -0.0149 0.2115 -0.2121
v  -0.0146 0.1786 -0.2376
v  -0.0160 0.0588 -0.0729
v  -0.0161 0.0667 -0.0688
v  -0.0589 0.1539 -0.1517
v  -0.0583 0.1084 -0.1018
v  -0.0598 0.2119 -0.2123
v  -0.0674 0.1300 -0.1713
v  -0.0686 0.1791 -0.2379
v  -0.0580 0.0842 -0.0704
v  -0.0580 0.0754 -0.0535
v  -0.0173 -0.0354 -0.0927
v  -0.0413 -0.0372 -0.0998
v  -0.0413 -0.0250 -0.0844
v  -0.0174 -0.0223 -0.0726
v  -0.0652 0.0738 -0.0730
v  -0.0651 0.0631 -0.0522
v  -0.0655 0.0989 -0.1083
v  -0.0580 0.0737 -0.0445
v  -0.0651 0.0610 -0.0400
v  -0.0652 0.0631 -0.0324
v  -0.0580 0.0751 -0.0392
v  -0.0661 0.0449 -0.0335
v  -0.0664 0.1420 -0.1615
v  -0.0676 0.1955 -0.2251
v  -0.0163 0.0586 -0.0344
v  -0.0163 0.0592 -0.0299
v  -0.0576 0.2081 -0.0547
v  -0.0578 0.2884 -0.0740
v  -0.0575 0.1430 -0.0400
v  -0.0577 0.1042 -0.0331
v  -0.0579 0.0856 -0.0323
v  -0.0162 0.0652 -0.0161
v  -0.0161 0.0607 -0.0091
v  -0.0162 0.0473 -0.0130
v  -0.0162 0.0533 -0.0186
v  -0.0163 0.0593 -0.0242
v  -0.0652 0.0768 -0.0227
v  -0.0652 0.0668 -0.0264
v  -0.0580 0.0778 -0.0349
v  -0.0163 0.0619 -0.0266
v  -0.0650 0.0997 -0.0229
v  -0.0649 0.1433 -0.0281
v  -0.0129 0.2854 -0.0832
v  -0.0142 0.2057 -0.0613
v  -0.0142 0.2073 -0.0544
v  -0.0129 0.2880 -0.0738
v  -0.0159 0.0907 -0.0103
v  -0.0159 0.0926 -0.0189
v  -0.0153 0.1406 -0.0267
v  -0.0156 0.1583 -0.1469
v  -0.0149 0.2187 -0.2065
v  -0.0129 0.2939 -0.0525
v  -0.0142 0.2110 -0.0385
v  -0.0652 0.2117 -0.0388
v  -0.0657 0.2944 -0.0527
v  -0.0668 0.0676 -0.2912
v  -0.0663 0.0475 -0.2081
v  -0.0657 0.0773 -0.2905
v  -0.0659 0.0303 -0.1376
v  -0.0650 -0.0183 -0.0430
v  -0.0170 -0.0181 -0.0420
v  -0.0171 -0.0067 -0.0410
v  -0.0650 -0.0069 -0.0421
v  -0.0159 0.0183 -0.0865
v  -0.0153 0.0304 -0.1363
v  -0.0161 0.0095 -0.0578
v  -0.0650 -0.0333 -0.0518
v  -0.0170 -0.0331 -0.0509
v  -0.0651 0.0026 -0.0443
v  -0.0172 0.0028 -0.0432
v  -0.0155 -0.0941 -0.1920
v  -0.0156 -0.0883 -0.1954
v  -0.0161 -0.0573 -0.1321
v  -0.0160 -0.0614 -0.1295
v  -0.0156 -0.0875 -0.1959
v  -0.0161 -0.0567 -0.1324
v  -0.0149 -0.1247 -0.2720
v  -0.0149 -0.1236 -0.2727
v  -0.0149 -0.1323 -0.2671
v  -0.0159 0.0108 -0.0912
v  -0.0153 0.0193 -0.1390
v  -0.0159 0.0033 -0.0959
v  -0.0153 0.0082 -0.1418
v  -0.0162 0.0043 -0.0644
v  -0.0162 -0.0008 -0.0710
v  -0.0168 -0.0845 -0.1152
v  -0.0164 -0.1264 -0.1728
v  -0.0153 -0.1206 -0.1762
v  -0.0158 -0.0804 -0.1178
v  -0.0157 -0.1750 -0.2397
v  -0.0146 -0.1673 -0.2446
v  -0.0577 0.0012 -0.1068
v  -0.0650 0.0094 -0.0992
v  -0.0649 0.0188 -0.1420
v  -0.0575 0.0075 -0.1457
v  -0.0660 0.0179 -0.0896
v  -0.0652 0.0019 -0.0775
v  -0.0662 0.0087 -0.0627
v  -0.0579 -0.0042 -0.0890
v  -0.0163 -0.0107 -0.0637
v  -0.0163 -0.0150 -0.0646
v  -0.0174 -0.0152 -0.0653
v  -0.0174 -0.0109 -0.0644
v  -0.0413 -0.0180 -0.0792
v  -0.0153 0.0071 -0.2120
v  -0.0163 0.0027 -0.1433
v  -0.0406 0.0029 -0.1458
v  -0.0402 0.0081 -0.2125
v  -0.0163 -0.0222 -0.0720
v  -0.0162 -0.0033 -0.0743
v  -0.0162 -0.0030 -0.0739
v  -0.0163 -0.0066 -0.0647
v  -0.0163 -0.0068 -0.0652
v  -0.0163 -0.0106 -0.0632
v  -0.0163 -0.0052 -0.0615
v  -0.0163 -0.0100 -0.0598
v  -0.0162 0.0013 -0.0464
v  -0.0161 -0.0073 -0.0444
v  -0.0162 -0.0019 -0.0539
v  -0.0162 -0.0087 -0.0521
v  -0.0163 -0.0353 -0.0923
v  -0.0171 -0.0567 -0.1326
v  -0.0414 -0.0578 -0.1349
v  -0.0413 -0.0136 -0.0786
v  -0.0413 -0.0095 -0.0798
v  -0.0173 -0.0070 -0.0659
v  -0.0662 -0.1265 -0.1732
v  -0.0674 -0.1751 -0.2401
v  -0.0583 -0.0622 -0.1335
v  -0.0589 -0.0943 -0.1929
v  -0.0664 -0.1075 -0.1849
v  -0.0655 -0.0715 -0.1266
v  -0.0674 -0.1207 -0.1768
v  -0.0665 -0.0806 -0.1191
v  -0.0686 -0.1674 -0.2451
v  -0.0676 -0.1500 -0.2564
v  -0.0598 -0.1325 -0.2676
v  -0.0163 -0.0156 -0.0608
v  -0.0163 -0.0151 -0.0641
v  -0.0163 -0.0225 -0.0716
v  -0.0163 -0.0241 -0.0684
v  -0.0580 -0.0276 -0.0864
v  -0.0580 -0.0406 -0.1003
v  -0.0652 -0.0465 -0.0912
v  -0.0651 -0.0303 -0.0743
v  -0.0661 -0.0519 -0.0802
v  -0.0661 -0.0325 -0.0589
v  -0.0654 -0.0846 -0.1157
v  -0.0580 -0.0196 -0.0818
v  -0.0651 -0.0195 -0.0683
v  -0.0652 -0.0117 -0.0677
v  -0.0580 -0.0142 -0.0813
v  -0.0661 -0.0187 -0.0509
v  -0.0661 -0.0084 -0.0501
v  -0.0160 -0.0176 -0.0453
v  -0.0160 -0.0315 -0.0540
v  -0.0154 -0.1074 -0.1841
v  -0.0159 -0.0709 -0.1236
v  -0.0148 -0.1498 -0.2558
v  -0.0161 -0.1236 -0.2727
v  -0.0419 -0.1248 -0.2723
v  -0.0416 -0.0884 -0.1960
v  -0.0167 -0.0875 -0.1959
v  -0.0169 -0.0006 -0.0985
v  -0.0410 -0.0015 -0.1057
v  -0.0650 -0.0543 -0.0752
v  -0.0170 -0.0541 -0.0745
v  -0.0662 0.0003 -0.0521
v  -0.0140 0.0772 -0.2900
v  -0.0652 -0.0048 -0.0693
v  -0.0580 -0.0092 -0.0825
v  -0.0142 0.0071 -0.2120
v  -0.0129 0.0124 -0.2944
v  -0.0129 0.0138 -0.2943
v  -0.0142 0.0081 -0.2119
v  -0.0153 0.0034 -0.1430
v  -0.0153 0.0027 -0.1432
v  -0.0142 0.0152 -0.2111
v  -0.0129 0.0234 -0.2936
v  -0.0412 -0.0054 -0.0868
v  -0.0172 -0.0034 -0.0748
v  -0.0129 0.0455 -0.2922
v  -0.0142 0.0313 -0.2093
v  -0.0142 0.0475 -0.2075
v  -0.0129 0.0675 -0.2907
v  -0.0398 0.0137 -0.2945
v  -0.0140 0.0124 -0.2944
v  -0.0578 0.0234 -0.2941
v  -0.0576 0.0151 -0.2120
v  -0.0652 0.0313 -0.2101
v  -0.0657 0.0455 -0.2927
v  -0.0162 -0.0385 -0.0893
v  -0.0163 -0.0357 -0.0920
v  -0.0160 -0.0513 -0.0771
v  -0.0161 -0.0449 -0.0832
v  -0.0162 -0.0278 -0.0612
v  -0.0159 -0.0000 -0.0979
v  -0.0159 -0.0005 -0.0982
v  -0.0162 -0.0166 -0.0530
v  -0.0630 0.0179 0.0031
v  -0.0629 0.0113 0.0057
v  -0.0629 0.0113 0.0074
v  -0.0630 0.0177 0.0058
v  -0.0629 -0.0340 -0.0027
v  -0.0629 0.0107 0.0052
v  -0.0629 0.0106 -0.0029
v  -0.0629 -0.0351 -0.0029
v  -0.0630 0.0179 -0.0090
v  -0.0630 0.0177 -0.0117
v  -0.0629 0.0113 -0.0133
v  -0.0629 0.0113 -0.0115
v  -0.0629 0.0116 -0.0020
v  -0.0629 0.0113 0.0053
v  -0.0629 0.0111 0.0100
v  -0.0630 0.0173 0.0090
v  -0.0629 0.0107 0.0126
v  -0.0630 0.0169 0.0116
v  -0.0629 0.0105 0.0134
v  -0.0630 0.0164 0.0137
v  -0.0629 0.0101 0.0142
v  -0.0630 0.0160 0.0151
v  -0.0629 0.0096 0.0148
v  -0.0630 0.0158 0.0161
v  -0.0629 0.0089 0.0154
v  -0.0630 0.0155 0.0170
v  -0.0629 0.0084 0.0156
v  -0.0630 0.0149 0.0188
v  -0.0629 0.0080 0.0158
v  -0.0629 0.0141 0.0210
v  -0.0629 0.0075 0.0159
v  -0.0629 0.0133 0.0231
v  -0.0629 0.0069 0.0160
v  -0.0629 0.0129 0.0239
v  -0.0629 0.0076 0.0177
v  -0.0629 0.0116 0.0230
v  -0.0629 0.0086 0.0194
v  -0.0629 0.0104 0.0218
v  -0.0629 0.0107 -0.0111
v  -0.0629 -0.0340 -0.0031
v  -0.0629 0.0116 -0.0039
v  -0.0629 0.0113 -0.0112
v  -0.0630 0.0173 -0.0149
v  -0.0629 0.0111 -0.0159
v  -0.0630 0.0169 -0.0174
v  -0.0629 0.0107 -0.0184
v  -0.0630 0.0164 -0.0196
v  -0.0629 0.0105 -0.0193
v  -0.0630 0.0160 -0.0209
v  -0.0629 0.0101 -0.0201
v  -0.0630 0.0158 -0.0220
v  -0.0629 0.0096 -0.0206
v  -0.0630 0.0155 -0.0229
v  -0.0629 0.0089 -0.0213
v  -0.0630 0.0149 -0.0247
v  -0.0629 0.0084 -0.0215
v  -0.0629 0.0141 -0.0268
v  -0.0629 0.0080 -0.0217
v  -0.0629 0.0133 -0.0289
v  -0.0629 0.0075 -0.0218
v  -0.0629 0.0129 -0.0298
v  -0.0629 0.0069 -0.0219
v  -0.0629 0.0116 -0.0289
v  -0.0629 0.0076 -0.0236
v  -0.0629 0.0104 -0.0277
v  -0.0629 0.0086 -0.0253
v  -0.0552 0.0112 -0.0289
v  -0.0552 0.0072 -0.0236
v  -0.0552 0.0082 -0.0253
v  -0.0552 0.0100 -0.0277
v  -0.0552 0.0164 0.0116
v  -0.0552 0.0168 0.0090
v  -0.0552 0.0092 -0.0206
v  -0.0552 0.0096 -0.0201
v  -0.0552 0.0112 0.0230
v  -0.0552 0.0125 0.0239
v  -0.0552 0.0156 -0.0209
v  -0.0552 0.0153 -0.0220
v  -0.0552 0.0082 0.0194
v  -0.0552 0.0100 0.0218
v  -0.0552 0.0103 0.0126
v  -0.0552 0.0100 0.0134
v  -0.0552 0.0072 0.0177
v  -0.0552 0.0160 0.0137
v  -0.0552 0.0085 -0.0213
v  -0.0552 0.0151 -0.0229
v  -0.0552 0.0096 0.0142
v  -0.0552 0.0109 0.0053
v  -0.0552 0.0109 0.0057
v  -0.0552 0.0156 0.0151
v  -0.0552 0.0080 -0.0215
v  -0.0551 -0.0344 -0.0031
v  -0.0551 -0.0355 -0.0029
v  -0.0552 0.0103 0.0052
v  -0.0552 0.0145 -0.0247
v  -0.0552 0.0103 -0.0111
v  -0.0552 0.0092 0.0148
v  -0.0552 0.0153 0.0161
v  -0.0552 0.0076 -0.0217
v  -0.0552 0.0112 -0.0039
v  -0.0552 0.0175 -0.0090
v  -0.0552 0.0109 -0.0112
v  -0.0552 0.0137 -0.0268
v  -0.0552 0.0085 0.0154
v  -0.0551 -0.0344 -0.0027
v  -0.0552 0.0108 -0.0133
v  -0.0552 0.0109 -0.0115
v  -0.0552 0.0151 0.0170
v  -0.0552 0.0071 -0.0218
v  -0.0552 0.0173 -0.0117
v  -0.0552 0.0129 -0.0289
v  -0.0552 0.0080 0.0156
v  -0.0552 0.0107 -0.0159
v  -0.0552 0.0145 0.0188
v  -0.0552 0.0112 -0.0020
v  -0.0552 0.0101 -0.0029
v  -0.0552 0.0065 -0.0219
v  -0.0552 0.0168 -0.0149
v  -0.0552 0.0125 -0.0298
v  -0.0552 0.0076 0.0158
v  -0.0552 0.0175 0.0031
v  -0.0552 0.0103 -0.0184
v  -0.0552 0.0137 0.0210
v  -0.0552 0.0164 -0.0174
v  -0.0552 0.0108 0.0074
v  -0.0552 0.0071 0.0159
v  -0.0552 0.0173 0.0058
v  -0.0552 0.0100 -0.0193
v  -0.0552 0.0129 0.0231
v  -0.0552 0.0160 -0.0196
v  -0.0552 0.0107 0.0100
v  -0.0552 0.0065 0.0160
# 1001 vertices

vn -0.9948 -0.0785 0.0642
vn -0.9948 -0.0644 0.0783
vn -0.9948 -0.0783 -0.0644
vn -0.9948 -0.0642 -0.0785
vn -0.9948 -0.0477 -0.0895
vn -0.9948 -0.0293 -0.0971
vn -0.9948 -0.0098 -0.1009
vn -0.0255 -0.4700 -0.8823
vn -0.0255 -0.6331 -0.7737
vn -0.9948 0.0895 -0.0477
vn -0.9948 0.0971 -0.0293
vn -0.9948 0.0785 -0.0642
vn -0.9948 0.1009 -0.0098
vn -0.9949 -0.0479 0.0893
vn -0.9948 -0.0296 0.0970
vn -0.9948 0.0644 -0.0783
vn -0.0255 -0.8810 -0.4725
vn -0.0255 -0.7719 -0.6353
vn -0.9948 -0.1009 0.0098
vn -0.9948 -0.0971 0.0293
vn -0.9948 -0.0101 0.1009
vn -0.9949 0.0479 -0.0893
vn -0.9948 0.0098 0.1009
vn -0.9948 0.0296 -0.0970
vn -0.9948 0.0293 0.0971
vn -0.9948 0.0101 -0.1009
vn -0.0254 0.6331 0.7737
vn -0.0254 0.4700 0.8823
vn -0.0254 0.2888 0.9570
vn -0.0254 0.0994 -0.9947
vn -0.0254 -0.0966 -0.9950
vn -0.9948 0.0642 0.0785
vn -0.9948 0.0783 0.0644
vn -0.9948 -0.0895 0.0477
vn -0.9949 0.0893 0.0479
vn -0.9948 -0.1009 -0.0101
vn -0.9948 0.0970 0.0296
vn -0.9948 -0.0970 -0.0296
vn -0.9948 0.1009 0.0101
vn -0.9949 -0.0893 -0.0479
vn -0.0227 0.0966 0.9951
vn -0.0227 -0.0994 0.9948
vn -0.0227 -0.9948 -0.0994
vn -0.0227 -0.9563 -0.2916
vn -0.0226 -0.9951 0.0965
vn -0.0226 -0.9951 0.0966
vn -0.0228 0.4726 -0.8810
vn -0.0228 0.6353 -0.7719
vn -0.0228 0.4725 -0.8810
vn -0.0228 0.2916 -0.9563
vn -0.0227 -0.8810 -0.4725
vn -0.0226 0.2889 0.9571
vn -0.0228 0.0994 -0.9948
vn -0.0228 -0.6331 -0.7737
vn -0.0227 -0.4700 -0.8824
vn -0.0227 0.4700 0.8824
vn -0.0227 -0.7719 -0.6353
vn -0.0226 -0.2888 -0.9571
vn -0.0227 -0.0966 -0.9951
vn -1.0000 0.0000 0.0000
vn -0.0227 0.6331 0.7737
vn -0.0228 -0.8824 0.4700
vn -0.0227 -0.9571 0.2888
vn -0.0227 0.7719 0.6353
vn -0.0227 0.8810 0.4725
vn -0.0227 0.9563 0.2916
vn -0.0227 0.9948 0.0994
vn -0.0226 0.9951 -0.0966
vn -0.0228 -0.7737 0.6331
vn -0.0226 0.9571 -0.2889
vn -0.0228 -0.6353 0.7719
vn -0.0226 0.8824 -0.4700
vn -0.0227 -0.4725 0.8810
vn -0.0227 0.7737 -0.6331
vn -0.0226 -0.2916 0.9563
vn -0.9948 0.0477 0.0895
vn -0.0254 -0.8823 0.4700
vn -0.0254 -0.9570 0.2888
vn -0.0254 -0.9950 0.0966
vn -0.0254 -0.9947 -0.0994
vn -0.0254 0.8810 0.4725
vn -0.0254 0.7719 0.6353
vn -0.0255 -0.2888 -0.9570
vn -0.0254 0.9562 0.2916
vn -0.0254 -0.9562 -0.2916
vn -0.0255 0.9947 0.0994
vn -0.0254 -0.7737 0.6331
vn -0.0254 -0.6353 0.7719
vn -0.0254 0.8823 -0.4700
vn -0.0254 0.9570 -0.2888
vn -0.0254 -0.4725 0.8810
vn -0.0255 0.7737 -0.6331
vn -0.0255 0.9950 -0.0966
vn -0.0255 -0.2916 0.9562
vn -0.0254 0.6353 -0.7719
vn -0.0255 -0.0994 0.9947
vn -0.0254 0.4725 -0.8810
vn -0.0255 0.0966 0.9950
vn -0.0254 0.2915 -0.9562
vn -0.0228 0.5121 -0.8586
vn -0.0228 0.5128 -0.8582
vn -0.0202 0.0415 -0.9989
vn -0.0201 0.0349 -0.9992
vn -0.0012 0.5515 -0.8342
vn -0.0010 0.5524 -0.8336
vn 0.9999 0.0146 0.0063
vn 0.9999 0.0144 0.0062
vn 0.9999 0.0138 0.0066
vn 0.9999 0.0140 0.0067
vn 0.9999 0.0116 0.0079
vn 0.9999 0.0121 0.0082
vn 0.9967 0.0555 -0.0591
vn 0.9946 0.0667 -0.0794
vn 0.9970 0.0538 -0.0556
vn -0.7330 -0.2751 0.6222
vn -0.6898 -0.2978 0.6599
vn -0.9689 -0.1084 0.2225
vn -0.9782 -0.0884 0.1881
vn -0.9990 0.0293 -0.0334
vn -0.9988 0.0323 -0.0366
vn -0.9509 -0.1475 0.2721
vn -0.9987 0.0304 -0.0421
vn -0.6072 -0.3484 0.7141
vn 0.9914 0.0820 -0.1015
vn 0.9999 0.0075 0.0098
vn 0.9999 0.0083 0.0110
vn 1.0000 0.0010 0.0095
vn 0.9999 0.0021 0.0129
vn 0.9873 0.1122 -0.1121
vn 0.9787 0.1213 -0.1654
vn 0.9638 0.1604 -0.2131
vn 0.9565 0.2198 -0.1916
vn -0.5334 -0.4283 0.7295
vn -0.9395 -0.1942 0.2820
vn -0.9980 0.0321 -0.0551
vn -0.9557 -0.2251 0.1898
vn -0.9971 0.0441 -0.0620
vn -0.5030 -0.5842 0.6369
vn 0.0854 -0.4151 0.9058
vn 0.2161 -0.5434 0.8112
vn 0.0893 -0.6200 0.7795
vn -0.0396 -0.4585 0.8878
vn -0.1319 -0.4015 0.9063
vn 0.9860 0.1582 -0.0534
vn 1.0000 -0.0058 0.0006
vn 1.0000 -0.0054 0.0051
vn 0.9999 -0.0097 -0.0071
vn 0.9999 -0.0099 -0.0045
vn 0.9887 0.1464 0.0333
vn 0.9623 0.2642 -0.0652
vn 0.9604 0.2720 0.0604
vn -0.9740 -0.2210 0.0505
vn -0.9981 0.0583 -0.0198
vn -0.9695 -0.2390 -0.0551
vn -0.9988 0.0459 0.0190
vn -0.8861 -0.4486 -0.1168
vn -0.8796 -0.4552 0.1384
vn 0.9999 0.0046 0.0149
vn 0.9999 0.0029 0.0151
vn 0.9999 -0.0050 0.0090
vn 0.9999 -0.0039 0.0116
vn 0.9999 -0.0100 -0.0023
vn 0.9999 -0.0100 -0.0017
vn 0.9878 0.1238 0.0943
vn 0.9999 -0.0094 -0.0099
vn 0.9999 -0.0092 -0.0100
vn 0.9999 -0.0058 -0.0125
vn 0.9999 -0.0052 -0.0132
vn 0.9894 0.0744 0.1244
vn 0.2367 -0.3611 -0.9020
vn 0.1025 -0.4463 -0.8890
vn 0.2619 -0.7150 -0.6483
vn 0.4218 -0.6220 -0.6597
vn 0.3464 -0.9089 -0.2320
vn 0.0952 -0.7693 -0.6318
vn 0.1555 -0.9571 -0.2446
vn -0.5082 -0.4323 -0.7449
vn 0.0212 -0.3832 0.9234
vn 0.9603 0.2299 0.1579
vn 0.9611 0.1511 0.2311
vn -0.8707 -0.3886 -0.3015
vn -0.9684 -0.2069 -0.1395
vn -0.9981 0.0451 0.0430
vn -0.9565 -0.1654 -0.2405
vn -0.9973 0.0328 0.0656
vn 0.0274 -0.1575 -0.9871
vn -0.1252 -0.1775 -0.9761
vn -0.0283 -0.2740 -0.9613
vn 0.1062 -0.2254 -0.9685
vn -0.5444 -0.2621 -0.7969
vn -0.6055 -0.1628 -0.7790
vn 0.5273 -0.8240 -0.2071
vn 0.9689 0.0892 0.2309
vn 0.9926 0.0446 0.1126
vn 0.9953 0.0344 0.0906
vn 0.9801 0.0645 0.1877
vn -0.9458 -0.1124 -0.3046
vn -0.9976 0.0269 0.0631
vn -0.9525 -0.0663 -0.2973
vn -0.9981 0.0290 0.0550
vn 0.9999 -0.0011 -0.0125
vn 0.9999 -0.0005 -0.0128
vn 0.9999 0.0031 -0.0107
vn 0.9999 0.0036 -0.0109
vn -0.6790 -0.1135 -0.7253
vn -0.9675 -0.0393 -0.2499
vn -0.9985 0.0292 0.0456
vn -0.9988 0.0285 0.0408
vn -0.9735 -0.0310 -0.2265
vn -0.7038 -0.1004 -0.7033
vn 0.9972 0.0288 0.0687
vn 0.9999 0.0057 -0.0088
vn 0.9999 0.0060 -0.0089
vn 0.9999 0.0064 -0.0080
vn 0.9999 0.0067 -0.0080
vn 0.9979 0.0266 0.0597
vn -0.0184 -0.1214 -0.9924
vn -0.2252 -0.1256 -0.9662
vn -0.1970 -0.1357 -0.9710
vn -0.0088 -0.1284 -0.9917
vn 0.9883 0.0514 0.1435
vn 0.9911 0.0460 0.1246
vn -0.9865 0.0603 0.1522
vn -0.9802 0.0694 0.1855
vn -0.0128 0.5317 0.8468
vn -0.0075 0.3562 0.9344
vn -0.0075 0.3570 0.9341
vn -0.0128 0.5344 0.8452
vn -0.0050 0.3108 0.9505
vn -0.0050 0.3109 0.9504
vn -0.9894 0.0554 0.1341
vn -0.9786 0.0795 0.1899
vn -0.9847 0.1005 0.1421
vn -0.0196 0.8094 0.5869
vn -0.0228 0.9683 0.2487
vn -0.0228 0.9685 0.2479
vn -0.0196 0.8080 0.5889
vn -0.9896 0.1188 0.0815
vn -0.9911 0.1274 0.0381
vn -0.0201 0.9682 -0.2495
vn -0.0202 0.9698 -0.2431
vn -0.0108 0.7256 -0.6880
vn -0.0107 0.7235 -0.6903
vn -0.9912 0.1307 -0.0211
vn -0.9853 0.1299 -0.1111
vn -0.0046 0.5770 -0.8168
vn -0.0046 0.5773 -0.8165
vn -0.0022 0.5509 -0.8346
vn -0.9780 0.1190 -0.1713
vn -0.9821 0.1035 -0.1573
vn -0.0022 -0.6426 -0.7662
vn -0.0046 -0.6191 -0.7853
vn -0.0046 -0.6188 -0.7855
vn -0.0039 0.3048 0.9524
vn 0.9999 0.0142 0.0068
vn 0.9999 0.0141 0.0068
vn 0.9999 0.0124 0.0084
vn 0.9999 0.0126 0.0084
vn -0.9887 0.0852 -0.1230
vn -0.9912 0.0768 -0.1082
vn 0.9908 0.0854 -0.1052
vn 0.9880 0.0951 -0.1214
vn -0.0111 -0.3762 0.9265
vn -0.2073 -0.3798 0.9015
vn -0.2414 -0.3732 0.8958
vn -0.0205 -0.3748 0.9269
vn 0.0096 -0.3739 0.9274
vn 0.0370 -0.3773 0.9254
vn 0.0032 -0.3734 0.9277
vn 0.9999 0.0062 -0.0089
vn 0.9999 0.0039 -0.0110
vn 0.9999 0.0063 -0.0089
vn 0.9999 0.0041 -0.0109
vn 0.9999 0.0068 -0.0081
vn 0.9999 -0.0001 -0.0130
vn 0.9999 -0.0047 -0.0136
vn 0.9999 0.0003 -0.0129
vn 0.9999 -0.0040 -0.0137
vn 0.9999 -0.0090 -0.0101
vn 0.9999 -0.0085 -0.0108
vn 0.4452 -0.7999 0.4024
vn 0.2811 -0.8921 0.3537
vn 0.4777 -0.8089 0.3427
vn 0.5414 -0.8183 -0.1932
vn 0.2405 -0.5459 0.8026
vn 0.9999 0.0089 0.0117
vn 0.9999 0.0096 0.0112
vn 0.1034 -0.9452 0.3098
vn 0.0433 -0.1521 -0.9874
vn 0.0108 -0.1262 -0.9919
vn 0.0038 -0.1202 -0.9927
vn 0.2595 -0.3581 -0.8969
vn 0.1232 -0.2155 -0.9687
vn 0.4531 -0.6422 -0.6183
vn 0.0999 -0.4049 0.9089
vn 0.9887 0.0734 -0.1309
vn 0.9878 0.1255 -0.0921
vn 0.9999 -0.0122 0.0062
vn 0.9999 -0.0095 0.0073
vn 0.9999 -0.0122 0.0060
vn 0.9999 -0.0071 0.0082
vn 0.9999 -0.0136 0.0021
vn 0.9999 -0.0141 0.0012
vn 0.9894 0.1404 -0.0361
vn 0.0858 0.7380 0.6693
vn 0.2389 0.5722 0.7845
vn 0.0895 0.5727 0.8149
vn -0.0390 0.7210 0.6919
vn -0.0268 -0.9869 -0.1591
vn -0.1962 -0.9693 -0.1484
vn -0.1249 -0.9861 -0.1093
vn 0.0155 -0.9922 -0.1238
vn -0.2406 0.7512 0.6146
vn -0.0424 0.7788 0.6258
vn -0.0299 0.7779 0.6276
vn -0.2064 0.7550 0.6224
vn -0.2241 -0.9618 -0.1569
vn -0.0387 -0.9852 -0.1670
vn 0.4584 0.0546 0.8871
vn 0.5128 -0.4286 0.7439
vn 0.3471 -0.4798 0.8058
vn 0.2814 0.0879 0.9556
vn 0.9999 0.0113 -0.0093
vn 0.9999 0.0129 -0.0049
vn 0.9999 0.0136 -0.0052
vn 0.9999 0.0115 -0.0095
vn 0.9999 0.0134 -0.0061
vn 0.9999 0.0115 -0.0098
vn 0.9999 0.0152 0.0015
vn 0.9999 0.0155 -0.0002
vn 0.9999 0.0130 0.0017
vn 0.2556 -0.9559 0.1447
vn 0.1026 -0.9793 0.1747
vn 0.2622 -0.8248 0.5010
vn 0.4357 -0.7603 0.4818
vn -0.1311 0.7538 0.6438
vn 0.0094 0.7715 0.6361
vn 0.9999 -0.0124 -0.0032
vn 0.9999 -0.0125 -0.0036
vn 0.9999 -0.0144 0.0006
vn 0.9999 -0.0124 -0.0040
vn 0.9999 -0.0143 -0.0001
vn 0.9999 -0.0094 -0.0069
vn 0.9999 -0.0094 -0.0070
vn 0.9999 -0.0094 -0.0066
vn 0.1077 -0.9935 -0.0357
vn -0.0282 -0.9995 -0.0117
vn 0.9970 -0.0380 -0.0676
vn 0.9908 -0.0765 -0.1120
vn 0.9880 -0.0892 -0.1259
vn 0.9967 -0.0409 -0.0701
vn 0.9788 -0.1239 -0.1634
vn 0.9946 -0.0571 -0.0866
vn -0.0013 -0.9381 0.3463
vn -0.0022 -0.9378 0.3472
vn -0.0196 0.7936 -0.6081
vn -0.0128 0.9628 -0.2699
vn -0.0128 0.9620 -0.2729
vn -0.0196 0.7921 -0.6101
vn -0.0107 -0.9915 0.1294
vn -0.0108 -0.9919 0.1264
vn -0.0046 -0.9483 0.3174
vn -0.0046 -0.9482 0.3178
vn -0.0074 0.9971 -0.0759
vn -0.0075 0.9970 -0.0767
vn -0.0049 0.9996 -0.0264
vn -0.0049 0.9996 -0.0265
vn -0.0108 -0.4542 -0.8908
vn -0.0107 -0.4569 -0.8894
vn -0.0039 0.9998 -0.0192
vn -0.0036 0.9998 -0.0183
vn -0.9988 -0.0260 -0.0416
vn -0.9990 -0.0237 -0.0377
vn -0.9887 -0.0935 -0.1168
vn -0.9911 -0.0818 -0.1046
vn -0.9821 -0.1212 -0.1440
vn -0.9987 -0.0316 -0.0411
vn -0.9971 -0.0469 -0.0599
vn -0.9981 -0.0025 -0.0615
vn -0.9912 0.0168 -0.1314
vn -0.9853 -0.0697 -0.1561
vn -0.9988 0.0312 -0.0386
vn -0.9911 0.0726 -0.1114
vn -0.9973 0.0722 -0.0128
vn -0.9976 0.0683 -0.0079
vn -0.9786 0.2047 -0.0223
vn -0.9847 0.1648 -0.0561
vn -0.9981 0.0610 -0.0120
vn -0.9802 0.1977 -0.0136
vn -0.9980 -0.0436 -0.0464
vn -0.9780 -0.1304 -0.1626
vn 0.9953 0.0966 -0.0071
vn 0.9972 0.0741 -0.0080
vn 0.9999 -0.0068 -0.0080
vn 0.9999 -0.0094 -0.0061
vn 0.9999 -0.0068 -0.0083
vn 0.9999 -0.0058 -0.0085
vn 0.9999 -0.0058 -0.0087
vn 0.9979 0.0647 -0.0083
vn 0.9926 0.1207 -0.0107
vn 0.9999 -0.0123 -0.0025
vn -0.6790 -0.7274 -0.0992
vn -0.6055 -0.7930 -0.0667
vn -0.7032 -0.7031 -0.1057
vn -0.9865 0.1631 -0.0142
vn -0.9985 0.0520 -0.0149
vn -0.9988 0.0470 -0.0156
vn -0.9894 0.1443 -0.0146
vn -0.5445 -0.8384 0.0244
vn -0.5082 -0.8369 0.2033
vn -0.2241 0.6883 0.6899
vn -0.1962 0.6992 0.6874
vn -0.0267 0.7073 0.7064
vn -0.0387 0.7013 0.7118
vn -0.9458 -0.3240 0.0211
vn -0.9565 -0.2775 0.0904
vn -0.9525 -0.3038 -0.0215
vn -0.8707 -0.3992 0.2874
vn -0.9684 -0.1924 0.1589
vn -0.9694 -0.1206 0.2136
vn -0.8860 -0.2391 0.3972
vn -0.9981 0.0540 -0.0311
vn 0.4357 0.1963 0.8784
vn 0.2622 0.1926 0.9456
vn 0.3471 0.5961 0.7240
vn 0.5128 0.5551 0.6549
vn 0.0952 -0.8238 0.5588
vn 0.1555 -0.5056 0.8486
vn 0.9604 0.1350 -0.2437
vn 0.9603 0.2166 -0.1758
vn 0.9611 0.2645 -0.0794
vn -0.9675 -0.2507 -0.0340
vn -0.9734 -0.2263 -0.0353
vn -0.9896 0.1119 -0.0909
vn -0.0011 -0.6405 -0.7680
vn -0.0013 -0.6415 -0.7672
vn -0.0013 -0.6415 -0.7671
vn 0.9999 -0.0122 0.0057
vn 0.9999 -0.0050 0.0089
vn 0.9999 -0.0127 0.0050
vn 0.9999 -0.0045 0.0090
vn -0.6897 0.5469 0.4745
vn -0.7334 0.5167 0.4417
vn -0.6072 0.5846 0.5381
vn -0.5333 0.5773 0.6183
vn -0.5030 0.4451 0.7408
vn 1.0000 0.0094 0.0017
vn 0.9873 -0.0757 -0.1394
vn 0.9860 -0.0064 -0.1668
vn 1.0000 -0.0011 0.0058
vn 1.0000 0.0034 0.0067
vn 0.9565 -0.1215 -0.2651
vn 0.9623 0.0123 -0.2718
vn -0.9557 0.1182 0.2697
vn -0.9740 -0.0141 0.2263
vn -0.8796 0.0038 0.4757
vn 0.9999 0.0072 0.0073
vn 0.9999 0.0100 0.0069
vn -0.9396 0.2151 0.2664
vn -0.9509 0.2186 0.2191
vn 0.9689 0.2468 -0.0200
vn 0.9801 0.1983 -0.0083
vn 0.9883 0.1522 -0.0081
vn 0.9911 0.1326 -0.0083
vn 0.9999 0.0105 -0.0117
vn 0.9999 0.0102 -0.0122
vn 0.9999 0.0105 -0.0116
vn 0.9999 0.0104 -0.0115
vn 0.9999 0.0101 -0.0122
vn 0.9914 -0.0740 -0.1075
vn 0.9999 0.0115 -0.0044
vn 0.9999 0.0108 -0.0089
vn 0.9999 -0.0068 -0.0085
vn 0.9999 -0.0067 -0.0086
vn 0.9999 -0.0058 -0.0088
vn 0.9999 -0.0058 -0.0089
vn 0.1033 0.0294 0.9942
vn 0.9999 0.0100 -0.0121
vn 0.9999 0.0102 -0.0114
vn -0.9689 0.1821 0.1676
vn -0.9782 0.1545 0.1384
vn 0.9638 -0.1587 -0.2143
vn -0.9988 -0.0478 0.0105
vn -0.9990 -0.0434 0.0096
vn -0.9887 -0.1414 0.0488
vn -0.9912 -0.1259 0.0418
vn -0.9821 -0.1765 0.0656
vn -0.9987 -0.0494 0.0160
vn -0.0196 -0.3040 -0.9525
vn -0.0196 -0.3063 -0.9517
vn -0.0228 -0.6343 -0.7728
vn -0.0228 -0.6349 -0.7722
vn 0.9787 -0.1956 0.0616
vn 0.9638 -0.2553 0.0770
vn 0.9914 -0.1262 0.0334
vn 0.9946 -0.1008 0.0246
vn 0.9565 -0.2906 0.0248
vn 0.9873 -0.1568 0.0242
vn -0.0128 0.0714 -0.9974
vn -0.0128 0.0683 -0.9976
vn -0.0201 -0.9285 -0.3707
vn -0.0202 -0.9261 -0.3768
vn 0.9999 -0.0101 0.0036
vn 0.9999 -0.0103 0.0035
vn 0.9999 -0.0097 0.0065
vn 0.9999 -0.0094 0.0066
vn 0.9999 -0.0103 0.0034
vn 0.9999 -0.0098 0.0064
vn 0.9999 -0.0103 0.0025
vn 0.9999 -0.0101 0.0025
vn 0.9999 -0.0002 -0.0124
vn 0.9999 -0.0048 -0.0132
vn 0.9999 -0.0002 -0.0138
vn 0.9999 -0.0049 -0.0138
vn 1.0000 0.0048 -0.0083
vn 0.9999 0.0059 -0.0116
vn -0.0022 0.0730 0.9973
vn -0.0046 0.0423 0.9991
vn -0.0046 0.0420 0.9991
vn 0.9801 0.0590 -0.1895
vn 0.9883 0.0435 -0.1461
vn 0.9972 0.0174 -0.0725
vn 0.9953 0.0258 -0.0934
vn 0.9911 0.0367 -0.1277
vn 0.9979 0.0139 -0.0638
vn -0.5333 0.7767 -0.3351
vn -0.9395 0.3234 -0.1126
vn -0.9509 0.2799 -0.1322
vn -0.6072 0.7033 -0.3696
vn -0.9980 -0.0584 0.0254
vn -0.9557 0.2937 -0.0201
vn -0.9971 -0.0722 0.0239
vn -0.5030 0.8477 -0.1686
vn 0.2557 -0.1868 0.9485
vn 0.1026 -0.1665 0.9807
vn 0.1079 -0.3688 0.9232
vn -0.0280 -0.3481 0.9370
vn -0.2405 0.8312 -0.5013
vn -0.0424 0.8510 -0.5235
vn -0.0300 0.8525 -0.5219
vn -0.2064 0.8398 -0.5021
vn 0.9999 0.0051 -0.0148
vn 0.9999 0.0066 -0.0138
vn 0.9999 0.0094 -0.0043
vn 0.9999 0.0102 -0.0070
vn 0.9999 0.0067 0.0078
vn 0.9999 0.0071 0.0073
vn 1.0000 0.0074 -0.0009
vn 0.9999 0.0053 0.0095
vn 0.9623 -0.2517 -0.1035
vn 0.9860 -0.1592 -0.0504
vn 0.9604 -0.1837 -0.2095
vn 0.9887 -0.0984 -0.1134
vn 1.0000 0.0051 0.0030
vn 0.9999 0.0037 0.0114
vn 0.0157 -0.4505 0.8927
vn -0.1247 -0.4347 0.8919
vn -0.1313 0.8598 -0.4934
vn 0.0091 0.8586 -0.5126
vn 0.2814 0.9290 0.2403
vn 0.0894 0.9605 -0.2636
vn 0.2389 0.9318 -0.2734
vn 0.4584 0.8533 0.2485
vn -0.0039 0.3180 -0.9481
vn -0.0037 0.3187 -0.9478
vn -0.6055 -0.3297 0.7244
vn -0.6790 -0.3378 0.6518
vn -0.9675 -0.1162 0.2247
vn -0.9525 -0.1225 0.2789
vn -0.9985 0.0034 -0.0540
vn -0.9981 0.0092 -0.0615
vn -0.9988 0.0012 -0.0496
vn -0.9735 -0.1091 0.2011
vn -0.7036 -0.3355 0.6264
vn 0.9999 0.0015 0.0135
vn 0.9999 0.0013 0.0134
vn 0.9999 0.0004 0.0136
vn 0.9999 -0.0043 0.0137
vn 0.9999 -0.0049 0.0134
vn 0.9999 -0.0036 0.0137
vn -0.5082 -0.0914 0.8564
vn -0.5444 -0.2598 0.7976
vn -0.9458 -0.0894 0.3122
vn -0.9565 -0.0087 0.2917
vn -0.9976 0.0156 -0.0668
vn -0.9973 0.0123 -0.0723
vn -0.9865 0.0414 -0.1583
vn -0.9802 0.0537 -0.1906
vn -0.0228 -0.9182 0.3954
vn -0.0201 -0.6186 0.7855
vn -0.0201 -0.6134 0.7895
vn -0.0228 -0.9179 0.3962
vn -0.9894 0.0347 -0.1409
vn -0.8707 0.1354 0.4729
vn -0.9684 0.0845 0.2348
vn -0.9694 0.1603 0.1857
vn -0.8861 0.2929 0.3593
vn -0.9981 -0.0110 -0.0613
vn -0.9988 -0.0258 -0.0424
vn 0.9603 -0.0922 -0.2633
vn 0.9878 -0.0442 -0.1493
vn 0.9611 0.0146 -0.2758
vn 0.9894 0.0135 -0.1444
vn 0.9999 -0.0098 0.0037
vn 0.9999 -0.0089 0.0068
vn 0.9999 -0.0099 0.0026
vn -0.1962 -0.4654 0.8631
vn -0.2242 -0.4708 0.8533
vn 0.0856 0.8790 -0.4690
vn -0.0392 0.8944 -0.4455
vn -0.9780 -0.1972 0.0678
vn -0.0074 0.2651 -0.9642
vn -0.0049 0.3117 -0.9502
vn -0.0050 0.3116 -0.9502
vn -0.0075 0.2643 -0.9644
vn -0.9853 -0.1704 0.0128
vn -0.9981 -0.0587 -0.0184
vn -0.9912 -0.1180 -0.0602
vn -0.9911 -0.0803 -0.1060
vn -0.9786 0.0481 -0.2002
vn -0.9847 0.0029 -0.1741
vn -0.0010 -0.9385 0.3452
vn -0.9896 -0.0477 -0.1360
vn -0.9740 0.2082 0.0898
vn -0.8796 0.4490 0.1572
vn 0.9999 -0.0075 -0.0139
vn 0.9999 -0.0081 -0.0137
vn 0.9999 -0.0074 -0.0138
vn 0.9999 -0.0050 -0.0141
vn 0.9999 -0.0052 -0.0142
vn 0.9999 -0.0073 -0.0137
vn 0.9999 -0.0080 -0.0137
vn 0.1033 0.9456 0.3085
vn 0.1555 0.6277 0.7628
vn 0.9999 -0.0080 -0.0135
vn 0.9999 -0.0072 -0.0135
vn 0.9967 -0.0797 0.0149
vn 0.9970 -0.0763 0.0130
vn -0.0387 -0.4882 0.8719
vn -0.0267 -0.4814 0.8761
vn 0.9908 -0.1311 0.0344
vn 0.9880 -0.1485 0.0417
vn -0.7331 0.5898 -0.3386
vn -0.6898 0.6306 -0.3557
vn -0.9689 0.2191 -0.1152
vn -0.9782 0.1825 -0.0992
vn 0.9999 -0.0072 0.0106
vn 0.9999 -0.0076 0.0105
vn 0.9999 -0.0079 0.0102
vn 0.9926 0.0306 -0.1172
vn 0.9999 -0.0065 0.0107
vn 0.9999 -0.0027 0.0135
vn 0.0952 0.2474 0.9642
vn 0.9999 -0.0003 -0.0147
vn 0.9999 -0.0011 -0.0147
vn 0.9689 0.0645 -0.2390
vn 0.9999 0.0017 0.0136
vn 0.9887 -0.1362 0.0632
vn 0.9878 -0.1557 0.0011
vn 0.9999 0.0135 0.0021
vn 0.9999 0.0120 -0.0004
vn 0.9999 0.0134 0.0023
vn 0.9999 0.0106 -0.0025
vn 0.9999 0.0122 0.0063
vn 0.9999 0.0122 0.0073
vn 0.9894 -0.1350 -0.0530
vn 0.0857 -0.2067 -0.9746
vn 0.2389 -0.0045 -0.9710
vn 0.0895 0.0128 -0.9959
vn -0.0391 -0.1797 -0.9829
vn -0.1248 0.7357 0.6657
vn 0.0156 0.7321 0.6810
vn -0.2405 -0.2500 -0.9379
vn -0.0424 -0.2659 -0.9631
vn -0.0300 -0.2640 -0.9641
vn -0.2064 -0.2485 -0.9464
vn 0.4584 0.4751 -0.7511
vn 0.5128 0.7830 -0.3520
vn 0.3471 0.8608 -0.3722
vn 0.2815 0.4882 -0.8261
vn 0.9999 -0.0146 0.0009
vn 0.9999 -0.0133 -0.0036
vn 0.9999 -0.0141 -0.0038
vn 0.9999 -0.0149 0.0009
vn 0.9999 -0.0144 -0.0029
vn 0.9999 -0.0150 0.0011
vn 0.9999 -0.0115 -0.0101
vn 0.9999 -0.0127 -0.0090
vn 0.9999 -0.0095 -0.0089
vn 0.2557 0.8596 0.4424
vn 0.1026 0.8961 0.4318
vn 0.2622 0.9619 0.0769
vn 0.4357 0.8984 0.0547
vn -0.1312 -0.2348 -0.9631
vn 0.0093 -0.2537 -0.9672
vn 0.9999 0.0082 0.0099
vn 0.9999 0.0080 0.0102
vn 0.9999 0.0120 0.0079
vn 0.9999 0.0076 0.0104
vn 0.9999 0.0114 0.0084
vn 0.9999 0.0036 0.0111
vn 0.9999 0.0034 0.0112
vn 0.9999 0.0038 0.0109
vn 0.1078 0.7846 0.6106
vn -0.0282 0.8035 0.5946
vn 0.9970 -0.0087 0.0770
vn 0.9908 -0.0034 0.1355
vn 0.9880 -0.0013 0.1543
vn 0.9967 -0.0079 0.0808
vn 0.9788 0.0049 0.2050
vn 0.9946 -0.0044 0.1036
vn -0.0013 0.9652 0.2616
vn -0.0022 0.9655 0.2605
vn -0.0196 -0.9994 0.0283
vn -0.0128 -0.9385 -0.3450
vn -0.0128 -0.9396 -0.3420
vn -0.0196 -0.9993 0.0307
vn -0.0107 0.8833 0.4686
vn -0.0108 0.8819 0.4714
vn -0.0047 0.9569 0.2905
vn -0.0046 0.9570 0.2902
vn -0.0074 -0.8528 -0.5222
vn -0.0075 -0.8532 -0.5215
vn -0.0049 -0.8260 -0.5637
vn -0.0049 -0.8261 -0.5636
vn -0.0108 -0.1534 0.9881
vn -0.0107 -0.1503 0.9886
vn -0.0039 -0.8220 -0.5695
vn -0.0036 -0.8215 -0.5702
vn -0.9988 -0.0032 0.0489
vn -0.9990 -0.0028 0.0444
vn -0.9887 0.0075 0.1495
vn -0.9911 0.0052 0.1327
vn -0.9821 0.0140 0.1878
vn -0.9987 0.0016 0.0519
vn -0.9971 0.0030 0.0760
vn -0.9981 -0.0340 0.0513
vn -0.9912 -0.0905 0.0967
vn -0.9853 -0.0349 0.1673
vn -0.9988 -0.0479 0.0130
vn -0.9911 -0.1241 0.0478
vn -0.9973 -0.0661 -0.0319
vn -0.9976 -0.0599 -0.0336
vn -0.9786 -0.1790 -0.1018
vn -0.9847 -0.1665 -0.0510
vn -0.9981 -0.0565 -0.0260
vn -0.9802 -0.1682 -0.1047
vn -0.9980 0.0082 0.0632
vn -0.9780 0.0105 0.2082
vn 0.9953 -0.0825 -0.0508
vn 0.9972 -0.0647 -0.0369
vn 0.9999 0.0009 0.0105
vn 0.9999 0.0041 0.0104
vn 0.9999 0.0006 0.0107
vn 0.9999 -0.0002 0.0103
vn 0.9999 -0.0004 0.0105
vn 0.9979 -0.0573 -0.0311
vn 0.9926 -0.1041 -0.0620
vn 0.9999 0.0085 0.0092
vn -0.6790 0.5319 0.5060
vn -0.6055 0.6040 0.5182
vn -0.7033 0.5083 0.4970
vn -0.9865 -0.1405 -0.0839
vn -0.9985 -0.0509 -0.0183
vn -0.9988 -0.0472 -0.0149
vn -0.9894 -0.1256 -0.0726
vn -0.5445 0.6940 0.4710
vn -0.5082 0.7975 0.3252
vn 0.1058 0.8483 -0.5189
vn -0.0285 0.8262 -0.5627
vn 0.1025 0.7028 -0.7040
vn 0.2366 0.7420 -0.6273
vn -0.9458 0.2751 0.1725
vn -0.9565 0.2779 0.0892
vn -0.9525 0.2338 0.1952
vn -0.8707 0.4919 0.0008
vn -0.9684 0.2490 -0.0161
vn -0.9694 0.2228 -0.1026
vn -0.8860 0.4264 -0.1819
vn -0.9981 -0.0620 -0.0064
vn 0.0952 0.9950 0.0294
vn 0.1555 0.9068 -0.3918
vn 0.9604 -0.2522 0.1185
vn 0.9603 -0.2785 0.0157
vn 0.9611 -0.2609 -0.0905
vn -0.9675 0.1834 0.1743
vn -0.9734 0.1628 0.1610
vn -0.9896 -0.1439 0.0082
vn -0.0010 0.0705 0.9975
vn -0.0013 0.0717 0.9974
vn 0.9999 0.0132 0.0025
vn 0.9999 0.0092 -0.0043
vn 0.9999 0.0131 0.0034
vn 0.9999 0.0089 -0.0047
vn -0.6897 -0.1661 -0.7047
vn -0.7333 -0.1609 -0.6606
vn -0.6072 -0.1595 -0.7784
vn -0.5333 -0.1063 -0.8392
vn -0.5030 0.0729 -0.8612
vn 1.0000 -0.0067 -0.0069
vn 0.9873 -0.0202 0.1573
vn 0.9860 -0.0925 0.1390
vn 1.0000 0.0043 -0.0040
vn 1.0000 0.0011 -0.0074
vn 0.9565 -0.0567 0.2860
vn 0.9623 -0.1692 0.2131
vn -0.9557 0.0621 -0.2878
vn -0.9739 0.1440 -0.1752
vn -0.8796 0.2755 -0.3879
vn 0.9999 -0.0016 -0.0101
vn 0.9999 -0.0041 -0.0115
vn -0.9396 -0.0185 -0.3419
vn -0.9509 -0.0491 -0.3056
vn 0.9689 -0.2117 -0.1283
vn 0.9801 -0.1656 -0.1093
vn 0.9883 -0.1282 -0.0825
vn 0.9911 -0.1124 -0.0708
vn 0.9999 -0.0154 0.0033
vn 0.9999 -0.0154 0.0040
vn 0.9999 -0.0153 0.0033
vn 0.9999 -0.0152 0.0033
vn 0.9999 -0.0153 0.0039
vn 0.9915 -0.0029 0.1304
vn 0.9999 -0.0119 -0.0032
vn 0.9999 -0.0140 0.0009
vn 0.9999 0.0005 0.0109
vn 0.9999 0.0004 0.0109
vn 0.9999 -0.0005 0.0106
vn 0.1034 0.5584 -0.8231
vn 0.9999 -0.0152 0.0039
vn 0.9999 -0.0150 0.0032
vn -0.9689 -0.0497 -0.2425
vn -0.9782 -0.0444 -0.2028
vn 0.9638 0.0032 0.2666
vn -0.9988 0.0451 0.0192
vn -0.9990 0.0410 0.0173
vn -0.9887 0.1435 0.0422
vn -0.9912 0.1269 0.0389
vn -0.9821 0.1819 0.0488
vn -0.9987 0.0495 0.0156
vn -0.0196 -0.3037 0.9526
vn -0.0196 -0.3013 0.9533
vn -0.0228 0.0697 0.9973
vn -0.0228 0.0705 0.9973
vn 0.9787 0.1951 0.0631
vn 0.9638 0.2528 0.0851
vn 0.9914 0.1222 0.0459
vn 0.9946 0.0964 0.0384
vn 0.9873 0.1418 0.0711
vn 0.9565 0.2512 0.1481
vn -0.0128 -0.6358 0.7718
vn -0.0129 -0.6333 0.7738
vn -0.0201 0.5424 0.8399
vn -0.0202 0.5368 0.8435
vn 0.9999 0.0103 0.0029
vn 0.9999 0.0104 0.0031
vn 0.9999 0.0116 0.0003
vn 0.9999 0.0115 0.0000
vn 0.9999 0.0104 0.0032
vn 0.9999 0.0116 0.0005
vn 0.9999 0.0098 0.0039
vn 0.9999 0.0098 0.0040
vn 0.9999 0.0097 0.0038
vn 0.9999 -0.0070 0.0102
vn 0.9999 -0.0038 0.0135
vn 0.9999 -0.0078 0.0114
vn 0.9999 -0.0039 0.0141
vn 1.0000 -0.0087 0.0040
vn 0.9999 -0.0116 0.0060
vn 0.9801 -0.1579 0.1202
vn 0.9883 -0.1201 0.0938
vn 0.9972 -0.0562 0.0489
vn 0.9953 -0.0752 0.0611
vn 0.9911 -0.1039 0.0827
vn 0.9979 -0.0483 0.0439
vn -0.5333 -0.8272 -0.1768
vn -0.9396 -0.3288 -0.0955
vn -0.9509 -0.3047 -0.0545
vn -0.6072 -0.7874 -0.1064
vn -0.9980 0.0623 0.0131
vn -0.9557 -0.2511 -0.1537
vn -0.9971 0.0727 0.0223
vn -0.5030 -0.7887 -0.3534
vn 0.5414 -0.0749 -0.8374
vn 0.4530 0.3841 -0.8046
vn 0.4218 0.4296 -0.7985
vn 0.5274 -0.0637 -0.8472
vn 0.2619 0.3894 -0.8831
vn -0.0112 -0.9977 -0.0665
vn 0.0214 -0.9971 -0.0737
vn -0.1318 -0.9866 -0.0965
vn -0.2073 -0.9752 -0.0778
vn 0.2594 0.7381 -0.6229
vn 0.9999 -0.0128 0.0091
vn 0.9999 -0.0134 0.0075
vn 0.9999 -0.0101 -0.0019
vn 0.9999 -0.0123 -0.0001
vn 0.9999 -0.0010 -0.0102
vn 0.9999 -0.0015 -0.0101
vn 1.0000 -0.0066 -0.0035
vn 0.9999 0.0012 -0.0108
vn 0.9623 0.1453 0.2301
vn 0.9860 0.1006 0.1332
vn 0.9604 0.0285 0.2772
vn 0.9887 0.0146 0.1494
vn 1.0000 -0.0024 -0.0054
vn 0.9999 0.0036 -0.0114
vn 0.1228 0.8516 -0.5097
vn 0.0271 0.8877 -0.4596
vn -0.1254 0.8710 -0.4750
vn 0.3464 -0.0668 -0.9357
vn 0.2811 -0.6173 -0.7348
vn 0.4454 -0.6343 -0.6320
vn 0.0430 0.8897 -0.4546
vn -0.0039 -0.8087 0.5882
vn -0.0037 -0.8092 0.5875
vn -0.6055 0.6885 -0.3992
vn -0.6790 0.6531 -0.3353
vn -0.9675 0.2250 -0.1157
vn -0.9525 0.2614 -0.1563
vn -0.9985 -0.0341 0.0420
vn -0.9981 -0.0432 0.0448
vn -0.9988 -0.0297 0.0397
vn -0.9735 0.2056 -0.1006
vn -0.7034 0.6367 -0.3159
vn 0.9999 0.0066 -0.0119
vn 0.9999 0.0068 -0.0117
vn 0.9999 0.0076 -0.0114
vn 0.9999 0.0115 -0.0087
vn 0.9999 0.0118 -0.0081
vn 0.9999 0.0109 -0.0091
vn -0.5082 0.5705 -0.6452
vn -0.5444 0.6738 -0.4996
vn -0.9458 0.2537 -0.2026
vn -0.9565 0.1760 -0.2328
vn -0.9976 -0.0515 0.0455
vn -0.9973 -0.0519 0.0518
vn -0.9865 -0.1256 0.1050
vn -0.9802 -0.1543 0.1242
vn -0.9894 -0.1099 0.0946
vn -0.8707 0.1634 -0.4640
vn -0.9684 0.0671 -0.2404
vn -0.9694 -0.0232 -0.2442
vn -0.8860 -0.0308 -0.4626
vn -0.9981 -0.0265 0.0564
vn -0.9988 -0.0035 0.0495
vn 0.9603 -0.0772 0.2680
vn 0.9878 -0.0504 0.1473
vn 0.9611 -0.1716 0.2163
vn 0.9894 -0.0946 0.1099
vn 0.9999 0.0101 0.0026
vn 0.9999 0.0112 -0.0004
vn 0.9999 0.0096 0.0036
vn -0.0184 0.9043 -0.4265
vn -0.2251 0.8781 -0.4222
vn -0.1970 0.8794 -0.4334
vn -0.0089 0.9014 -0.4329
vn 0.0856 -0.9904 -0.1087
vn -0.0395 -0.9870 -0.1557
vn -0.9780 0.2000 0.0589
vn -0.0075 -0.7746 0.6324
vn -0.0049 -0.8047 0.5937
vn -0.0049 -0.8046 0.5938
vn -0.0075 -0.7740 0.6331
vn -0.9853 0.1464 0.0882
vn -0.9981 0.0372 0.0490
vn -0.9912 0.0613 0.1174
vn -0.9911 0.0041 0.1329
vn -0.9786 -0.1552 0.1354
vn -0.9847 -0.1032 0.1402
vn -0.0010 0.9649 0.2628
vn -0.9896 -0.0399 0.1385
vn -0.9740 -0.1177 -0.1938
vn -0.8796 -0.2750 -0.3882
vn 0.9999 -0.0020 0.0156
vn 0.9999 -0.0014 0.0159
vn 0.9999 -0.0041 0.0144
vn 0.9999 -0.0040 0.0146
vn 0.9999 -0.0019 0.0154
vn 0.9999 -0.0014 0.0158
vn 0.0894 -0.9353 -0.3424
vn 0.1034 -0.5923 -0.7990
vn 0.1555 -0.0701 -0.9853
vn 0.2162 -0.9412 -0.2597
vn 0.9999 -0.0013 0.0156
vn 0.9999 -0.0019 0.0152
vn 0.9967 0.0736 0.0341
vn 0.9970 0.0698 0.0336
vn -0.2415 -0.9676 -0.0735
vn -0.0207 -0.9977 -0.0653
vn 0.0095 -0.9979 -0.0640
vn 0.0372 -0.9970 -0.0674
vn 0.0028 -0.9980 -0.0637
vn 0.9908 0.1268 0.0480
vn 0.9880 0.1452 0.0521
vn -0.7332 -0.6768 -0.0661
vn -0.6898 -0.7201 -0.0757
vn -0.9689 -0.2453 -0.0331
vn -0.9782 -0.2061 -0.0250
vn 0.9999 0.0120 -0.0045
vn 0.9999 0.0123 -0.0042
vn 0.9999 0.0122 -0.0037
vn 0.9926 -0.0929 0.0778
vn 0.9999 0.0115 -0.0050
vn 0.9999 0.0100 -0.0095
vn 0.0952 0.3566 -0.9294
vn 0.9999 -0.0083 0.0121
vn 0.9999 -0.0076 0.0127
vn 0.9689 -0.1910 0.1575
vn 0.9999 0.0065 -0.0121
vn 0.1001 -0.9901 -0.0980
vn 0.2407 -0.9338 -0.2647
vn 0.0107 0.9023 -0.4310
vn 0.0038 0.9050 -0.4254
vn 0.4779 -0.5805 -0.6593
vn -0.0037 0.3041 0.9526
vn -1.0000 -0.0016 -0.0000
vn -1.0000 -0.0015 -0.0000
vn -1.0000 -0.0018 0.0001
vn -1.0000 -0.0019 0.0003
vn -1.0000 -0.0018 -0.0001
vn -1.0000 -0.0016 -0.0001
vn 1.0000 0.0021 0.0003
vn 0.0532 0.9803 0.1900
vn 0.0532 0.9803 0.1904
vn 0.0536 0.9879 0.1455
vn 0.0536 0.9879 0.1454
vn -0.0461 -0.8488 0.5268
vn -0.0390 -0.7189 0.6940
vn -0.0389 -0.7161 0.6969
vn -0.0459 -0.8462 0.5309
vn -0.0354 -0.6515 0.7578
vn -0.0355 -0.6546 0.7551
vn -0.0322 -0.5925 0.8049
vn 0.0523 0.9637 -0.2619
vn 0.0525 0.9680 -0.2453
vn 0.0525 0.9680 -0.2452
vn 0.0523 0.9636 -0.2622
vn -0.0451 -0.8311 0.5543
vn -0.0452 -0.8324 0.5524
vn -0.0411 -0.7561 0.6532
vn -0.0409 -0.7541 0.6555
vn -0.0528 -0.9735 -0.2226
vn -0.0528 -0.9732 -0.2240
vn -0.0505 -0.9307 -0.3622
vn -0.0506 -0.9313 -0.3608
vn -0.0484 -0.8907 0.4519
vn -0.0484 -0.8916 0.4503
vn 0.0527 0.9710 0.2331
vn 0.0527 0.9710 0.2334
vn -0.0308 -0.5667 0.8234
vn -0.0305 -0.5609 0.8273
vn 0.0518 0.9538 -0.2958
vn 0.0518 0.9538 -0.2961
vn -0.0459 -0.8461 -0.5310
vn -0.0461 -0.8487 -0.5269
vn -0.0538 -0.9905 0.1262
vn -0.0541 -0.9975 0.0449
vn -0.0541 -0.9975 0.0447
vn 0.0525 0.9680 0.2453
vn -0.0216 -0.3979 0.9172
vn -0.0214 -0.3935 0.9191
vn -0.0097 -0.1796 -0.9837
vn -0.0096 -0.1772 -0.9841
vn -0.0096 -0.1773 -0.9841
vn -0.0108 -0.1996 0.9798
vn -0.0107 -0.1979 0.9802
vn -0.0121 -0.2225 0.9749
vn 0.0513 0.9447 -0.3239
vn 0.0513 0.9446 -0.3242
vn -0.0108 -0.1992 -0.9799
vn -0.0107 -0.1976 -0.9802
vn -0.0389 -0.7161 -0.6969
vn -0.0390 -0.7189 -0.6940
vn 0.0523 0.9637 0.2618
vn 0.0523 0.9636 0.2622
vn -0.0167 -0.3072 0.9515
vn -0.0166 -0.3057 0.9520
vn 0.0499 0.9200 0.3886
vn 0.0351 0.6463 0.7623
vn 0.0351 0.6469 0.7618
vn 0.0497 0.9150 0.4005
vn -0.0120 -0.2217 -0.9750
vn 0.0507 0.9346 -0.3522
vn 0.0507 0.9344 -0.3525
vn -0.0305 -0.5611 -0.8272
vn -0.0308 -0.5668 -0.8233
vn -0.0096 -0.1772 0.9841
vn -0.0096 -0.1773 0.9841
vn -0.0542 -0.9975 -0.0447
vn -0.0541 -0.9971 0.0544
vn -0.0541 -0.9970 0.0545
vn -0.0542 -0.9975 -0.0449
vn 0.0518 0.9539 0.2957
vn 0.0518 0.9538 0.2960
vn -0.0097 -0.1796 0.9837
vn -0.0119 -0.2194 0.9756
vn -0.0117 -0.2146 0.9766
vn 0.0539 0.9936 -0.0994
vn 0.0539 0.9936 -0.0997
vn 0.0496 0.9138 -0.4032
vn 0.0496 0.9133 -0.4043
vn -0.0214 -0.3935 -0.9191
vn -0.0216 -0.3979 -0.9172
vn -0.0538 -0.9905 -0.1263
vn -0.0539 -0.9930 0.1048
vn -0.0539 -0.9930 0.1050
vn 0.0513 0.9447 0.3239
vn 0.0513 0.9446 0.3242
vn 0.0351 0.6463 -0.7622
vn 0.0351 0.6470 -0.7617
vn 0.0357 0.6583 -0.7519
vn -0.0080 -0.1479 0.9890
vn 0.0536 0.9879 -0.1454
vn 0.0536 0.9879 -0.1455
vn 0.0487 0.8966 -0.4402
vn -0.0166 -0.3053 -0.9521
vn -0.0167 -0.3068 -0.9516
vn 0.0499 0.9200 -0.3887
vn 0.0497 0.9150 -0.4005
vn -0.0528 -0.9735 0.2225
vn -0.0528 -0.9732 0.2239
vn 0.0507 0.9346 0.3521
vn 0.0507 0.9344 0.3525
vn -0.0497 -0.9159 -0.3983
vn -0.0483 -0.8907 -0.4520
vn -0.0484 -0.8916 -0.4503
vn 0.0532 0.9803 -0.1900
vn 0.0532 0.9803 -0.1904
vn -0.0541 -0.9970 -0.0545
vn -0.0541 -0.9971 -0.0544
vn -0.0354 -0.6516 -0.7578
vn -0.0322 -0.5925 -0.8049
vn -0.0355 -0.6547 -0.7550
vn -0.0116 -0.2142 -0.9767
vn -0.0119 -0.2189 -0.9757
vn 0.0539 0.9936 0.0994
vn 0.0539 0.9936 0.0997
vn -0.0451 -0.8310 -0.5544
vn -0.0409 -0.7541 -0.6555
vn -0.0411 -0.7561 -0.6531
vn -0.0452 -0.8324 -0.5524
vn -0.0506 -0.9312 0.3609
vn -0.0505 -0.9307 0.3622
vn 0.0496 0.9137 0.4033
vn 0.0496 0.9132 0.4044
vn 0.0527 0.9710 -0.2331
vn 0.0527 0.9710 -0.2334
vn -0.0539 -0.9930 -0.1050
vn -0.0539 -0.9930 -0.1048
vn -0.0080 -0.1479 -0.9890
vn 0.0357 0.6581 0.7521
vn 0.0487 0.8964 0.4405
vn -0.0497 -0.9159 0.3983
# 1154 vertex normals

vt 0.5797 0.1227 0.0000
vt 0.5814 0.1173 0.0000
vt 0.5833 0.1181 0.0000
vt 0.5807 0.1231 0.0000
vt 0.5686 0.1226 0.0000
vt 0.5736 0.1253 0.0000
vt 0.5732 0.1262 0.0000
vt 0.5678 0.1246 0.0000
vt 0.5674 0.1267 0.0000
vt 0.5730 0.1272 0.0000
vt 0.5730 0.1282 0.0000
vt 0.5674 0.1288 0.0000
vt 0.5678 0.1309 0.0000
vt 0.5732 0.1292 0.0000
vt 0.8087 0.6090 0.0000
vt 0.8135 0.6091 0.0000
vt 0.8134 0.6109 0.0000
vt 0.8087 0.6108 0.0000
vt 0.5771 0.1385 0.0000
vt 0.5777 0.1329 0.0000
vt 0.5787 0.1329 0.0000
vt 0.5793 0.1385 0.0000
vt 0.5751 0.1381 0.0000
vt 0.5767 0.1327 0.0000
vt 0.5797 0.1327 0.0000
vt 0.5814 0.1381 0.0000
vt 0.5815 0.1237 0.0000
vt 0.5851 0.1193 0.0000
vt 0.5866 0.1208 0.0000
vt 0.5822 0.1244 0.0000
vt 0.5731 0.1373 0.0000
vt 0.5758 0.1323 0.0000
vt 0.1898 0.8032 0.0000
vt 0.1898 0.8014 0.0000
vt 0.1946 0.8014 0.0000
vt 0.1946 0.8032 0.0000
vt 0.5751 0.1173 0.0000
vt 0.5771 0.1169 0.0000
vt 0.5777 0.1225 0.0000
vt 0.5767 0.1227 0.0000
vt 0.5878 0.1226 0.0000
vt 0.5828 0.1253 0.0000
vt 0.5713 0.1361 0.0000
vt 0.5749 0.1317 0.0000
vt 0.5886 0.1246 0.0000
vt 0.5832 0.1262 0.0000
vt 0.5698 0.1346 0.0000
vt 0.5742 0.1310 0.0000
vt 0.5890 0.1267 0.0000
vt 0.5834 0.1272 0.0000
vt 0.5686 0.1328 0.0000
vt 0.5736 0.1302 0.0000
vt 0.9745 0.7042 0.0000
vt 0.9745 0.7059 0.0000
vt 0.9697 0.7059 0.0000
vt 0.9697 0.7041 0.0000
vt 0.9745 0.7079 0.0000
vt 0.9697 0.7078 0.0000
vt 0.8087 0.6029 0.0000
vt 0.8135 0.6029 0.0000
vt 0.8135 0.6050 0.0000
vt 0.8087 0.6050 0.0000
vt 0.5832 0.1292 0.0000
vt 0.5886 0.1309 0.0000
vt 0.5878 0.1328 0.0000
vt 0.5828 0.1301 0.0000
vt 0.5793 0.1169 0.0000
vt 0.5787 0.1225 0.0000
vt 0.5866 0.1346 0.0000
vt 0.5822 0.1310 0.0000
vt 0.5731 0.1181 0.0000
vt 0.5758 0.1231 0.0000
vt 0.5851 0.1361 0.0000
vt 0.5815 0.1317 0.0000
vt 0.5713 0.1193 0.0000
vt 0.5749 0.1237 0.0000
vt 0.5833 0.1373 0.0000
vt 0.5807 0.1323 0.0000
vt 0.5698 0.1208 0.0000
vt 0.5742 0.1244 0.0000
vt 0.3881 0.7609 0.0000
vt 0.3881 0.7606 0.0000
vt 0.3891 0.7606 0.0000
vt 0.3891 0.7609 0.0000
vt 0.9980 0.5033 0.0000
vt 0.9980 0.5023 0.0000
vt 0.9983 0.5023 0.0000
vt 0.9983 0.5033 0.0000
vt 0.9983 0.5043 0.0000
vt 0.9980 0.5043 0.0000
vt 0.7101 0.2338 0.0000
vt 0.7101 0.2330 0.0000
vt 0.7104 0.2330 0.0000
vt 0.7104 0.2338 0.0000
vt 0.7104 0.2348 0.0000
vt 0.7101 0.2348 0.0000
vt 0.9980 0.5013 0.0000
vt 0.9983 0.5013 0.0000
vt 0.3871 0.7609 0.0000
vt 0.3871 0.7606 0.0000
vt 0.7104 0.2358 0.0000
vt 0.7101 0.2358 0.0000
vt 0.7101 0.2395 0.0000
vt 0.7101 0.2387 0.0000
vt 0.7104 0.2387 0.0000
vt 0.7104 0.2395 0.0000
vt 0.3862 0.7609 0.0000
vt 0.3862 0.7606 0.0000
vt 0.9983 0.5005 0.0000
vt 0.9980 0.5005 0.0000
vt 0.9980 0.4997 0.0000
vt 0.9983 0.4997 0.0000
vt 0.7101 0.2378 0.0000
vt 0.7101 0.2368 0.0000
vt 0.7104 0.2368 0.0000
vt 0.7104 0.2378 0.0000
vt 0.7338 0.6064 0.0000
vt 0.7348 0.6068 0.0000
vt 0.7356 0.6074 0.0000
vt 0.7363 0.6081 0.0000
vt 0.7369 0.6089 0.0000
vt 0.7373 0.6099 0.0000
vt 0.7375 0.6109 0.0000
vt 0.7375 0.6119 0.0000
vt 0.7373 0.6129 0.0000
vt 0.7369 0.6138 0.0000
vt 0.7363 0.6147 0.0000
vt 0.7356 0.6154 0.0000
vt 0.7348 0.6159 0.0000
vt 0.7338 0.6163 0.0000
vt 0.7328 0.6165 0.0000
vt 0.7318 0.6165 0.0000
vt 0.7308 0.6163 0.0000
vt 0.7299 0.6159 0.0000
vt 0.7290 0.6154 0.0000
vt 0.7283 0.6147 0.0000
vt 0.7277 0.6138 0.0000
vt 0.7273 0.6129 0.0000
vt 0.7271 0.6119 0.0000
vt 0.7271 0.6109 0.0000
vt 0.7273 0.6099 0.0000
vt 0.7277 0.6089 0.0000
vt 0.7283 0.6081 0.0000
vt 0.7290 0.6074 0.0000
vt 0.7299 0.6068 0.0000
vt 0.7308 0.6064 0.0000
vt 0.7318 0.6062 0.0000
vt 0.7328 0.6062 0.0000
vt 0.3853 0.7609 0.0000
vt 0.3854 0.7606 0.0000
vt 0.9980 0.5062 0.0000
vt 0.9980 0.5053 0.0000
vt 0.9983 0.5053 0.0000
vt 0.9983 0.5062 0.0000
vt 0.9980 0.5497 0.0000
vt 0.9983 0.5497 0.0000
vt 0.9983 0.5505 0.0000
vt 0.9980 0.5505 0.0000
vt 0.9980 0.5489 0.0000
vt 0.9983 0.5489 0.0000
vt 0.9980 0.5479 0.0000
vt 0.9983 0.5479 0.0000
vt 0.9980 0.5469 0.0000
vt 0.9983 0.5469 0.0000
vt 0.9980 0.5459 0.0000
vt 0.9983 0.5459 0.0000
vt 0.9983 0.5070 0.0000
vt 0.9980 0.5070 0.0000
vt 0.9980 0.5449 0.0000
vt 0.9983 0.5449 0.0000
vt 0.3919 0.7609 0.0000
vt 0.3919 0.7606 0.0000
vt 0.3927 0.7606 0.0000
vt 0.3927 0.7609 0.0000
vt 0.9980 0.5440 0.0000
vt 0.9983 0.5440 0.0000
vt 0.3911 0.7609 0.0000
vt 0.3911 0.7606 0.0000
vt 0.9980 0.5431 0.0000
vt 0.9983 0.5431 0.0000
vt 0.3901 0.7609 0.0000
vt 0.3901 0.7606 0.0000
vt 0.7101 0.2322 0.0000
vt 0.7104 0.2322 0.0000
vt 0.5834 0.1282 0.0000
vt 0.5890 0.1288 0.0000
vt 0.1898 0.8135 0.0000
vt 0.1898 0.8115 0.0000
vt 0.1946 0.8116 0.0000
vt 0.1946 0.8135 0.0000
vt 0.1898 0.8095 0.0000
vt 0.1946 0.8095 0.0000
vt 0.1898 0.8073 0.0000
vt 0.1946 0.8073 0.0000
vt 0.9506 0.8379 0.0000
vt 0.9506 0.8398 0.0000
vt 0.9458 0.8398 0.0000
vt 0.9458 0.8380 0.0000
vt 0.8135 0.6071 0.0000
vt 0.8087 0.6071 0.0000
vt 0.9506 0.8359 0.0000
vt 0.9458 0.8360 0.0000
vt 0.1946 0.8052 0.0000
vt 0.1898 0.8052 0.0000
vt 0.9506 0.8338 0.0000
vt 0.9458 0.8338 0.0000
vt 0.1898 0.8152 0.0000
vt 0.1946 0.8153 0.0000
vt 0.1898 0.7999 0.0000
vt 0.1946 0.7998 0.0000
vt 0.9745 0.7180 0.0000
vt 0.9745 0.7195 0.0000
vt 0.9697 0.7196 0.0000
vt 0.9697 0.7181 0.0000
vt 0.9506 0.8277 0.0000
vt 0.9506 0.8296 0.0000
vt 0.9458 0.8296 0.0000
vt 0.9458 0.8276 0.0000
vt 0.9745 0.7162 0.0000
vt 0.9697 0.7162 0.0000
vt 0.9506 0.8260 0.0000
vt 0.9458 0.8259 0.0000
vt 0.9506 0.8317 0.0000
vt 0.9458 0.8317 0.0000
vt 0.9745 0.7142 0.0000
vt 0.9697 0.7142 0.0000
vt 0.8087 0.5970 0.0000
vt 0.8087 0.5954 0.0000
vt 0.8134 0.5954 0.0000
vt 0.8135 0.5969 0.0000
vt 0.9745 0.7121 0.0000
vt 0.9697 0.7121 0.0000
vt 0.8087 0.5988 0.0000
vt 0.8135 0.5987 0.0000
vt 0.9745 0.7100 0.0000
vt 0.9697 0.7099 0.0000
vt 0.8087 0.6008 0.0000
vt 0.8135 0.6008 0.0000
vt 0.9506 0.8413 0.0000
vt 0.9458 0.8414 0.0000
vt 0.4005 0.5779 0.0000
vt 0.4005 0.5714 0.0000
vt 0.4017 0.5714 0.0000
vt 0.4017 0.5779 0.0000
vt 0.4359 0.6369 0.0000
vt 0.4360 0.6302 0.0000
vt 0.4458 0.6301 0.0000
vt 0.4457 0.6371 0.0000
vt 0.7379 0.6341 0.0000
vt 0.7409 0.6335 0.0000
vt 0.7419 0.6447 0.0000
vt 0.7398 0.6450 0.0000
vt 0.7428 0.6542 0.0000
vt 0.7413 0.6543 0.0000
vt 0.7441 0.6444 0.0000
vt 0.7444 0.6542 0.0000
vt 0.7438 0.6329 0.0000
vt 0.9881 0.2683 0.0000
vt 0.9899 0.2574 0.0000
vt 0.9920 0.2577 0.0000
vt 0.9910 0.2689 0.0000
vt 0.9942 0.2581 0.0000
vt 0.9939 0.2695 0.0000
vt 0.9928 0.2485 0.0000
vt 0.9944 0.2483 0.0000
vt 0.9912 0.2486 0.0000
vt 0.7445 0.6611 0.0000
vt 0.7434 0.6607 0.0000
vt 0.7423 0.6604 0.0000
vt 0.7435 0.6644 0.0000
vt 0.7426 0.6638 0.0000
vt 0.7444 0.6651 0.0000
vt 0.7450 0.6542 0.0000
vt 0.7450 0.6612 0.0000
vt 0.7448 0.6654 0.0000
vt 0.9918 0.2433 0.0000
vt 0.9931 0.2426 0.0000
vt 0.9945 0.2417 0.0000
vt 0.9929 0.2395 0.0000
vt 0.9943 0.2379 0.0000
vt 0.9917 0.2408 0.0000
vt 0.1366 0.8057 0.0000
vt 0.1337 0.8057 0.0000
vt 0.1352 0.8024 0.0000
vt 0.1375 0.8024 0.0000
vt 0.1425 0.8024 0.0000
vt 0.1375 0.8002 0.0000
vt 0.1423 0.8001 0.0000
vt 0.1354 0.8002 0.0000
vt 0.7437 0.6669 0.0000
vt 0.7431 0.6660 0.0000
vt 0.7424 0.6652 0.0000
vt 0.7422 0.6665 0.0000
vt 0.7418 0.6655 0.0000
vt 0.7427 0.6674 0.0000
vt 0.7440 0.6673 0.0000
vt 0.7429 0.6679 0.0000
vt 0.9923 0.2382 0.0000
vt 0.9936 0.2362 0.0000
vt 0.9915 0.2378 0.0000
vt 0.9925 0.2356 0.0000
vt 0.9907 0.2395 0.0000
vt 0.9913 0.2398 0.0000
vt 0.7422 0.6634 0.0000
vt 0.7422 0.6635 0.0000
vt 0.7421 0.6648 0.0000
vt 0.7420 0.6647 0.0000
vt 0.7416 0.6651 0.0000
vt 0.7413 0.6677 0.0000
vt 0.7412 0.6666 0.0000
vt 0.7411 0.6656 0.0000
vt 0.7394 0.6660 0.0000
vt 0.7397 0.6649 0.0000
vt 0.7392 0.6670 0.0000
vt 0.3169 0.7687 0.0000
vt 0.3137 0.7703 0.0000
vt 0.3137 0.7694 0.0000
vt 0.3169 0.7675 0.0000
vt 0.9007 0.2269 0.0000
vt 0.9012 0.2269 0.0000
vt 0.9014 0.2291 0.0000
vt 0.9007 0.2291 0.0000
vt 0.3115 0.7707 0.0000
vt 0.3115 0.7698 0.0000
vt 0.1422 0.8057 0.0000
vt 0.7414 0.6681 0.0000
vt 0.7391 0.6675 0.0000
vt 0.9900 0.2393 0.0000
vt 0.9904 0.2376 0.0000
vt 0.9911 0.2354 0.0000
vt 0.9888 0.2380 0.0000
vt 0.9891 0.2359 0.0000
vt 0.9888 0.2396 0.0000
vt 0.3169 0.7778 0.0000
vt 0.3136 0.7781 0.0000
vt 0.3137 0.7728 0.0000
vt 0.3169 0.7718 0.0000
vt 0.3114 0.7730 0.0000
vt 0.3114 0.7781 0.0000
vt 0.9013 0.2236 0.0000
vt 0.9008 0.2236 0.0000
vt 0.7356 0.6652 0.0000
vt 0.7358 0.6647 0.0000
vt 0.7307 0.6605 0.0000
vt 0.7302 0.6610 0.0000
vt 0.9866 0.2410 0.0000
vt 0.9861 0.2396 0.0000
vt 0.9858 0.2380 0.0000
vt 0.9816 0.2433 0.0000
vt 0.9807 0.2420 0.0000
vt 0.9826 0.2445 0.0000
vt 0.7365 0.6637 0.0000
vt 0.7371 0.6627 0.0000
vt 0.7317 0.6594 0.0000
vt 0.7327 0.6583 0.0000
vt 0.9764 0.2511 0.0000
vt 0.9749 0.2496 0.0000
vt 0.9735 0.2481 0.0000
vt 0.9650 0.2553 0.0000
vt 0.9669 0.2574 0.0000
vt 0.9688 0.2594 0.0000
vt 0.7234 0.6543 0.0000
vt 0.7248 0.6528 0.0000
vt 0.7263 0.6513 0.0000
vt 0.7168 0.6450 0.0000
vt 0.7187 0.6429 0.0000
vt 0.7149 0.6471 0.0000
vt 0.3169 0.7984 0.0000
vt 0.3134 0.7984 0.0000
vt 0.3135 0.7872 0.0000
vt 0.3169 0.7871 0.0000
vt 0.3112 0.7870 0.0000
vt 0.3110 0.7981 0.0000
vt 0.7228 0.6550 0.0000
vt 0.7141 0.6480 0.0000
vt 0.9729 0.2474 0.0000
vt 0.9803 0.2415 0.0000
vt 0.0712 0.7451 0.0000
vt 0.0712 0.7489 0.0000
vt 0.0647 0.7488 0.0000
vt 0.0647 0.7450 0.0000
vt 0.0713 0.7553 0.0000
vt 0.0647 0.7552 0.0000
vt 0.9642 0.2544 0.0000
vt 0.9857 0.2373 0.0000
vt 0.9892 0.2350 0.0000
vt 0.0393 0.2843 0.0000
vt 0.0393 0.2858 0.0000
vt 0.0328 0.2858 0.0000
vt 0.0328 0.2843 0.0000
vt 0.0712 0.7433 0.0000
vt 0.0647 0.7432 0.0000
vt 0.9915 0.2344 0.0000
vt 0.9930 0.2346 0.0000
vt 0.0328 0.2871 0.0000
vt 0.0393 0.2871 0.0000
vt 0.0393 0.2887 0.0000
vt 0.0328 0.2887 0.0000
vt 0.9941 0.2353 0.0000
vt 0.9949 0.2371 0.0000
vt 0.4215 0.6366 0.0000
vt 0.4216 0.6302 0.0000
vt 0.4276 0.6302 0.0000
vt 0.4275 0.6367 0.0000
vt 0.4182 0.6366 0.0000
vt 0.4182 0.6301 0.0000
vt 0.9952 0.2412 0.0000
vt 0.9952 0.2482 0.0000
vt 0.4122 0.5715 0.0000
vt 0.4122 0.5780 0.0000
vt 0.4069 0.5779 0.0000
vt 0.4069 0.5715 0.0000
vt 0.0714 0.7643 0.0000
vt 0.0647 0.7643 0.0000
vt 0.7387 0.6452 0.0000
vt 0.7365 0.6344 0.0000
vt 0.7367 0.6343 0.0000
vt 0.7388 0.6452 0.0000
vt 0.7406 0.6543 0.0000
vt 0.7405 0.6543 0.0000
vt 0.9952 0.2582 0.0000
vt 0.9952 0.2698 0.0000
vt 0.7450 0.6327 0.0000
vt 0.7450 0.6442 0.0000
vt 0.1509 0.8057 0.0000
vt 0.1509 0.8023 0.0000
vt 0.1612 0.8022 0.0000
vt 0.1613 0.8057 0.0000
vt 0.1509 0.8058 0.0000
vt 0.1422 0.8058 0.0000
vt 0.1613 0.8058 0.0000
vt 0.7269 0.6507 0.0000
vt 0.7331 0.6578 0.0000
vt 0.7270 0.6506 0.0000
vt 0.7332 0.6578 0.0000
vt 0.7195 0.6420 0.0000
vt 0.7196 0.6419 0.0000
vt 0.7374 0.6623 0.0000
vt 0.7398 0.6644 0.0000
vt 0.7374 0.6622 0.0000
vt 0.7410 0.6652 0.0000
vt 0.7410 0.6651 0.0000
vt 0.1326 0.8057 0.0000
vt 0.1345 0.8024 0.0000
vt 0.9003 0.2237 0.0000
vt 0.9003 0.2235 0.0000
vt 0.9008 0.2235 0.0000
vt 0.1336 0.8058 0.0000
vt 0.1326 0.8058 0.0000
vt 0.7418 0.6603 0.0000
vt 0.7417 0.6602 0.0000
vt 0.8993 0.2269 0.0000
vt 0.9001 0.2269 0.0000
vt 0.9000 0.2291 0.0000
vt 0.8991 0.2291 0.0000
vt 0.1505 0.8000 0.0000
vt 0.1607 0.7998 0.0000
vt 0.3170 0.7778 0.0000
vt 0.3170 0.7871 0.0000
vt 0.3171 0.7984 0.0000
vt 0.3171 0.7687 0.0000
vt 0.3170 0.7718 0.0000
vt 0.9014 0.2235 0.0000
vt 0.3171 0.7674 0.0000
vt 0.1366 0.8058 0.0000
vt 0.0305 0.6461 0.0000
vt 0.0318 0.6459 0.0000
vt 0.0320 0.6469 0.0000
vt 0.0309 0.6470 0.0000
vt 0.0321 0.6479 0.0000
vt 0.0314 0.6480 0.0000
vt 0.0337 0.6476 0.0000
vt 0.0335 0.6486 0.0000
vt 0.0339 0.6465 0.0000
vt 0.0647 0.7814 0.0000
vt 0.0647 0.7789 0.0000
vt 0.0681 0.7804 0.0000
vt 0.0681 0.7823 0.0000
vt 0.5213 0.7796 0.0000
vt 0.5178 0.7797 0.0000
vt 0.5178 0.7706 0.0000
vt 0.5213 0.7702 0.0000
vt 0.0683 0.8025 0.0000
vt 0.0647 0.8027 0.0000
vt 0.0647 0.7937 0.0000
vt 0.0682 0.7936 0.0000
vt 0.5177 0.7909 0.0000
vt 0.5213 0.7909 0.0000
vt 0.2398 0.4290 0.0000
vt 0.2398 0.4295 0.0000
vt 0.2364 0.4292 0.0000
vt 0.2363 0.4287 0.0000
vt 0.0319 0.6593 0.0000
vt 0.0309 0.6531 0.0000
vt 0.0314 0.6533 0.0000
vt 0.0325 0.6593 0.0000
vt 0.0315 0.6533 0.0000
vt 0.0326 0.6593 0.0000
vt 0.0309 0.6501 0.0000
vt 0.0310 0.6501 0.0000
vt 0.0305 0.6498 0.0000
vt 0.5213 0.7609 0.0000
vt 0.5179 0.7625 0.0000
vt 0.5179 0.7614 0.0000
vt 0.5213 0.7596 0.0000
vt 0.0681 0.7865 0.0000
vt 0.0647 0.7863 0.0000
vt 0.2362 0.4277 0.0000
vt 0.2396 0.4279 0.0000
vt 0.0361 0.6508 0.0000
vt 0.0358 0.6513 0.0000
vt 0.0334 0.6491 0.0000
vt 0.0400 0.6557 0.0000
vt 0.0400 0.6558 0.0000
vt 0.0405 0.6552 0.0000
vt 0.5213 0.7642 0.0000
vt 0.5179 0.7651 0.0000
vt 0.0294 0.6807 0.0000
vt 0.0281 0.6809 0.0000
vt 0.0281 0.6693 0.0000
vt 0.0291 0.6692 0.0000
vt 0.0281 0.6593 0.0000
vt 0.0288 0.6593 0.0000
vt 0.0894 0.7260 0.0000
vt 0.0986 0.7261 0.0000
vt 0.0986 0.7326 0.0000
vt 0.0894 0.7327 0.0000
vt 0.9438 0.6629 0.0000
vt 0.9438 0.6650 0.0000
vt 0.9373 0.6649 0.0000
vt 0.9373 0.6628 0.0000
vt 0.3993 0.5714 0.0000
vt 0.3993 0.5779 0.0000
vt 0.1091 0.7262 0.0000
vt 0.1091 0.7326 0.0000
vt 0.1052 0.7326 0.0000
vt 0.1051 0.7261 0.0000
vt 0.9438 0.6691 0.0000
vt 0.9373 0.6691 0.0000
vt 0.9439 0.6759 0.0000
vt 0.9374 0.6759 0.0000
vt 0.4036 0.5715 0.0000
vt 0.4036 0.5779 0.0000
vt 0.9440 0.6854 0.0000
vt 0.9443 0.6965 0.0000
vt 0.9373 0.6965 0.0000
vt 0.9373 0.6854 0.0000
vt 0.5655 0.9867 0.0000
vt 0.5770 0.9870 0.0000
vt 0.5769 0.9880 0.0000
vt 0.5653 0.9880 0.0000
vt 0.5868 0.9880 0.0000
vt 0.5868 0.9873 0.0000
vt 0.5972 0.9871 0.0000
vt 0.5989 0.9864 0.0000
vt 0.5998 0.9870 0.0000
vt 0.5980 0.9877 0.0000
vt 0.5995 0.9854 0.0000
vt 0.6005 0.9858 0.0000
vt 0.5992 0.9819 0.0000
vt 0.5971 0.9786 0.0000
vt 0.5978 0.9785 0.0000
vt 0.6001 0.9821 0.0000
vt 0.5931 0.9736 0.0000
vt 0.5937 0.9732 0.0000
vt 0.5934 0.9874 0.0000
vt 0.5939 0.9880 0.0000
vt 0.0425 0.6530 0.0000
vt 0.0498 0.6592 0.0000
vt 0.0483 0.6607 0.0000
vt 0.0415 0.6541 0.0000
vt 0.0469 0.6622 0.0000
vt 0.0563 0.6685 0.0000
vt 0.0545 0.6706 0.0000
vt 0.0582 0.6664 0.0000
vt 0.0373 0.6488 0.0000
vt 0.0367 0.6498 0.0000
vt 0.5154 0.7798 0.0000
vt 0.5156 0.7707 0.0000
vt 0.5153 0.7910 0.0000
vt 0.5877 0.9657 0.0000
vt 0.5870 0.9663 0.0000
vt 0.5798 0.9579 0.0000
vt 0.5807 0.9571 0.0000
vt 0.2399 0.4300 0.0000
vt 0.2365 0.4297 0.0000
vt 0.5157 0.7654 0.0000
vt 0.5157 0.7629 0.0000
vt 0.2021 0.8358 0.0000
vt 0.2020 0.8441 0.0000
vt 0.1985 0.8442 0.0000
vt 0.1984 0.8359 0.0000
vt 0.5955 0.9816 0.0000
vt 0.5941 0.9794 0.0000
vt 0.5955 0.9790 0.0000
vt 0.5971 0.9816 0.0000
vt 0.5918 0.9745 0.0000
vt 0.5906 0.9754 0.0000
vt 0.5958 0.9828 0.0000
vt 0.5975 0.9833 0.0000
vt 0.5973 0.9843 0.0000
vt 0.5957 0.9835 0.0000
vt 0.5997 0.9840 0.0000
vt 0.0549 0.8014 0.0000
vt 0.0534 0.7981 0.0000
vt 0.0539 0.7981 0.0000
vt 0.0554 0.8014 0.0000
vt 0.2343 0.4299 0.0000
vt 0.2342 0.4294 0.0000
vt 0.5157 0.7618 0.0000
vt 0.0303 0.6457 0.0000
vt 0.0318 0.6454 0.0000
vt 0.0340 0.6460 0.0000
vt 0.5840 0.9692 0.0000
vt 0.5855 0.9678 0.0000
vt 0.5777 0.9598 0.0000
vt 0.5757 0.9616 0.0000
vt 0.6007 0.9843 0.0000
vt 0.4283 0.5784 0.0000
vt 0.4196 0.5782 0.0000
vt 0.4196 0.5715 0.0000
vt 0.4283 0.5714 0.0000
vt 0.0322 0.6484 0.0000
vt 0.0316 0.6484 0.0000
vt 0.0316 0.6485 0.0000
vt 0.0705 0.7930 0.0000
vt 0.0707 0.8017 0.0000
vt 0.0704 0.7861 0.0000
vt 0.0703 0.7821 0.0000
vt 0.2360 0.4259 0.0000
vt 0.2340 0.4277 0.0000
vt 0.2338 0.4258 0.0000
vt 0.0296 0.6491 0.0000
vt 0.0288 0.6484 0.0000
vt 0.0294 0.6467 0.0000
vt 0.0301 0.6475 0.0000
vt 0.0308 0.6484 0.0000
vt 0.0284 0.6481 0.0000
vt 0.0291 0.6463 0.0000
vt 0.5956 0.9857 0.0000
vt 0.5969 0.9851 0.0000
vt 0.5953 0.9841 0.0000
vt 0.5943 0.9845 0.0000
vt 0.0311 0.6488 0.0000
vt 0.5918 0.9846 0.0000
vt 0.5925 0.9859 0.0000
vt 0.5866 0.9856 0.0000
vt 0.5865 0.9840 0.0000
vt 0.0376 0.6483 0.0000
vt 0.0429 0.6525 0.0000
vt 0.0504 0.6585 0.0000
vt 0.0590 0.6655 0.0000
vt 0.0345 0.6683 0.0000
vt 0.0367 0.6792 0.0000
vt 0.0365 0.6792 0.0000
vt 0.0343 0.6684 0.0000
vt 0.0334 0.6685 0.0000
vt 0.0352 0.6795 0.0000
vt 0.0286 0.6524 0.0000
vt 0.0298 0.6528 0.0000
vt 0.0303 0.6593 0.0000
vt 0.0463 0.6628 0.0000
vt 0.0462 0.6629 0.0000
vt 0.0537 0.6715 0.0000
vt 0.0535 0.6716 0.0000
vt 0.2341 0.4287 0.0000
vt 0.0323 0.6801 0.0000
vt 0.0312 0.6688 0.0000
vt 0.5668 0.9809 0.0000
vt 0.5777 0.9827 0.0000
vt 0.5773 0.9849 0.0000
vt 0.5661 0.9838 0.0000
vt 0.0281 0.6523 0.0000
vt 0.4569 0.9867 0.0000
vt 0.4684 0.9870 0.0000
vt 0.4682 0.9880 0.0000
vt 0.4566 0.9880 0.0000
vt 0.4782 0.9880 0.0000
vt 0.4781 0.9873 0.0000
vt 0.9814 0.6315 0.0000
vt 0.9750 0.6315 0.0000
vt 0.9750 0.6302 0.0000
vt 0.9814 0.6302 0.0000
vt 0.1268 0.8923 0.0000
vt 0.1197 0.8923 0.0000
vt 0.1199 0.8918 0.0000
vt 0.1268 0.8917 0.0000
vt 0.1155 0.8921 0.0000
vt 0.1158 0.8917 0.0000
vt 0.9814 0.6339 0.0000
vt 0.9750 0.6338 0.0000
vt 0.1111 0.7262 0.0000
vt 0.1111 0.7326 0.0000
vt 0.1296 0.8736 0.0000
vt 0.1303 0.8742 0.0000
vt 0.1231 0.8804 0.0000
vt 0.1227 0.8800 0.0000
vt 0.1304 0.8743 0.0000
vt 0.1232 0.8805 0.0000
vt 0.1389 0.8668 0.0000
vt 0.1390 0.8669 0.0000
vt 0.1380 0.8660 0.0000
vt 0.1202 0.8907 0.0000
vt 0.1267 0.8901 0.0000
vt 0.1206 0.8896 0.0000
vt 0.1267 0.8886 0.0000
vt 0.1165 0.8908 0.0000
vt 0.1172 0.8899 0.0000
vt 0.6257 0.6131 0.0000
vt 0.6256 0.6065 0.0000
vt 0.6326 0.6066 0.0000
vt 0.6327 0.6130 0.0000
vt 0.1200 0.8775 0.0000
vt 0.1260 0.8700 0.0000
vt 0.1266 0.8707 0.0000
vt 0.1205 0.8780 0.0000
vt 0.1330 0.8614 0.0000
vt 0.1339 0.8622 0.0000
vt 0.4831 0.9846 0.0000
vt 0.4838 0.9859 0.0000
vt 0.4779 0.9857 0.0000
vt 0.4778 0.9840 0.0000
vt 0.4848 0.9874 0.0000
vt 0.4869 0.9857 0.0000
vt 0.4886 0.9871 0.0000
vt 0.4856 0.9845 0.0000
vt 0.0535 0.8014 0.0000
vt 0.0522 0.7981 0.0000
vt 0.0505 0.8014 0.0000
vt 0.0497 0.7980 0.0000
vt 0.8851 0.2216 0.0000
vt 0.8850 0.2252 0.0000
vt 0.8758 0.2252 0.0000
vt 0.8759 0.2217 0.0000
vt 0.1175 0.8895 0.0000
vt 0.1162 0.8894 0.0000
vt 0.1162 0.8893 0.0000
vt 0.1158 0.8889 0.0000
vt 0.1159 0.8889 0.0000
vt 0.1158 0.8897 0.0000
vt 0.1154 0.8891 0.0000
vt 0.1137 0.8913 0.0000
vt 0.1141 0.8910 0.0000
vt 0.1131 0.8902 0.0000
vt 0.1135 0.8900 0.0000
vt 0.1149 0.8904 0.0000
vt 0.1145 0.8895 0.0000
vt 0.0449 0.8014 0.0000
vt 0.0446 0.7980 0.0000
vt 0.8684 0.2217 0.0000
vt 0.8682 0.2251 0.0000
vt 0.8604 0.2218 0.0000
vt 0.8615 0.2218 0.0000
vt 0.8604 0.2251 0.0000
vt 0.8591 0.2251 0.0000
vt 0.9817 0.6537 0.0000
vt 0.9819 0.6643 0.0000
vt 0.9750 0.6643 0.0000
vt 0.9750 0.6536 0.0000
vt 0.4819 0.9754 0.0000
vt 0.4753 0.9692 0.0000
vt 0.4768 0.9678 0.0000
vt 0.4831 0.9745 0.0000
vt 0.4783 0.9663 0.0000
vt 0.4844 0.9736 0.0000
vt 0.4711 0.9579 0.0000
vt 0.4690 0.9598 0.0000
vt 0.4670 0.9616 0.0000
vt 0.1154 0.8884 0.0000
vt 0.1158 0.8883 0.0000
vt 0.1159 0.8883 0.0000
vt 0.1165 0.8871 0.0000
vt 0.1166 0.8871 0.0000
vt 0.1160 0.8870 0.0000
vt 0.4868 0.9816 0.0000
vt 0.4854 0.9794 0.0000
vt 0.4868 0.9790 0.0000
vt 0.4884 0.9817 0.0000
vt 0.4884 0.9787 0.0000
vt 0.4905 0.9819 0.0000
vt 0.4790 0.9657 0.0000
vt 0.4850 0.9732 0.0000
vt 0.1627 0.6041 0.0000
vt 0.1638 0.6041 0.0000
vt 0.1638 0.6105 0.0000
vt 0.1627 0.6105 0.0000
vt 0.4720 0.9571 0.0000
vt 0.4871 0.9828 0.0000
vt 0.4888 0.9833 0.0000
vt 0.4886 0.9843 0.0000
vt 0.4870 0.9835 0.0000
vt 0.4911 0.9840 0.0000
vt 0.4908 0.9854 0.0000
vt 0.1128 0.8887 0.0000
vt 0.1133 0.8886 0.0000
vt 0.1135 0.8864 0.0000
vt 0.1139 0.8865 0.0000
vt 0.1281 0.8721 0.0000
vt 0.1216 0.8790 0.0000
vt 0.1359 0.8641 0.0000
vt 0.8599 0.2218 0.0000
vt 0.8586 0.2252 0.0000
vt 0.0364 0.7979 0.0000
vt 0.0360 0.7956 0.0000
vt 0.0443 0.7957 0.0000
vt 0.0263 0.7979 0.0000
vt 0.0259 0.7954 0.0000
vt 0.8631 0.2251 0.0000
vt 0.8638 0.2218 0.0000
vt 0.4852 0.9880 0.0000
vt 0.9815 0.6380 0.0000
vt 0.9815 0.6445 0.0000
vt 0.9750 0.6445 0.0000
vt 0.9750 0.6379 0.0000
vt 0.4893 0.9877 0.0000
vt 0.4902 0.9864 0.0000
vt 0.4912 0.9870 0.0000
vt 0.4918 0.9858 0.0000
vt 0.4892 0.9785 0.0000
vt 0.4915 0.9821 0.0000
vt 0.0786 0.7328 0.0000
vt 0.0786 0.7258 0.0000
vt 0.0493 0.7958 0.0000
vt 0.0518 0.7958 0.0000
vt 0.4921 0.9843 0.0000
vt 0.1121 0.7262 0.0000
vt 0.1121 0.7326 0.0000
vt 0.4882 0.9851 0.0000
vt 0.4866 0.9841 0.0000
vt 0.1358 0.8860 0.0000
vt 0.1466 0.8838 0.0000
vt 0.1467 0.8840 0.0000
vt 0.1358 0.8861 0.0000
vt 0.1267 0.8879 0.0000
vt 0.1267 0.8878 0.0000
vt 0.1359 0.8871 0.0000
vt 0.1469 0.8852 0.0000
vt 0.8607 0.2195 0.0000
vt 0.8618 0.2195 0.0000
vt 0.8601 0.2195 0.0000
vt 0.1475 0.8882 0.0000
vt 0.1363 0.8892 0.0000
vt 0.1366 0.8914 0.0000
vt 0.1481 0.8911 0.0000
vt 0.0264 0.8015 0.0000
vt 0.0365 0.8014 0.0000
vt 0.1483 0.8923 0.0000
vt 0.1367 0.8923 0.0000
vt 0.4581 0.9809 0.0000
vt 0.4690 0.9827 0.0000
vt 0.4687 0.9849 0.0000
vt 0.4575 0.9838 0.0000
vt 0.1182 0.8844 0.0000
vt 0.1187 0.8846 0.0000
vt 0.1188 0.8847 0.0000
vt 0.1162 0.8831 0.0000
vt 0.1172 0.8838 0.0000
vt 0.1150 0.8867 0.0000
vt 0.0530 0.7958 0.0000
vt 0.0536 0.7958 0.0000
vt 0.8764 0.2193 0.0000
vt 0.8858 0.2192 0.0000
vt 0.8687 0.2195 0.0000
vt 0.1207 0.8891 0.0000
vt 0.1207 0.8890 0.0000
vt 0.1158 0.8829 0.0000
vt 0.8641 0.2195 0.0000
vt 0.1143 0.8885 0.0000
vt 0.4686 0.8400 0.0000
vt 0.4684 0.8386 0.0000
vt 0.4694 0.8385 0.0000
vt 0.4696 0.8395 0.0000
vt 0.4705 0.8383 0.0000
vt 0.4706 0.8391 0.0000
vt 0.4701 0.8367 0.0000
vt 0.4712 0.8370 0.0000
vt 0.4690 0.8365 0.0000
vt 0.2700 0.7748 0.0000
vt 0.2700 0.7716 0.0000
vt 0.2734 0.7730 0.0000
vt 0.2734 0.7756 0.0000
vt 0.2019 0.8510 0.0000
vt 0.1985 0.8512 0.0000
vt 0.2736 0.8000 0.0000
vt 0.2700 0.8000 0.0000
vt 0.2700 0.7894 0.0000
vt 0.2735 0.7895 0.0000
vt 0.1984 0.8608 0.0000
vt 0.1984 0.8604 0.0000
vt 0.2018 0.8593 0.0000
vt 0.2018 0.8597 0.0000
vt 0.4818 0.8386 0.0000
vt 0.4757 0.8395 0.0000
vt 0.4758 0.8390 0.0000
vt 0.4818 0.8379 0.0000
vt 0.4759 0.8390 0.0000
vt 0.4818 0.8378 0.0000
vt 0.4726 0.8395 0.0000
vt 0.4727 0.8394 0.0000
vt 0.4723 0.8399 0.0000
vt 0.1985 0.8585 0.0000
vt 0.2018 0.8576 0.0000
vt 0.2018 0.8587 0.0000
vt 0.1985 0.8598 0.0000
vt 0.2734 0.7808 0.0000
vt 0.2700 0.7806 0.0000
vt 0.2734 0.7720 0.0000
vt 0.2700 0.7703 0.0000
vt 0.4734 0.8344 0.0000
vt 0.4738 0.8346 0.0000
vt 0.4716 0.8371 0.0000
vt 0.4739 0.8347 0.0000
vt 0.4717 0.8371 0.0000
vt 0.4783 0.8304 0.0000
vt 0.4783 0.8305 0.0000
vt 0.4778 0.8300 0.0000
vt 0.1985 0.8559 0.0000
vt 0.2018 0.8553 0.0000
vt 0.5032 0.8410 0.0000
vt 0.5035 0.8423 0.0000
vt 0.4919 0.8423 0.0000
vt 0.4917 0.8414 0.0000
vt 0.4819 0.8423 0.0000
vt 0.4819 0.8416 0.0000
vt 0.7279 0.7220 0.0000
vt 0.7211 0.7220 0.0000
vt 0.7213 0.7122 0.0000
vt 0.7278 0.7123 0.0000
vt 0.1612 0.6105 0.0000
vt 0.1589 0.6105 0.0000
vt 0.1589 0.6041 0.0000
vt 0.1613 0.6041 0.0000
vt 0.7214 0.7014 0.0000
vt 0.7279 0.7014 0.0000
vt 0.7278 0.7054 0.0000
vt 0.7214 0.7054 0.0000
vt 0.1552 0.6105 0.0000
vt 0.1552 0.6041 0.0000
vt 0.1494 0.6106 0.0000
vt 0.1494 0.6041 0.0000
vt 0.6368 0.6130 0.0000
vt 0.6368 0.6066 0.0000
vt 0.6387 0.6066 0.0000
vt 0.6387 0.6131 0.0000
vt 0.1414 0.6108 0.0000
vt 0.1321 0.6110 0.0000
vt 0.1321 0.6040 0.0000
vt 0.1414 0.6041 0.0000
vt 0.9835 0.2957 0.0000
vt 0.9838 0.2842 0.0000
vt 0.9847 0.2843 0.0000
vt 0.9848 0.2959 0.0000
vt 0.9848 0.2744 0.0000
vt 0.9840 0.2744 0.0000
vt 0.9839 0.2640 0.0000
vt 0.9832 0.2623 0.0000
vt 0.9837 0.2614 0.0000
vt 0.9845 0.2632 0.0000
vt 0.9821 0.2617 0.0000
vt 0.9826 0.2608 0.0000
vt 0.9787 0.2620 0.0000
vt 0.9754 0.2641 0.0000
vt 0.9753 0.2634 0.0000
vt 0.9788 0.2611 0.0000
vt 0.9703 0.2681 0.0000
vt 0.9699 0.2676 0.0000
vt 0.9841 0.2678 0.0000
vt 0.9848 0.2673 0.0000
vt 0.4756 0.8279 0.0000
vt 0.4818 0.8207 0.0000
vt 0.4832 0.8221 0.0000
vt 0.4767 0.8289 0.0000
vt 0.4847 0.8235 0.0000
vt 0.4911 0.8141 0.0000
vt 0.4931 0.8160 0.0000
vt 0.4890 0.8122 0.0000
vt 0.4713 0.8331 0.0000
vt 0.4724 0.8337 0.0000
vt 0.2043 0.8436 0.0000
vt 0.2042 0.8505 0.0000
vt 0.2045 0.8351 0.0000
vt 0.9625 0.2735 0.0000
vt 0.9631 0.2742 0.0000
vt 0.9546 0.2814 0.0000
vt 0.9538 0.2805 0.0000
vt 0.2041 0.8549 0.0000
vt 0.2041 0.8572 0.0000
vt 0.8528 0.8452 0.0000
vt 0.8560 0.8443 0.0000
vt 0.8560 0.8463 0.0000
vt 0.8528 0.8478 0.0000
vt 0.9783 0.2658 0.0000
vt 0.9762 0.2671 0.0000
vt 0.9757 0.2657 0.0000
vt 0.9784 0.2641 0.0000
vt 0.9712 0.2694 0.0000
vt 0.9722 0.2707 0.0000
vt 0.9795 0.2655 0.0000
vt 0.9800 0.2637 0.0000
vt 0.9811 0.2639 0.0000
vt 0.9803 0.2656 0.0000
vt 0.9807 0.2615 0.0000
vt 0.2041 0.8584 0.0000
vt 0.2041 0.8591 0.0000
vt 0.4682 0.8402 0.0000
vt 0.4680 0.8387 0.0000
vt 0.4686 0.8364 0.0000
vt 0.9659 0.2772 0.0000
vt 0.9645 0.2757 0.0000
vt 0.9565 0.2835 0.0000
vt 0.9584 0.2856 0.0000
vt 0.9811 0.2605 0.0000
vt 0.6042 0.6062 0.0000
vt 0.6157 0.6064 0.0000
vt 0.6157 0.6131 0.0000
vt 0.6042 0.6132 0.0000
vt 0.4709 0.8383 0.0000
vt 0.4710 0.8389 0.0000
vt 0.4710 0.8383 0.0000
vt 0.2758 0.7897 0.0000
vt 0.2760 0.8004 0.0000
vt 0.2757 0.7810 0.0000
vt 0.2756 0.7758 0.0000
vt 0.2756 0.7733 0.0000
vt 0.4716 0.8408 0.0000
vt 0.4710 0.8417 0.0000
vt 0.4692 0.8410 0.0000
vt 0.4701 0.8403 0.0000
vt 0.4709 0.8396 0.0000
vt 0.4707 0.8421 0.0000
vt 0.4688 0.8413 0.0000
vt 0.9825 0.2657 0.0000
vt 0.9819 0.2643 0.0000
vt 0.9809 0.2659 0.0000
vt 0.9813 0.2670 0.0000
vt 0.4713 0.8393 0.0000
vt 0.4714 0.8393 0.0000
vt 0.9814 0.2695 0.0000
vt 0.9827 0.2687 0.0000
vt 0.9824 0.2746 0.0000
vt 0.9808 0.2747 0.0000
vt 0.4709 0.8328 0.0000
vt 0.4751 0.8275 0.0000
vt 0.4811 0.8200 0.0000
vt 0.4881 0.8114 0.0000
vt 0.4909 0.8360 0.0000
vt 0.5017 0.8338 0.0000
vt 0.5018 0.8339 0.0000
vt 0.4909 0.8361 0.0000
vt 0.4910 0.8370 0.0000
vt 0.5020 0.8352 0.0000
vt 0.4750 0.8418 0.0000
vt 0.4753 0.8407 0.0000
vt 0.4818 0.8401 0.0000
vt 0.4854 0.8242 0.0000
vt 0.4855 0.8243 0.0000
vt 0.4940 0.8168 0.0000
vt 0.4942 0.8169 0.0000
vt 0.2756 0.7723 0.0000
vt 0.2040 0.8597 0.0000
vt 0.5026 0.8381 0.0000
vt 0.4914 0.8392 0.0000
vt 0.9776 0.2945 0.0000
vt 0.9795 0.2836 0.0000
vt 0.9816 0.2839 0.0000
vt 0.9806 0.2951 0.0000
vt 0.4749 0.8423 0.0000
vt 0.5156 0.9576 0.0000
vt 0.5042 0.9573 0.0000
vt 0.5043 0.9564 0.0000
vt 0.5159 0.9563 0.0000
vt 0.4943 0.9563 0.0000
vt 0.4944 0.9571 0.0000
vt 0.9402 0.2474 0.0000
vt 0.9402 0.2538 0.0000
vt 0.9387 0.2538 0.0000
vt 0.9387 0.2474 0.0000
vt 0.1397 0.9836 0.0000
vt 0.1326 0.9837 0.0000
vt 0.1328 0.9832 0.0000
vt 0.1396 0.9830 0.0000
vt 0.1287 0.9830 0.0000
vt 0.1284 0.9834 0.0000
vt 0.9423 0.2474 0.0000
vt 0.9423 0.2538 0.0000
vt 0.7214 0.6998 0.0000
vt 0.7279 0.6997 0.0000
vt 0.1425 0.9649 0.0000
vt 0.1432 0.9655 0.0000
vt 0.1360 0.9718 0.0000
vt 0.1356 0.9713 0.0000
vt 0.1433 0.9656 0.0000
vt 0.1361 0.9718 0.0000
vt 0.1518 0.9581 0.0000
vt 0.1520 0.9582 0.0000
vt 0.1509 0.9573 0.0000
vt 0.1331 0.9820 0.0000
vt 0.1396 0.9814 0.0000
vt 0.1335 0.9809 0.0000
vt 0.1396 0.9799 0.0000
vt 0.1294 0.9821 0.0000
vt 0.1301 0.9812 0.0000
vt 0.1329 0.9688 0.0000
vt 0.1389 0.9614 0.0000
vt 0.1395 0.9620 0.0000
vt 0.1334 0.9693 0.0000
vt 0.1459 0.9527 0.0000
vt 0.1468 0.9535 0.0000
vt 0.4894 0.9597 0.0000
vt 0.4887 0.9584 0.0000
vt 0.4946 0.9587 0.0000
vt 0.4947 0.9603 0.0000
vt 0.4878 0.9570 0.0000
vt 0.4856 0.9586 0.0000
vt 0.4840 0.9572 0.0000
vt 0.4869 0.9598 0.0000
vt 0.6059 0.0146 0.0000
vt 0.6059 0.0140 0.0000
vt 0.6061 0.0140 0.0000
vt 0.6060 0.0146 0.0000
vt 0.6061 0.0130 0.0000
vt 0.6094 0.0129 0.0000
vt 0.6093 0.0138 0.0000
vt 0.6200 0.7543 0.0000
vt 0.6293 0.7543 0.0000
vt 0.6290 0.7575 0.0000
vt 0.6200 0.7576 0.0000
vt 0.6060 0.0130 0.0000
vt 0.1304 0.9808 0.0000
vt 0.1291 0.9807 0.0000
vt 0.1291 0.9806 0.0000
vt 0.1287 0.9802 0.0000
vt 0.1288 0.9802 0.0000
vt 0.1287 0.9810 0.0000
vt 0.1283 0.9804 0.0000
vt 0.1266 0.9827 0.0000
vt 0.1270 0.9824 0.0000
vt 0.1260 0.9815 0.0000
vt 0.1264 0.9813 0.0000
vt 0.1278 0.9817 0.0000
vt 0.1274 0.9809 0.0000
vt 0.8527 0.8479 0.0000
vt 0.8527 0.8452 0.0000
vt 0.8528 0.8400 0.0000
vt 0.8561 0.8397 0.0000
vt 0.6093 0.0144 0.0000
vt 0.6092 0.0150 0.0000
vt 0.6060 0.0151 0.0000
vt 0.8527 0.8400 0.0000
vt 0.5418 0.2737 0.0000
vt 0.5506 0.2735 0.0000
vt 0.5506 0.2805 0.0000
vt 0.5418 0.2804 0.0000
vt 0.4907 0.9689 0.0000
vt 0.4972 0.9751 0.0000
vt 0.4957 0.9766 0.0000
vt 0.4894 0.9699 0.0000
vt 0.4942 0.9780 0.0000
vt 0.4881 0.9708 0.0000
vt 0.5014 0.9865 0.0000
vt 0.5035 0.9846 0.0000
vt 0.5056 0.9827 0.0000
vt 0.1282 0.9797 0.0000
vt 0.1287 0.9796 0.0000
vt 0.1288 0.9796 0.0000
vt 0.1294 0.9784 0.0000
vt 0.1295 0.9784 0.0000
vt 0.1289 0.9783 0.0000
vt 0.4858 0.9627 0.0000
vt 0.4871 0.9649 0.0000
vt 0.4857 0.9654 0.0000
vt 0.4841 0.9627 0.0000
vt 0.4841 0.9657 0.0000
vt 0.4820 0.9624 0.0000
vt 0.4935 0.9786 0.0000
vt 0.4876 0.9712 0.0000
vt 0.5005 0.9873 0.0000
vt 0.4855 0.9616 0.0000
vt 0.4837 0.9611 0.0000
vt 0.4839 0.9600 0.0000
vt 0.4856 0.9608 0.0000
vt 0.4815 0.9604 0.0000
vt 0.4817 0.9590 0.0000
vt 0.1257 0.9800 0.0000
vt 0.1262 0.9799 0.0000
vt 0.1263 0.9777 0.0000
vt 0.1268 0.9778 0.0000
vt 0.1410 0.9634 0.0000
vt 0.1345 0.9703 0.0000
vt 0.1488 0.9554 0.0000
vt 0.8528 0.8215 0.0000
vt 0.8563 0.8216 0.0000
vt 0.8562 0.8316 0.0000
vt 0.8528 0.8316 0.0000
vt 0.8585 0.8321 0.0000
vt 0.8583 0.8399 0.0000
vt 0.8587 0.8223 0.0000
vt 0.6353 0.7543 0.0000
vt 0.6344 0.7575 0.0000
vt 0.4873 0.9563 0.0000
vt 0.5289 0.2740 0.0000
vt 0.5342 0.2739 0.0000
vt 0.5342 0.2804 0.0000
vt 0.5289 0.2804 0.0000
vt 0.4832 0.9566 0.0000
vt 0.4823 0.9579 0.0000
vt 0.4814 0.9574 0.0000
vt 0.4807 0.9585 0.0000
vt 0.4834 0.9658 0.0000
vt 0.4811 0.9623 0.0000
vt 0.7279 0.7333 0.0000
vt 0.7209 0.7333 0.0000
vt 0.8583 0.8442 0.0000
vt 0.8583 0.8460 0.0000
vt 0.4805 0.9600 0.0000
vt 0.5259 0.2740 0.0000
vt 0.5258 0.2805 0.0000
vt 0.9374 0.2538 0.0000
vt 0.9374 0.2474 0.0000
vt 0.4843 0.9592 0.0000
vt 0.4859 0.9602 0.0000
vt 0.1486 0.9773 0.0000
vt 0.1595 0.9751 0.0000
vt 0.1595 0.9753 0.0000
vt 0.1487 0.9774 0.0000
vt 0.1396 0.9792 0.0000
vt 0.1396 0.9791 0.0000
vt 0.1488 0.9784 0.0000
vt 0.1598 0.9765 0.0000
vt 0.6369 0.7575 0.0000
vt 0.6379 0.7575 0.0000
vt 0.6375 0.7597 0.0000
vt 0.6367 0.7598 0.0000
vt 0.6114 0.0151 0.0000
vt 0.6115 0.0145 0.0000
vt 0.6385 0.7543 0.0000
vt 0.6397 0.7543 0.0000
vt 0.1604 0.9795 0.0000
vt 0.1491 0.9805 0.0000
vt 0.1495 0.9827 0.0000
vt 0.1610 0.9824 0.0000
vt 0.6090 0.7577 0.0000
vt 0.6089 0.7543 0.0000
vt 0.6200 0.7541 0.0000
vt 0.6293 0.7541 0.0000
vt 0.6089 0.7541 0.0000
vt 0.1612 0.9837 0.0000
vt 0.1496 0.9836 0.0000
vt 0.5145 0.9634 0.0000
vt 0.5035 0.9616 0.0000
vt 0.5039 0.9595 0.0000
vt 0.5151 0.9605 0.0000
vt 0.1311 0.9757 0.0000
vt 0.1316 0.9760 0.0000
vt 0.1291 0.9745 0.0000
vt 0.1301 0.9751 0.0000
vt 0.1279 0.9781 0.0000
vt 0.6115 0.0137 0.0000
vt 0.6116 0.0127 0.0000
vt 0.6201 0.7599 0.0000
vt 0.6090 0.7601 0.0000
vt 0.6290 0.7598 0.0000
vt 0.1336 0.9804 0.0000
vt 0.1336 0.9803 0.0000
vt 0.1287 0.9742 0.0000
vt 0.6342 0.7598 0.0000
vt 0.1272 0.9798 0.0000
vt 0.6353 0.7541 0.0000
vt 0.6385 0.7541 0.0000
vt 0.8527 0.8316 0.0000
vt 0.8527 0.8215 0.0000
vt 0.6059 0.0151 0.0000
vt 0.6398 0.7541 0.0000
vt 0.0717 0.7748 0.0000
vt 0.0647 0.7748 0.0000
vt 0.2058 0.2210 0.0000
vt 0.2057 0.2201 0.0000
vt 0.2059 0.2200 0.0000
vt 0.2061 0.2208 0.0000
vt 0.2018 0.2153 0.0000
vt 0.2056 0.2201 0.0000
vt 0.2047 0.2206 0.0000
vt 0.2017 0.2152 0.0000
vt 0.2044 0.2218 0.0000
vt 0.2041 0.2220 0.0000
vt 0.2035 0.2213 0.0000
vt 0.2037 0.2212 0.0000
vt 0.2048 0.2206 0.0000
vt 0.2062 0.2198 0.0000
vt 0.2065 0.2206 0.0000
vt 0.2065 0.2196 0.0000
vt 0.2068 0.2204 0.0000
vt 0.2066 0.2195 0.0000
vt 0.2070 0.2202 0.0000
vt 0.2066 0.2194 0.0000
vt 0.2071 0.2201 0.0000
vt 0.2067 0.2193 0.0000
vt 0.2072 0.2200 0.0000
vt 0.2067 0.2192 0.0000
vt 0.2073 0.2199 0.0000
vt 0.2067 0.2191 0.0000
vt 0.2075 0.2197 0.0000
vt 0.2077 0.2194 0.0000
vt 0.2067 0.2190 0.0000
vt 0.2079 0.2192 0.0000
vt 0.2067 0.2189 0.0000
vt 0.2080 0.2191 0.0000
vt 0.2069 0.2189 0.0000
vt 0.2078 0.2190 0.0000
vt 0.2072 0.2189 0.0000
vt 0.2076 0.2190 0.0000
vt 0.2037 0.2211 0.0000
vt 0.2046 0.2208 0.0000
vt 0.2037 0.2221 0.0000
vt 0.2032 0.2215 0.0000
vt 0.2033 0.2222 0.0000
vt 0.2028 0.2216 0.0000
vt 0.2031 0.2223 0.0000
vt 0.2027 0.2216 0.0000
vt 0.2029 0.2224 0.0000
vt 0.2026 0.2216 0.0000
vt 0.2027 0.2224 0.0000
vt 0.2025 0.2216 0.0000
vt 0.2026 0.2224 0.0000
vt 0.2024 0.2216 0.0000
vt 0.2024 0.2225 0.0000
vt 0.2023 0.2215 0.0000
vt 0.2021 0.2225 0.0000
vt 0.2018 0.2226 0.0000
vt 0.2022 0.2214 0.0000
vt 0.2016 0.2226 0.0000
vt 0.2017 0.2224 0.0000
vt 0.2020 0.2216 0.0000
vt 0.2017 0.2221 0.0000
vt 0.2019 0.2218 0.0000
vt 0.8825 0.0170 0.0000
vt 0.8825 0.0179 0.0000
vt 0.8825 0.0176 0.0000
vt 0.8825 0.0172 0.0000
vt 0.9830 0.0016 0.0000
vt 0.9830 0.0027 0.0000
vt 0.9827 0.0027 0.0000
vt 0.9827 0.0016 0.0000
vt 0.1049 0.2963 0.0000
vt 0.1049 0.2952 0.0000
vt 0.5910 0.1224 0.0000
vt 0.5910 0.1214 0.0000
vt 0.5912 0.1214 0.0000
vt 0.5912 0.1224 0.0000
vt 0.9021 0.1614 0.0000
vt 0.9021 0.1616 0.0000
vt 0.9010 0.1616 0.0000
vt 0.9010 0.1614 0.0000
vt 0.5421 0.4528 0.0000
vt 0.5421 0.4518 0.0000
vt 0.5424 0.4518 0.0000
vt 0.5424 0.4528 0.0000
vt 0.5671 0.0027 0.0000
vt 0.5671 0.0016 0.0000
vt 0.5672 0.0016 0.0000
vt 0.5672 0.0027 0.0000
vt 0.5419 0.4528 0.0000
vt 0.5419 0.4518 0.0000
vt 0.9833 0.0016 0.0000
vt 0.9833 0.0027 0.0000
vt 0.8727 0.1169 0.0000
vt 0.8728 0.1169 0.0000
vt 0.8728 0.1179 0.0000
vt 0.8727 0.1179 0.0000
vt 0.5909 0.1224 0.0000
vt 0.5909 0.1214 0.0000
vt 0.9021 0.1613 0.0000
vt 0.9010 0.1613 0.0000
vt 0.5673 0.0016 0.0000
vt 0.5673 0.0027 0.0000
vt 0.5661 0.0027 0.0000
vt 0.5661 0.0016 0.0000
vt 0.9835 0.0016 0.0000
vt 0.9835 0.0027 0.0000
vt 0.5324 0.3332 0.0000
vt 0.5322 0.3332 0.0000
vt 0.5323 0.3322 0.0000
vt 0.5325 0.3322 0.0000
vt 0.4421 0.2702 0.0000
vt 0.4420 0.2691 0.0000
vt 0.4421 0.2691 0.0000
vt 0.4422 0.2702 0.0000
vt 0.9021 0.1611 0.0000
vt 0.9010 0.1611 0.0000
vt 0.5263 0.3332 0.0000
vt 0.5263 0.3322 0.0000
vt 0.5674 0.0016 0.0000
vt 0.5674 0.0027 0.0000
vt 0.9836 0.0016 0.0000
vt 0.9836 0.0027 0.0000
vt 0.8729 0.1169 0.0000
vt 0.8729 0.1179 0.0000
vt 0.9610 0.2192 0.0000
vt 0.9618 0.2192 0.0000
vt 0.9618 0.2203 0.0000
vt 0.9610 0.2202 0.0000
vt 0.5262 0.3332 0.0000
vt 0.9021 0.1608 0.0000
vt 0.9010 0.1608 0.0000
vt 0.9140 0.0756 0.0000
vt 0.9140 0.0766 0.0000
vt 0.9139 0.0766 0.0000
vt 0.9139 0.0756 0.0000
vt 0.4361 0.2702 0.0000
vt 0.4360 0.2691 0.0000
vt 0.1061 0.2963 0.0000
vt 0.1058 0.2963 0.0000
vt 0.1058 0.2952 0.0000
vt 0.1061 0.2952 0.0000
vt 0.9837 0.0016 0.0000
vt 0.9837 0.0027 0.0000
vt 0.4359 0.2702 0.0000
vt 0.4358 0.2691 0.0000
vt 0.9021 0.1628 0.0000
vt 0.9021 0.1632 0.0000
vt 0.9010 0.1632 0.0000
vt 0.9010 0.1628 0.0000
vt 0.9021 0.1605 0.0000
vt 0.9010 0.1605 0.0000
vt 0.9138 0.0766 0.0000
vt 0.9138 0.0756 0.0000
vt 0.1055 0.2963 0.0000
vt 0.1055 0.2952 0.0000
vt 0.9840 0.0016 0.0000
vt 0.9840 0.0027 0.0000
vt 0.9685 0.2628 0.0000
vt 0.9685 0.2638 0.0000
vt 0.9684 0.2638 0.0000
vt 0.9684 0.2628 0.0000
vt 0.8730 0.1169 0.0000
vt 0.8730 0.1179 0.0000
vt 0.9021 0.1624 0.0000
vt 0.9010 0.1624 0.0000
vt 0.9021 0.1604 0.0000
vt 0.9010 0.1604 0.0000
vt 0.9694 0.2627 0.0000
vt 0.9694 0.2637 0.0000
vt 0.1051 0.2963 0.0000
vt 0.1052 0.2952 0.0000
vt 0.9843 0.0016 0.0000
vt 0.9843 0.0027 0.0000
vt 0.3489 0.4888 0.0000
vt 0.3489 0.4890 0.0000
vt 0.3479 0.4890 0.0000
vt 0.3479 0.4888 0.0000
vt 0.9021 0.1620 0.0000
vt 0.9010 0.1620 0.0000
vt 0.5664 0.0016 0.0000
vt 0.5664 0.0027 0.0000
vt 0.6048 0.0419 0.0000
vt 0.6047 0.0419 0.0000
vt 0.6047 0.0409 0.0000
vt 0.6048 0.0409 0.0000
vt 0.9137 0.0766 0.0000
vt 0.9137 0.0756 0.0000
vt 0.9822 0.0016 0.0000
vt 0.9822 0.0027 0.0000
vt 0.9819 0.0027 0.0000
vt 0.9819 0.0016 0.0000
vt 0.3489 0.4892 0.0000
vt 0.3489 0.4896 0.0000
vt 0.3479 0.4896 0.0000
vt 0.3479 0.4892 0.0000
vt 0.1050 0.2963 0.0000
vt 0.1050 0.2952 0.0000
vt 0.9846 0.0016 0.0000
vt 0.9846 0.0027 0.0000
vt 0.9021 0.1617 0.0000
vt 0.9010 0.1617 0.0000
vt 0.5667 0.0016 0.0000
vt 0.5667 0.0027 0.0000
vt 0.3489 0.4897 0.0000
vt 0.3479 0.4897 0.0000
vt 0.9136 0.0766 0.0000
vt 0.9136 0.0756 0.0000
vt 0.9619 0.2192 0.0000
vt 0.9619 0.2203 0.0000
vt 0.9847 0.0016 0.0000
vt 0.9847 0.0027 0.0000
vt 0.5417 0.4528 0.0000
vt 0.5417 0.4518 0.0000
# 1486 texture coords

o Rin
g Rin
usemtl Material__11
s 1
f 905/1148/873 906/1149/873 907/1150/874 908/1151/874 
f 909/1152/875 910/1153/875 911/1154/876 912/1155/876 
f 913/1156/877 914/1157/877 915/1158/878 916/1159/878 
f 917/1160/879 916/1159/878 915/1158/878 918/1161/879 
f 913/1162/880 919/1163/880 920/1164/881 912/1165/881 
f 921/1166/882 922/1167/882 923/1168/883 924/1169/883 
f 922/1167/882 921/1166/882 925/1170/884 926/1171/884 
f 924/1169/883 923/1168/883 927/1172/885 928/1173/885 
f 929/1174/886 930/1175/886 931/1176/887 932/1177/887 
f 908/1151/874 907/1150/874 930/1175/886 929/1174/886 
f 926/1171/884 925/1170/884 933/1178/888 934/1179/888 
f 935/1180/889 909/1181/890 936/1182/890 937/1183/889 
f 938/1184/891 939/1185/892 940/1186/892 941/1187/891 
f 932/1177/887 931/1176/887 942/1188/893 943/1189/893 
f 934/1179/888 933/1178/888 944/1190/894 945/1191/894 
f 943/1189/893 942/1188/893 946/1192/895 947/1193/895 
f 945/1191/894 944/1190/894 948/1194/896 949/1195/896 
f 947/1193/895 946/1192/895 950/1196/897 951/1197/897 
f 949/1195/896 948/1194/896 952/1198/898 953/1199/898 
f 954/1200/899 955/1201/900 956/1202/900 957/1203/899 
f 955/1201/900 950/1204/901 958/1205/901 956/1202/900 
f 952/1206/902 959/1207/902 960/1208/903 917/1209/903 
f 961/1210/904 954/1211/904 962/1212/905 963/1213/905 
f 940/1186/892 939/1185/892 964/1214/906 965/1215/906 
f 963/1213/905 962/1212/905 966/1216/907 967/1217/907 
f 968/1218/908 938/1184/891 941/1187/891 969/1219/908 
f 967/1217/907 966/1216/907 970/1220/909 971/1221/909 
f 972/1222/910 968/1218/908 969/1219/908 973/1223/910 
f 971/1221/909 970/1220/909 974/1224/911 975/1225/911 
f 935/1226/912 972/1222/910 973/1223/910 976/1227/912 
f 928/1173/885 927/1172/885 975/1225/911 974/1224/911 
f 947/1228/913 977/1229/913 978/1230/914 943/1231/914 
f 979/1232/915 980/1233/916 973/1234/916 969/1235/915 
f 941/1236/917 981/1237/918 979/1232/915 969/1235/915 
f 982/1238/919 983/1239/920 934/1240/920 945/1241/921 
f 949/1242/922 984/1243/922 982/1238/919 945/1241/921 
f 980/1233/916 985/1244/923 976/1245/923 973/1234/916 
f 951/1246/924 986/1247/924 977/1229/913 947/1228/913 
f 953/1248/925 987/1249/925 984/1243/922 949/1242/922 
f 988/1250/926 989/1251/927 914/1252/927 911/1253/926 
f 990/1254/928 991/1255/928 986/1247/924 951/1246/924 
f 910/1256/929 992/1257/929 988/1258/926 911/1259/926 
f 993/1260/930 994/1261/931 918/1262/931 915/1263/930 
f 918/1262/931 994/1261/931 987/1249/925 953/1248/925 
f 995/1264/932 983/1265/932 982/1266/932 984/1267/932 987/1268/932 994/1269/932 993/1270/932 989/1271/932 988/1272/932 992/1273/932 985/1274/932 980/1275/932 979/1276/932 981/1277/932 996/1278/932 997/1279/932 998/1280/932 999/1281/932 1000/1282/932 1001/1283/932 978/1284/932 977/1285/932 986/1286/932 991/1287/932 1002/1288/932 1003/1289/932 1004/1290/932 1005/1291/932 1006/1292/932 1007/1293/932 1008/1294/932 1009/1295/932 
f 961/1296/933 1002/1297/933 991/1255/928 990/1254/928 
f 914/1252/927 989/1251/927 993/1260/930 915/1263/930 
f 997/1298/934 996/1299/935 940/1300/935 965/1301/934 
f 963/1302/936 1003/1303/936 1002/1304/933 961/1305/933 
f 967/1306/937 1004/1307/937 1003/1303/936 963/1302/936 
f 976/1245/923 985/1244/923 992/1257/929 910/1256/929 
f 971/1308/938 1005/1309/938 1004/1307/937 967/1306/937 
f 975/1310/939 1006/1311/939 1005/1309/938 971/1308/938 
f 927/1312/940 1007/1313/940 1006/1311/939 975/1310/939 
f 905/1314/941 998/1315/941 997/1298/934 965/1301/934 
f 996/1299/935 981/1237/918 941/1236/917 940/1300/935 
f 923/1316/942 1008/1317/942 1007/1313/940 927/1312/940 
f 908/1318/943 999/1319/943 998/1320/941 905/1321/941 
f 922/1322/944 1009/1323/944 1008/1317/942 923/1316/942 
f 929/1324/945 1000/1325/945 999/1319/943 908/1318/943 
f 926/1326/946 995/1327/946 1009/1323/944 922/1322/944 
f 932/1328/947 1001/1329/947 1000/1325/945 929/1324/945 
f 934/1240/920 983/1239/920 995/1330/946 926/1331/946 
f 990/1332/948 955/1333/948 954/1211/904 961/1210/904 
f 978/1230/914 1001/1329/947 932/1328/947 943/1231/914 
f 990/1332/948 951/1197/897 950/1196/897 955/1333/948 
f 964/1334/949 939/1335/950 1010/1336/950 1011/1337/949 
f 938/1338/951 1012/1339/951 1010/1336/950 939/1335/950 
f 968/1340/952 1013/1341/952 1012/1339/951 938/1338/951 
f 966/1342/953 962/1343/954 1014/1344/954 1015/1345/953 
f 917/1209/903 960/1208/903 1016/1346/955 916/1347/955 
f 918/1161/879 953/1199/898 952/1198/898 917/1160/879 
f 970/1348/956 966/1342/953 1015/1345/953 1017/1349/956 
f 935/1180/889 937/1183/889 1018/1350/957 972/1351/957 
f 974/1352/958 970/1348/956 1017/1349/956 1019/1353/958 
f 976/1227/912 910/1153/875 909/1152/875 935/1226/912 
f 906/1354/959 964/1334/949 1011/1337/949 1020/1355/959 
f 909/1181/890 912/1356/881 920/1357/881 936/1182/890 
f 911/1154/876 914/1157/877 913/1156/877 912/1155/876 
f 907/1358/960 906/1359/959 1020/1360/959 1021/1361/960 
f 913/1162/880 916/1347/955 1016/1346/955 919/1163/880 
f 921/1362/961 924/1363/962 1022/1364/962 1023/1365/961 
f 930/1366/963 907/1358/960 1021/1361/960 1024/1367/963 
f 925/1368/964 921/1362/961 1023/1365/961 1025/1369/964 
f 924/1363/962 928/1370/965 1026/1371/965 1022/1364/962 
f 931/1372/966 930/1366/963 1024/1367/963 1027/1373/966 
f 928/1370/965 974/1352/958 1019/1353/958 1026/1371/965 
f 933/1374/967 925/1375/964 1025/1376/964 1028/1377/967 
f 942/1378/968 931/1372/966 1027/1373/966 1029/1379/968 
f 944/1380/969 933/1374/967 1028/1377/967 1030/1381/969 
f 946/1382/970 942/1378/968 1029/1379/968 1031/1383/970 
f 948/1384/971 944/1380/969 1030/1381/969 1032/1385/971 
f 950/1204/901 946/1382/970 1031/1383/970 958/1205/901 
f 952/1206/902 948/1384/971 1032/1385/971 959/1207/902 
f 962/1343/954 954/1386/899 957/1387/899 1014/1344/954 
f 972/1351/957 1018/1350/957 1013/1341/952 968/1340/952 
f 906/1149/873 905/1148/873 965/1215/906 964/1214/906 
f 1033/1388/972 1034/1389/973 1035/1390/974 1036/1391/975 
f 1037/1392/976 1038/1393/976 1039/1394/977 1040/1395/977 
f 1041/1396/978 1042/1397/979 1043/1398/980 1044/1399/981 
f 1043/1398/980 1045/1400/982 1046/1401/983 1044/1399/981 
f 1043/1398/980 1047/1402/984 1048/1403/985 1045/1400/982 
f 1042/1397/979 1049/1404/986 1047/1402/984 1043/1398/980 
f 1050/1405/987 1051/1406/988 1052/1407/989 1053/1408/990 
f 1053/1408/990 1052/1407/989 1054/1409/991 1055/1410/992 
f 1056/1411/993 1057/1412/994 1054/1409/991 1052/1407/989 
f 1058/1413/995 1056/1411/993 1052/1407/989 1051/1406/988 
f 1048/1403/985 1059/1414/996 1060/1415/997 1045/1400/982 
f 1045/1400/982 1060/1415/997 1061/1416/998 1046/1401/983 
f 1060/1415/997 1062/1417/999 1063/1418/1000 1061/1416/998 
f 1059/1414/996 1064/1419/1001 1062/1417/999 1060/1415/997 
f 1065/1420/1002 1066/1421/1003 1059/1414/996 1048/1403/985 
f 1064/1419/1001 1059/1414/996 1066/1421/1003 1067/1422/1004 
f 1068/1423/1005 1069/1424/1006 1056/1411/993 1058/1413/995 
f 1069/1424/1006 1070/1425/1007 1057/1412/994 1056/1411/993 
f 1071/1426/1008 1072/1427/1009 1070/1425/1007 1069/1424/1006 
f 1073/1428/1010 1071/1426/1008 1069/1424/1006 1068/1423/1005 
f 1074/1429/1011 1075/1430/1012 1076/1431/1013 1077/1432/1014 
f 1078/1433/1015 1077/1432/1014 1068/1434/1005 1058/1435/995 
f 1077/1432/1014 1076/1431/1013 1073/1436/1010 1068/1434/1005 
f 1062/1417/999 1064/1419/1001 1079/1437/1016 1080/1438/1017 
f 1062/1417/999 1080/1438/1017 1081/1439/1018 1063/1418/1000 
f 1080/1438/1017 1082/1440/1019 1083/1441/1020 1081/1439/1018 
f 1079/1437/1016 1084/1442/1021 1082/1440/1019 1080/1438/1017 
f 1067/1422/1004 1085/1443/1022 1079/1437/1016 1064/1419/1001 
f 1085/1443/1022 1086/1444/1023 1084/1442/1021 1079/1437/1016 
f 1072/1427/1009 1071/1426/1008 1087/1445/1024 1088/1446/1025 
f 1087/1445/1024 1089/1447/1026 1090/1448/1027 1088/1446/1025 
f 1091/1449/1028 1089/1447/1026 1087/1445/1024 1092/1450/1029 
f 1071/1426/1008 1073/1428/1010 1092/1450/1029 1087/1445/1024 
f 1093/1451/1030 1094/1452/1031 1095/1453/1032 1096/1454/1033 
f 1096/1454/1033 1095/1453/1032 1097/1455/1034 1098/1455/1035 
f 1095/1453/1032 1081/1439/1018 1083/1441/1020 1097/1455/1034 
f 1094/1452/1031 1063/1418/1000 1081/1439/1018 1095/1453/1032 
f 1084/1442/1021 1099/1456/1036 1100/1457/1037 1082/1440/1019 
f 1082/1440/1019 1100/1457/1037 1101/1458/1038 1083/1441/1020 
f 1100/1457/1037 1102/1459/1039 1103/1460/1040 1101/1458/1038 
f 1104/1461/1041 1102/1459/1039 1100/1457/1037 1099/1456/1036 
f 1105/1462/1042 1106/1463/1043 1107/1464/1044 1108/1465/1045 
f 1109/1466/1046 1107/1467/1044 1110/1468/1047 1091/1469/1048 
f 1106/1463/1043 1111/1470/1049 1110/1471/1047 1107/1464/1044 
f 1112/1472/1050 1074/1429/1011 1077/1432/1014 1078/1433/1015 
f 1086/1444/1023 1113/1473/1051 1099/1456/1036 1084/1442/1021 
f 1113/1473/1051 1114/1474/1052 1104/1461/1041 1099/1456/1036 
f 1110/1475/1053 1115/1476/1054 1089/1447/1026 1091/1449/1028 
f 1089/1447/1026 1115/1476/1054 1116/1477/1055 1090/1448/1027 
f 1115/1476/1054 1117/1478/1056 1118/1479/1057 1116/1477/1055 
f 1110/1475/1053 1111/1480/1049 1117/1478/1056 1115/1476/1054 
f 1119/1481/1058 1120/1482/1059 1121/1483/1060 1122/1484/1061 
f 1121/1483/1060 1123/1485/1062 1111/1470/1049 1106/1463/1043 
f 1120/1482/1059 1124/1486/1063 1123/1485/1062 1121/1483/1060 
f 1108/1487/1045 1107/1467/1044 1109/1466/1046 1125/1488/1064 
f 1126/1489/1065 1127/1490/1066 1104/1461/1041 1114/1474/1052 
f 1128/1491/1067 1127/1490/1066 1126/1489/1065 1129/1492/1068 
f 1111/1480/1049 1123/1493/1062 1130/1494/1069 1117/1478/1056 
f 1117/1478/1056 1130/1494/1069 1131/1495/1070 1118/1479/1057 
f 1130/1494/1069 1132/1496/1071 1133/1497/1072 1131/1495/1070 
f 1123/1493/1062 1124/1498/1063 1132/1496/1071 1130/1494/1069 
f 1127/1490/1066 1134/1499/1073 1102/1459/1039 1104/1461/1041 
f 1134/1499/1073 1135/1500/1074 1103/1460/1040 1102/1459/1039 
f 1136/1501/1075 1137/1502/1076 1135/1500/1074 1134/1499/1073 
f 1128/1491/1067 1136/1501/1075 1134/1499/1073 1127/1490/1066 
f 1124/1498/1063 1138/1503/1077 1139/1504/1078 1132/1496/1071 
f 1132/1496/1071 1139/1504/1078 1140/1505/1079 1133/1497/1072 
f 1141/1506/1080 1140/1505/1079 1139/1504/1078 1142/1507/1081 
f 1138/1503/1077 1143/1508/1082 1142/1507/1081 1139/1504/1078 
f 1128/1491/1067 1144/1509/1083 1145/1510/1084 1136/1501/1075 
f 1145/1510/1084 1146/1511/1085 1137/1502/1076 1136/1501/1075 
f 1147/1512/1086 1148/1513/1087 1146/1511/1085 1145/1510/1084 
f 1144/1509/1083 1149/1514/1088 1147/1512/1086 1145/1510/1084 
f 1150/1515/1089 1151/1516/1090 1152/1517/1091 1153/1518/1092 
f 1152/1517/1091 1138/1519/1077 1124/1486/1063 1120/1482/1059 
f 1152/1517/1091 1151/1516/1090 1143/1520/1082 1138/1519/1077 
f 1122/1484/1061 1121/1483/1060 1106/1463/1043 1105/1462/1042 
f 1129/1492/1068 1154/1521/1093 1144/1509/1083 1128/1491/1067 
f 1154/1521/1093 1155/1522/1094 1149/1514/1088 1144/1509/1083 
f 1156/1523/1095 1157/1524/1096 1133/1497/1072 1140/1505/1079 
f 1158/1525/1097 1159/1526/1098 1126/1527/1099 1114/1528/1100 
f 1159/1526/1098 1157/1529/1101 1129/1530/1102 1126/1527/1099 
f 1141/1506/1080 1160/1531/1103 1156/1523/1095 1140/1505/1079 
f 1118/1479/1057 1131/1495/1070 1159/1532/1104 1158/1533/1105 
f 1113/1534/1106 1086/1535/1107 1161/1536/1108 1162/1537/1109 
f 1162/1538/1109 1158/1525/1097 1114/1528/1100 1113/1539/1106 
f 1131/1495/1070 1133/1497/1072 1157/1524/1096 1159/1532/1104 
f 1090/1448/1027 1116/1477/1055 1162/1540/1110 1161/1541/1111 
f 1163/1542/1112 1085/1543/1113 1067/1544/1114 1164/1545/1115 
f 1161/1536/1108 1086/1535/1107 1085/1543/1113 1163/1542/1112 
f 1116/1477/1055 1118/1479/1057 1158/1533/1105 1162/1540/1110 
f 1072/1427/1009 1088/1446/1025 1163/1546/1116 1164/1547/1117 
f 1165/1548/1118 1066/1549/1119 1065/1550/1120 1166/1551/1120 
f 1066/1549/1119 1165/1548/1118 1164/1552/1115 1067/1553/1114 
f 1088/1446/1025 1090/1448/1027 1161/1541/1111 1163/1546/1116 
f 1070/1425/1007 1165/1554/1121 1166/1555/1122 1057/1412/994 
f 1167/1556/1123 1168/1557/1123 1169/1558/1124 1170/1559/1125 
f 1157/1529/1101 1156/1560/1126 1154/1561/1126 1129/1530/1102 
f 1072/1427/1009 1164/1547/1117 1165/1554/1121 1070/1425/1007 
f 1171/1562/1127 1172/1563/978 1173/1564/978 1174/1565/1128 
f 1171/1562/1127 1174/1565/1128 1175/1566/1129 1176/1567/1130 
f 1044/1399/981 1046/1401/983 1175/1566/1129 1174/1565/1128 
f 1044/1399/981 1174/1565/1128 1173/1564/978 1041/1396/978 
f 1055/1410/992 1054/1409/991 1037/1568/1131 1040/1569/1132 
f 1166/1555/1122 1037/1568/1131 1054/1409/991 1057/1412/994 
f 1049/1404/986 1039/1570/1133 1038/1571/1134 1047/1402/984 
f 1047/1402/984 1038/1571/1134 1065/1420/1002 1048/1403/985 
f 1153/1518/1092 1152/1517/1091 1120/1482/1059 1119/1481/1058 
f 1177/1572/1135 1178/1573/1136 1179/1574/1137 1180/1575/1138 
f 1177/1572/1135 1171/1576/1139 1176/1577/1140 1112/1472/1050 
f 1180/1575/1138 1172/1578/1141 1171/1576/1139 1177/1572/1135 
f 1146/1511/1085 1181/1579/1142 1182/1580/1143 1137/1502/1076 
f 1182/1580/1143 1181/1579/1142 1183/1581/1144 1184/1582/1145 
f 1181/1579/1142 1185/1583/1146 1186/1584/1146 1183/1581/1144 
f 1148/1513/1087 1185/1583/1146 1181/1579/1142 1146/1511/1085 
f 1103/1460/1040 1135/1500/1074 1187/1585/1147 1188/1586/1148 
f 1188/1586/1148 1187/1585/1147 1189/1587/1149 1190/1586/1150 
f 1187/1585/1147 1182/1580/1143 1184/1582/1145 1189/1587/1149 
f 1137/1502/1076 1182/1580/1143 1187/1585/1147 1135/1500/1074 
f 1083/1441/1020 1101/1458/1038 1191/1588/1151 1097/1455/1034 
f 1097/1455/1034 1191/1588/1151 1192/1589/1152 1098/1455/1035 
f 1191/1588/1151 1188/1586/1148 1190/1586/1150 1192/1589/1152 
f 1101/1458/1038 1103/1460/1040 1188/1586/1148 1191/1588/1151 
f 1177/1572/1135 1112/1472/1050 1078/1433/1015 1178/1573/1136 
f 1075/1430/1012 1193/1590/1153 1194/1591/1154 1076/1431/1013 
f 1193/1592/1153 1096/1593/1155 1098/1594/1156 1125/1488/1064 
f 1075/1430/1012 1093/1595/1157 1096/1596/1155 1193/1590/1153 
f 1046/1401/983 1061/1416/998 1195/1597/1158 1175/1566/1129 
f 1175/1566/1129 1195/1597/1158 1196/1598/1159 1176/1567/1130 
f 1195/1597/1158 1094/1452/1031 1093/1451/1030 1196/1598/1159 
f 1061/1416/998 1063/1418/1000 1094/1452/1031 1195/1597/1158 
f 1076/1599/1013 1194/1600/1154 1092/1601/1160 1073/1602/1010 
f 1092/1601/1160 1194/1600/1154 1109/1466/1046 1091/1469/1048 
f 1178/1573/1136 1051/1603/988 1050/1604/987 1179/1574/1137 
f 1178/1573/1136 1078/1433/1015 1058/1435/995 1051/1603/988 
f 1184/1605/1161 1183/1606/1162 1153/1518/1092 1119/1481/1058 
f 1183/1606/1162 1186/1607/1163 1150/1515/1089 1153/1518/1092 
f 1190/1608/1164 1189/1609/1165 1122/1484/1061 1105/1462/1042 
f 1189/1609/1165 1184/1605/1161 1119/1481/1058 1122/1484/1061 
f 1098/1594/1156 1192/1610/1166 1108/1487/1045 1125/1488/1064 
f 1192/1611/1166 1190/1608/1164 1105/1462/1042 1108/1465/1045 
f 1176/1577/1140 1196/1612/1167 1074/1429/1011 1112/1472/1050 
f 1196/1612/1167 1093/1595/1157 1075/1430/1012 1074/1429/1011 
f 1197/1613/1168 1198/1614/1169 1199/1615/1170 1200/1616/1171 
f 1200/1616/1171 1199/1615/1170 1201/1617/1172 1202/1618/1173 
f 1199/1615/1170 1203/1619/1174 1204/1620/1175 1201/1617/1172 
f 1205/1621/1176 1203/1619/1174 1199/1615/1170 1198/1614/1169 
f 1206/1622/1177 1207/1623/1178 1208/1624/1179 1209/1625/1180 
f 1210/1626/1181 1211/1627/1182 1212/1628/1183 1213/1629/1184 
f 1214/1630/1185 1215/1631/1186 1216/1632/1187 1217/1633/1188 
f 1218/1634/1189 1211/1627/1182 1210/1626/1181 1219/1635/1190 
f 1220/1636/1191 1221/1637/1192 1222/1638/1193 1223/1639/1194 
f 1224/1640/1195 1225/1641/1196 1226/1642/1197 1227/1643/1198 
f 1227/1643/1198 1226/1642/1197 1206/1644/1199 1228/1645/1200 
f 1226/1642/1197 1229/1646/1201 1207/1647/1202 1206/1644/1199 
f 1225/1641/1196 1230/1648/1203 1229/1646/1201 1226/1642/1197 
f 1231/1649/1204 1232/1650/1205 1233/1651/1206 1234/1652/1207 
f 1235/1653/1208 1217/1633/1188 1216/1632/1187 1228/1654/1209 
f 1223/1639/1194 1208/1655/1179 1207/1656/1178 1220/1636/1191 
f 1204/1620/1175 1236/1657/1210 1237/1658/1211 1238/1659/1212 
f 1238/1659/1212 1237/1658/1211 1239/1658/1213 1231/1659/1214 
f 1237/1658/1211 1240/1660/1215 1213/1661/1216 1239/1658/1213 
f 1241/1662/1217 1240/1660/1215 1237/1658/1211 1236/1657/1210 
f 1239/1663/1218 1242/1664/1219 1232/1650/1205 1231/1649/1204 
f 1243/1665/1220 1244/1666/1221 1245/1667/1222 1246/1668/1223 
f 1246/1668/1223 1245/1667/1222 1167/1669/1224 1247/1670/1225 
f 1248/1671/1226 1249/1672/1227 1250/1673/1227 1251/1674/1226 
f 1252/1675/1228 1253/1676/1229 1254/1677/1230 1255/1678/1231 
f 1255/1679/1231 1034/1389/973 1033/1388/972 1252/1680/1228 
f 1256/1681/1232 1257/1682/1233 1258/1683/1234 1259/1684/1235 
f 1253/1676/1229 1260/1685/1236 1261/1686/1237 1254/1677/1230 
f 1260/1685/1236 1262/1687/1238 1263/1688/1239 1261/1686/1237 
f 1264/1689/1240 1265/1690/1241 1036/1391/975 1035/1390/974 
f 1266/1691/1242 1267/1692/1243 1268/1693/1243 1269/1694/1242 
f 1270/1695/1244 1271/1696/1245 1272/1697/1246 1273/1698/1247 
f 1168/1699/1248 1272/1697/1246 1271/1696/1245 1274/1700/1249 
f 1275/1701/1250 1276/1702/1251 1036/1703/1252 1265/1704/1253 
f 1276/1702/1251 1277/1705/1254 1033/1706/1255 1036/1703/1252 
f 1278/1707/1256 1279/1708/1257 1260/1709/1258 1253/1710/1259 
f 1279/1708/1257 1280/1711/1260 1262/1712/1261 1260/1709/1258 
f 1281/1713/1262 1169/1714/1263 1168/1699/1248 1274/1700/1249 
f 1275/1701/1250 1265/1704/1253 1169/1714/1263 1281/1713/1262 
f 1282/1715/1264 1283/1716/1265 1284/1717/1266 1285/1718/1267 
f 1284/1717/1266 1286/1719/1268 1241/1662/1217 1285/1718/1267 
f 1287/1720/1269 1288/1721/1270 1286/1719/1268 1284/1717/1266 
f 1287/1720/1269 1284/1717/1266 1283/1716/1265 1289/1722/1271 
f 1290/1723/1272 1291/1724/1273 1203/1619/1174 1205/1621/1176 
f 1291/1724/1273 1236/1657/1210 1204/1620/1175 1203/1619/1174 
f 1285/1718/1267 1241/1662/1217 1236/1657/1210 1291/1724/1273 
f 1282/1715/1264 1285/1718/1267 1291/1724/1273 1290/1723/1272 
f 1211/1627/1182 1292/1725/1274 1293/1726/1275 1212/1628/1183 
f 1211/1627/1182 1218/1634/1189 1294/1727/1276 1292/1725/1274 
f 1266/1728/1277 1262/1712/1261 1280/1711/1260 1295/1729/1278 
f 1296/1730/1279 1267/1731/1280 1266/1728/1277 1295/1729/1278 
f 1234/1732/1207 1233/1733/1206 1222/1638/1193 1221/1637/1192 
f 1242/1664/1219 1297/1734/1281 1298/1735/1282 1232/1650/1205 
f 1212/1628/1183 1293/1726/1275 1297/1734/1281 1242/1664/1219 
f 1299/1736/1283 1300/1737/1284 1301/1738/1285 1302/1739/1286 
f 1298/1740/1282 1297/1741/1281 1303/1742/1287 1304/1743/1288 
f 1304/1743/1288 1303/1742/1287 1279/1708/1257 1278/1707/1256 
f 1303/1742/1287 1305/1744/1289 1280/1711/1260 1279/1708/1257 
f 1297/1741/1281 1293/1745/1275 1305/1744/1289 1303/1742/1287 
f 1306/1746/1290 1307/1747/1291 1308/1748/1292 1309/1749/1293 
f 1308/1748/1292 1307/1747/1291 1310/1750/1294 1277/1705/1254 
f 1307/1747/1291 1304/1743/1288 1278/1707/1256 1310/1750/1294 
f 1306/1746/1290 1298/1740/1282 1304/1743/1288 1307/1747/1291 
f 1311/1751/1295 1312/1752/1296 1313/1753/1297 1314/1754/1298 
f 1222/1638/1193 1233/1733/1206 1306/1755/1299 1309/1756/1300 
f 1232/1650/1205 1298/1735/1282 1306/1757/1299 1233/1651/1206 
f 1213/1629/1184 1212/1628/1183 1242/1664/1219 1239/1663/1218 
f 1034/1758/1301 1255/1759/1302 1198/1614/1169 1197/1613/1168 
f 1255/1759/1302 1254/1760/1303 1205/1621/1176 1198/1614/1169 
f 1293/1745/1275 1292/1761/1274 1315/1762/1304 1305/1744/1289 
f 1305/1744/1289 1315/1762/1304 1295/1729/1278 1280/1711/1260 
f 1296/1730/1279 1295/1729/1278 1315/1762/1304 1316/1763/1305 
f 1292/1761/1274 1294/1764/1276 1316/1763/1305 1315/1762/1304 
f 1277/1705/1254 1310/1750/1294 1252/1765/1306 1033/1706/1255 
f 1310/1750/1294 1278/1707/1256 1253/1710/1259 1252/1765/1306 
f 1262/1687/1238 1266/1691/1242 1269/1694/1242 1263/1688/1239 
f 1273/1766/1307 1272/1767/1308 1245/1768/1309 1244/1769/1307 
f 1202/1618/1173 1201/1617/1172 1317/1770/1310 1318/1771/1311 
f 1318/1771/1311 1317/1770/1310 1234/1770/1312 1221/1772/1313 
f 1317/1770/1310 1238/1659/1212 1231/1659/1214 1234/1770/1312 
f 1201/1617/1172 1204/1620/1175 1238/1659/1212 1317/1770/1310 
f 1217/1633/1188 1319/1773/1314 1320/1774/1315 1214/1630/1185 
f 1217/1633/1188 1235/1653/1208 1321/1775/1316 1319/1773/1314 
f 1235/1653/1208 1209/1625/1180 1322/1776/1317 1321/1775/1316 
f 1209/1777/1180 1208/1655/1179 1323/1778/1318 1322/1779/1317 
f 1324/1780/1319 1325/1781/1320 1326/1782/1321 1327/1783/1322 
f 1324/1780/1319 1327/1783/1322 1328/1784/1323 1230/1648/1203 
f 1327/1783/1322 1200/1616/1171 1202/1618/1173 1328/1784/1323 
f 1326/1782/1321 1197/1613/1168 1200/1616/1171 1327/1783/1322 
f 1264/1785/1324 1035/1786/1325 1326/1782/1321 1325/1781/1320 
f 1035/1786/1325 1034/1758/1301 1197/1613/1168 1326/1782/1321 
f 1275/1701/1250 1329/1787/1326 1330/1788/1327 1276/1702/1251 
f 1330/1788/1327 1308/1748/1292 1277/1705/1254 1276/1702/1251 
f 1309/1749/1293 1308/1748/1292 1330/1788/1327 1331/1789/1328 
f 1329/1787/1326 1323/1790/1318 1331/1789/1328 1330/1788/1327 
f 1207/1647/1202 1229/1646/1201 1332/1791/1329 1220/1791/1330 
f 1220/1791/1330 1332/1791/1329 1318/1771/1311 1221/1772/1313 
f 1332/1791/1329 1328/1784/1323 1202/1618/1173 1318/1771/1311 
f 1229/1646/1201 1230/1648/1203 1328/1784/1323 1332/1791/1329 
f 1322/1792/1317 1333/1793/1331 1334/1794/1332 1321/1795/1316 
f 1333/1793/1331 1281/1713/1262 1274/1700/1249 1334/1794/1332 
f 1329/1787/1326 1275/1701/1250 1281/1713/1262 1333/1793/1331 
f 1323/1790/1318 1329/1787/1326 1333/1793/1331 1322/1792/1317 
f 1261/1796/1333 1290/1723/1272 1205/1621/1176 1254/1760/1303 
f 1282/1715/1264 1290/1723/1272 1261/1796/1333 1263/1797/1334 
f 1272/1767/1308 1168/1557/1123 1167/1556/1123 1245/1768/1309 
f 1263/1797/1334 1269/1798/1335 1283/1716/1265 1282/1715/1264 
f 1269/1798/1335 1268/1799/1336 1289/1722/1271 1283/1716/1265 
f 1265/1690/1241 1264/1689/1240 1170/1559/1125 1169/1558/1124 
f 1216/1800/1337 1215/1801/1338 1335/1802/1338 1336/1803/1339 
f 1216/1800/1337 1336/1803/1339 1227/1643/1198 1228/1645/1200 
f 1337/1804/1340 1224/1640/1195 1227/1643/1198 1336/1803/1339 
f 1337/1804/1340 1336/1803/1339 1335/1802/1338 1338/1805/1341 
f 1247/1670/1225 1339/1806/1342 1340/1807/1343 1341/1808/1344 
f 1341/1808/1344 1340/1807/1343 1225/1641/1196 1224/1640/1195 
f 1340/1807/1343 1324/1780/1319 1230/1648/1203 1225/1641/1196 
f 1339/1806/1342 1325/1781/1320 1324/1780/1319 1340/1807/1343 
f 1286/1719/1268 1342/1809/1345 1240/1660/1215 1241/1662/1217 
f 1240/1660/1215 1342/1809/1345 1210/1810/1346 1213/1661/1216 
f 1342/1809/1345 1343/1811/1347 1219/1812/1348 1210/1810/1346 
f 1288/1721/1270 1343/1811/1347 1342/1809/1345 1286/1719/1268 
f 1208/1655/1179 1223/1639/1194 1331/1813/1349 1323/1778/1318 
f 1331/1813/1349 1223/1639/1194 1222/1638/1193 1309/1756/1300 
f 1338/1805/1341 1344/1814/1350 1345/1815/1351 1337/1804/1340 
f 1345/1815/1351 1341/1808/1344 1224/1640/1195 1337/1804/1340 
f 1345/1815/1351 1246/1668/1223 1247/1670/1225 1341/1808/1344 
f 1344/1814/1350 1243/1665/1220 1246/1668/1223 1345/1815/1351 
f 1320/1816/1315 1319/1817/1314 1346/1818/1352 1347/1819/1353 
f 1347/1819/1353 1346/1818/1352 1271/1696/1245 1270/1695/1244 
f 1334/1794/1332 1274/1700/1249 1271/1696/1245 1346/1818/1352 
f 1321/1795/1316 1334/1794/1332 1346/1818/1352 1319/1817/1314 
f 1167/1669/1224 1170/1820/1354 1339/1806/1342 1247/1670/1225 
f 1325/1781/1320 1339/1806/1342 1170/1820/1354 1264/1785/1324 
f 1348/1821/1355 1349/1822/1356 1248/1823/1357 1350/1824/1358 
f 1249/1825/1359 1248/1823/1357 1349/1822/1356 1351/1826/1360 
f 1352/1827/1361 1353/1828/1362 1354/1829/1363 1355/1830/1364 
f 1250/1831/1365 1258/1832/1366 1356/1833/1367 1357/1834/1368 
f 1258/1832/1366 1257/1835/1369 1358/1836/1370 1356/1833/1367 
f 1352/1827/1361 1359/1837/1371 1360/1838/1372 1353/1828/1362 
f 1361/1839/1373 1362/1840/1374 1257/1682/1233 1256/1681/1232 
f 1363/1841/1375 1364/1842/1376 1365/1843/1377 1366/1844/1378 
f 1365/1843/1377 1364/1842/1376 1367/1845/1379 1368/1846/1380 
f 1364/1842/1376 1369/1847/1381 1370/1848/1381 1367/1845/1379 
f 1371/1849/1382 1369/1847/1381 1364/1842/1376 1363/1841/1375 
f 1357/1834/1368 1356/1833/1367 1372/1850/1383 1373/1851/1384 
f 1373/1851/1384 1372/1850/1383 1374/1852/1385 1375/1853/1386 
f 1372/1850/1383 1376/1854/1387 1377/1855/1388 1374/1852/1385 
f 1356/1833/1367 1358/1836/1370 1376/1854/1387 1372/1850/1383 
f 1378/1856/1389 1379/1857/1389 1380/1858/1390 1381/1859/1391 
f 1382/1860/1392 1383/1861/1393 1384/1862/1394 1385/1863/1395 
f 1383/1861/1393 1386/1864/1396 1387/1865/1397 1384/1862/1394 
f 1388/1866/1398 1389/1867/1399 1390/1868/1400 1391/1869/1401 
f 1389/1867/1399 1392/1870/1402 1351/1826/1360 1390/1868/1400 
f 1393/1871/1403 1394/1872/1404 1392/1870/1402 1389/1867/1399 
f 1395/1873/1405 1393/1871/1403 1389/1867/1399 1388/1866/1398 
f 1396/1874/1406 1397/1875/1407 1312/1752/1296 1311/1751/1295 
f 1398/1876/1408 1399/1877/1409 1397/1875/1407 1396/1874/1406 
f 1400/1878/1410 1401/1879/1411 1402/1880/1412 1403/1881/1413 
f 1404/1882/1414 1405/1882/1415 1406/1883/1416 1407/1884/1417 
f 1407/1884/1417 1406/1883/1416 1408/1885/1418 1314/1886/1419 
f 1406/1883/1416 1409/1887/1420 1410/1888/1421 1408/1885/1418 
f 1405/1882/1415 1377/1855/1388 1409/1887/1420 1406/1883/1416 
f 1257/1835/1369 1362/1889/1422 1411/1890/1423 1358/1836/1370 
f 1362/1889/1422 1354/1891/1424 1412/1892/1425 1411/1890/1423 
f 1376/1854/1387 1358/1836/1370 1411/1890/1423 1413/1893/1426 
f 1376/1854/1387 1413/1893/1426 1409/1887/1420 1377/1855/1388 
f 1413/1893/1426 1414/1894/1427 1410/1888/1421 1409/1887/1420 
f 1411/1890/1423 1412/1892/1425 1414/1894/1427 1413/1893/1426 
f 1368/1895/1428 1415/1896/1429 1399/1877/1409 1398/1876/1408 
f 1416/1897/1430 1403/1881/1413 1402/1880/1412 1417/1898/1431 
f 1418/1899/1432 1419/1900/1433 1404/1901/1434 1407/1902/1435 
f 1259/1684/1235 1258/1683/1234 1250/1673/1227 1249/1672/1227 
f 1420/1903/1436 1421/1904/1437 1386/1905/1437 1383/1906/1436 
f 1422/1907/1438 1423/1908/1439 1424/1909/1440 1425/1910/1441 
f 1425/1910/1441 1424/1909/1440 1426/1911/1442 1427/1912/1443 
f 1428/1913/1444 1426/1911/1442 1424/1909/1440 1429/1914/1445 
f 1423/1908/1439 1430/1915/1446 1429/1914/1445 1424/1909/1440 
f 1410/1888/1421 1431/1916/1447 1432/1917/1448 1408/1885/1418 
f 1408/1885/1418 1432/1917/1448 1311/1918/1449 1314/1886/1419 
f 1432/1917/1448 1433/1919/1450 1396/1920/1451 1311/1918/1449 
f 1431/1916/1447 1434/1921/1452 1433/1919/1450 1432/1917/1448 
f 1435/1922/1453 1436/1923/1454 1437/1924/1455 1438/1925/1456 
f 1438/1925/1456 1437/1924/1455 1439/1926/1457 1440/1927/1458 
f 1437/1924/1455 1425/1910/1441 1427/1912/1443 1439/1926/1457 
f 1436/1923/1454 1422/1907/1438 1425/1910/1441 1437/1924/1455 
f 1420/1928/1459 1441/1929/1460 1427/1912/1443 1426/1911/1442 
f 1442/1930/1461 1443/1931/1462 1444/1932/1463 1445/1933/1464 
f 1428/1913/1444 1421/1934/1465 1420/1928/1459 1426/1911/1442 
f 1446/1935/1466 1447/1936/1467 1448/1937/1468 1449/1938/1469 
f 1448/1937/1468 1447/1936/1467 1450/1939/1470 1451/1940/1471 
f 1447/1936/1467 1438/1925/1456 1440/1927/1458 1450/1939/1470 
f 1446/1935/1466 1435/1922/1453 1438/1925/1456 1447/1936/1467 
f 1354/1891/1424 1353/1941/1472 1452/1942/1473 1412/1892/1425 
f 1353/1941/1472 1360/1943/1474 1453/1944/1475 1452/1942/1473 
f 1385/1863/1395 1384/1862/1394 1454/1945/1476 1455/1946/1477 
f 1454/1945/1476 1363/1841/1375 1366/1844/1378 1455/1946/1477 
f 1456/1947/1478 1371/1849/1382 1363/1841/1375 1454/1945/1476 
f 1456/1947/1478 1454/1945/1476 1384/1862/1394 1387/1865/1397 
f 1313/1948/1297 1418/1899/1432 1407/1902/1435 1314/1949/1298 
f 1457/1950/1479 1423/1951/1439 1422/1952/1438 1415/1896/1429 
f 1457/1950/1479 1458/1953/1480 1430/1954/1446 1423/1951/1439 
f 1459/1955/1481 1404/1901/1434 1419/1900/1433 1460/1956/1482 
f 1392/1870/1402 1259/1957/1483 1249/1825/1359 1351/1826/1360 
f 1461/1958/1484 1441/1959/1485 1382/1960/1486 1462/1961/1487 
f 1394/1872/1404 1256/1962/1488 1259/1957/1483 1392/1870/1402 
f 1394/1872/1404 1463/1963/1489 1361/1964/1490 1256/1962/1488 
f 1463/1963/1489 1451/1940/1471 1355/1965/1491 1361/1964/1490 
f 1440/1927/1458 1439/1926/1457 1461/1966/1492 1359/1967/1493 
f 1441/1959/1485 1420/1903/1436 1383/1906/1436 1382/1960/1486 
f 1464/1968/1494 1350/1969/1494 1248/1671/1226 1251/1674/1226 
f 1439/1926/1457 1427/1912/1443 1441/1929/1460 1461/1966/1492 
f 1399/1877/1409 1436/1970/1454 1435/1971/1453 1397/1875/1407 
f 1415/1896/1429 1422/1952/1438 1436/1970/1454 1399/1877/1409 
f 1451/1940/1471 1450/1939/1470 1352/1972/1495 1355/1965/1491 
f 1359/1837/1371 1461/1958/1484 1462/1961/1487 1360/1838/1372 
f 1355/1973/1364 1354/1974/1363 1362/1840/1374 1361/1839/1373 
f 1450/1939/1470 1440/1927/1458 1359/1967/1493 1352/1972/1495 
f 1394/1872/1404 1393/1871/1403 1465/1975/1496 1463/1963/1489 
f 1465/1975/1496 1448/1937/1468 1451/1940/1471 1463/1963/1489 
f 1449/1938/1469 1448/1937/1468 1465/1975/1496 1466/1976/1497 
f 1393/1871/1403 1395/1873/1405 1466/1976/1497 1465/1975/1496 
f 1402/1977/1498 1401/1978/1499 1467/1979/1499 1468/1980/1500 
f 1402/1977/1498 1468/1980/1500 1469/1981/1501 1417/1982/1502 
f 1470/1983/1503 1375/1853/1386 1469/1981/1501 1468/1980/1500 
f 1470/1983/1503 1468/1980/1500 1467/1979/1499 1471/1984/1504 
f 1419/1900/1433 1418/1899/1432 1466/1985/1505 1395/1986/1405 
f 1466/1985/1505 1418/1899/1432 1313/1948/1297 1449/1987/1506 
f 1471/1984/1504 1472/1988/1507 1473/1989/1508 1470/1983/1503 
f 1473/1989/1508 1373/1851/1384 1375/1853/1386 1470/1983/1503 
f 1473/1989/1508 1474/1990/1509 1357/1834/1368 1373/1851/1384 
f 1472/1988/1507 1475/1991/1510 1474/1990/1509 1473/1989/1508 
f 1370/1992/1511 1458/1953/1480 1457/1950/1479 1367/1993/1512 
f 1417/1898/1431 1459/1955/1481 1460/1956/1482 1416/1897/1430 
f 1475/1991/1510 1464/1994/1513 1251/1995/1514 1474/1990/1509 
f 1474/1990/1509 1251/1995/1514 1250/1831/1365 1357/1834/1368 
f 1476/1996/1515 1477/1997/1516 1478/1998/1517 1479/1999/1518 
f 1479/1999/1518 1478/1998/1517 1349/1822/1356 1348/1821/1355 
f 1390/1868/1400 1351/1826/1360 1349/1822/1356 1478/1998/1517 
f 1391/1869/1401 1390/1868/1400 1478/1998/1517 1477/1997/1516 
f 1434/1921/1452 1480/2000/1519 1481/2001/1520 1433/1919/1450 
f 1433/1919/1450 1481/2001/1520 1398/2002/1521 1396/1920/1451 
f 1481/2001/1520 1365/1843/1377 1368/1846/1380 1398/2002/1521 
f 1366/1844/1378 1365/1843/1377 1481/2001/1520 1480/2000/1519 
f 1482/2003/1522 1483/2004/1523 1484/2005/1524 1453/1944/1475 
f 1483/2004/1523 1480/2000/1519 1434/1921/1452 1484/2005/1524 
f 1455/1946/1477 1366/1844/1378 1480/2000/1519 1483/2004/1523 
f 1385/1863/1395 1455/1946/1477 1483/2004/1523 1482/2003/1522 
f 1313/1753/1297 1312/1752/1296 1446/2006/1525 1449/2007/1506 
f 1397/1875/1407 1435/1971/1453 1446/2006/1525 1312/1752/1296 
f 1403/1881/1413 1477/2008/1516 1476/2009/1515 1400/1878/1410 
f 1403/1881/1413 1416/1897/1430 1391/2010/1401 1477/2008/1516 
f 1375/1853/1386 1374/1852/1385 1485/2011/1526 1469/1981/1501 
f 1469/1981/1501 1485/2011/1526 1459/2012/1527 1417/1982/1502 
f 1485/2011/1526 1405/1882/1415 1404/1882/1414 1459/2012/1527 
f 1374/1852/1385 1377/1855/1388 1405/1882/1415 1485/2011/1526 
f 1462/2013/1528 1482/2003/1522 1453/1944/1475 1360/1943/1474 
f 1385/1863/1395 1482/2003/1522 1462/2013/1528 1382/1860/1392 
f 1367/1993/1512 1457/1950/1479 1415/1896/1429 1368/1895/1428 
f 1416/1897/1430 1460/1956/1482 1388/2014/1398 1391/2010/1401 
f 1460/1956/1482 1419/1900/1433 1395/1986/1405 1388/2014/1398 
f 1412/1892/1425 1452/1942/1473 1486/2015/1529 1414/1894/1427 
f 1414/1894/1427 1486/2015/1529 1431/1916/1447 1410/1888/1421 
f 1486/2015/1529 1484/2005/1524 1434/1921/1452 1431/1916/1447 
f 1453/1944/1475 1484/2005/1524 1486/2015/1529 1452/1942/1473 
f 1487/2016/1530 1488/2017/1531 1489/2018/1532 1490/2019/1533 
f 1490/2019/1533 1489/2018/1532 1491/2020/1534 1492/2021/1535 
f 1489/2018/1532 1493/2022/1536 1494/2023/1537 1491/2020/1534 
f 1495/2024/1538 1493/2022/1536 1489/2018/1532 1488/2017/1531 
f 1496/2025/1539 1497/2026/1540 1498/2027/1541 1499/2028/1542 
f 1301/1738/1285 1300/1737/1284 1500/2029/1543 1501/2030/1544 
f 1502/2031/1545 1503/2032/1546 1504/2033/1547 1505/2034/1548 
f 1506/2035/1549 1507/2036/1550 1508/2037/1551 1509/2038/1552 
f 1510/2039/1553 1511/2040/1554 1512/2041/1555 1513/2042/1556 
f 1513/2042/1556 1512/2041/1555 1496/2043/1557 1514/2044/1558 
f 1512/2041/1555 1515/2045/1559 1497/2046/1560 1496/2043/1557 
f 1511/2040/1554 1516/2047/1561 1515/2045/1559 1512/2041/1555 
f 1517/2048/1562 1518/2049/1563 1519/2050/1564 1520/2051/1565 
f 1521/2052/1566 1505/2034/1548 1504/2033/1547 1514/2053/1567 
f 1509/2054/1552 1498/2027/1541 1497/2026/1540 1506/2055/1549 
f 1494/2023/1537 1522/2056/1568 1523/2057/1569 1524/2058/1570 
f 1524/2058/1570 1523/2057/1569 1525/2059/1571 1517/2060/1572 
f 1523/2057/1569 1526/2061/1573 1501/2062/1574 1525/2059/1571 
f 1527/2063/1575 1526/2061/1573 1523/2057/1569 1522/2056/1568 
f 1525/2064/1576 1528/2065/1577 1518/2049/1563 1517/2048/1562 
f 1529/2066/1578 1530/2067/1579 1531/2068/1580 1532/2069/1581 
f 1532/2069/1581 1531/2068/1580 1378/2070/1582 1533/2071/1583 
f 1534/2072/1584 1535/2073/1584 1536/2074/1585 1537/2075/1585 
f 1538/2076/1586 1539/2077/1587 1540/2078/1588 1541/2079/1589 
f 1541/2079/1589 1442/1930/1461 1445/1933/1464 1538/2076/1586 
f 1542/2080/1590 1543/2081/1591 1544/2082/1592 1545/2083/1593 
f 1539/2077/1587 1546/2084/1594 1547/2085/1595 1540/2078/1588 
f 1546/2084/1594 1548/2086/1596 1549/2087/1597 1547/2085/1595 
f 1550/2088/1598 1551/2089/1599 1444/2090/1463 1443/2091/1462 
f 1552/2092/1600 1553/2093/1601 1554/2094/1601 1555/2095/1600 
f 1556/2096/1602 1557/2097/1603 1558/2098/1604 1559/2099/1605 
f 1379/2100/1606 1558/2098/1604 1557/2097/1603 1560/2101/1607 
f 1561/2102/1608 1562/2103/1609 1444/2104/1610 1551/2105/1611 
f 1562/2103/1609 1563/2106/1612 1445/2107/1613 1444/2104/1610 
f 1564/2108/1614 1565/2109/1615 1546/2110/1616 1539/2111/1617 
f 1565/2109/1615 1566/2112/1618 1548/2113/1619 1546/2110/1616 
f 1567/2114/1620 1380/2115/1621 1379/2100/1606 1560/2101/1607 
f 1561/2102/1608 1551/2105/1611 1380/2115/1621 1567/2114/1620 
f 1568/2116/1622 1569/2117/1623 1570/2118/1624 1571/2119/1625 
f 1570/2118/1624 1572/2120/1626 1527/2063/1575 1571/2119/1625 
f 1573/2121/1627 1574/2122/1628 1572/2120/1626 1570/2118/1624 
f 1573/2121/1627 1570/2118/1624 1569/2117/1623 1575/2123/1629 
f 1576/2124/1630 1577/2125/1631 1493/2022/1536 1495/2024/1538 
f 1577/2125/1631 1522/2056/1568 1494/2023/1537 1493/2022/1536 
f 1571/2119/1625 1527/2063/1575 1522/2056/1568 1577/2125/1631 
f 1568/2116/1622 1571/2119/1625 1577/2125/1631 1576/2124/1630 
f 1300/1737/1284 1578/2126/1632 1579/2127/1633 1500/2029/1543 
f 1300/1737/1284 1299/1736/1283 1580/2128/1634 1578/2126/1632 
f 1552/2129/1635 1548/2113/1619 1566/2112/1618 1581/2130/1636 
f 1582/2131/1637 1553/2132/1638 1552/2129/1635 1581/2130/1636 
f 1520/2051/1565 1519/2050/1564 1508/2037/1551 1507/2036/1550 
f 1528/2065/1577 1583/2133/1639 1584/2134/1640 1518/2049/1563 
f 1500/2029/1543 1579/2127/1633 1583/2133/1639 1528/2065/1577 
f 1585/2135/1641 1586/2136/1642 1587/2137/1643 1588/2138/1644 
f 1584/2139/1640 1583/2140/1639 1589/2141/1645 1590/2142/1646 
f 1590/2142/1646 1589/2141/1645 1565/2109/1615 1564/2108/1614 
f 1589/2141/1645 1591/2143/1647 1566/2112/1618 1565/2109/1615 
f 1583/2140/1639 1579/2144/1633 1591/2143/1647 1589/2141/1645 
f 1592/2145/1648 1593/2146/1649 1594/2147/1650 1595/2148/1651 
f 1594/2147/1650 1593/2146/1649 1596/2149/1652 1563/2106/1612 
f 1593/2146/1649 1590/2142/1646 1564/2108/1614 1596/2149/1652 
f 1592/2145/1648 1584/2139/1640 1590/2142/1646 1593/2146/1649 
f 1228/1654/1209 1206/1622/1177 1209/1625/1180 1235/1653/1208 
f 1508/2037/1551 1519/2050/1564 1592/2150/1653 1595/2151/1654 
f 1518/2049/1563 1584/2134/1640 1592/2150/1653 1519/2050/1564 
f 1501/2030/1544 1500/2029/1543 1528/2065/1577 1525/2064/1576 
f 1442/2152/1655 1541/2153/1656 1488/2017/1531 1487/2016/1530 
f 1541/2153/1656 1540/2154/1657 1495/2024/1538 1488/2017/1531 
f 1579/2144/1633 1578/2155/1632 1597/2156/1658 1591/2143/1647 
f 1591/2143/1647 1597/2156/1658 1581/2130/1636 1566/2112/1618 
f 1582/2131/1637 1581/2130/1636 1597/2156/1658 1598/2157/1659 
f 1578/2155/1632 1580/2158/1634 1598/2157/1659 1597/2156/1658 
f 1563/2106/1612 1596/2149/1652 1538/2159/1660 1445/2107/1613 
f 1596/2149/1652 1564/2108/1614 1539/2111/1617 1538/2159/1660 
f 1548/2086/1596 1552/2092/1600 1555/2095/1600 1549/2087/1597 
f 1559/2160/1661 1558/2161/1662 1531/2162/1662 1530/2163/1661 
f 1492/2021/1535 1491/2020/1534 1599/2164/1663 1600/2165/1664 
f 1600/2165/1664 1599/2164/1663 1520/2166/1665 1507/2165/1666 
f 1599/2164/1663 1524/2058/1570 1517/2060/1572 1520/2166/1665 
f 1491/2020/1534 1494/2023/1537 1524/2058/1570 1599/2164/1663 
f 1505/2034/1548 1601/2167/1667 1602/2168/1668 1502/2031/1545 
f 1505/2034/1548 1521/2052/1566 1603/2169/1669 1601/2167/1667 
f 1521/2052/1566 1499/2028/1542 1604/2170/1670 1603/2169/1669 
f 1499/2028/1542 1498/2027/1541 1605/2171/1671 1604/2170/1670 
f 1606/2172/1672 1607/2173/1673 1608/2174/1674 1609/2175/1675 
f 1606/2172/1672 1609/2175/1675 1610/2176/1676 1516/2047/1561 
f 1609/2175/1675 1490/2019/1533 1492/2021/1535 1610/2176/1676 
f 1608/2174/1674 1487/2016/1530 1490/2019/1533 1609/2175/1675 
f 1550/2177/1677 1443/2178/1678 1608/2174/1674 1607/2173/1673 
f 1443/2178/1678 1442/2152/1655 1487/2016/1530 1608/2174/1674 
f 1561/2102/1608 1611/2179/1679 1612/2180/1680 1562/2103/1609 
f 1612/2180/1680 1594/2147/1650 1563/2106/1612 1562/2103/1609 
f 1595/2148/1651 1594/2147/1650 1612/2180/1680 1613/2181/1681 
f 1611/2179/1679 1605/2182/1671 1613/2181/1681 1612/2180/1680 
f 1497/2046/1560 1515/2045/1559 1614/2183/1682 1506/2184/1683 
f 1506/2184/1683 1614/2183/1682 1600/2165/1664 1507/2165/1666 
f 1614/2183/1682 1610/2176/1676 1492/2021/1535 1600/2165/1664 
f 1515/2045/1559 1516/2047/1561 1610/2176/1676 1614/2183/1682 
f 1604/2185/1670 1615/2186/1684 1616/2187/1685 1603/2188/1669 
f 1615/2186/1684 1567/2114/1620 1560/2101/1607 1616/2187/1685 
f 1611/2179/1679 1561/2102/1608 1567/2114/1620 1615/2186/1684 
f 1605/2182/1671 1611/2179/1679 1615/2186/1684 1604/2185/1670 
f 1547/2189/1686 1576/2124/1630 1495/2024/1538 1540/2154/1657 
f 1568/2116/1622 1576/2124/1630 1547/2189/1686 1549/2190/1687 
f 1531/2162/1662 1558/2161/1662 1379/1857/1389 1378/1856/1389 
f 1549/2190/1687 1555/2191/1688 1569/2117/1623 1568/2116/1622 
f 1555/2191/1688 1554/2192/1689 1575/2123/1629 1569/2117/1623 
f 1551/2089/1599 1550/2088/1598 1381/1859/1391 1380/1858/1390 
f 1504/2193/1690 1503/2194/1691 1617/2195/1691 1618/2196/1692 
f 1504/2193/1690 1618/2196/1692 1513/2042/1556 1514/2044/1558 
f 1619/2197/1693 1510/2039/1553 1513/2042/1556 1618/2196/1692 
f 1619/2197/1693 1618/2196/1692 1617/2195/1691 1620/2198/1694 
f 1533/2071/1583 1621/2199/1695 1622/2200/1696 1623/2201/1697 
f 1623/2201/1697 1622/2200/1696 1511/2040/1554 1510/2039/1553 
f 1622/2200/1696 1606/2172/1672 1516/2047/1561 1511/2040/1554 
f 1621/2199/1695 1607/2173/1673 1606/2172/1672 1622/2200/1696 
f 1572/2120/1626 1624/2202/1698 1526/2061/1573 1527/2063/1575 
f 1526/2061/1573 1624/2202/1698 1301/2203/1699 1501/2062/1574 
f 1624/2202/1698 1625/2204/1700 1302/2205/1700 1301/2203/1699 
f 1574/2122/1628 1625/2204/1700 1624/2202/1698 1572/2120/1626 
f 1498/2027/1541 1509/2054/1552 1613/2206/1701 1605/2171/1671 
f 1613/2207/1701 1509/2038/1552 1508/2037/1551 1595/2151/1654 
f 1620/2198/1694 1626/2208/1702 1627/2209/1703 1619/2197/1693 
f 1627/2209/1703 1623/2201/1697 1510/2039/1553 1619/2197/1693 
f 1627/2209/1703 1532/2069/1581 1533/2071/1583 1623/2201/1697 
f 1626/2208/1702 1529/2066/1578 1532/2069/1581 1627/2209/1703 
f 1602/2210/1668 1601/2211/1667 1628/2212/1704 1629/2213/1705 
f 1629/2213/1705 1628/2212/1704 1557/2097/1603 1556/2096/1602 
f 1616/2187/1685 1560/2101/1607 1557/2097/1603 1628/2212/1704 
f 1603/2188/1669 1616/2187/1685 1628/2212/1704 1601/2211/1667 
f 1378/2070/1582 1381/2214/1706 1621/2199/1695 1533/2071/1583 
f 1607/2173/1673 1621/2199/1695 1381/2214/1706 1550/2177/1677 
f 1630/2215/1707 1631/2216/1708 1535/2217/1709 1632/2218/1710 
f 1536/2219/1711 1535/2217/1709 1631/2216/1708 1633/2220/1712 
f 1634/2221/1713 1635/2222/1714 1636/2223/1715 1637/2224/1716 
f 1537/2225/1717 1544/2226/1718 1638/2227/1719 1639/2228/1720 
f 1640/2229/1721 1638/2227/1719 1544/2226/1718 1543/2230/1722 
f 1634/2221/1713 1641/2231/1723 1642/2232/1724 1635/2222/1714 
f 1643/2233/1725 1644/2234/1726 1543/2081/1591 1542/2080/1590 
f 1645/2235/1727 1646/2236/1728 1647/2237/1729 1648/2238/1730 
f 1647/2237/1729 1646/2236/1728 1649/2239/1731 1650/2240/1732 
f 1646/2236/1728 1651/2241/1733 1652/2242/1734 1649/2239/1731 
f 1653/2243/1735 1651/2241/1733 1646/2236/1728 1645/2235/1727 
f 1639/2228/1720 1638/2227/1719 1654/2244/1736 1655/2245/1737 
f 1655/2245/1737 1654/2244/1736 1656/2246/1738 1657/2247/1739 
f 1654/2244/1736 1658/2248/1740 1659/2249/1741 1656/2246/1738 
f 1638/2227/1719 1640/2229/1721 1658/2248/1740 1654/2244/1736 
f 1660/2250/1742 1661/2251/1743 1662/2252/1744 1663/2253/1745 
f 1661/2251/1743 1664/2254/1746 1665/2255/1747 1662/2252/1744 
f 1666/2256/1748 1667/2257/1749 1668/2258/1750 1669/2259/1751 
f 1667/2257/1749 1670/2260/1752 1633/2220/1712 1668/2258/1750 
f 1671/2261/1753 1672/2262/1754 1670/2260/1752 1667/2257/1749 
f 1673/2263/1755 1671/2261/1753 1667/2257/1749 1666/2256/1748 
f 1674/2264/1756 1675/2265/1757 1676/2266/1758 1677/2267/1759 
f 1588/2268/1644 1587/2269/1643 1678/2270/1760 1676/2266/1758 
f 1679/2271/1761 1680/2272/1762 1681/2273/1763 1682/2274/1764 
f 1675/2265/1757 1683/2275/1765 1588/2268/1644 1676/2266/1758 
f 1684/2276/1766 1685/2276/1767 1686/2277/1768 1687/2278/1769 
f 1687/2278/1769 1686/2277/1768 1688/2279/1770 1674/2280/1771 
f 1686/2277/1768 1689/2281/1772 1690/2282/1773 1688/2279/1770 
f 1685/2276/1767 1659/2249/1741 1689/2281/1772 1686/2277/1768 
f 1543/2230/1722 1644/2283/1774 1691/2284/1775 1640/2229/1721 
f 1644/2283/1774 1636/2285/1776 1692/2286/1777 1691/2284/1775 
f 1658/2248/1740 1640/2229/1721 1691/2284/1775 1693/2287/1778 
f 1658/2248/1740 1693/2287/1778 1689/2281/1772 1659/2249/1741 
f 1693/2287/1778 1694/2288/1779 1690/2282/1773 1689/2281/1772 
f 1691/2284/1775 1692/2286/1777 1694/2288/1779 1693/2287/1778 
f 1683/2289/1765 1695/2290/1780 1585/2135/1641 1588/2138/1644 
f 1696/2291/1781 1697/2292/1782 1586/2136/1642 1585/2135/1641 
f 1698/2293/1783 1699/2294/1784 1700/2295/1785 1677/2267/1759 
f 1695/2290/1780 1650/2296/1786 1696/2291/1781 1585/2135/1641 
f 1545/2083/1593 1544/2082/1592 1537/2075/1585 1536/2074/1585 
f 1701/2297/1787 1702/2298/1788 1664/2299/1788 1661/2300/1787 
f 1703/2301/1789 1704/2302/1790 1705/2303/1791 1706/2304/1792 
f 1706/2304/1792 1705/2303/1791 1707/2305/1793 1708/2306/1794 
f 1709/2307/1795 1707/2305/1793 1705/2303/1791 1710/2308/1796 
f 1704/2302/1790 1711/2309/1797 1710/2308/1796 1705/2303/1791 
f 1690/2282/1773 1712/2310/1798 1713/2311/1799 1688/2279/1770 
f 1688/2279/1770 1713/2311/1799 1675/2312/1800 1674/2280/1771 
f 1713/2311/1799 1714/2313/1801 1683/2314/1802 1675/2312/1800 
f 1712/2310/1798 1715/2315/1803 1714/2313/1801 1713/2311/1799 
f 1716/2316/1804 1717/2317/1805 1718/2318/1806 1719/2319/1807 
f 1719/2319/1807 1718/2318/1806 1720/2320/1808 1721/2321/1809 
f 1718/2318/1806 1706/2304/1792 1708/2306/1794 1720/2320/1808 
f 1717/2317/1805 1703/2301/1789 1706/2304/1792 1718/2318/1806 
f 1701/2322/1810 1722/2323/1811 1708/2306/1794 1707/2305/1793 
f 1166/1551/1120 1065/1550/1120 1038/1393/976 1037/1392/976 
f 1709/2307/1795 1702/2324/1812 1701/2322/1810 1707/2305/1793 
f 1723/2325/1813 1724/2326/1814 1725/2327/1815 1726/2328/1816 
f 1725/2327/1815 1724/2326/1814 1727/2329/1817 1728/2330/1818 
f 1724/2326/1814 1719/2319/1807 1721/2321/1809 1727/2329/1817 
f 1723/2325/1813 1716/2316/1804 1719/2319/1807 1724/2326/1814 
f 1636/2285/1776 1635/2331/1819 1729/2332/1820 1692/2286/1777 
f 1635/2331/1819 1642/2333/1821 1730/2334/1822 1729/2332/1820 
f 1663/2253/1745 1662/2252/1744 1731/2335/1823 1732/2336/1824 
f 1731/2335/1823 1645/2235/1727 1648/2238/1730 1732/2336/1824 
f 1733/2337/1825 1653/2243/1735 1645/2235/1727 1731/2335/1823 
f 1733/2337/1825 1731/2335/1823 1662/2252/1744 1665/2255/1747 
f 1734/2338/1826 1735/2339/1827 1736/2340/1828 1737/2341/1829 
f 1736/2340/1828 1704/2342/1790 1703/2343/1789 1697/2292/1782 
f 1736/2340/1828 1735/2339/1827 1711/2344/1797 1704/2342/1790 
f 1680/2272/1762 1738/2345/1830 1739/2346/1831 1681/2273/1763 
f 1670/2260/1752 1545/2347/1832 1536/2219/1711 1633/2220/1712 
f 1740/2348/1833 1722/2349/1834 1660/2350/1835 1741/2351/1836 
f 1672/2262/1754 1542/2352/1837 1545/2347/1832 1670/2260/1752 
f 1672/2262/1754 1742/2353/1838 1643/2354/1839 1542/2352/1837 
f 1742/2353/1838 1728/2330/1818 1637/2355/1840 1643/2354/1839 
f 1721/2321/1809 1720/2320/1808 1740/2356/1841 1641/2357/1842 
f 1722/2349/1834 1701/2297/1787 1661/2300/1787 1660/2350/1835 
f 1743/2358/1843 1632/2359/1843 1535/2073/1584 1534/2072/1584 
f 1720/2320/1808 1708/2306/1794 1722/2323/1811 1740/2356/1841 
f 1586/2136/1642 1717/2360/1805 1716/2361/1804 1587/2137/1643 
f 1697/2292/1782 1703/2343/1789 1717/2360/1805 1586/2136/1642 
f 1728/2330/1818 1727/2329/1817 1634/2362/1844 1637/2355/1840 
f 1641/2363/1723 1740/2348/1833 1741/2351/1836 1642/2364/1724 
f 1637/2224/1716 1636/2223/1715 1644/2365/1726 1643/2366/1725 
f 1727/2329/1817 1721/2321/1809 1641/2357/1842 1634/2362/1844 
f 1672/2262/1754 1671/2261/1753 1744/2367/1845 1742/2353/1838 
f 1744/2367/1845 1725/2327/1815 1728/2330/1818 1742/2353/1838 
f 1726/2328/1816 1725/2327/1815 1744/2367/1845 1745/2368/1846 
f 1671/2261/1753 1673/2263/1755 1745/2368/1846 1744/2367/1845 
f 1746/2369/1847 1747/2370/1848 1748/2371/1848 1749/2372/1847 
f 1746/2369/1847 1749/2372/1847 1750/2373/1849 1751/2374/1850 
f 1752/2375/1851 1657/2247/1739 1750/2373/1849 1749/2372/1847 
f 1752/2375/1851 1749/2372/1847 1748/2371/1848 1753/2376/1852 
f 1754/2377/1853 1699/2378/1784 1745/2379/1854 1673/2380/1755 
f 1745/2381/1854 1699/2294/1784 1698/2293/1783 1726/2382/1855 
f 1699/2378/1784 1754/2377/1853 1755/2383/1856 1700/2384/1785 
f 1676/2266/1758 1678/2270/1760 1698/2293/1783 1677/2267/1759 
f 1753/2376/1852 1756/2385/1857 1757/2386/1858 1752/2375/1851 
f 1757/2386/1858 1655/2245/1737 1657/2247/1739 1752/2375/1851 
f 1757/2386/1858 1758/2387/1859 1639/2228/1720 1655/2245/1737 
f 1756/2385/1857 1759/2388/1860 1758/2387/1859 1757/2386/1858 
f 1737/2341/1829 1736/2340/1828 1697/2292/1782 1696/2291/1781 
f 1679/2271/1761 1682/2274/1764 1760/2389/1861 1761/2390/1862 
f 1679/2271/1761 1746/2391/1863 1751/2392/1864 1680/2272/1762 
f 1761/2390/1862 1747/2393/1865 1746/2391/1863 1679/2271/1761 
f 1759/2388/1860 1743/2394/1866 1534/2395/1867 1758/2387/1859 
f 1758/2387/1859 1534/2395/1867 1537/2225/1717 1639/2228/1720 
f 1762/2396/1868 1763/2397/1869 1764/2398/1870 1765/2399/1871 
f 1765/2399/1871 1764/2398/1870 1631/2216/1708 1630/2215/1707 
f 1668/2258/1750 1633/2220/1712 1631/2216/1708 1764/2398/1870 
f 1669/2259/1751 1668/2258/1750 1764/2398/1870 1763/2397/1869 
f 1715/2315/1803 1766/2400/1872 1767/2401/1873 1714/2313/1801 
f 1714/2313/1801 1767/2401/1873 1695/2401/1874 1683/2314/1802 
f 1767/2401/1873 1647/2237/1729 1650/2240/1732 1695/2401/1874 
f 1648/2238/1730 1647/2237/1729 1767/2401/1873 1766/2400/1872 
f 1768/2402/1875 1769/2403/1876 1770/2404/1877 1730/2334/1822 
f 1769/2403/1876 1766/2400/1872 1715/2315/1803 1770/2404/1877 
f 1732/2336/1824 1648/2238/1730 1766/2400/1872 1769/2403/1876 
f 1663/2253/1745 1732/2336/1824 1769/2403/1876 1768/2402/1875 
f 1698/2293/1783 1678/2270/1760 1723/2405/1878 1726/2382/1855 
f 1587/2269/1643 1716/2406/1804 1723/2405/1878 1678/2270/1760 
f 1760/2389/1861 1682/2274/1764 1763/2407/1869 1762/2408/1868 
f 1682/2274/1764 1681/2273/1763 1669/2409/1751 1763/2407/1869 
f 1657/2247/1739 1656/2246/1738 1771/2410/1879 1750/2373/1849 
f 1750/2373/1849 1771/2410/1879 1772/2411/1880 1751/2374/1850 
f 1771/2410/1879 1685/2276/1767 1684/2276/1766 1772/2411/1880 
f 1656/2246/1738 1659/2249/1741 1685/2276/1767 1771/2410/1879 
f 1741/2412/1881 1768/2402/1875 1730/2334/1822 1642/2333/1821 
f 1663/2253/1745 1768/2402/1875 1741/2412/1881 1660/2250/1742 
f 1738/2345/1830 1755/2383/1856 1754/2377/1853 1739/2346/1831 
f 1681/2273/1763 1739/2346/1831 1666/2413/1748 1669/2409/1751 
f 1739/2346/1831 1754/2377/1853 1673/2380/1755 1666/2413/1748 
f 1193/1592/1153 1125/1488/1064 1109/1466/1046 1194/1600/1154 
f 1692/2286/1777 1729/2332/1820 1773/2414/1882 1694/2288/1779 
f 1694/2288/1779 1773/2414/1882 1712/2310/1798 1690/2282/1773 
f 1773/2414/1882 1770/2404/1877 1715/2315/1803 1712/2310/1798 
f 1730/2334/1822 1770/2404/1877 1773/2414/1882 1729/2332/1820 
f 1751/2392/1864 1772/2415/1883 1738/2345/1830 1680/2272/1762 
f 1772/2415/1883 1684/2416/1884 1755/2383/1856 1738/2345/1830 
f 1650/2296/1786 1649/2417/1885 1737/2341/1829 1696/2291/1781 
f 1649/2417/1885 1652/2418/1886 1734/2338/1826 1737/2341/1829 
f 1700/2295/1785 1687/2419/1887 1674/2264/1756 1677/2267/1759 
f 1755/2383/1856 1684/2416/1884 1687/2420/1887 1700/2384/1785 
f 1156/1560/1126 1160/2421/1888 1155/2422/1888 1154/1561/1126 
f 1514/2053/1567 1496/2025/1539 1499/2028/1542 1521/2052/1566 
f 1774/2423/1889 1775/2424/1889 1776/2425/1889 1777/2426/1889 
f 1778/2427/1889 1779/2428/1889 1780/2429/1889 1781/2430/1889 
f 1782/2431/1889 1783/2432/1889 1784/2433/1889 1785/2434/1889 
f 1786/2435/1889 1787/2424/1889 1775/2424/1889 1774/2423/1889 
f 1777/2426/1889 1776/2425/1889 1788/2436/1889 1789/2437/1889 
f 1780/2429/1889 1779/2428/1889 1787/2424/1889 1786/2435/1889 
f 1789/2437/1889 1788/2436/1889 1790/2438/1889 1791/2439/1889 
f 1791/2439/1889 1790/2438/1889 1792/2440/1889 1793/2441/1889 
f 1793/2441/1889 1792/2440/1889 1794/2442/1889 1795/2443/1889 
f 1795/2443/1889 1794/2442/1889 1796/2444/1889 1797/2445/1889 
f 1797/2445/1889 1796/2444/1889 1798/2446/1889 1799/2447/1889 
f 1799/2447/1889 1798/2446/1889 1800/2448/1889 1801/2449/1889 
f 1801/2449/1889 1800/2448/1889 1802/2448/1889 1803/2450/1889 
f 1803/2450/1889 1802/2448/1889 1804/2451/1890 1805/2452/1890 
f 1805/2452/1890 1804/2451/1890 1806/2453/1889 1807/2454/1889 
f 1807/2454/1889 1806/2453/1889 1808/2455/1891 1809/2456/1891 
f 1809/2456/1891 1808/2455/1891 1810/2457/1892 1811/2458/1892 
f 1780/2429/1889 1812/2459/1889 1813/2427/1889 1781/2430/1889 
f 1814/2460/1889 1782/2431/1889 1785/2434/1889 1815/2434/1889 
f 1783/2432/1889 1816/2461/1889 1817/2462/1889 1784/2433/1889 
f 1780/2429/1889 1814/2460/1889 1815/2434/1889 1812/2459/1889 
f 1816/2461/1889 1818/2463/1889 1819/2464/1889 1817/2462/1889 
f 1818/2463/1889 1820/2465/1889 1821/2466/1889 1819/2464/1889 
f 1820/2465/1889 1822/2467/1889 1823/2468/1889 1821/2466/1889 
f 1822/2467/1889 1824/2469/1889 1825/2470/1889 1823/2468/1889 
f 1824/2469/1889 1826/2471/1889 1827/2472/1889 1825/2470/1889 
f 1826/2471/1889 1828/2473/1889 1829/2474/1889 1827/2472/1889 
f 1828/2473/1889 1830/2475/1889 1831/2474/1889 1829/2474/1889 
f 1830/2475/1889 1832/2476/1889 1833/2477/1889 1831/2474/1889 
f 1832/2476/1889 1834/2478/1889 1835/2477/1889 1833/2477/1889 
f 1834/2478/1889 1836/2479/1893 1837/2480/1893 1835/2477/1889 
f 1836/2479/1893 1838/2481/1894 1839/2482/1894 1837/2480/1893 
f 1840/2483/1895 1841/2484/1895 1842/2485/1895 1843/2486/1895 
f 1791/2487/1896 1844/2488/1897 1845/2489/1898 1789/2490/1899 
f 1823/2491/1900 1825/2491/1901 1846/2492/1902 1847/2492/1903 
f 1809/2493/1904 1848/2494/1905 1849/2495/1906 1807/2496/1906 
f 1824/2497/1907 1822/2498/1908 1850/2499/1909 1851/2500/1910 
f 1810/2501/1911 1852/2502/1912 1853/2503/1913 1811/2504/1914 
f 1790/2505/1915 1854/2506/1916 1855/2507/1917 1792/2508/1918 
f 1808/2509/1919 1856/2510/1920 1852/2502/1912 1810/2501/1911 
f 1793/2511/1921 1857/2512/1922 1844/2488/1897 1791/2487/1896 
f 1825/2513/1901 1827/2514/1923 1858/2515/1924 1846/2516/1902 
f 1811/2517/1914 1853/2518/1913 1848/2494/1905 1809/2493/1904 
f 1826/2519/1925 1824/2497/1907 1851/2500/1910 1859/2520/1926 
f 1792/2508/1918 1855/2507/1917 1860/2521/1927 1794/2522/1928 
f 1787/2523/1929 1861/2524/1929 1862/2524/1930 1775/2523/1931 
f 1795/2525/1932 1863/2526/1932 1857/2512/1922 1793/2511/1921 
f 1827/2514/1923 1829/2514/1933 1864/2515/1934 1858/2515/1924 
f 1781/2527/1935 1813/2528/1936 1865/2529/1937 1866/2530/1935 
f 1779/2531/1938 1867/2532/1939 1861/2533/1940 1787/2534/1940 
f 1828/2535/1941 1826/2519/1925 1859/2520/1926 1868/2536/1942 
f 1813/2528/1936 1812/2537/1943 1869/2538/1944 1865/2529/1937 
f 1794/2522/1928 1860/2521/1927 1870/2539/1945 1796/2540/1946 
f 1797/2541/1947 1871/2542/1948 1863/2526/1932 1795/2525/1932 
f 1829/2514/1933 1831/2543/1949 1872/2544/1950 1864/2515/1934 
f 1782/2545/1951 1814/2546/1952 1873/2547/1953 1874/2548/1954 
f 1812/2537/1943 1815/2549/1955 1875/2538/1955 1869/2538/1944 
f 1830/2550/1956 1828/2535/1941 1868/2536/1942 1876/2551/1957 
f 1796/2552/1946 1870/2553/1945 1877/2554/1958 1798/2555/1959 
f 1778/2556/1960 1878/2557/1961 1867/2532/1939 1779/2531/1938 
f 1785/2558/1962 1784/2559/1963 1879/2560/1964 1880/2561/1965 
f 1799/2562/1966 1881/2563/1967 1871/2542/1948 1797/2541/1947 
f 1781/2564/1968 1866/2565/1968 1878/2557/1961 1778/2556/1960 
f 1831/2543/1949 1833/2543/1969 1882/2544/1970 1872/2544/1950 
f 1783/2566/1971 1782/2567/1951 1874/2568/1954 1883/2569/1972 
f 1832/2570/1973 1830/2550/1956 1876/2551/1957 1884/2571/1974 
f 1798/2555/1959 1877/2554/1958 1885/2572/1975 1800/2573/1976 
f 1815/2558/1977 1785/2558/1962 1880/2561/1965 1875/2561/1977 
f 1784/2559/1963 1817/2574/1978 1886/2575/1979 1879/2560/1964 
f 1801/2576/1980 1887/2577/1981 1881/2563/1967 1799/2562/1966 
f 1786/2578/1982 1888/2579/1983 1889/2580/1984 1780/2581/1984 
f 1833/2543/1969 1835/2582/1985 1890/2583/1985 1882/2544/1970 
f 1816/2584/1986 1783/2566/1971 1883/2569/1972 1891/2585/1987 
f 1834/2586/1988 1832/2570/1973 1884/2571/1974 1892/2587/1988 
f 1800/2573/1976 1885/2572/1975 1893/2572/1989 1802/2573/1990 
f 1774/2588/1991 1894/2589/1992 1888/2579/1983 1786/2578/1982 
f 1817/2574/1978 1819/2590/1993 1895/2591/1994 1886/2575/1979 
f 1803/2592/1995 1896/2593/1996 1887/2577/1981 1801/2576/1980 
f 1835/2594/1997 1837/2595/1998 1841/2596/1999 1890/2597/1997 
f 1818/2598/2000 1816/2584/1986 1891/2585/1987 1897/2599/2001 
f 1775/2523/1931 1862/2524/1930 1898/2600/2002 1776/2601/2003 
f 1836/2602/2004 1834/2603/2005 1892/2604/2005 1840/2605/2006 
f 1802/2573/1990 1893/2572/1989 1899/2606/2007 1804/2607/2008 
f 1777/2608/2009 1900/2609/2010 1894/2610/1992 1774/2611/1991 
f 1839/2612/2011 1838/2613/2012 1843/2614/2013 1842/2615/2014 
f 1819/2590/1993 1821/2616/2015 1901/2617/2016 1895/2591/1994 
f 1805/2618/2017 1902/2619/2018 1896/2593/1996 1803/2592/1995 
f 1837/2595/1998 1839/2612/2011 1842/2615/2014 1841/2596/1999 
f 1820/2620/2019 1818/2598/2000 1897/2599/2001 1903/2621/2020 
f 1776/2601/2003 1898/2600/2002 1904/2622/2021 1788/2623/2022 
f 1838/2613/2012 1836/2624/2004 1840/2625/2006 1843/2614/2013 
f 1804/2607/2008 1899/2606/2007 1905/2626/2023 1806/2627/2023 
f 1789/2490/1899 1845/2489/1898 1900/2609/2010 1777/2608/2009 
f 1814/2546/1952 1780/2628/2024 1889/2629/2024 1873/2547/1953 
f 1821/2616/2015 1823/2491/1900 1847/2492/1903 1901/2617/2016 
f 1807/2630/2025 1849/2631/2025 1902/2619/2018 1805/2618/2017 
f 1822/2498/1908 1820/2620/2019 1903/2621/2020 1850/2499/1909 
f 1788/2623/2022 1904/2622/2021 1854/2506/1916 1790/2505/1915 
f 1806/2632/2026 1905/2633/2026 1856/2510/1920 1808/2509/1919 
# 880 polygons

